episode,reward,avg100_reward,deposited,mean_entropy,elapsed_sec,opponent,current_lr,stay,north,east,south,west,random,home,prospect
1,11592.00,11592.00,3780,2.007,6.1,idle,3.00e-04,0.118,0.116,0.131,0.129,0.119,0.113,0.137,0.137
2,14952.50,13272.25,3426,1.760,11.6,idle,3.00e-04,0.128,0.128,0.160,0.122,0.089,0.217,0.046,0.111
3,9621.50,12055.33,2822,1.688,16.7,idle,3.00e-04,0.202,0.116,0.069,0.044,0.136,0.297,0.093,0.042
4,8706.50,11218.12,3241,1.685,22.0,idle,3.00e-04,0.330,0.089,0.038,0.007,0.058,0.275,0.147,0.055
5,5478.50,10070.20,2013,1.337,25.2,idle,3.00e-04,0.391,0.161,0.056,0.001,0.069,0.007,0.230,0.085
6,7241.50,9598.75,912,0.834,29.4,idle,3.00e-04,0.202,0.739,0.020,0.002,0.023,0.006,0.008,0.000
7,12295.00,9983.93,2084,0.825,34.3,idle,3.00e-04,0.289,0.676,0.019,0.001,0.002,0.009,0.004,0.000
8,11249.50,10142.12,2373,0.900,40.0,idle,3.00e-04,0.315,0.662,0.003,0.001,0.000,0.005,0.014,0.000
9,40167.00,13478.22,12017,1.148,47.6,idle,3.00e-04,0.506,0.138,0.306,0.001,0.000,0.048,0.001,0.000
10,22543.00,14384.70,6982,1.022,54.9,idle,3.00e-04,0.412,0.075,0.362,0.002,0.000,0.147,0.001,0.000
11,41492.50,16849.05,14194,0.856,61.7,idle,3.00e-04,0.494,0.282,0.000,0.001,0.000,0.223,0.000,0.000
12,25100.50,17536.67,8894,0.780,66.4,idle,3.00e-04,0.650,0.323,0.000,0.000,0.000,0.027,0.000,0.000
13,5236.00,16590.46,1702,0.440,68.6,idle,3.00e-04,0.953,0.015,0.000,0.000,0.000,0.032,0.000,0.000
14,17886.50,16683.04,6828,0.574,73.3,idle,3.00e-04,0.770,0.011,0.001,0.003,0.001,0.214,0.001,0.000
15,0.00,15570.83,0,0.010,74.5,idle,3.00e-04,1.000,0.000,0.000,0.000,0.000,0.000,0.000,0.000
16,21.00,14598.97,0,0.242,76.3,idle,3.00e-04,0.977,0.023,0.000,0.000,0.000,0.000,0.000,0.000
17,6224.50,14106.35,2292,0.233,80.5,idle,3.00e-04,0.889,0.111,0.000,0.000,0.000,0.000,0.000,0.000
18,0.00,13322.67,0,0.030,82.0,idle,3.00e-04,1.000,0.000,0.000,0.000,0.000,0.000,0.000,0.000
19,375.00,12641.21,0,0.356,83.8,idle,3.00e-04,0.988,0.000,0.000,0.012,0.000,0.000,0.000,0.000
20,8554.50,12436.88,3355,0.172,89.4,idle,3.00e-04,0.886,0.000,0.000,0.114,0.000,0.000,0.000,0.000
21,0.00,11844.64,0,0.000,90.5,idle,3.00e-04,1.000,0.000,0.000,0.000,0.000,0.000,0.000,0.000
22,0.00,11306.25,0,0.006,91.6,idle,3.00e-04,1.000,0.000,0.000,0.000,0.000,0.000,0.000,0.000
23,0.00,10814.67,0,0.005,92.8,idle,3.00e-04,1.000,0.000,0.000,0.000,0.000,0.000,0.000,0.000
24,215.00,10373.02,86,0.148,93.9,idle,3.00e-04,0.997,0.000,0.000,0.003,0.000,0.000,0.000,0.000
25,4643.50,10143.84,597,0.009,98.2,idle,3.00e-04,0.024,0.000,0.000,0.976,0.000,0.000,0.000,0.000
26,4612.50,9931.10,707,0.060,102.5,idle,3.00e-04,0.007,0.000,0.000,0.993,0.000,0.000,0.000,0.000
27,4114.00,9715.65,541,0.006,106.8,idle,3.00e-04,0.000,0.000,0.000,1.000,0.000,0.000,0.000,0.000
28,1343.00,9416.62,140,0.589,111.0,idle,3.00e-04,0.001,0.001,0.003,0.977,0.011,0.002,0.006,0.001
29,2306.00,9171.43,720,1.332,115.1,idle,3.00e-04,0.000,0.018,0.045,0.031,0.425,0.041,0.207,0.232
30,5458.00,9047.65,281,0.011,119.3,idle,3.00e-04,0.000,0.017,0.010,0.968,0.000,0.005,0.000,0.001
31,3452.00,8867.15,583,0.012,123.5,idle,3.00e-04,0.000,0.000,0.000,1.000,0.000,0.000,0.000,0.000
32,4277.50,8723.72,406,0.249,127.7,idle,3.00e-04,0.000,0.000,0.000,0.946,0.000,0.054,0.000,0.000
33,4980.50,8610.29,157,0.469,131.9,idle,3.00e-04,0.000,0.001,0.000,0.513,0.000,0.486,0.000,0.000
34,9624.50,8640.12,23,0.470,136.2,idle,3.00e-04,0.000,0.000,0.000,0.436,0.000,0.564,0.000,0.000
35,7150.50,8597.56,194,0.465,140.5,idle,3.00e-04,0.000,0.000,0.000,0.798,0.000,0.202,0.000,0.000
36,9787.00,8630.60,355,0.277,144.7,idle,3.00e-04,0.000,0.000,0.000,0.809,0.000,0.191,0.000,0.000
37,5784.00,8553.66,408,0.435,148.9,idle,3.00e-04,0.000,0.000,0.000,0.850,0.000,0.150,0.000,0.000
38,11144.00,8621.83,612,0.420,153.1,idle,3.00e-04,0.100,0.000,0.000,0.810,0.000,0.090,0.000,0.000
39,0.00,8400.76,0,0.003,154.2,idle,3.00e-04,1.000,0.000,0.000,0.000,0.000,0.000,0.000,0.000
40,0.00,8190.74,0,0.000,155.3,idle,3.00e-04,1.000,0.000,0.000,0.000,0.000,0.000,0.000,0.000
41,0.00,7990.96,0,0.001,156.5,idle,3.00e-04,1.000,0.000,0.000,0.000,0.000,0.000,0.000,0.000
42,0.00,7800.70,0,0.009,157.6,idle,3.00e-04,1.000,0.000,0.000,0.000,0.000,0.000,0.000,0.000
43,0.00,7619.29,0,0.050,158.7,idle,3.00e-04,1.000,0.000,0.000,0.000,0.000,0.000,0.000,0.000
44,1966.00,7490.81,778,0.056,159.8,idle,3.00e-04,0.962,0.000,0.000,0.000,0.000,0.038,0.000,0.000
45,1967.50,7368.07,783,0.033,161.1,idle,3.00e-04,0.970,0.000,0.000,0.000,0.000,0.030,0.000,0.000
46,355.50,7215.62,138,0.077,162.4,idle,3.00e-04,0.992,0.000,0.000,0.000,0.000,0.008,0.000,0.000
47,2808.00,7121.84,1105,0.092,163.8,idle,3.00e-04,0.987,0.000,0.000,0.000,0.000,0.013,0.000,0.000
48,3850.50,7053.69,1537,0.552,165.7,idle,3.00e-04,0.962,0.000,0.000,0.004,0.000,0.034,0.000,0.000
49,21394.50,7346.36,8015,0.041,169.1,idle,3.00e-04,0.883,0.000,0.000,0.014,0.000,0.103,0.000,0.000
50,0.00,7199.43,0,0.002,170.3,idle,3.00e-04,1.000,0.000,0.000,0.000,0.000,0.000,0.000,0.000
51,0.00,7058.26,0,0.002,171.6,idle,3.00e-04,1.000,0.000,0.000,0.000,0.000,0.000,0.000,0.000
52,0.00,6922.53,0,0.020,173.0,idle,3.00e-04,1.000,0.000,0.000,0.000,0.000,0.000,0.000,0.000
53,631.50,6803.83,0,0.163,175.4,idle,3.00e-04,0.995,0.000,0.000,0.005,0.000,0.000,0.000,0.000
54,6309.00,6794.67,546,0.008,179.4,idle,3.00e-04,0.008,0.000,0.000,0.990,0.000,0.003,0.000,0.000
55,3272.50,6730.63,551,0.022,183.2,idle,3.00e-04,0.000,0.000,0.000,0.999,0.000,0.001,0.000,0.000
56,4656.50,6693.59,508,0.114,186.9,idle,3.00e-04,0.000,0.000,0.000,0.986,0.000,0.014,0.000,0.000
57,9282.50,6739.01,411,0.525,190.6,idle,3.00e-04,0.000,0.000,0.000,0.205,0.000,0.795,0.000,0.000
58,11436.00,6819.99,332,0.296,194.3,idle,3.00e-04,0.000,0.000,0.000,0.298,0.000,0.702,0.000,0.000
59,11612.00,6901.21,899,0.043,198.0,idle,3.00e-04,0.000,0.001,0.000,0.004,0.000,0.996,0.000,0.000
60,8507.50,6927.98,624,0.155,202.4,idle,3.00e-04,0.000,0.005,0.000,0.067,0.000,0.928,0.000,0.000
61,9426.00,6968.93,597,0.150,207.0,idle,3.00e-04,0.000,0.003,0.000,0.001,0.000,0.997,0.000,0.000
62,22350.00,7217.02,7258,0.721,213.3,idle,3.00e-04,0.327,0.081,0.000,0.384,0.000,0.208,0.000,0.000
63,36545.50,7682.55,11319,0.794,220.2,idle,3.00e-04,0.373,0.050,0.000,0.280,0.000,0.297,0.000,0.000
64,25661.50,7963.47,6638,0.758,227.0,idle,3.00e-04,0.270,0.018,0.000,0.426,0.000,0.287,0.000,0.000
65,3450.50,7894.04,420,0.152,231.3,idle,3.00e-04,0.032,0.001,0.000,0.967,0.000,0.000,0.000,0.000
66,6549.00,7873.66,1914,0.240,234.6,idle,3.00e-04,0.704,0.043,0.000,0.253,0.000,0.000,0.000,0.000
67,7843.00,7873.20,2573,0.198,238.1,idle,3.00e-04,0.664,0.000,0.000,0.336,0.000,0.000,0.000,0.000
68,1725.00,7782.79,564,0.298,240.0,idle,3.00e-04,0.881,0.000,0.000,0.119,0.000,0.000,0.000,0.000
69,2527.50,7706.62,791,0.430,242.9,idle,3.00e-04,0.706,0.000,0.000,0.294,0.000,0.000,0.000,0.000
70,7449.50,7702.95,2545,0.225,246.3,idle,3.00e-04,0.841,0.000,0.000,0.158,0.000,0.001,0.000,0.000
71,1045.50,7609.18,0,0.434,248.2,idle,3.00e-04,0.996,0.000,0.000,0.004,0.000,0.000,0.000,0.000
72,19024.50,7767.73,6829,0.615,251.6,idle,3.00e-04,0.520,0.000,0.000,0.480,0.000,0.000,0.000,0.000
73,16589.50,7888.58,5875,0.520,257.7,idle,3.00e-04,0.709,0.005,0.002,0.278,0.001,0.005,0.001,0.001
74,11274.50,7934.33,3572,0.554,260.7,idle,3.00e-04,0.836,0.000,0.000,0.147,0.000,0.018,0.000,0.000
75,16385.00,8047.01,5572,0.312,268.1,idle,3.00e-04,0.716,0.000,0.000,0.258,0.000,0.026,0.000,0.000
76,3330.00,7984.94,1206,0.644,271.6,idle,3.00e-04,0.819,0.000,0.000,0.002,0.000,0.179,0.000,0.000
77,27463.00,8237.90,9979,0.678,277.9,idle,3.00e-04,0.503,0.000,0.000,0.012,0.000,0.485,0.000,0.000
78,22445.50,8420.05,6905,0.736,284.0,idle,3.00e-04,0.471,0.000,0.000,0.315,0.000,0.213,0.000,0.000
79,16740.50,8525.37,4619,0.571,290.9,idle,3.00e-04,0.230,0.000,0.000,0.207,0.000,0.563,0.000,0.000
80,9559.50,8538.30,464,0.157,296.2,idle,3.00e-04,0.000,0.098,0.000,0.004,0.000,0.898,0.000,0.000
81,6952.50,8518.72,250,0.348,301.0,idle,3.00e-04,0.000,0.163,0.000,0.316,0.000,0.522,0.000,0.000
82,6676.50,8496.26,168,0.063,306.0,idle,3.00e-04,0.000,0.084,0.000,0.000,0.000,0.916,0.000,0.000
83,9002.50,8502.36,618,0.060,311.8,idle,3.00e-04,0.000,0.038,0.000,0.000,0.000,0.962,0.000,0.000
84,11421.50,8537.11,611,0.077,316.4,idle,3.00e-04,0.000,0.037,0.000,0.000,0.000,0.963,0.000,0.000
85,8609.00,8537.95,73,0.076,321.1,idle,3.00e-04,0.000,0.031,0.000,0.000,0.000,0.969,0.000,0.000
86,7005.00,8520.13,218,0.093,325.6,idle,3.00e-04,0.000,0.055,0.000,0.000,0.000,0.945,0.000,0.000
87,12675.50,8567.89,952,0.238,330.2,idle,3.00e-04,0.000,0.020,0.000,0.000,0.000,0.980,0.000,0.000
88,10631.50,8591.34,906,0.000,334.7,idle,3.00e-04,0.000,0.003,0.000,0.000,0.000,0.997,0.000,0.000
89,7812.50,8582.59,212,0.000,338.4,idle,3.00e-04,0.000,0.000,0.000,0.000,0.000,1.000,0.000,0.000
90,6675.50,8561.40,578,0.000,342.1,idle,3.00e-04,0.000,0.000,0.000,0.000,0.000,1.000,0.000,0.000
91,13915.00,8620.23,452,0.000,345.9,idle,3.00e-04,0.000,0.000,0.000,0.000,0.000,1.000,0.000,0.000
92,8782.50,8621.99,256,0.000,349.6,idle,3.00e-04,0.000,0.000,0.000,0.000,0.000,1.000,0.000,0.000
93,12961.50,8668.66,287,0.000,353.3,idle,3.00e-04,0.000,0.000,0.000,0.000,0.000,1.000,0.000,0.000
94,8632.00,8668.27,228,0.000,357.0,idle,3.00e-04,0.000,0.000,0.000,0.000,0.000,1.000,0.000,0.000
95,8596.50,8667.51,495,0.000,360.9,idle,3.00e-04,0.000,0.000,0.000,0.000,0.000,1.000,0.000,0.000
96,11066.50,8692.50,1383,0.000,365.3,idle,3.00e-04,0.000,0.000,0.000,0.000,0.000,1.000,0.000,0.000
97,8079.50,8686.18,623,0.000,370.1,idle,3.00e-04,0.000,0.000,0.000,0.000,0.000,1.000,0.000,0.000
98,4495.50,8643.42,382,0.000,374.8,idle,3.00e-04,0.000,0.000,0.000,0.000,0.000,1.000,0.000,0.000
99,9575.50,8652.83,109,0.000,379.8,idle,3.00e-04,0.000,0.000,0.000,0.000,0.000,1.000,0.000,0.000
100,8037.00,8646.67,160,0.000,383.8,idle,3.00e-04,0.000,0.000,0.000,0.000,0.000,1.000,0.000,0.000
101,9841.00,8629.17,518,0.000,387.9,idle,3.00e-04,0.000,0.000,0.000,0.000,0.000,1.000,0.000,0.000
102,9700.50,8576.65,490,0.000,392.6,idle,3.00e-04,0.000,0.000,0.000,0.000,0.000,1.000,0.000,0.000
103,7479.00,8555.22,451,0.000,397.0,idle,3.00e-04,0.000,0.000,0.000,0.000,0.000,1.000,0.000,0.000
104,9082.50,8558.98,548,0.000,401.7,idle,3.00e-04,0.000,0.000,0.000,0.000,0.000,1.000,0.000,0.000
105,13628.50,8640.48,745,0.000,406.9,idle,3.00e-04,0.000,0.000,0.000,0.000,0.000,1.000,0.000,0.000
106,7607.00,8644.14,495,0.000,411.3,idle,3.00e-04,0.000,0.000,0.000,0.000,0.000,1.000,0.000,0.000
107,8874.50,8609.93,848,0.000,415.8,idle,3.00e-04,0.000,0.000,0.000,0.000,0.000,1.000,0.000,0.000
108,10656.50,8604.00,649,0.000,420.2,idle,3.00e-04,0.000,0.000,0.000,0.000,0.000,1.000,0.000,0.000
109,7221.00,8274.54,157,0.000,424.7,idle,3.00e-04,0.000,0.000,0.000,0.000,0.000,1.000,0.000,0.000
110,7036.50,8119.48,381,0.000,429.0,idle,3.00e-04,0.000,0.000,0.000,0.000,0.000,1.000,0.000,0.000
111,10407.00,7808.62,597,0.000,433.4,idle,3.00e-04,0.000,0.000,0.000,0.000,0.000,1.000,0.000,0.000
112,7994.00,7637.56,633,0.000,437.8,idle,3.00e-04,0.000,0.000,0.000,0.000,0.000,1.000,0.000,0.000
113,9907.50,7684.27,627,0.000,442.2,idle,3.00e-04,0.000,0.000,0.000,0.000,0.000,1.000,0.000,0.000
114,9419.50,7599.60,983,0.000,447.0,idle,3.00e-04,0.000,0.000,0.000,0.000,0.000,1.000,0.000,0.000
115,8597.50,7685.57,522,0.000,450.8,idle,3.00e-04,0.000,0.000,0.000,0.000,0.000,1.000,0.000,0.000
116,7780.00,7763.16,278,0.000,454.6,idle,3.00e-04,0.000,0.000,0.000,0.000,0.000,1.000,0.000,0.000
117,6444.50,7765.36,358,0.000,458.2,idle,3.00e-04,0.000,0.000,0.000,0.000,0.000,1.000,0.000,0.000
118,13194.50,7897.31,631,0.000,461.9,idle,3.00e-04,0.000,0.000,0.000,0.000,0.000,1.000,0.000,0.000
119,9420.00,7987.76,627,0.000,465.6,idle,3.00e-04,0.000,0.000,0.000,0.000,0.000,1.000,0.000,0.000
120,11063.00,8012.85,383,0.000,469.6,idle,3.00e-04,0.000,0.000,0.000,0.000,0.000,1.000,0.000,0.000
121,5724.00,8070.09,270,0.000,473.7,idle,3.00e-04,0.000,0.000,0.000,0.000,0.000,1.000,0.000,0.000
122,11908.00,8189.16,571,0.000,477.8,idle,3.00e-04,0.000,0.000,0.000,0.000,0.000,1.000,0.000,0.000
123,11013.00,8299.30,849,0.000,482.0,idle,3.00e-04,0.000,0.000,0.000,0.000,0.000,1.000,0.000,0.000
124,7069.00,8367.83,312,0.000,486.1,idle,3.00e-04,0.000,0.000,0.000,0.000,0.000,1.000,0.000,0.000
125,8132.00,8402.72,141,0.000,491.3,idle,3.00e-04,0.000,0.000,0.000,0.000,0.000,1.000,0.000,0.000
126,6178.00,8418.38,248,0.000,496.0,idle,3.00e-04,0.000,0.000,0.000,0.000,0.000,1.000,0.000,0.000
127,8715.00,8464.39,717,0.000,500.2,idle,3.00e-04,0.000,0.000,0.000,0.000,0.000,1.000,0.000,0.000
128,7279.00,8523.75,463,0.000,504.7,idle,3.00e-04,0.000,0.000,0.000,0.000,0.000,1.000,0.000,0.000
129,7859.50,8579.28,323,0.000,509.3,idle,3.00e-04,0.000,0.000,0.000,0.000,0.000,1.000,0.000,0.000
130,7143.00,8596.13,527,0.000,514.1,idle,3.00e-04,0.000,0.000,0.000,0.000,0.000,1.000,0.000,0.000
131,11646.00,8678.07,664,0.000,518.6,idle,3.00e-04,0.000,0.000,0.000,0.000,0.000,1.000,0.000,0.000
132,11389.50,8749.19,613,0.000,523.0,idle,3.00e-04,0.000,0.000,0.000,0.000,0.000,1.000,0.000,0.000
133,12325.50,8822.64,1458,0.000,528.2,idle,3.00e-04,0.000,0.000,0.000,0.000,0.000,1.000,0.000,0.000
134,6929.00,8795.68,203,0.002,532.6,idle,3.00e-04,0.000,0.000,0.000,0.000,0.000,1.000,0.000,0.000
135,15883.00,8883.01,1724,0.009,537.9,idle,3.00e-04,0.000,0.000,0.000,0.000,0.000,1.000,0.000,0.000
136,9803.00,8883.17,740,0.138,542.3,idle,3.00e-04,0.000,0.013,0.000,0.000,0.000,0.987,0.000,0.000
137,20085.00,9026.18,2182,0.097,548.4,idle,3.00e-04,0.001,0.139,0.036,0.000,0.000,0.824,0.000,0.000
138,9288.50,9007.62,509,0.246,552.6,idle,3.00e-04,0.000,0.000,0.176,0.000,0.000,0.824,0.000,0.000
139,6937.00,9077.00,243,0.452,556.9,idle,3.00e-04,0.000,0.438,0.095,0.000,0.000,0.467,0.000,0.000
140,4467.00,9121.67,514,0.041,561.3,idle,3.00e-04,0.000,0.999,0.001,0.000,0.000,0.000,0.000,0.000
141,5211.50,9173.78,626,0.223,565.6,idle,3.00e-04,0.000,0.821,0.179,0.000,0.000,0.000,0.000,0.000
142,10510.00,9278.88,152,0.096,570.1,idle,3.00e-04,0.000,0.628,0.372,0.000,0.000,0.000,0.000,0.000
143,3315.50,9312.03,337,0.002,575.5,idle,3.00e-04,0.000,1.000,0.000,0.000,0.000,0.000,0.000,0.000
144,2803.00,9320.41,398,0.010,580.1,idle,3.00e-04,0.000,0.999,0.001,0.000,0.000,0.000,0.000,0.000
145,2419.50,9324.92,319,0.033,584.5,idle,3.00e-04,0.000,0.999,0.001,0.000,0.000,0.000,0.000,0.000
146,6767.50,9389.05,684,0.134,588.3,idle,3.00e-04,0.000,0.985,0.015,0.000,0.000,0.001,0.000,0.000
147,10110.00,9462.07,437,0.315,592.0,idle,3.00e-04,0.000,0.781,0.219,0.000,0.000,0.000,0.000,0.000
148,3000.50,9453.57,343,0.001,596.6,idle,3.00e-04,0.000,0.997,0.003,0.000,0.000,0.000,0.000,0.000
149,4046.00,9280.08,231,0.000,601.4,idle,3.00e-04,0.000,1.000,0.000,0.000,0.000,0.000,0.000,0.000
150,5232.50,9332.41,616,0.000,606.3,idle,3.00e-04,0.000,1.000,0.000,0.000,0.000,0.000,0.000,0.000
151,3724.00,9369.65,593,0.000,611.0,idle,3.00e-04,0.000,1.000,0.000,0.000,0.000,0.000,0.000,0.000
152,2720.00,9396.84,456,0.000,615.4,idle,3.00e-04,0.000,1.000,0.000,0.000,0.000,0.000,0.000,0.000
153,3549.50,9426.02,584,0.000,620.0,idle,3.00e-04,0.000,1.000,0.000,0.000,0.000,0.000,0.000,0.000
154,3708.50,9400.02,358,0.000,624.3,idle,3.00e-04,0.000,1.000,0.000,0.000,0.000,0.000,0.000,0.000
155,2986.50,9397.16,378,0.001,628.7,idle,3.00e-04,0.000,1.000,0.000,0.000,0.000,0.000,0.000,0.000
156,5431.00,9404.91,253,0.020,633.3,idle,3.00e-04,0.000,1.000,0.000,0.000,0.000,0.000,0.000,0.000
157,9672.00,9408.80,1101,0.054,637.8,idle,3.00e-04,0.000,0.969,0.001,0.000,0.000,0.000,0.000,0.030
158,6208.00,9356.52,444,0.092,642.2,idle,3.00e-04,0.000,0.953,0.000,0.000,0.000,0.000,0.000,0.047
159,4820.50,9288.60,498,0.090,646.6,idle,3.00e-04,0.000,0.971,0.000,0.000,0.000,0.000,0.000,0.029
160,6211.00,9265.64,310,0.204,651.0,idle,3.00e-04,0.000,0.963,0.000,0.000,0.000,0.000,0.000,0.037
161,13228.00,9303.66,574,0.332,655.4,idle,3.00e-04,0.000,0.781,0.000,0.000,0.000,0.000,0.000,0.219
162,21090.00,9291.06,593,0.008,659.9,idle,3.00e-04,0.000,0.027,0.000,0.000,0.000,0.000,0.000,0.973
163,17280.00,9098.41,1236,0.029,665.3,idle,3.00e-04,0.000,0.025,0.000,0.000,0.000,0.000,0.000,0.975
164,16691.50,9008.70,901,0.009,669.8,idle,3.00e-04,0.000,0.022,0.000,0.000,0.000,0.000,0.000,0.978
165,21643.00,9190.63,1210,0.045,675.5,idle,3.00e-04,0.000,0.001,0.000,0.000,0.000,0.000,0.000,0.999
166,12898.50,9254.12,252,0.240,680.1,idle,3.00e-04,0.000,0.121,0.000,0.000,0.000,0.000,0.000,0.879
167,21085.50,9386.55,793,0.318,685.4,idle,3.00e-04,0.000,0.186,0.000,0.000,0.000,0.000,0.000,0.814
168,15733.50,9526.64,808,0.274,690.2,idle,3.00e-04,0.000,0.128,0.000,0.000,0.000,0.000,0.000,0.872
169,18234.00,9683.70,490,0.026,694.0,idle,3.00e-04,0.000,0.025,0.000,0.000,0.000,0.000,0.000,0.975
170,20974.00,9818.94,1740,0.044,698.6,idle,3.00e-04,0.000,0.029,0.000,0.000,0.000,0.000,0.000,0.971
171,21879.00,10027.28,1986,0.049,703.2,idle,3.00e-04,0.000,0.028,0.000,0.000,0.000,0.000,0.000,0.972
172,19653.00,10033.57,406,0.095,706.9,idle,3.00e-04,0.000,0.105,0.000,0.000,0.000,0.000,0.000,0.895
173,12255.50,9990.23,522,0.176,711.1,idle,3.00e-04,0.000,0.372,0.000,0.000,0.000,0.000,0.000,0.628
174,11594.00,9993.42,551,0.158,715.9,idle,3.00e-04,0.000,0.104,0.000,0.000,0.000,0.000,0.000,0.896
175,15535.50,9984.92,228,0.335,721.1,idle,3.00e-04,0.000,0.206,0.000,0.000,0.000,0.000,0.000,0.794
176,18863.00,10140.25,1045,0.213,727.3,idle,3.00e-04,0.000,0.155,0.000,0.000,0.000,0.000,0.000,0.845
177,9901.50,9964.64,3,0.298,733.0,idle,3.00e-04,0.000,0.326,0.000,0.000,0.000,0.000,0.000,0.674
178,16845.50,9908.64,646,0.268,738.1,idle,3.00e-04,0.000,0.176,0.000,0.000,0.000,0.000,0.000,0.824
179,12140.50,9862.64,234,0.356,742.8,idle,3.00e-04,0.000,0.365,0.000,0.000,0.000,0.000,0.000,0.635
180,23611.00,10003.16,2516,0.123,749.2,idle,3.00e-04,0.000,0.057,0.000,0.000,0.000,0.000,0.000,0.943
181,18917.00,10122.80,1273,0.165,754.2,idle,3.00e-04,0.000,0.239,0.000,0.000,0.000,0.000,0.000,0.761
182,16965.00,10225.68,390,0.406,758.8,idle,3.00e-04,0.000,0.186,0.000,0.000,0.000,0.000,0.000,0.814
183,11387.50,10249.53,94,0.440,763.3,idle,3.00e-04,0.000,0.399,0.008,0.000,0.000,0.000,0.000,0.593
184,13199.50,10267.32,405,0.020,767.8,idle,3.00e-04,0.000,0.038,0.024,0.000,0.000,0.000,0.000,0.938
185,16542.50,10346.65,1272,0.025,772.6,idle,3.00e-04,0.000,0.000,0.183,0.000,0.000,0.000,0.000,0.817
186,13619.00,10412.79,509,0.033,776.9,idle,3.00e-04,0.000,0.000,0.037,0.000,0.000,0.000,0.000,0.963
187,16148.50,10447.52,36,0.027,781.1,idle,3.00e-04,0.000,0.000,0.050,0.000,0.000,0.000,0.000,0.950
188,12731.00,10468.51,57,0.032,785.5,idle,3.00e-04,0.000,0.000,0.066,0.000,0.000,0.000,0.000,0.934
189,20150.50,10591.90,1441,0.010,790.1,idle,3.00e-04,0.000,0.001,0.026,0.000,0.000,0.000,0.000,0.973
190,22722.00,10752.36,2092,0.037,795.3,idle,3.00e-04,0.000,0.001,0.026,0.000,0.000,0.000,0.000,0.972
191,23598.50,10849.19,2776,0.024,801.5,idle,3.00e-04,0.000,0.001,0.013,0.000,0.000,0.000,0.000,0.985
192,23160.50,10992.98,2039,0.020,806.7,idle,3.00e-04,0.000,0.003,0.000,0.000,0.000,0.000,0.000,0.997
193,20256.00,11065.92,2039,0.159,811.8,idle,3.00e-04,0.000,0.012,0.001,0.000,0.000,0.000,0.000,0.987
194,17714.50,11156.75,27,0.416,817.2,idle,3.00e-04,0.000,0.311,0.004,0.000,0.000,0.000,0.000,0.684
195,10806.00,11178.84,28,0.053,822.6,idle,3.00e-04,0.000,0.008,0.009,0.000,0.000,0.000,0.000,0.983
196,14124.50,11209.42,642,0.089,828.1,idle,3.00e-04,0.000,0.025,0.019,0.000,0.000,0.000,0.000,0.956
197,15706.50,11285.69,578,0.109,832.7,idle,3.00e-04,0.000,0.025,0.021,0.000,0.000,0.000,0.000,0.954
198,21712.50,11457.86,2503,0.189,838.8,idle,3.00e-04,0.000,0.092,0.040,0.000,0.000,0.000,0.000,0.869
199,16322.00,11525.33,680,0.553,843.4,idle,3.00e-04,0.000,0.375,0.016,0.000,0.000,0.000,0.000,0.609
200,3575.00,11480.70,0,0.141,844.8,greedy,3.00e-04,0.000,0.623,0.000,0.000,0.000,0.000,0.000,0.377
201,1286.00,11395.16,156,0.000,845.3,greedy,3.00e-04,0.000,1.000,0.000,0.000,0.000,0.000,0.000,0.000
202,2755.50,11325.70,310,0.007,846.6,greedy,3.00e-04,0.000,1.000,0.000,0.000,0.000,0.000,0.000,0.000
203,1487.50,11265.79,217,0.022,848.1,greedy,3.00e-04,0.000,1.000,0.000,0.000,0.000,0.000,0.000,0.000
204,1727.50,11192.24,142,0.038,848.9,greedy,3.00e-04,0.000,1.000,0.000,0.000,0.000,0.000,0.000,0.000
205,1003.00,11065.99,10,0.200,849.3,greedy,3.00e-04,0.000,0.993,0.000,0.000,0.000,0.000,0.000,0.007
206,2829.50,11018.21,57,0.434,850.4,greedy,3.00e-04,0.000,0.859,0.081,0.000,0.000,0.000,0.000,0.060
207,1781.00,10947.27,0,0.592,851.1,greedy,3.00e-04,0.000,0.721,0.000,0.000,0.000,0.000,0.000,0.279
208,1866.00,10859.37,182,0.630,851.6,greedy,3.00e-04,0.000,0.706,0.000,0.000,0.000,0.000,0.000,0.294
209,3067.50,10817.83,0,0.676,852.8,greedy,3.00e-04,0.000,0.671,0.106,0.000,0.000,0.000,0.000,0.224
210,2980.00,10777.27,0,0.661,853.8,greedy,3.00e-04,0.000,0.580,0.006,0.000,0.000,0.000,0.000,0.414
211,2730.50,10700.50,156,0.673,854.6,greedy,3.00e-04,0.000,0.485,0.004,0.000,0.000,0.000,0.000,0.511
212,3435.50,10654.92,0,0.673,855.9,greedy,3.00e-04,0.000,0.514,0.010,0.000,0.000,0.000,0.000,0.476
213,2243.00,10578.27,154,0.677,856.4,greedy,3.00e-04,0.000,0.477,0.000,0.000,0.000,0.000,0.000,0.523
214,2030.00,10504.38,99,0.646,857.3,greedy,3.00e-04,0.000,0.432,0.051,0.000,0.000,0.000,0.000,0.517
215,3201.00,10450.42,0,0.650,858.4,greedy,3.00e-04,0.000,0.357,0.034,0.000,0.000,0.000,0.000,0.610
216,2950.50,10402.12,38,0.671,859.4,greedy,3.00e-04,0.000,0.481,0.000,0.000,0.000,0.000,0.000,0.519
217,2634.00,10364.01,144,0.633,860.6,greedy,3.00e-04,0.000,0.409,0.000,0.000,0.000,0.000,0.000,0.591
218,3315.00,10265.22,0,0.685,861.8,greedy,3.00e-04,0.000,0.444,0.018,0.000,0.000,0.000,0.000,0.538
219,1572.00,10186.74,0,0.637,862.4,greedy,3.00e-04,0.000,0.548,0.000,0.000,0.000,0.000,0.000,0.452
220,4237.50,10118.49,0,0.609,864.0,greedy,3.00e-04,0.000,0.319,0.342,0.000,0.000,0.000,0.000,0.339
221,2784.00,10089.08,5,0.672,864.9,greedy,3.00e-04,0.000,0.479,0.000,0.000,0.000,0.000,0.000,0.521
222,2219.50,9992.20,265,0.648,865.2,greedy,3.00e-04,0.000,0.612,0.000,0.000,0.000,0.000,0.000,0.388
223,1166.50,9893.74,0,0.596,865.6,greedy,3.00e-04,0.000,0.580,0.000,0.000,0.000,0.000,0.000,0.420
224,2319.00,9846.24,662,0.680,865.8,greedy,3.00e-04,0.000,0.507,0.000,0.000,0.000,0.000,0.000,0.493
225,2290.50,9787.82,305,0.669,866.2,greedy,3.00e-04,0.000,0.631,0.000,0.000,0.000,0.000,0.000,0.369
226,1734.00,9743.38,0,0.650,866.8,greedy,3.00e-04,0.000,0.648,0.000,0.000,0.000,0.000,0.000,0.352
227,2158.00,9677.81,0,0.677,868.1,greedy,3.00e-04,0.000,0.626,0.134,0.000,0.000,0.000,0.000,0.240
228,3595.00,9640.97,0,0.611,870.5,greedy,3.00e-04,0.000,0.261,0.528,0.000,0.000,0.000,0.000,0.211
229,3091.00,9593.28,0,0.707,872.0,greedy,3.00e-04,0.000,0.373,0.217,0.000,0.000,0.000,0.000,0.410
230,2121.50,9543.07,0,0.636,872.5,greedy,3.00e-04,0.000,0.507,0.000,0.000,0.000,0.000,0.000,0.493
231,4302.50,9469.64,518,0.603,873.6,greedy,3.00e-04,0.000,0.243,0.183,0.000,0.000,0.000,0.000,0.574
232,2418.00,9379.92,0,0.640,874.5,greedy,3.00e-04,0.000,0.321,0.000,0.000,0.000,0.000,0.000,0.679
233,3352.00,9290.18,0,0.552,875.2,greedy,3.00e-04,0.000,0.242,0.000,0.000,0.000,0.000,0.000,0.758
234,1880.50,9239.70,0,0.658,876.2,greedy,3.00e-04,0.000,0.337,0.000,0.000,0.000,0.000,0.000,0.663
235,2369.00,9104.56,107,0.596,876.8,greedy,3.00e-04,0.000,0.356,0.000,0.000,0.000,0.000,0.000,0.644
236,2147.00,9028.00,0,0.650,877.5,greedy,3.00e-04,0.000,0.328,0.031,0.000,0.000,0.000,0.000,0.641
237,2750.50,8854.66,3,0.670,878.4,greedy,3.00e-04,0.000,0.230,0.299,0.000,0.000,0.000,0.000,0.471
238,2850.00,8790.27,0,0.593,879.3,greedy,3.00e-04,0.000,0.190,0.373,0.000,0.000,0.000,0.000,0.437
239,7072.00,8791.62,457,0.572,882.1,greedy,3.00e-04,0.000,0.107,0.614,0.000,0.000,0.000,0.000,0.279
240,4700.00,8793.95,0,0.608,883.0,greedy,3.00e-04,0.000,0.316,0.007,0.000,0.000,0.000,0.000,0.677
241,5126.00,8793.09,0,0.630,884.7,greedy,3.00e-04,0.000,0.444,0.000,0.000,0.000,0.000,0.000,0.556
242,3442.50,8722.42,157,0.609,885.2,greedy,3.00e-04,0.000,0.319,0.000,0.000,0.000,0.000,0.000,0.681
243,2944.00,8718.70,0,0.647,886.1,greedy,3.00e-04,0.000,0.299,0.000,0.000,0.000,0.000,0.000,0.701
244,2283.50,8713.51,0,0.624,886.7,greedy,3.00e-04,0.000,0.275,0.000,0.000,0.000,0.000,0.000,0.725
245,3140.00,8720.72,0,0.757,888.0,greedy,3.00e-04,0.000,0.391,0.122,0.000,0.000,0.000,0.000,0.487
246,1199.50,8665.03,0,0.721,888.5,greedy,3.00e-04,0.000,0.543,0.000,0.000,0.000,0.000,0.000,0.457
247,2334.00,8587.27,0,0.450,889.2,greedy,3.00e-04,0.000,0.188,0.604,0.000,0.000,0.000,0.000,0.208
248,2900.50,8586.27,0,0.586,889.8,greedy,3.00e-04,0.000,0.138,0.549,0.000,0.000,0.000,0.000,0.312
249,2857.00,8574.39,6,0.672,890.8,greedy,3.00e-04,0.000,0.369,0.048,0.000,0.000,0.000,0.000,0.583
250,2184.00,8543.90,256,0.683,891.1,greedy,3.00e-04,0.000,0.589,0.000,0.000,0.000,0.000,0.000,0.411
251,2589.50,8532.56,79,0.475,892.5,greedy,3.00e-04,0.000,0.192,0.557,0.000,0.000,0.000,0.000,0.251
252,1349.50,8518.85,0,0.716,893.2,greedy,3.00e-04,0.000,0.600,0.000,0.000,0.000,0.000,0.000,0.400
253,2943.00,8512.78,0,0.286,895.2,greedy,3.00e-04,0.000,0.091,0.850,0.000,0.000,0.000,0.000,0.059
254,2496.00,8500.66,38,0.521,896.2,greedy,3.00e-04,0.000,0.610,0.280,0.000,0.000,0.000,0.000,0.110
255,1054.00,8481.33,0,0.569,896.8,greedy,3.00e-04,0.000,0.799,0.000,0.000,0.000,0.000,0.000,0.201
256,3062.50,8457.65,0,0.398,898.1,greedy,3.00e-04,0.000,0.136,0.817,0.000,0.000,0.000,0.000,0.047
257,1986.50,8380.80,0,0.720,898.8,greedy,3.00e-04,0.000,0.393,0.032,0.000,0.000,0.000,0.000,0.575
258,1735.00,8336.07,0,0.681,899.9,greedy,3.00e-04,0.000,0.365,0.254,0.000,0.000,0.000,0.000,0.380
259,3986.50,8327.73,76,0.704,901.0,greedy,3.00e-04,0.000,0.425,0.062,0.000,0.000,0.000,0.000,0.513
260,3518.00,8300.80,0,0.668,902.2,greedy,3.00e-04,0.000,0.395,0.015,0.000,0.000,0.000,0.000,0.590
261,3015.50,8198.67,0,0.686,903.1,greedy,3.00e-04,0.000,0.409,0.000,0.000,0.000,0.000,0.000,0.591
262,2177.00,8009.54,60,0.659,903.5,greedy,3.00e-04,0.000,0.424,0.000,0.000,0.000,0.000,0.000,0.576
263,2599.50,7862.73,19,0.729,904.3,greedy,3.00e-04,0.000,0.366,0.012,0.000,0.000,0.000,0.000,0.623
264,2431.00,7720.13,0,0.723,905.4,greedy,3.00e-04,0.000,0.444,0.051,0.000,0.000,0.000,0.000,0.506
265,2218.00,7525.88,5,0.711,906.3,greedy,3.00e-04,0.000,0.486,0.011,0.000,0.000,0.000,0.000,0.504
266,3300.00,7429.90,307,0.585,906.8,greedy,3.00e-04,0.000,0.345,0.000,0.000,0.000,0.000,0.000,0.655
267,3984.50,7258.89,0,0.622,907.7,greedy,3.00e-04,0.000,0.334,0.003,0.000,0.000,0.000,0.000,0.662
268,3595.50,7137.51,0,0.635,908.7,greedy,3.00e-04,0.000,0.340,0.000,0.000,0.000,0.000,0.000,0.660
269,4437.50,6999.54,0,0.621,909.7,greedy,3.00e-04,0.000,0.256,0.000,0.000,0.000,0.000,0.000,0.744
270,1936.00,6809.16,0,0.669,910.2,greedy,3.00e-04,0.000,0.375,0.000,0.000,0.000,0.000,0.000,0.625
271,1997.50,6610.35,185,0.675,910.6,greedy,3.00e-04,0.000,0.551,0.000,0.000,0.000,0.000,0.000,0.449
272,2308.00,6436.90,0,0.559,911.2,greedy,3.00e-04,0.000,0.403,0.370,0.000,0.000,0.000,0.000,0.227
273,6661.00,6380.95,6,0.385,914.2,greedy,3.00e-04,0.000,0.130,0.797,0.000,0.000,0.000,0.000,0.073
274,2389.00,6288.90,0,0.805,915.2,greedy,3.00e-04,0.000,0.464,0.184,0.000,0.000,0.000,0.000,0.352
275,2845.50,6162.00,138,0.759,916.4,greedy,3.00e-04,0.000,0.448,0.221,0.000,0.000,0.000,0.000,0.331
276,2102.50,5994.40,50,0.762,917.4,greedy,3.00e-04,0.000,0.485,0.090,0.000,0.000,0.000,0.000,0.426
277,3669.00,5932.07,0,0.565,918.7,greedy,3.00e-04,0.000,0.241,0.395,0.000,0.000,0.000,0.000,0.364
278,2813.00,5791.74,0,0.693,919.6,greedy,3.00e-04,0.000,0.311,0.101,0.000,0.000,0.000,0.000,0.588
279,2362.00,5693.96,96,0.579,920.1,greedy,3.00e-04,0.000,0.392,0.000,0.000,0.000,0.000,0.000,0.608
280,2560.50,5483.45,64,0.569,920.7,greedy,3.00e-04,0.000,0.213,0.034,0.000,0.000,0.000,0.000,0.753
281,3547.00,5329.76,0,0.504,922.0,greedy,3.00e-04,0.000,0.170,0.464,0.000,0.000,0.000,0.000,0.366
282,3183.00,5191.94,0,0.544,922.9,greedy,3.00e-04,0.000,0.162,0.385,0.000,0.000,0.000,0.000,0.453
283,6672.50,5144.78,0,0.444,925.2,greedy,3.00e-04,0.000,0.070,0.678,0.000,0.000,0.000,0.000,0.252
284,3158.50,5044.38,0,0.704,926.5,greedy,3.00e-04,0.000,0.371,0.104,0.000,0.000,0.000,0.000,0.524
285,3523.50,4914.19,0,0.645,927.8,greedy,3.00e-04,0.000,0.278,0.133,0.000,0.000,0.000,0.000,0.589
286,4232.00,4820.31,0,0.682,929.0,greedy,3.00e-04,0.000,0.359,0.095,0.000,0.000,0.000,0.000,0.546
287,3099.50,4689.82,115,0.656,929.8,greedy,3.00e-04,0.000,0.386,0.000,0.000,0.000,0.000,0.000,0.614
288,1925.50,4581.77,0,0.686,930.5,greedy,3.00e-04,0.000,0.506,0.000,0.000,0.000,0.000,0.000,0.494
289,4015.00,4420.41,0,0.603,932.6,greedy,3.00e-04,0.000,0.260,0.547,0.000,0.000,0.000,0.000,0.193
290,3628.00,4229.48,0,0.762,934.4,greedy,3.00e-04,0.000,0.370,0.240,0.000,0.000,0.000,0.000,0.390
291,2167.00,4015.16,0,0.695,935.4,greedy,3.00e-04,0.000,0.434,0.150,0.000,0.000,0.000,0.000,0.415
292,4259.00,3826.14,86,0.667,937.1,greedy,3.00e-04,0.000,0.278,0.327,0.000,0.000,0.000,0.000,0.395
293,2471.00,3648.30,318,0.679,937.8,greedy,3.00e-04,0.000,0.482,0.000,0.000,0.000,0.000,0.000,0.518
294,2288.00,3494.03,0,0.738,939.4,greedy,3.00e-04,0.000,0.417,0.199,0.000,0.000,0.000,0.000,0.384
295,2644.50,3412.41,0,0.686,940.1,greedy,3.00e-04,0.000,0.575,0.000,0.000,0.000,0.000,0.000,0.425
296,2916.00,3300.33,9,0.672,940.8,greedy,3.00e-04,0.000,0.545,0.000,0.000,0.000,0.000,0.000,0.455
297,2131.50,3164.58,258,0.668,941.3,greedy,3.00e-04,0.000,0.497,0.000,0.000,0.000,0.000,0.000,0.503
298,1616.00,2963.61,0,0.719,941.7,greedy,3.00e-04,0.000,0.371,0.000,0.000,0.000,0.000,0.000,0.629
299,2593.00,2826.32,0,0.754,942.6,greedy,3.00e-04,0.000,0.311,0.303,0.000,0.000,0.000,0.000,0.385
300,2258.00,2813.16,86,0.784,943.7,greedy,3.00e-04,0.000,0.268,0.446,0.000,0.000,0.000,0.000,0.285
301,1126.00,2811.55,0,0.791,944.5,greedy,3.00e-04,0.000,0.516,0.016,0.000,0.000,0.000,0.000,0.467
302,2056.00,2804.56,0,0.723,945.3,greedy,3.00e-04,0.000,0.241,0.332,0.000,0.000,0.000,0.000,0.427
303,1713.50,2806.82,135,0.527,945.9,greedy,3.00e-04,0.000,0.141,0.258,0.000,0.000,0.000,0.000,0.601
304,2604.00,2815.59,0,0.513,947.1,greedy,3.00e-04,0.000,0.132,0.637,0.000,0.000,0.000,0.000,0.231
305,1646.50,2822.02,134,0.685,947.9,greedy,3.00e-04,0.000,0.426,0.005,0.000,0.000,0.000,0.000,0.569
306,2487.50,2818.60,143,0.771,948.8,greedy,3.00e-04,0.000,0.395,0.097,0.000,0.000,0.000,0.000,0.508
307,3623.50,2837.03,112,0.665,949.9,greedy,3.00e-04,0.000,0.574,0.087,0.000,0.000,0.000,0.000,0.339
308,3371.50,2852.08,120,0.624,950.9,greedy,3.00e-04,0.000,0.693,0.000,0.000,0.000,0.000,0.000,0.307
309,1283.00,2834.24,93,0.614,951.7,greedy,3.00e-04,0.000,0.688,0.000,0.000,0.000,0.000,0.000,0.312
310,2281.00,2827.24,0,0.663,952.8,greedy,3.00e-04,0.000,0.552,0.205,0.000,0.000,0.000,0.000,0.244
311,1948.00,2819.42,0,0.771,953.6,greedy,3.00e-04,0.000,0.496,0.131,0.000,0.000,0.000,0.000,0.373
312,1638.50,2801.45,55,0.768,954.5,greedy,3.00e-04,0.000,0.365,0.187,0.000,0.000,0.000,0.000,0.448
313,2414.50,2803.16,14,0.615,955.6,greedy,3.00e-04,0.000,0.325,0.361,0.000,0.000,0.000,0.000,0.314
314,2488.00,2807.74,125,0.663,956.4,greedy,3.00e-04,0.000,0.473,0.172,0.000,0.000,0.000,0.000,0.355
315,1346.50,2789.20,0,0.685,956.8,greedy,3.00e-04,0.000,0.482,0.000,0.000,0.000,0.000,0.000,0.518
316,2257.50,2782.27,0,0.653,957.4,greedy,3.00e-04,0.000,0.572,0.000,0.000,0.000,0.000,0.000,0.428
317,3360.50,2789.53,0,0.598,958.6,greedy,3.00e-04,0.000,0.406,0.408,0.000,0.000,0.000,0.000,0.186
318,3012.00,2786.51,0,0.667,959.3,greedy,3.00e-04,0.000,0.547,0.141,0.000,0.000,0.000,0.000,0.312
319,858.50,2779.37,0,0.540,960.0,greedy,3.00e-04,0.000,0.850,0.000,0.000,0.000,0.000,0.000,0.150
320,3765.50,2774.65,0,0.393,962.0,greedy,3.00e-04,0.000,0.186,0.742,0.000,0.000,0.000,0.000,0.071
321,2766.50,2774.47,0,0.538,963.7,greedy,3.00e-04,0.000,0.350,0.541,0.000,0.000,0.000,0.000,0.109
322,3120.00,2783.48,0,0.687,964.3,greedy,3.00e-04,0.000,0.528,0.000,0.000,0.000,0.000,0.000,0.472
323,4330.00,2815.11,33,0.677,966.4,greedy,3.00e-04,0.000,0.318,0.409,0.000,0.000,0.000,0.000,0.272
324,3612.50,2828.05,22,0.678,967.8,greedy,3.00e-04,0.000,0.548,0.012,0.000,0.000,0.000,0.000,0.440
325,2909.00,2834.24,0,0.585,968.5,greedy,3.00e-04,0.000,0.342,0.000,0.000,0.000,0.000,0.000,0.658
326,3187.00,2848.76,91,0.682,969.5,greedy,3.00e-04,0.000,0.349,0.003,0.000,0.000,0.000,0.000,0.648
327,2457.00,2851.76,0,0.637,970.3,greedy,3.00e-04,0.000,0.437,0.000,0.000,0.000,0.000,0.000,0.563
328,3537.00,2851.18,51,0.641,971.1,greedy,3.00e-04,0.000,0.345,0.000,0.000,0.000,0.000,0.000,0.655
329,3907.50,2859.34,0,0.653,972.0,greedy,3.00e-04,0.000,0.448,0.000,0.000,0.000,0.000,0.000,0.552
330,1807.50,2856.20,34,0.631,972.4,greedy,3.00e-04,0.000,0.543,0.000,0.000,0.000,0.000,0.000,0.457
331,2176.00,2834.93,0,0.755,973.2,greedy,3.00e-04,0.000,0.351,0.000,0.000,0.000,0.000,0.000,0.649
332,2470.50,2835.46,0,0.691,974.1,greedy,3.00e-04,0.000,0.632,0.007,0.000,0.000,0.000,0.000,0.361
333,1827.50,2820.22,18,0.786,974.9,greedy,3.00e-04,0.000,0.496,0.175,0.000,0.000,0.000,0.000,0.329
334,2253.50,2823.95,0,0.782,975.7,greedy,3.00e-04,0.000,0.388,0.083,0.000,0.000,0.000,0.000,0.529
335,3076.50,2831.02,14,0.751,976.7,greedy,3.00e-04,0.000,0.493,0.060,0.000,0.000,0.000,0.000,0.447
336,3534.00,2844.89,23,0.705,977.7,greedy,3.00e-04,0.000,0.394,0.034,0.000,0.000,0.000,0.000,0.572
337,1756.50,2834.95,0,0.661,978.2,greedy,3.00e-04,0.000,0.487,0.000,0.000,0.000,0.000,0.000,0.513
338,2256.00,2829.01,0,0.802,979.0,greedy,3.00e-04,0.000,0.286,0.136,0.000,0.000,0.000,0.000,0.578
339,2809.50,2786.39,408,0.454,979.4,greedy,3.00e-04,0.000,0.412,0.000,0.000,0.000,0.000,0.000,0.588
340,3284.00,2772.22,403,0.377,979.8,greedy,3.00e-04,0.000,0.171,0.007,0.000,0.000,0.000,0.000,0.822
341,3440.00,2755.36,0,0.459,980.4,greedy,3.00e-04,0.000,0.075,0.087,0.000,0.000,0.000,0.000,0.838
342,2323.50,2744.18,157,0.609,980.9,greedy,3.00e-04,0.000,0.250,0.000,0.000,0.000,0.000,0.000,0.750
343,3581.50,2750.55,0,0.731,981.8,greedy,3.00e-04,0.000,0.266,0.253,0.000,0.000,0.000,0.000,0.481
344,3175.00,2759.47,0,0.638,982.5,greedy,3.00e-04,0.000,0.402,0.081,0.000,0.000,0.000,0.000,0.517
345,1650.00,2744.57,0,0.661,983.1,greedy,3.00e-04,0.000,0.525,0.000,0.000,0.000,0.000,0.000,0.475
346,2531.00,2757.88,0,0.742,983.6,greedy,3.00e-04,0.000,0.483,0.034,0.000,0.000,0.000,0.000,0.483
347,3657.50,2771.11,0,0.704,984.5,greedy,3.00e-04,0.000,0.275,0.290,0.000,0.000,0.000,0.000,0.435
348,2833.50,2770.45,0,0.647,985.2,greedy,3.00e-04,0.000,0.446,0.014,0.000,0.000,0.000,0.000,0.540
349,1897.50,2760.85,209,0.604,985.6,greedy,3.00e-04,0.000,0.473,0.000,0.000,0.000,0.000,0.000,0.527
350,4428.00,2783.29,0,0.647,986.5,greedy,3.00e-04,0.000,0.215,0.241,0.000,0.000,0.000,0.000,0.544
351,3670.50,2794.10,0,0.667,987.5,greedy,3.00e-04,0.000,0.314,0.123,0.000,0.000,0.000,0.000,0.563
352,3805.00,2818.66,10,0.608,988.2,greedy,3.00e-04,0.000,0.273,0.051,0.000,0.000,0.000,0.000,0.677
353,2260.50,2811.83,0,0.646,988.6,greedy,3.00e-04,0.000,0.390,0.000,0.000,0.000,0.000,0.000,0.610
354,3631.50,2823.18,589,0.538,989.2,greedy,3.00e-04,0.000,0.229,0.028,0.000,0.000,0.000,0.000,0.743
355,3578.00,2848.43,43,0.648,990.1,greedy,3.00e-04,0.000,0.276,0.019,0.000,0.000,0.000,0.000,0.705
356,4643.50,2864.24,0,0.630,991.4,greedy,3.00e-04,0.000,0.205,0.308,0.000,0.000,0.000,0.000,0.487
357,5048.50,2894.86,0,0.613,992.5,greedy,3.00e-04,0.000,0.297,0.122,0.000,0.000,0.000,0.000,0.581
358,2827.50,2905.78,30,0.681,993.0,greedy,3.00e-04,0.000,0.431,0.000,0.000,0.000,0.000,0.000,0.569
359,1600.00,2881.91,38,0.722,993.4,greedy,3.00e-04,0.000,0.539,0.000,0.000,0.000,0.000,0.000,0.461
360,3323.00,2879.97,0,0.264,994.6,greedy,3.00e-04,0.000,0.140,0.777,0.000,0.000,0.000,0.000,0.082
361,2141.50,2871.22,101,0.574,995.3,greedy,3.00e-04,0.000,0.298,0.319,0.000,0.000,0.000,0.000,0.383
362,2232.00,2871.78,0,0.369,996.2,greedy,3.00e-04,0.000,0.138,0.641,0.000,0.000,0.000,0.000,0.220
363,1875.50,2864.53,0,0.355,996.9,greedy,3.00e-04,0.000,0.189,0.623,0.000,0.000,0.000,0.000,0.189
364,2388.00,2864.11,36,0.371,997.8,greedy,3.00e-04,0.000,0.155,0.718,0.000,0.000,0.000,0.000,0.127
365,1615.50,2858.08,4,0.376,999.1,greedy,3.00e-04,0.000,0.111,0.734,0.000,0.000,0.000,0.000,0.155
366,994.50,2835.03,0,0.774,999.6,greedy,3.00e-04,0.000,0.375,0.262,0.000,0.000,0.000,0.000,0.363
367,1461.00,2809.79,0,0.751,1000.1,greedy,3.00e-04,0.000,0.326,0.521,0.000,0.000,0.000,0.000,0.153
368,2752.00,2801.36,0,0.619,1000.9,greedy,3.00e-04,0.000,0.448,0.451,0.000,0.000,0.000,0.000,0.101
369,2698.00,2783.96,0,0.667,1002.4,greedy,3.00e-04,0.000,0.446,0.328,0.000,0.000,0.000,0.000,0.225
370,2313.50,2787.74,0,0.715,1003.9,greedy,3.00e-04,0.000,0.618,0.130,0.000,0.000,0.000,0.000,0.252
371,2374.50,2791.51,0,0.582,1005.2,greedy,3.00e-04,0.000,0.724,0.115,0.000,0.000,0.000,0.000,0.162
372,1848.00,2786.91,0,0.723,1005.6,greedy,3.00e-04,0.000,0.598,0.000,0.000,0.000,0.000,0.000,0.402
373,2620.00,2746.49,233,0.755,1006.3,greedy,3.00e-04,0.000,0.386,0.195,0.000,0.000,0.000,0.000,0.418
374,3078.00,2753.39,0,0.684,1007.7,greedy,3.00e-04,0.000,0.297,0.350,0.000,0.000,0.000,0.000,0.353
375,1880.50,2743.74,0,0.751,1008.2,greedy,3.00e-04,0.000,0.469,0.019,0.000,0.000,0.000,0.000,0.512
376,2304.00,2745.75,470,0.706,1008.5,greedy,3.00e-04,0.000,0.378,0.011,0.000,0.000,0.000,0.000,0.611
377,2312.00,2732.18,76,0.776,1009.1,greedy,3.00e-04,0.000,0.401,0.057,0.000,0.000,0.000,0.000,0.542
378,3228.00,2736.33,0,0.693,1010.2,greedy,3.00e-04,0.000,0.237,0.443,0.000,0.000,0.000,0.000,0.320
379,2213.50,2734.84,0,0.772,1010.9,greedy,3.00e-04,0.000,0.420,0.048,0.000,0.000,0.000,0.000,0.532
380,1888.50,2728.12,0,0.600,1011.4,greedy,3.00e-04,0.000,0.321,0.300,0.000,0.000,0.000,0.000,0.379
381,2870.50,2721.36,19,0.576,1012.3,greedy,3.00e-04,0.000,0.132,0.566,0.000,0.000,0.000,0.000,0.302
382,2574.50,2715.28,17,0.604,1013.6,greedy,3.00e-04,0.000,0.193,0.444,0.000,0.000,0.000,0.000,0.362
383,2878.50,2677.34,0,0.601,1015.0,greedy,3.00e-04,0.000,0.243,0.364,0.000,0.000,0.000,0.000,0.393
384,2425.50,2670.01,0,0.251,1015.5,greedy,3.00e-04,0.000,0.919,0.013,0.000,0.000,0.000,0.000,0.069
385,1009.50,2644.86,71,0.469,1015.9,greedy,3.00e-04,0.000,0.858,0.020,0.000,0.000,0.000,0.000,0.122
386,2302.50,2625.57,0,0.312,1017.1,greedy,3.00e-04,0.000,0.171,0.803,0.000,0.000,0.000,0.000,0.026
387,1918.00,2613.76,24,0.544,1017.6,greedy,3.00e-04,0.000,0.806,0.006,0.000,0.000,0.000,0.000,0.188
388,3295.00,2627.45,99,0.677,1018.7,greedy,3.00e-04,0.000,0.636,0.067,0.000,0.000,0.000,0.000,0.297
389,3188.50,2619.18,229,0.481,1019.3,greedy,3.00e-04,0.000,0.749,0.000,0.000,0.000,0.000,0.000,0.251
390,2946.50,2612.37,166,0.572,1020.2,greedy,3.00e-04,0.000,0.797,0.000,0.000,0.000,0.000,0.000,0.203
391,1644.50,2607.14,0,0.330,1020.6,greedy,3.00e-04,0.000,0.853,0.000,0.000,0.000,0.000,0.000,0.147
392,3243.50,2596.99,27,0.416,1021.6,greedy,3.00e-04,0.000,0.853,0.040,0.000,0.000,0.000,0.000,0.106
393,1531.00,2587.59,0,0.575,1022.2,greedy,3.00e-04,0.000,0.844,0.000,0.000,0.000,0.000,0.000,0.156
394,1767.50,2582.39,32,0.751,1023.0,greedy,3.00e-04,0.000,0.479,0.089,0.000,0.000,0.000,0.000,0.432
395,3313.50,2589.07,31,0.750,1024.4,greedy,3.00e-04,0.000,0.364,0.308,0.000,0.000,0.000,0.000,0.328
396,1188.50,2571.80,0,0.737,1024.8,greedy,3.00e-04,0.000,0.500,0.007,0.000,0.000,0.000,0.000,0.493
397,2160.00,2572.09,6,0.511,1025.8,greedy,3.00e-04,0.000,0.198,0.601,0.000,0.000,0.000,0.000,0.201
398,2132.00,2577.24,0,0.721,1026.6,greedy,3.00e-04,0.000,0.347,0.081,0.000,0.000,0.000,0.000,0.572
399,1783.50,2569.15,70,0.753,1027.1,greedy,3.00e-04,0.000,0.367,0.042,0.000,0.000,0.000,0.000,0.590
400,2893.00,2575.50,0,0.783,1028.3,greedy,3.00e-04,0.000,0.393,0.317,0.000,0.000,0.000,0.000,0.290
401,1536.00,2579.60,4,0.788,1029.2,greedy,3.00e-04,0.000,0.534,0.026,0.000,0.000,0.000,0.000,0.440
402,3371.50,2592.76,0,0.744,1030.2,greedy,3.00e-04,0.000,0.339,0.283,0.000,0.000,0.000,0.000,0.378
403,2996.50,2605.59,27,0.783,1031.4,greedy,3.00e-04,0.000,0.340,0.212,0.000,0.000,0.000,0.000,0.448
404,2787.00,2607.41,0,0.739,1032.4,greedy,3.00e-04,0.000,0.468,0.038,0.000,0.000,0.000,0.000,0.494
405,1952.00,2610.47,0,0.719,1033.0,greedy,3.00e-04,0.000,0.415,0.000,0.000,0.000,0.000,0.000,0.585
406,2081.50,2606.41,0,0.673,1034.0,greedy,3.00e-04,0.000,0.293,0.335,0.000,0.000,0.000,0.000,0.372
407,2060.00,2590.78,144,0.775,1034.5,greedy,3.00e-04,0.000,0.469,0.037,0.000,0.000,0.000,0.000,0.494
408,1734.00,2574.40,159,0.770,1035.0,greedy,3.00e-04,0.000,0.333,0.061,0.000,0.000,0.000,0.000,0.606
409,1329.00,2574.86,0,0.427,1035.4,greedy,3.00e-04,0.000,0.144,0.652,0.000,0.000,0.000,0.000,0.205
410,665.00,2558.70,0,0.638,1035.8,greedy,3.00e-04,0.000,0.282,0.524,0.000,0.000,0.000,0.000,0.194
411,2630.50,2565.53,0,0.579,1036.8,greedy,3.00e-04,0.000,0.193,0.645,0.000,0.000,0.000,0.000,0.162
412,1492.00,2564.06,142,0.792,1037.3,greedy,3.00e-04,0.000,0.560,0.047,0.000,0.000,0.000,0.000,0.393
413,1582.00,2555.74,130,0.300,1038.0,greedy,3.00e-04,0.000,0.113,0.652,0.000,0.000,0.000,0.000,0.235
414,2216.50,2553.02,83,0.625,1038.9,greedy,3.00e-04,0.000,0.099,0.458,0.000,0.000,0.000,0.000,0.444
415,2707.00,2566.62,3,0.270,1041.9,greedy,3.00e-04,0.000,0.077,0.756,0.000,0.000,0.000,0.000,0.167
416,2403.00,2568.08,41,0.656,1042.7,greedy,3.00e-04,0.000,0.582,0.053,0.000,0.000,0.000,0.000,0.365
417,1845.50,2552.93,139,0.608,1043.5,greedy,3.00e-04,0.000,0.840,0.004,0.000,0.000,0.000,0.000,0.157
418,1908.00,2541.89,0,0.695,1044.7,greedy,3.00e-04,0.000,0.713,0.042,0.000,0.000,0.000,0.000,0.245
419,2477.00,2558.07,46,0.718,1045.8,greedy,3.00e-04,0.000,0.619,0.082,0.000,0.000,0.000,0.000,0.299
420,2344.00,2543.86,0,0.693,1046.5,greedy,3.00e-04,0.000,0.579,0.025,0.000,0.000,0.000,0.000,0.396
421,2592.00,2542.11,0,0.659,1047.3,greedy,3.00e-04,0.000,0.715,0.022,0.000,0.000,0.000,0.000,0.263
422,4103.50,2551.95,0,0.658,1049.2,greedy,3.00e-04,0.000,0.273,0.473,0.000,0.000,0.000,0.000,0.255
423,2151.00,2530.16,0,0.671,1049.7,greedy,3.00e-04,0.000,0.592,0.007,0.000,0.000,0.000,0.000,0.401
424,2017.00,2514.20,0,0.842,1050.4,greedy,3.00e-04,0.000,0.536,0.238,0.000,0.000,0.000,0.000,0.226
425,1847.00,2503.59,0,0.836,1051.4,greedy,3.00e-04,0.000,0.331,0.334,0.000,0.000,0.000,0.000,0.334
426,1872.50,2490.44,0,0.766,1052.2,greedy,3.00e-04,0.000,0.250,0.368,0.000,0.000,0.000,0.000,0.382
427,3387.00,2499.74,42,0.765,1053.5,greedy,3.00e-04,0.000,0.208,0.440,0.000,0.000,0.000,0.000,0.352
428,1520.50,2479.57,161,0.749,1054.0,greedy,3.00e-04,0.000,0.530,0.000,0.000,0.000,0.000,0.000,0.470
429,2731.50,2467.82,221,0.882,1054.8,greedy,3.00e-04,0.000,0.377,0.173,0.000,0.000,0.000,0.000,0.450
430,1327.00,2463.01,29,0.838,1055.8,greedy,3.00e-04,0.000,0.415,0.140,0.000,0.000,0.000,0.000,0.444
431,2505.00,2466.30,0,0.676,1056.4,greedy,3.00e-04,0.000,0.368,0.009,0.000,0.000,0.000,0.000,0.623
432,2030.50,2461.90,0,0.683,1056.9,greedy,3.00e-04,0.000,0.385,0.008,0.000,0.000,0.000,0.000,0.608
433,3431.00,2477.93,0,0.742,1057.8,greedy,3.00e-04,0.000,0.420,0.087,0.000,0.000,0.000,0.000,0.494
434,2147.00,2476.87,68,0.685,1058.2,greedy,3.00e-04,0.000,0.504,0.000,0.000,0.000,0.000,0.000,0.496
435,3302.00,2479.12,0,0.727,1059.2,greedy,3.00e-04,0.000,0.314,0.069,0.000,0.000,0.000,0.000,0.617
436,2697.00,2470.76,0,0.686,1059.9,greedy,3.00e-04,0.000,0.431,0.004,0.000,0.000,0.000,0.000,0.565
437,2146.00,2474.65,281,0.682,1060.3,greedy,3.00e-04,0.000,0.500,0.000,0.000,0.000,0.000,0.000,0.500
438,3059.00,2482.68,0,0.730,1061.3,greedy,3.00e-04,0.000,0.512,0.009,0.000,0.000,0.000,0.000,0.479
439,2264.00,2477.22,0,0.685,1061.8,greedy,3.00e-04,0.000,0.512,0.000,0.000,0.000,0.000,0.000,0.488
440,1773.50,2462.12,247,0.682,1062.3,greedy,3.00e-04,0.000,0.525,0.000,0.000,0.000,0.000,0.000,0.475
441,2532.50,2453.05,0,0.797,1063.6,greedy,3.00e-04,0.000,0.456,0.198,0.000,0.000,0.000,0.000,0.346
442,4157.50,2471.39,0,0.734,1065.0,greedy,3.00e-04,0.000,0.441,0.046,0.000,0.000,0.000,0.000,0.513
443,2021.00,2455.78,0,0.686,1065.8,greedy,3.00e-04,0.000,0.581,0.000,0.000,0.000,0.000,0.000,0.419
444,1418.00,2438.21,0,0.649,1066.1,greedy,3.00e-04,0.000,0.548,0.000,0.000,0.000,0.000,0.000,0.452
445,2309.50,2444.80,146,0.715,1067.2,greedy,3.00e-04,0.000,0.537,0.003,0.000,0.000,0.000,0.000,0.460
446,3146.00,2450.95,0,0.753,1068.2,greedy,3.00e-04,0.000,0.396,0.126,0.000,0.000,0.000,0.000,0.478
447,3412.00,2448.50,24,0.745,1069.3,greedy,3.00e-04,0.000,0.513,0.045,0.000,0.000,0.000,0.000,0.442
448,1521.50,2435.38,0,0.722,1069.7,greedy,3.00e-04,0.000,0.458,0.000,0.000,0.000,0.000,0.000,0.542
449,1544.00,2431.84,137,0.883,1070.1,greedy,3.00e-04,0.000,0.520,0.089,0.000,0.000,0.000,0.000,0.390
450,1740.50,2404.97,0,0.443,1070.6,greedy,3.00e-04,0.000,0.156,0.639,0.000,0.000,0.000,0.000,0.206
451,2255.00,2390.82,60,0.727,1071.6,greedy,3.00e-04,0.000,0.170,0.652,0.000,0.000,0.000,0.000,0.178
452,6582.00,2418.59,0,0.359,1075.1,greedy,3.00e-04,0.000,0.084,0.817,0.000,0.000,0.000,0.000,0.098
453,1535.00,2411.33,129,0.912,1075.6,greedy,3.00e-04,0.000,0.433,0.147,0.000,0.000,0.000,0.000,0.420
454,3116.50,2406.18,0,0.770,1076.8,greedy,3.00e-04,0.000,0.116,0.515,0.000,0.000,0.000,0.000,0.369
455,3631.50,2406.72,0,0.925,1077.7,greedy,3.00e-04,0.000,0.091,0.228,0.000,0.000,0.000,0.000,0.681
456,2534.50,2385.62,5,0.975,1078.9,greedy,3.00e-04,0.000,0.152,0.371,0.000,0.000,0.000,0.000,0.477
457,2787.50,2363.01,0,0.920,1079.8,greedy,3.00e-04,0.000,0.141,0.322,0.000,0.000,0.000,0.000,0.536
458,2991.50,2364.66,0,0.910,1081.0,greedy,3.00e-04,0.000,0.187,0.331,0.000,0.000,0.000,0.000,0.482
459,2954.50,2378.20,48,1.008,1082.1,greedy,3.00e-04,0.000,0.246,0.410,0.000,0.000,0.000,0.000,0.344
460,1984.50,2364.82,0,1.033,1082.9,greedy,3.00e-04,0.000,0.337,0.347,0.000,0.000,0.000,0.000,0.316
461,2505.00,2368.45,105,1.039,1083.8,greedy,3.00e-04,0.000,0.293,0.313,0.000,0.000,0.000,0.000,0.395
462,2229.50,2368.43,0,0.978,1084.6,greedy,3.00e-04,0.000,0.442,0.261,0.000,0.000,0.000,0.000,0.297
463,2680.00,2376.47,100,0.958,1085.9,greedy,3.00e-04,0.000,0.454,0.197,0.000,0.000,0.000,0.000,0.349
464,1816.50,2370.76,0,0.935,1086.5,greedy,3.00e-04,0.000,0.534,0.144,0.000,0.000,0.000,0.000,0.322
465,2614.00,2380.74,0,0.976,1087.3,greedy,3.00e-04,0.000,0.392,0.417,0.000,0.000,0.000,0.000,0.191
466,1402.00,2384.82,0,0.978,1087.9,greedy,3.00e-04,0.000,0.520,0.375,0.000,0.000,0.000,0.000,0.105
467,2762.00,2397.82,0,0.929,1089.5,greedy,3.00e-04,0.000,0.303,0.564,0.000,0.000,0.000,0.000,0.133
468,3915.50,2409.46,4,0.737,1091.0,greedy,3.00e-04,0.000,0.190,0.631,0.000,0.000,0.000,0.000,0.180
469,2834.00,2410.82,0,0.048,1091.4,greedy,3.00e-04,0.000,0.000,1.000,0.000,0.000,0.000,0.000,0.000
470,674.00,2394.43,22,0.068,1093.0,greedy,3.00e-04,0.000,0.018,0.980,0.000,0.000,0.000,0.000,0.002
471,1400.50,2384.68,64,0.163,1093.8,greedy,3.00e-04,0.000,0.021,0.979,0.000,0.000,0.000,0.000,0.000
472,1418.50,2380.39,0,0.674,1094.6,greedy,3.00e-04,0.000,0.134,0.836,0.000,0.000,0.000,0.000,0.030
473,2113.50,2375.32,0,0.940,1095.2,greedy,3.00e-04,0.000,0.472,0.467,0.000,0.000,0.000,0.000,0.061
474,2509.00,2369.64,0,0.898,1096.6,greedy,3.00e-04,0.000,0.252,0.598,0.000,0.000,0.000,0.000,0.150
475,1970.50,2370.53,84,0.905,1097.2,greedy,3.00e-04,0.000,0.280,0.544,0.000,0.000,0.000,0.000,0.176
476,2108.00,2368.57,0,0.507,1097.5,greedy,3.00e-04,0.000,0.098,0.839,0.000,0.000,0.000,0.000,0.062
477,5641.50,2401.87,0,0.742,1099.0,greedy,3.00e-04,0.000,0.136,0.804,0.000,0.000,0.000,0.000,0.060
478,1691.00,2386.50,401,0.801,1099.4,greedy,3.00e-04,0.000,0.189,0.622,0.000,0.000,0.000,0.000,0.189
479,1820.50,2382.57,0,0.844,1099.9,greedy,3.00e-04,0.000,0.136,0.686,0.000,0.000,0.000,0.000,0.179
480,3028.50,2393.97,0,0.951,1100.8,greedy,3.00e-04,0.000,0.232,0.628,0.000,0.000,0.000,0.000,0.140
481,2603.50,2391.30,14,1.045,1101.9,greedy,3.00e-04,0.000,0.276,0.461,0.000,0.000,0.000,0.000,0.263
482,1881.00,2384.36,0,0.926,1103.2,greedy,3.00e-04,0.000,0.234,0.566,0.000,0.000,0.000,0.000,0.200
483,1656.50,2372.14,0,1.068,1104.1,greedy,3.00e-04,0.000,0.298,0.427,0.000,0.000,0.000,0.000,0.275
484,1534.50,2363.24,141,1.047,1104.7,greedy,3.00e-04,0.000,0.284,0.467,0.000,0.000,0.000,0.000,0.249
485,1856.50,2371.70,0,1.022,1105.5,greedy,3.00e-04,0.000,0.247,0.502,0.000,0.000,0.000,0.000,0.251
486,2210.00,2370.78,0,1.041,1107.1,greedy,3.00e-04,0.000,0.283,0.456,0.000,0.000,0.000,0.000,0.261
487,2124.00,2372.84,36,0.970,1107.8,greedy,3.00e-04,0.000,0.133,0.532,0.000,0.000,0.000,0.000,0.335
488,2744.50,2367.34,0,0.899,1108.2,greedy,3.00e-04,0.000,0.151,0.599,0.000,0.000,0.000,0.000,0.250
489,3063.00,2366.08,105,1.046,1110.2,greedy,3.00e-04,0.000,0.226,0.398,0.000,0.000,0.000,0.000,0.376
490,2067.00,2357.28,99,1.040,1111.0,greedy,3.00e-04,0.000,0.133,0.554,0.000,0.000,0.000,0.000,0.313
491,2422.50,2365.07,39,1.033,1112.1,greedy,3.00e-04,0.000,0.236,0.347,0.000,0.000,0.000,0.000,0.416
492,1443.50,2347.07,0,1.047,1113.0,greedy,3.00e-04,0.000,0.313,0.329,0.000,0.000,0.000,0.000,0.358
493,3959.00,2371.34,0,0.937,1114.0,greedy,3.00e-04,0.000,0.234,0.395,0.000,0.000,0.000,0.000,0.371
494,1713.50,2370.80,159,0.860,1114.6,greedy,3.00e-04,0.000,0.071,0.460,0.000,0.000,0.000,0.000,0.469
495,5739.00,2395.06,94,1.022,1116.7,greedy,3.00e-04,0.000,0.201,0.436,0.000,0.000,0.000,0.000,0.364
496,2404.00,2407.22,0,1.028,1117.5,greedy,3.00e-04,0.000,0.521,0.260,0.000,0.000,0.000,0.000,0.219
497,2298.00,2408.59,0,1.037,1118.4,greedy,3.00e-04,0.000,0.418,0.313,0.000,0.000,0.000,0.000,0.269
498,2575.50,2413.03,29,1.024,1119.6,greedy,3.00e-04,0.000,0.533,0.178,0.000,0.000,0.000,0.000,0.289
499,2024.50,2415.44,0,0.979,1120.3,greedy,3.00e-04,0.000,0.492,0.163,0.000,0.000,0.000,0.000,0.346
500,2412.50,2410.64,0,1.038,1121.5,greedy,2.91e-04,0.000,0.376,0.234,0.000,0.000,0.000,0.000,0.390
501,2313.00,2418.41,0,1.010,1122.6,greedy,2.91e-04,0.000,0.281,0.224,0.000,0.000,0.000,0.000,0.495
502,2235.00,2407.04,0,1.001,1123.0,greedy,2.91e-04,0.000,0.212,0.235,0.000,0.000,0.000,0.000,0.553
503,3644.50,2413.52,18,0.972,1124.3,greedy,2.91e-04,0.000,0.293,0.233,0.000,0.000,0.000,0.000,0.474
504,2686.00,2412.51,131,0.985,1126.0,greedy,2.91e-04,0.000,0.257,0.234,0.000,0.000,0.000,0.000,0.510
505,3720.00,2430.19,0,1.013,1126.7,greedy,2.91e-04,0.000,0.258,0.160,0.000,0.000,0.000,0.000,0.582
506,1979.00,2429.16,39,1.029,1127.3,greedy,2.91e-04,0.000,0.332,0.377,0.000,0.000,0.000,0.000,0.291
507,1064.00,2419.20,82,0.906,1127.7,greedy,2.91e-04,0.000,0.597,0.092,0.000,0.000,0.000,0.000,0.311
508,2274.00,2424.61,230,0.859,1128.0,greedy,2.91e-04,0.000,0.582,0.091,0.000,0.000,0.000,0.000,0.327
509,2732.00,2438.64,1,0.862,1128.7,greedy,2.91e-04,0.000,0.640,0.061,0.000,0.000,0.000,0.000,0.298
510,1186.00,2443.84,0,0.851,1129.2,greedy,2.91e-04,0.000,0.560,0.075,0.000,0.000,0.000,0.000,0.366
511,2695.00,2444.49,0,0.974,1130.4,greedy,2.91e-04,0.000,0.559,0.186,0.000,0.000,0.000,0.000,0.255
512,2125.00,2450.82,0,1.021,1131.3,greedy,2.91e-04,0.000,0.478,0.167,0.000,0.000,0.000,0.000,0.356
513,1738.00,2452.38,0,0.969,1132.0,greedy,2.91e-04,0.000,0.517,0.154,0.000,0.000,0.000,0.000,0.329
514,2033.00,2450.55,163,0.990,1132.8,greedy,2.91e-04,0.000,0.496,0.180,0.000,0.000,0.000,0.000,0.324
515,1271.00,2436.18,125,0.979,1133.3,greedy,2.91e-04,0.000,0.489,0.250,0.000,0.000,0.000,0.000,0.261
516,1738.00,2429.53,0,0.822,1134.0,greedy,2.91e-04,0.000,0.526,0.430,0.000,0.000,0.000,0.000,0.044
517,1729.00,2428.37,0,0.759,1134.5,greedy,2.91e-04,0.000,0.605,0.380,0.000,0.000,0.000,0.000,0.015
518,1745.00,2426.74,0,0.803,1135.2,greedy,2.91e-04,0.000,0.537,0.414,0.000,0.000,0.000,0.000,0.049
519,2500.50,2426.97,5,0.887,1136.2,greedy,2.91e-04,0.000,0.508,0.428,0.000,0.000,0.000,0.000,0.065
520,3116.50,2434.70,11,0.943,1137.5,greedy,2.91e-04,0.000,0.397,0.503,0.000,0.000,0.000,0.000,0.100
521,2535.00,2434.13,0,0.966,1138.3,greedy,2.91e-04,0.000,0.527,0.325,0.000,0.000,0.000,0.000,0.148
522,2230.50,2415.40,63,1.066,1139.3,greedy,2.91e-04,0.000,0.339,0.493,0.000,0.000,0.000,0.000,0.168
523,2223.00,2416.12,9,1.026,1140.3,greedy,2.91e-04,0.000,0.441,0.414,0.000,0.000,0.000,0.000,0.145
524,2642.50,2422.38,0,1.062,1141.1,greedy,2.91e-04,0.000,0.344,0.406,0.000,0.000,0.000,0.000,0.250
525,2775.50,2431.66,80,1.078,1141.8,greedy,2.91e-04,0.000,0.357,0.361,0.000,0.000,0.000,0.000,0.282
526,2609.00,2439.03,0,1.074,1142.9,greedy,2.91e-04,0.000,0.411,0.326,0.000,0.000,0.000,0.000,0.263
527,1888.00,2424.03,0,1.068,1143.7,greedy,2.91e-04,0.000,0.419,0.312,0.000,0.000,0.000,0.000,0.268
528,2434.50,2433.18,73,1.063,1144.4,greedy,2.91e-04,0.000,0.330,0.361,0.000,0.000,0.000,0.000,0.309
529,2408.00,2429.94,0,1.015,1145.3,greedy,2.91e-04,0.000,0.455,0.250,0.000,0.000,0.000,0.000,0.295
530,2137.00,2438.04,9,0.975,1146.3,greedy,2.91e-04,0.000,0.427,0.404,0.000,0.000,0.000,0.000,0.169
531,2243.50,2435.43,51,0.962,1147.1,greedy,2.91e-04,0.000,0.293,0.430,0.000,0.000,0.000,0.000,0.278
532,2723.00,2442.35,30,0.909,1148.3,greedy,2.91e-04,0.000,0.120,0.573,0.000,0.000,0.000,0.000,0.308
533,1639.00,2424.43,0,0.676,1149.3,greedy,2.91e-04,0.000,0.081,0.708,0.000,0.000,0.000,0.000,0.211
534,1432.50,2417.28,27,0.873,1150.3,greedy,2.91e-04,0.000,0.087,0.748,0.000,0.000,0.000,0.000,0.164
535,1516.50,2399.43,90,0.935,1150.8,greedy,2.91e-04,0.000,0.195,0.500,0.000,0.000,0.000,0.000,0.305
536,2448.50,2396.95,0,1.014,1152.1,greedy,2.91e-04,0.000,0.228,0.485,0.000,0.000,0.000,0.000,0.287
537,1935.00,2394.84,5,1.021,1153.0,greedy,2.91e-04,0.000,0.253,0.408,0.000,0.000,0.000,0.000,0.339
538,2560.00,2389.84,13,0.935,1154.4,greedy,2.91e-04,0.000,0.264,0.447,0.000,0.000,0.000,0.000,0.288
539,2814.50,2395.35,95,1.006,1155.1,greedy,2.91e-04,0.000,0.333,0.284,0.000,0.000,0.000,0.000,0.382
540,2585.00,2403.47,63,1.050,1155.7,greedy,2.91e-04,0.000,0.284,0.300,0.000,0.000,0.000,0.000,0.416
541,2870.50,2406.84,0,1.000,1156.4,greedy,2.91e-04,0.000,0.257,0.278,0.000,0.000,0.000,0.000,0.465
542,2052.00,2385.79,0,0.985,1157.0,greedy,2.91e-04,0.000,0.461,0.268,0.000,0.000,0.000,0.000,0.272
543,2089.50,2386.47,0,1.030,1157.6,greedy,2.91e-04,0.000,0.464,0.214,0.000,0.000,0.000,0.000,0.321
544,2641.00,2398.70,0,1.012,1158.3,greedy,2.91e-04,0.000,0.324,0.250,0.000,0.000,0.000,0.000,0.426
545,2137.00,2396.98,267,0.975,1158.6,greedy,2.91e-04,0.000,0.325,0.163,0.000,0.000,0.000,0.000,0.512
546,2001.00,2385.53,228,1.038,1159.2,greedy,2.91e-04,0.000,0.258,0.254,0.000,0.000,0.000,0.000,0.488
547,3324.00,2384.65,0,0.995,1159.8,greedy,2.91e-04,0.000,0.274,0.262,0.000,0.000,0.000,0.000,0.464
548,3702.50,2406.46,0,0.941,1160.8,greedy,2.91e-04,0.002,0.262,0.255,0.000,0.000,0.000,0.000,0.480
549,2333.00,2414.35,0,1.040,1161.5,greedy,2.91e-04,0.000,0.352,0.231,0.000,0.000,0.000,0.000,0.417
550,1690.00,2413.84,8,1.023,1162.1,greedy,2.91e-04,0.004,0.270,0.230,0.000,0.000,0.000,0.000,0.496
551,5542.00,2446.72,469,1.151,1163.5,greedy,2.91e-04,0.109,0.210,0.268,0.000,0.000,0.000,0.000,0.413
552,2301.00,2403.91,0,1.005,1164.1,greedy,2.91e-04,0.000,0.299,0.250,0.000,0.000,0.000,0.000,0.451
553,2588.00,2414.43,0,0.974,1164.6,greedy,2.91e-04,0.005,0.154,0.380,0.000,0.000,0.000,0.000,0.462
554,2159.00,2404.86,0,1.007,1165.0,greedy,2.91e-04,0.000,0.236,0.314,0.000,0.000,0.000,0.000,0.450
555,1267.00,2381.22,0,0.987,1165.3,greedy,2.91e-04,0.000,0.250,0.475,0.000,0.000,0.000,0.000,0.275
556,1340.00,2369.27,16,0.994,1165.9,greedy,2.91e-04,0.017,0.181,0.668,0.000,0.000,0.000,0.000,0.134
557,1357.50,2354.97,0,1.135,1166.3,greedy,2.91e-04,0.033,0.276,0.507,0.000,0.000,0.000,0.000,0.184
558,2256.00,2347.61,0,0.962,1166.9,greedy,2.91e-04,0.039,0.178,0.487,0.000,0.000,0.000,0.000,0.296
559,2036.00,2338.43,0,0.974,1168.2,greedy,2.91e-04,0.007,0.143,0.638,0.000,0.000,0.000,0.000,0.213
560,3822.50,2356.81,0,0.969,1169.5,greedy,2.91e-04,0.000,0.133,0.560,0.000,0.000,0.000,0.000,0.306
561,2076.00,2352.52,117,0.947,1170.0,greedy,2.91e-04,0.000,0.226,0.381,0.000,0.000,0.000,0.000,0.393
562,2102.50,2351.25,0,0.856,1170.9,greedy,2.91e-04,0.000,0.195,0.705,0.000,0.000,0.000,0.000,0.101
563,2835.50,2352.80,43,1.010,1171.6,greedy,2.91e-04,0.000,0.258,0.538,0.000,0.000,0.000,0.000,0.204
564,1753.00,2352.17,0,1.017,1172.7,greedy,2.91e-04,0.000,0.326,0.479,0.000,0.000,0.000,0.000,0.195
565,3526.00,2361.29,12,1.088,1174.7,greedy,2.91e-04,0.023,0.279,0.492,0.000,0.000,0.000,0.000,0.207
566,2399.00,2371.26,337,0.973,1175.2,greedy,2.91e-04,0.000,0.293,0.253,0.000,0.000,0.000,0.000,0.453
567,1725.50,2360.89,10,1.122,1176.2,greedy,2.91e-04,0.006,0.123,0.481,0.000,0.000,0.000,0.000,0.390
568,4107.00,2362.81,0,0.984,1177.3,greedy,2.91e-04,0.298,0.137,0.422,0.000,0.000,0.000,0.000,0.142
569,2006.00,2354.53,0,0.960,1177.8,greedy,2.91e-04,0.042,0.054,0.452,0.000,0.000,0.000,0.000,0.452
570,4572.50,2393.51,384,0.948,1178.7,greedy,2.91e-04,0.181,0.097,0.298,0.000,0.000,0.000,0.000,0.425
571,4160.50,2421.11,642,1.149,1179.6,greedy,2.91e-04,0.195,0.130,0.283,0.000,0.000,0.000,0.000,0.392
572,6353.00,2470.46,1348,1.146,1180.3,greedy,2.91e-04,0.474,0.237,0.101,0.000,0.000,0.000,0.000,0.189
573,7062.00,2519.95,1263,1.186,1181.3,greedy,2.91e-04,0.489,0.253,0.111,0.000,0.000,0.000,0.000,0.148
574,5003.50,2544.89,432,1.276,1182.3,greedy,2.91e-04,0.283,0.283,0.167,0.000,0.000,0.000,0.000,0.268
575,2198.50,2547.17,214,1.300,1182.7,greedy,2.91e-04,0.151,0.286,0.302,0.000,0.000,0.000,0.000,0.262
576,3063.00,2556.72,0,1.089,1183.2,greedy,2.91e-04,0.176,0.473,0.155,0.000,0.000,0.000,0.000,0.196
577,6375.50,2564.06,1155,1.148,1184.1,greedy,2.91e-04,0.423,0.282,0.074,0.000,0.000,0.000,0.000,0.221
578,3678.50,2583.93,0,1.167,1185.0,greedy,2.91e-04,0.142,0.490,0.087,0.000,0.000,0.000,0.000,0.281
579,2047.50,2586.20,0,1.200,1185.6,greedy,2.91e-04,0.142,0.451,0.123,0.000,0.000,0.000,0.000,0.284
580,4248.00,2598.40,155,1.143,1186.1,greedy,2.91e-04,0.326,0.236,0.167,0.000,0.000,0.000,0.000,0.271
581,3378.50,2606.15,344,1.312,1186.6,greedy,2.91e-04,0.319,0.326,0.149,0.000,0.000,0.000,0.000,0.206
582,3318.50,2620.53,79,1.299,1187.0,greedy,2.91e-04,0.274,0.376,0.205,0.000,0.000,0.000,0.000,0.145
583,1738.50,2621.34,0,1.297,1187.7,greedy,2.91e-04,0.144,0.406,0.163,0.000,0.000,0.000,0.000,0.287
584,4568.00,2651.68,451,1.024,1188.7,greedy,2.91e-04,0.431,0.235,0.150,0.000,0.000,0.000,0.000,0.185
585,2633.50,2659.45,4,1.144,1189.7,greedy,2.91e-04,0.221,0.310,0.274,0.000,0.000,0.000,0.000,0.196
586,3706.00,2674.41,0,1.029,1190.5,greedy,2.91e-04,0.333,0.270,0.190,0.000,0.000,0.000,0.000,0.206
587,2566.00,2678.83,0,1.151,1191.1,greedy,2.91e-04,0.082,0.375,0.109,0.000,0.000,0.000,0.000,0.435
588,3755.50,2688.94,67,1.207,1192.2,greedy,2.91e-04,0.175,0.292,0.184,0.000,0.000,0.000,0.000,0.348
589,1145.00,2669.76,0,1.128,1192.9,greedy,2.91e-04,0.013,0.439,0.232,0.000,0.000,0.000,0.000,0.316
590,5340.50,2702.49,554,0.393,1194.2,greedy,2.91e-04,0.803,0.078,0.012,0.000,0.000,0.000,0.000,0.107
591,4711.00,2725.38,0,0.879,1194.7,greedy,2.91e-04,0.413,0.259,0.014,0.000,0.000,0.000,0.000,0.315
592,7856.50,2789.51,2221,1.006,1195.9,greedy,2.91e-04,0.382,0.187,0.026,0.000,0.000,0.000,0.000,0.405
593,8081.00,2830.73,1795,1.076,1197.7,greedy,2.91e-04,0.388,0.216,0.046,0.000,0.000,0.000,0.000,0.350
594,6411.00,2877.70,1202,1.112,1198.7,greedy,2.91e-04,0.407,0.228,0.055,0.000,0.000,0.000,0.000,0.309
595,4269.00,2863.01,723,0.466,1199.1,greedy,2.91e-04,0.741,0.078,0.060,0.000,0.000,0.000,0.000,0.121
596,0.00,2838.97,0,0.019,1199.3,greedy,2.91e-04,1.000,0.000,0.000,0.000,0.000,0.000,0.000,0.000
597,0.00,2815.99,0,0.004,1199.6,greedy,2.91e-04,1.000,0.000,0.000,0.000,0.000,0.000,0.000,0.000
598,0.00,2790.23,0,0.000,1199.7,greedy,2.91e-04,1.000,0.000,0.000,0.000,0.000,0.000,0.000,0.000
599,18.00,2770.16,0,0.008,1200.2,greedy,2.91e-04,0.994,0.000,0.000,0.000,0.000,0.000,0.000,0.006
600,0.00,2746.04,0,0.003,1200.5,self-play,2.82e-04,1.000,0.000,0.000,0.000,0.000,0.000,0.000,0.000
601,0.00,2722.91,0,0.015,1200.9,self-play,2.82e-04,1.000,0.000,0.000,0.000,0.000,0.000,0.000,0.000
602,0.00,2700.56,0,0.007,1201.2,self-play,2.82e-04,1.000,0.000,0.000,0.000,0.000,0.000,0.000,0.000
603,0.00,2664.11,0,0.018,1201.5,self-play,2.82e-04,1.000,0.000,0.000,0.000,0.000,0.000,0.000,0.000
604,0.00,2637.26,0,0.008,1201.7,self-play,2.82e-04,1.000,0.000,0.000,0.000,0.000,0.000,0.000,0.000
605,0.00,2600.05,0,0.060,1201.9,self-play,2.82e-04,1.000,0.000,0.000,0.000,0.000,0.000,0.000,0.000
606,0.00,2580.26,0,0.015,1202.2,self-play,2.82e-04,1.000,0.000,0.000,0.000,0.000,0.000,0.000,0.000
607,0.00,2569.62,0,0.073,1202.5,self-play,2.82e-04,1.000,0.000,0.000,0.000,0.000,0.000,0.000,0.000
608,857.50,2555.46,0,0.347,1203.2,self-play,2.82e-04,0.928,0.010,0.005,0.000,0.000,0.000,0.000,0.056
609,4286.00,2571.00,0,0.007,1204.3,self-play,2.82e-04,0.000,0.003,0.000,0.000,0.000,0.000,0.000,0.997
610,6567.00,2624.81,588,0.000,1205.0,self-play,2.82e-04,0.000,0.000,0.000,0.000,0.000,0.000,0.000,1.000
611,4114.50,2639.01,0,0.000,1206.1,self-play,2.82e-04,0.000,0.000,0.000,0.000,0.000,0.000,0.000,1.000
612,3921.00,2656.97,0,0.000,1206.8,self-play,2.82e-04,0.000,0.000,0.000,0.000,0.000,0.000,0.000,1.000
613,8149.00,2721.07,1045,0.000,1207.7,self-play,2.82e-04,0.000,0.000,0.000,0.000,0.000,0.000,0.000,1.000
614,2806.00,2728.80,0,0.000,1208.2,self-play,2.82e-04,0.000,0.000,0.000,0.000,0.000,0.000,0.000,1.000
615,4851.00,2764.61,0,0.000,1209.1,self-play,2.82e-04,0.000,0.000,0.000,0.000,0.000,0.000,0.000,1.000
616,4783.00,2795.05,680,0.000,1209.9,self-play,2.82e-04,0.000,0.000,0.000,0.000,0.000,0.000,0.000,1.000
617,5095.50,2828.72,1043,0.000,1210.4,self-play,2.82e-04,0.000,0.000,0.000,0.000,0.000,0.000,0.000,1.000
618,4176.50,2853.03,0,0.000,1211.0,self-play,2.82e-04,0.000,0.000,0.000,0.000,0.000,0.000,0.000,1.000
619,5582.00,2883.85,0,0.000,1212.0,self-play,2.82e-04,0.000,0.000,0.000,0.000,0.000,0.000,0.000,1.000
620,8226.50,2934.95,1652,0.000,1213.2,self-play,2.82e-04,0.000,0.000,0.000,0.000,0.000,0.000,0.000,1.000
621,6420.50,2973.80,0,0.000,1214.5,self-play,2.82e-04,0.000,0.000,0.000,0.000,0.000,0.000,0.000,1.000
622,4028.50,2991.78,0,0.000,1215.8,self-play,2.82e-04,0.000,0.000,0.000,0.000,0.000,0.000,0.000,1.000
623,5070.00,3020.26,599,0.000,1216.7,self-play,2.82e-04,0.000,0.000,0.000,0.000,0.000,0.000,0.000,1.000
624,3100.00,3024.83,0,0.000,1217.2,self-play,2.82e-04,0.000,0.000,0.000,0.000,0.000,0.000,0.000,1.000
625,4868.00,3045.76,0,0.000,1217.7,self-play,2.82e-04,0.000,0.000,0.000,0.000,0.000,0.000,0.000,1.000
626,3823.00,3057.89,604,0.000,1218.1,self-play,2.82e-04,0.000,0.000,0.000,0.000,0.000,0.000,0.000,1.000
627,7708.00,3116.09,1309,0.001,1219.0,self-play,2.82e-04,0.000,0.000,0.000,0.000,0.000,0.000,0.000,1.000
628,7648.00,3168.23,514,0.000,1221.6,self-play,2.82e-04,0.000,0.000,0.000,0.000,0.000,0.000,0.000,1.000
629,3132.00,3175.47,142,0.000,1221.9,self-play,2.82e-04,0.000,0.000,0.000,0.000,0.000,0.000,0.000,1.000
630,8295.00,3237.05,0,0.000,1223.9,self-play,2.82e-04,0.000,0.000,0.000,0.000,0.000,0.000,0.000,1.000
631,3177.00,3246.39,465,0.000,1224.3,self-play,2.82e-04,0.000,0.000,0.000,0.000,0.000,0.000,0.000,1.000
632,4315.00,3262.30,0,0.000,1225.2,self-play,2.82e-04,0.000,0.000,0.000,0.000,0.000,0.000,0.000,1.000
633,3888.00,3284.80,57,0.000,1225.8,self-play,2.82e-04,0.000,0.000,0.000,0.000,0.000,0.000,0.000,1.000
634,5129.00,3321.76,0,0.000,1226.5,self-play,2.82e-04,0.000,0.000,0.000,0.000,0.000,0.000,0.000,1.000
635,3270.00,3339.30,0,0.000,1227.2,self-play,2.82e-04,0.000,0.000,0.000,0.000,0.000,0.000,0.000,1.000
636,3670.50,3351.51,624,0.000,1227.7,self-play,2.82e-04,0.000,0.000,0.000,0.000,0.000,0.000,0.000,1.000
637,5693.50,3389.10,560,0.000,1228.5,self-play,2.82e-04,0.000,0.000,0.000,0.000,0.000,0.000,0.000,1.000
638,3887.00,3402.37,214,0.000,1228.9,self-play,2.82e-04,0.000,0.000,0.000,0.000,0.000,0.000,0.000,1.000
639,4584.50,3420.07,0,0.000,1229.9,self-play,2.82e-04,0.000,0.000,0.000,0.000,0.000,0.000,0.000,1.000
640,4542.00,3439.64,564,0.000,1230.3,self-play,2.82e-04,0.000,0.000,0.000,0.000,0.000,0.000,0.000,1.000
641,4379.00,3454.72,0,0.000,1231.0,self-play,2.82e-04,0.000,0.000,0.000,0.000,0.000,0.000,0.000,1.000
642,2358.50,3457.79,0,0.000,1231.6,self-play,2.82e-04,0.000,0.000,0.000,0.000,0.000,0.000,0.000,1.000
643,8891.50,3525.81,615,0.065,1234.1,self-play,2.82e-04,0.001,0.014,0.017,0.000,0.000,0.000,0.000,0.968
644,4391.00,3543.31,0,0.000,1234.9,self-play,2.82e-04,0.000,0.000,0.000,0.000,0.000,0.000,0.000,1.000
645,4737.00,3569.31,0,0.000,1235.5,self-play,2.82e-04,0.000,0.000,0.000,0.000,0.000,0.000,0.000,1.000
646,7718.50,3626.49,253,0.002,1236.9,self-play,2.82e-04,0.000,0.000,0.000,0.000,0.000,0.000,0.000,1.000
647,4046.50,3633.71,551,0.000,1238.0,self-play,2.82e-04,0.000,0.000,0.000,0.000,0.000,0.000,0.000,1.000
648,9369.50,3690.38,1049,0.002,1239.8,self-play,2.82e-04,0.000,0.000,0.000,0.000,0.000,0.000,0.000,1.000
649,7645.00,3743.50,0,0.004,1241.4,self-play,2.82e-04,0.000,0.000,0.000,0.000,0.000,0.000,0.000,1.000
650,6966.50,3796.26,1168,0.002,1242.5,self-play,2.82e-04,0.000,0.000,0.000,0.000,0.000,0.000,0.000,1.000
651,9258.50,3833.43,1558,0.005,1244.0,self-play,2.82e-04,0.000,0.000,0.000,0.000,0.000,0.000,0.000,1.000
652,6393.50,3874.36,0,0.012,1245.3,self-play,2.82e-04,0.000,0.000,0.000,0.000,0.000,0.000,0.000,1.000
653,12193.00,3970.41,0,0.176,1249.1,self-play,2.82e-04,0.000,0.002,0.002,0.000,0.000,0.000,0.000,0.996
654,727.00,3956.09,0,0.141,1249.6,self-play,2.82e-04,0.000,0.875,0.125,0.000,0.000,0.000,0.000,0.000
655,911.50,3952.53,142,0.004,1250.1,self-play,2.82e-04,0.000,1.000,0.000,0.000,0.000,0.000,0.000,0.000
656,2073.00,3959.86,95,0.020,1251.1,self-play,2.82e-04,0.000,1.000,0.000,0.000,0.000,0.000,0.000,0.000
657,950.50,3955.79,81,0.328,1253.1,self-play,2.82e-04,0.000,0.967,0.002,0.000,0.000,0.000,0.000,0.031
658,1587.00,3949.10,0,0.492,1253.7,self-play,2.82e-04,0.000,0.917,0.014,0.000,0.000,0.000,0.000,0.069
659,763.50,3936.38,0,0.853,1254.2,self-play,2.82e-04,0.000,0.684,0.086,0.000,0.000,0.000,0.000,0.230
660,3005.00,3928.20,620,0.933,1254.6,self-play,2.82e-04,0.000,0.579,0.084,0.000,0.000,0.000,0.000,0.336
661,1646.50,3923.91,107,0.989,1254.9,self-play,2.82e-04,0.000,0.435,0.130,0.000,0.000,0.000,0.000,0.435
662,2858.50,3931.47,8,0.934,1256.0,self-play,2.82e-04,0.000,0.282,0.158,0.000,0.000,0.000,0.000,0.560
663,3399.00,3937.10,3,1.005,1258.2,self-play,2.82e-04,0.002,0.218,0.250,0.000,0.000,0.000,0.000,0.531
664,1403.00,3933.60,68,1.075,1258.6,self-play,2.82e-04,0.000,0.406,0.252,0.000,0.000,0.000,0.000,0.343
665,2441.50,3922.76,0,1.014,1259.6,self-play,2.82e-04,0.000,0.303,0.177,0.000,0.000,0.000,0.000,0.520
666,1106.00,3909.82,17,1.057,1260.3,self-play,2.82e-04,0.000,0.361,0.241,0.000,0.000,0.000,0.000,0.398
667,2265.50,3915.22,0,1.037,1262.1,self-play,2.82e-04,0.000,0.248,0.321,0.000,0.000,0.000,0.000,0.431
668,1877.00,3892.93,387,1.023,1262.4,self-play,2.82e-04,0.000,0.160,0.390,0.000,0.000,0.000,0.000,0.450
669,2919.00,3902.05,263,1.076,1263.1,self-play,2.82e-04,0.000,0.254,0.352,0.000,0.000,0.000,0.000,0.394
670,2476.00,3881.09,29,1.078,1264.2,self-play,2.82e-04,0.000,0.263,0.340,0.000,0.000,0.000,0.000,0.397
671,1493.00,3854.41,0,1.070,1264.8,self-play,2.82e-04,0.000,0.301,0.372,0.000,0.000,0.000,0.000,0.327
672,4126.50,3832.15,0,1.024,1265.9,self-play,2.82e-04,0.000,0.239,0.296,0.000,0.000,0.000,0.000,0.465
673,2773.00,3789.26,0,1.035,1266.7,self-play,2.82e-04,0.000,0.353,0.275,0.000,0.000,0.000,0.000,0.372
674,4355.50,3782.78,0,0.995,1267.9,self-play,2.82e-04,0.000,0.346,0.237,0.000,0.000,0.000,0.000,0.417
675,1897.00,3779.76,154,0.994,1268.3,self-play,2.82e-04,0.000,0.455,0.232,0.000,0.000,0.000,0.000,0.312
676,2370.50,3772.84,0,1.032,1269.7,self-play,2.82e-04,0.000,0.526,0.330,0.000,0.000,0.000,0.000,0.145
677,1982.50,3728.91,14,1.029,1270.7,self-play,2.82e-04,0.000,0.476,0.311,0.000,0.000,0.000,0.000,0.213
678,2348.50,3715.61,42,1.019,1271.8,self-play,2.82e-04,0.000,0.505,0.170,0.000,0.000,0.000,0.000,0.325
679,2827.00,3723.41,0,1.008,1272.9,self-play,2.82e-04,0.000,0.428,0.244,0.000,0.000,0.000,0.000,0.328
680,2490.00,3705.82,0,1.044,1274.0,self-play,2.82e-04,0.000,0.481,0.263,0.000,0.000,0.000,0.000,0.256
681,2215.00,3694.19,0,1.004,1275.6,self-play,2.82e-04,0.002,0.327,0.312,0.000,0.000,0.000,0.000,0.359
682,3418.50,3695.19,0,0.916,1276.6,self-play,2.82e-04,0.003,0.515,0.168,0.000,0.000,0.000,0.000,0.314
683,3009.50,3707.90,9,1.000,1278.7,self-play,2.82e-04,0.006,0.482,0.118,0.000,0.000,0.000,0.000,0.394
684,3735.00,3699.57,4,0.549,1279.5,self-play,2.82e-04,0.004,0.107,0.079,0.000,0.000,0.000,0.000,0.810
685,3092.00,3704.16,0,0.534,1279.8,self-play,2.82e-04,0.000,0.036,0.080,0.000,0.000,0.000,0.000,0.884
686,2821.00,3695.30,0,0.750,1280.5,self-play,2.82e-04,0.000,0.047,0.116,0.000,0.000,0.000,0.000,0.837
687,2767.50,3697.32,0,0.954,1281.3,self-play,2.82e-04,0.009,0.109,0.332,0.000,0.000,0.000,0.000,0.550
688,3270.00,3692.47,518,0.811,1281.7,self-play,2.82e-04,0.000,0.105,0.210,0.000,0.000,0.000,0.000,0.685
689,2986.50,3710.88,0,1.039,1282.7,self-play,2.82e-04,0.056,0.165,0.472,0.000,0.000,0.000,0.000,0.306
690,2900.50,3686.48,0,0.944,1283.1,self-play,2.82e-04,0.000,0.107,0.330,0.000,0.000,0.000,0.000,0.562
691,3171.50,3671.09,0,1.075,1284.3,self-play,2.82e-04,0.024,0.163,0.494,0.000,0.000,0.000,0.000,0.319
692,2672.00,3619.24,0,1.037,1285.5,self-play,2.82e-04,0.009,0.241,0.328,0.000,0.000,0.000,0.000,0.422
693,1179.00,3550.22,0,1.028,1285.9,self-play,2.82e-04,0.000,0.138,0.491,0.000,0.000,0.000,0.000,0.371
694,3413.00,3520.24,0,1.093,1287.4,self-play,2.82e-04,0.019,0.320,0.481,0.000,0.000,0.000,0.000,0.180
695,1218.50,3489.74,0,1.078,1287.8,self-play,2.82e-04,0.000,0.242,0.460,0.000,0.000,0.000,0.000,0.298
696,3648.50,3526.22,0,1.107,1289.3,self-play,2.82e-04,0.029,0.293,0.438,0.000,0.000,0.000,0.000,0.240
697,2082.50,3547.05,0,1.016,1289.7,self-play,2.82e-04,0.000,0.213,0.583,0.000,0.000,0.000,0.000,0.204
698,1903.00,3566.07,0,1.131,1290.7,self-play,2.82e-04,0.020,0.332,0.421,0.000,0.000,0.000,0.000,0.227
699,4485.00,3610.74,22,1.253,1293.0,self-play,2.82e-04,0.145,0.333,0.339,0.004,0.000,0.000,0.000,0.178
700,2139.00,3632.14,0,1.108,1293.6,self-play,2.74e-04,0.024,0.348,0.396,0.000,0.000,0.000,0.000,0.232
701,1827.00,3650.41,0,1.256,1294.7,self-play,2.74e-04,0.116,0.387,0.366,0.000,0.000,0.000,0.000,0.130
702,1564.00,3666.05,0,1.071,1295.6,self-play,2.74e-04,0.031,0.369,0.481,0.000,0.000,0.000,0.000,0.119
703,1517.00,3681.22,77,1.060,1296.0,self-play,2.74e-04,0.008,0.364,0.483,0.000,0.000,0.000,0.000,0.144
704,1536.00,3696.57,0,1.168,1296.7,self-play,2.74e-04,0.020,0.330,0.440,0.000,0.000,0.000,0.000,0.210
705,2804.50,3724.62,0,1.194,1297.5,self-play,2.74e-04,0.118,0.255,0.429,0.000,0.000,0.000,0.000,0.198
706,1458.50,3739.20,0,1.289,1298.8,self-play,2.74e-04,0.124,0.240,0.448,0.000,0.000,0.000,0.000,0.188
707,1953.00,3758.74,0,1.165,1299.4,self-play,2.74e-04,0.037,0.201,0.463,0.012,0.000,0.000,0.000,0.287
708,2263.50,3772.80,115,1.284,1300.3,self-play,2.74e-04,0.040,0.169,0.485,0.011,0.000,0.000,0.000,0.294
709,2283.00,3752.76,0,1.346,1301.2,self-play,2.74e-04,0.041,0.115,0.254,0.475,0.000,0.000,0.000,0.115
710,2368.00,3710.78,0,1.355,1302.2,self-play,2.74e-04,0.095,0.118,0.266,0.421,0.000,0.000,0.000,0.099
711,2336.00,3692.99,0,1.458,1302.7,self-play,2.74e-04,0.136,0.214,0.286,0.143,0.000,0.000,0.000,0.221
712,5749.50,3711.28,1173,1.364,1303.6,self-play,2.74e-04,0.333,0.205,0.240,0.099,0.000,0.000,0.000,0.122
713,7713.00,3706.91,1499,1.393,1305.8,self-play,2.74e-04,0.332,0.184,0.242,0.127,0.000,0.000,0.000,0.116
714,6076.50,3739.62,1094,1.335,1306.7,self-play,2.74e-04,0.384,0.208,0.208,0.011,0.000,0.000,0.000,0.190
715,4659.00,3737.70,0,1.343,1307.6,self-play,2.74e-04,0.327,0.253,0.257,0.013,0.000,0.000,0.000,0.150
716,3288.00,3722.75,0,1.420,1308.8,self-play,2.74e-04,0.223,0.301,0.239,0.013,0.000,0.000,0.000,0.223
717,2568.50,3697.48,0,1.485,1309.7,self-play,2.74e-04,0.163,0.330,0.231,0.114,0.000,0.000,0.000,0.163
718,3844.50,3694.16,66,1.461,1311.2,self-play,2.74e-04,0.290,0.245,0.189,0.060,0.000,0.000,0.000,0.216
719,2210.50,3660.45,0,1.298,1311.7,self-play,2.74e-04,0.273,0.424,0.180,0.007,0.000,0.000,0.000,0.115
720,5137.50,3629.55,847,1.305,1312.6,self-play,2.74e-04,0.465,0.155,0.118,0.026,0.000,0.000,0.000,0.236
721,3381.00,3599.16,831,1.212,1313.1,self-play,2.74e-04,0.526,0.110,0.221,0.000,0.000,0.000,0.000,0.143
722,4928.50,3608.16,15,1.189,1314.0,self-play,2.74e-04,0.543,0.085,0.235,0.027,0.000,0.000,0.000,0.109
723,6395.00,3621.41,1245,1.264,1314.7,self-play,2.74e-04,0.458,0.093,0.231,0.013,0.000,0.000,0.000,0.204
724,3996.00,3630.37,0,1.212,1315.2,self-play,2.74e-04,0.459,0.124,0.224,0.012,0.000,0.000,0.000,0.182
725,4101.00,3622.70,606,1.254,1315.7,self-play,2.74e-04,0.448,0.239,0.149,0.000,0.000,0.000,0.000,0.164
726,7534.50,3659.82,2144,1.243,1316.5,self-play,2.74e-04,0.298,0.353,0.066,0.000,0.000,0.000,0.000,0.283
727,6826.00,3650.99,1153,1.189,1317.2,self-play,2.74e-04,0.350,0.341,0.051,0.000,0.000,0.000,0.000,0.257
728,5676.50,3631.28,955,1.239,1318.1,self-play,2.74e-04,0.361,0.305,0.112,0.000,0.000,0.000,0.000,0.221
729,9006.00,3690.02,2326,1.270,1319.5,self-play,2.74e-04,0.369,0.258,0.143,0.008,0.000,0.000,0.000,0.222
730,2221.50,3629.28,441,1.358,1319.9,self-play,2.74e-04,0.282,0.325,0.171,0.000,0.000,0.000,0.000,0.222
731,8437.00,3681.89,1439,1.325,1321.3,self-play,2.74e-04,0.281,0.192,0.207,0.002,0.000,0.000,0.000,0.317
732,5246.50,3691.20,608,1.341,1322.3,self-play,2.74e-04,0.372,0.170,0.177,0.006,0.000,0.000,0.000,0.274
733,3913.50,3691.45,0,1.349,1323.4,self-play,2.74e-04,0.341,0.189,0.246,0.000,0.000,0.000,0.000,0.224
734,4857.00,3688.74,1086,1.266,1324.0,self-play,2.74e-04,0.455,0.162,0.253,0.000,0.000,0.000,0.000,0.130
735,2165.00,3677.68,0,1.355,1324.7,self-play,2.74e-04,0.183,0.297,0.262,0.000,0.000,0.000,0.000,0.257
736,5618.00,3697.16,693,1.365,1325.9,self-play,2.74e-04,0.216,0.118,0.344,0.000,0.000,0.000,0.000,0.321
737,3617.00,3676.39,0,1.409,1326.9,self-play,2.74e-04,0.322,0.143,0.261,0.026,0.000,0.000,0.000,0.248
738,3184.50,3669.37,789,1.311,1327.2,self-play,2.74e-04,0.206,0.227,0.175,0.010,0.000,0.000,0.000,0.381
739,4346.50,3666.99,61,1.381,1328.0,self-play,2.74e-04,0.179,0.243,0.106,0.032,0.000,0.000,0.000,0.440
740,5096.00,3672.53,676,1.389,1328.6,self-play,2.74e-04,0.238,0.197,0.083,0.166,0.000,0.000,0.000,0.316
741,4829.50,3677.03,541,1.384,1329.6,self-play,2.74e-04,0.227,0.209,0.100,0.180,0.000,0.000,0.000,0.283
742,6088.50,3714.34,668,1.193,1330.0,self-play,2.74e-04,0.274,0.133,0.037,0.015,0.000,0.000,0.000,0.541
743,3818.00,3663.60,54,1.286,1330.9,self-play,2.74e-04,0.381,0.211,0.134,0.010,0.000,0.000,0.000,0.264
744,1860.50,3638.30,0,1.295,1331.3,self-play,2.74e-04,0.400,0.313,0.243,0.000,0.000,0.000,0.000,0.043
745,2834.50,3619.27,420,1.300,1331.8,self-play,2.74e-04,0.398,0.290,0.183,0.011,0.000,0.000,0.000,0.118
746,1797.50,3560.06,25,1.266,1332.8,self-play,2.74e-04,0.268,0.303,0.226,0.188,0.000,0.000,0.000,0.015
747,1704.00,3536.64,0,1.232,1333.5,self-play,2.74e-04,0.215,0.414,0.296,0.048,0.000,0.000,0.000,0.027
748,1482.50,3457.76,0,1.214,1333.9,self-play,2.74e-04,0.183,0.397,0.366,0.015,0.000,0.000,0.000,0.038
749,1641.00,3397.72,0,1.147,1334.4,self-play,2.74e-04,0.231,0.378,0.314,0.064,0.000,0.000,0.000,0.013
750,1642.00,3344.48,0,1.149,1335.4,self-play,2.74e-04,0.071,0.584,0.198,0.136,0.000,0.000,0.000,0.010
751,2467.00,3276.57,14,1.230,1336.8,self-play,2.74e-04,0.043,0.625,0.213,0.108,0.000,0.000,0.000,0.011
752,1452.50,3227.16,0,1.338,1337.4,self-play,2.74e-04,0.170,0.517,0.159,0.108,0.000,0.000,0.000,0.045
753,1685.50,3122.08,10,1.385,1338.6,self-play,2.74e-04,0.149,0.422,0.189,0.212,0.000,0.000,0.000,0.028
754,3610.50,3150.91,0,1.415,1340.0,self-play,2.74e-04,0.159,0.410,0.168,0.223,0.000,0.000,0.000,0.040
755,1894.00,3160.74,247,1.140,1340.7,self-play,2.74e-04,0.045,0.460,0.114,0.282,0.000,0.000,0.000,0.099
756,3757.50,3177.59,17,1.305,1342.4,self-play,2.74e-04,0.031,0.492,0.126,0.290,0.000,0.000,0.000,0.060
757,1392.00,3182.00,104,1.246,1343.3,self-play,2.74e-04,0.013,0.444,0.061,0.348,0.000,0.000,0.000,0.134
758,3123.50,3197.36,12,1.460,1344.4,self-play,2.74e-04,0.028,0.381,0.203,0.264,0.000,0.000,0.000,0.125
759,4364.50,3233.38,30,1.357,1345.9,self-play,2.74e-04,0.051,0.210,0.140,0.341,0.000,0.000,0.000,0.257
760,1637.50,3219.70,83,1.191,1346.3,self-play,2.74e-04,0.000,0.228,0.167,0.026,0.000,0.000,0.000,0.579
761,998.00,3213.22,0,1.529,1346.9,self-play,2.74e-04,0.151,0.250,0.234,0.135,0.000,0.000,0.000,0.229
762,1501.00,3199.64,239,1.520,1347.4,self-play,2.74e-04,0.063,0.232,0.352,0.197,0.000,0.000,0.000,0.155
763,1728.00,3182.93,148,1.459,1347.8,self-play,2.74e-04,0.227,0.258,0.266,0.219,0.000,0.000,0.000,0.031
764,2315.00,3192.05,166,1.392,1348.3,self-play,2.74e-04,0.255,0.282,0.235,0.201,0.000,0.000,0.000,0.027
765,1566.00,3183.30,7,1.391,1349.0,self-play,2.74e-04,0.203,0.229,0.419,0.110,0.000,0.000,0.000,0.038
766,1345.00,3185.68,0,1.437,1350.0,self-play,2.74e-04,0.149,0.331,0.362,0.128,0.000,0.000,0.000,0.030
767,5600.50,3219.03,1103,1.175,1350.4,self-play,2.74e-04,0.410,0.222,0.248,0.060,0.000,0.000,0.000,0.060
768,3147.00,3231.74,5,0.727,1350.9,self-play,2.74e-04,0.743,0.168,0.048,0.042,0.000,0.000,0.000,0.000
769,833.00,3210.88,19,0.440,1351.4,self-play,2.74e-04,0.884,0.096,0.000,0.014,0.000,0.000,0.000,0.007
770,1925.00,3205.36,4,0.731,1352.0,self-play,2.74e-04,0.877,0.088,0.004,0.022,0.000,0.000,0.000,0.009
771,1645.00,3206.89,40,0.961,1352.6,self-play,2.74e-04,0.609,0.281,0.000,0.042,0.000,0.000,0.000,0.068
772,8914.50,3254.76,2757,1.085,1354.1,self-play,2.74e-04,0.559,0.282,0.002,0.091,0.000,0.000,0.000,0.066
773,7248.00,3299.51,1441,1.060,1355.1,self-play,2.74e-04,0.388,0.310,0.000,0.085,0.000,0.000,0.000,0.218
774,6310.50,3319.07,1179,1.203,1357.2,self-play,2.74e-04,0.321,0.323,0.004,0.121,0.000,0.000,0.000,0.231
775,6657.50,3366.67,1799,1.089,1357.9,self-play,2.74e-04,0.336,0.220,0.000,0.022,0.000,0.000,0.000,0.422
776,4245.50,3385.42,653,1.052,1358.9,self-play,2.74e-04,0.194,0.463,0.000,0.004,0.000,0.000,0.000,0.339
777,11263.00,3478.22,2049,1.067,1361.0,self-play,2.74e-04,0.399,0.314,0.000,0.030,0.000,0.000,0.000,0.257
778,2837.50,3483.11,22,0.738,1361.9,self-play,2.74e-04,0.177,0.492,0.000,0.000,0.000,0.000,0.000,0.331
779,3603.00,3490.88,0,0.729,1363.4,self-play,2.74e-04,0.007,0.601,0.000,0.005,0.000,0.000,0.000,0.387
780,5256.00,3518.53,45,0.923,1365.2,self-play,2.74e-04,0.004,0.484,0.000,0.057,0.000,0.000,0.000,0.455
781,3104.50,3527.43,0,0.583,1366.4,self-play,2.74e-04,0.003,0.468,0.000,0.026,0.000,0.000,0.000,0.503
782,4128.00,3534.53,20,0.923,1367.2,self-play,2.74e-04,0.010,0.107,0.000,0.107,0.000,0.000,0.000,0.777
783,5114.50,3555.57,108,1.158,1369.0,self-play,2.74e-04,0.119,0.140,0.002,0.379,0.000,0.000,0.000,0.361
784,4312.50,3561.35,0,1.174,1370.7,self-play,2.74e-04,0.051,0.241,0.000,0.418,0.000,0.000,0.000,0.289
785,5312.50,3583.55,0,1.221,1371.6,self-play,2.74e-04,0.255,0.198,0.000,0.185,0.000,0.000,0.000,0.362
786,4051.50,3595.86,148,1.057,1372.2,self-play,2.74e-04,0.140,0.140,0.000,0.300,0.000,0.000,0.000,0.420
787,2260.00,3590.78,209,0.998,1373.4,self-play,2.74e-04,0.205,0.027,0.000,0.585,0.000,0.000,0.000,0.184
788,3431.50,3592.40,0,1.012,1374.1,self-play,2.74e-04,0.219,0.077,0.000,0.367,0.000,0.000,0.000,0.337
789,8649.50,3649.03,1823,1.190,1376.4,self-play,2.74e-04,0.198,0.233,0.000,0.277,0.000,0.000,0.000,0.292
790,4388.50,3663.91,0,1.038,1377.9,self-play,2.74e-04,0.266,0.065,0.000,0.352,0.000,0.000,0.000,0.317
791,2215.50,3654.35,348,0.912,1378.2,self-play,2.74e-04,0.109,0.033,0.000,0.152,0.000,0.000,0.000,0.707
792,3473.00,3662.36,0,1.123,1379.0,self-play,2.74e-04,0.220,0.045,0.000,0.394,0.000,0.000,0.000,0.341
793,6799.00,3718.56,474,1.006,1379.7,self-play,2.74e-04,0.227,0.123,0.000,0.273,0.000,0.000,0.000,0.377
794,4709.50,3731.53,755,0.882,1380.2,self-play,2.74e-04,0.138,0.117,0.000,0.110,0.000,0.000,0.000,0.634
795,2406.00,3743.40,0,1.233,1381.2,self-play,2.74e-04,0.241,0.216,0.000,0.307,0.000,0.000,0.000,0.235
796,3054.50,3737.46,23,1.257,1381.8,self-play,2.74e-04,0.245,0.284,0.000,0.297,0.000,0.000,0.000,0.175
797,2843.00,3745.07,0,1.283,1382.7,self-play,2.74e-04,0.274,0.293,0.000,0.300,0.000,0.000,0.000,0.133
798,3629.00,3762.32,0,1.248,1383.9,self-play,2.74e-04,0.138,0.329,0.000,0.279,0.000,0.000,0.000,0.254
799,4899.00,3766.47,49,1.320,1386.3,self-play,2.74e-04,0.118,0.337,0.017,0.308,0.000,0.000,0.000,0.221
800,2591.00,3770.99,210,1.227,1386.7,self-play,2.66e-04,0.272,0.087,0.000,0.437,0.000,0.000,0.000,0.204
801,3799.50,3790.71,195,1.242,1387.3,self-play,2.66e-04,0.456,0.140,0.000,0.250,0.000,0.000,0.000,0.154
802,4037.50,3815.45,516,1.221,1387.8,self-play,2.66e-04,0.458,0.183,0.000,0.130,0.000,0.000,0.000,0.229
803,5035.50,3850.63,747,0.833,1388.3,self-play,2.66e-04,0.231,0.075,0.000,0.090,0.000,0.000,0.000,0.604
804,4319.00,3878.46,0,0.868,1388.8,self-play,2.66e-04,0.403,0.069,0.000,0.111,0.000,0.000,0.000,0.417
805,6255.00,3912.97,559,1.169,1389.4,self-play,2.66e-04,0.378,0.167,0.000,0.141,0.000,0.000,0.000,0.314
806,2937.50,3927.76,0,0.944,1390.1,self-play,2.66e-04,0.119,0.136,0.000,0.261,0.000,0.000,0.000,0.483
807,3977.50,3948.00,0,1.100,1391.3,self-play,2.66e-04,0.140,0.325,0.000,0.194,0.000,0.000,0.000,0.342
808,3331.50,3958.68,456,1.110,1392.0,self-play,2.66e-04,0.179,0.196,0.000,0.163,0.000,0.000,0.000,0.462
809,2266.00,3958.51,0,1.195,1393.0,self-play,2.66e-04,0.190,0.323,0.000,0.173,0.000,0.000,0.000,0.315
810,3608.50,3970.91,560,1.277,1394.0,self-play,2.66e-04,0.290,0.341,0.005,0.178,0.000,0.000,0.000,0.187
811,3593.50,3983.49,291,1.243,1394.4,self-play,2.66e-04,0.287,0.163,0.000,0.233,0.000,0.000,0.000,0.318
812,2230.50,3948.30,0,1.273,1395.3,self-play,2.66e-04,0.320,0.268,0.000,0.227,0.000,0.000,0.000,0.186
813,4360.00,3914.77,0,1.314,1396.5,self-play,2.66e-04,0.294,0.340,0.005,0.166,0.000,0.000,0.000,0.196
814,3992.50,3893.93,38,1.243,1397.7,self-play,2.66e-04,0.124,0.316,0.000,0.229,0.000,0.000,0.000,0.331
815,3800.50,3885.34,0,1.311,1399.4,self-play,2.66e-04,0.149,0.333,0.000,0.255,0.000,0.000,0.000,0.263
816,2340.00,3875.86,388,1.027,1400.0,self-play,2.66e-04,0.052,0.140,0.000,0.291,0.000,0.000,0.000,0.517
817,1114.50,3861.32,35,1.004,1400.7,self-play,2.66e-04,0.080,0.103,0.000,0.700,0.000,0.000,0.000,0.117
818,1146.50,3834.34,0,1.209,1401.7,self-play,2.66e-04,0.105,0.232,0.000,0.539,0.000,0.000,0.000,0.124
819,1133.00,3823.57,109,0.998,1402.1,self-play,2.66e-04,0.065,0.194,0.000,0.657,0.000,0.000,0.000,0.083
820,3976.50,3811.96,99,1.113,1403.1,self-play,2.66e-04,0.074,0.235,0.000,0.549,0.000,0.000,0.000,0.142
821,2653.50,3804.68,0,1.066,1403.7,self-play,2.66e-04,0.171,0.088,0.009,0.632,0.000,0.000,0.000,0.101
822,3570.00,3791.10,0,1.151,1404.8,self-play,2.66e-04,0.158,0.094,0.000,0.539,0.000,0.000,0.000,0.208
823,4180.50,3768.95,492,1.223,1405.4,self-play,2.66e-04,0.155,0.103,0.000,0.459,0.000,0.000,0.000,0.284
824,6655.50,3795.55,1163,1.202,1406.1,self-play,2.66e-04,0.339,0.147,0.000,0.243,0.000,0.000,0.000,0.271
825,7029.00,3824.83,944,0.898,1406.6,self-play,2.66e-04,0.379,0.093,0.000,0.179,0.000,0.000,0.000,0.350
826,5171.50,3801.20,462,0.983,1407.4,self-play,2.66e-04,0.367,0.080,0.000,0.155,0.000,0.000,0.000,0.398
827,9213.00,3825.07,1870,1.121,1408.4,self-play,2.66e-04,0.383,0.108,0.000,0.172,0.000,0.000,0.000,0.337
828,4756.50,3815.87,0,1.197,1409.2,self-play,2.66e-04,0.318,0.095,0.000,0.190,0.000,0.000,0.000,0.398
829,2712.00,3752.93,524,1.202,1409.6,self-play,2.66e-04,0.211,0.037,0.000,0.275,0.000,0.000,0.000,0.477
830,3366.50,3764.38,663,1.109,1409.8,self-play,2.66e-04,0.430,0.076,0.000,0.076,0.000,0.000,0.000,0.418
831,6713.00,3747.14,1321,1.009,1410.3,self-play,2.66e-04,0.559,0.132,0.000,0.072,0.000,0.000,0.000,0.237
832,5092.50,3745.60,1860,0.927,1410.7,self-play,2.66e-04,0.664,0.096,0.000,0.024,0.000,0.000,0.000,0.216
833,6829.00,3774.76,1880,0.966,1411.1,self-play,2.66e-04,0.641,0.051,0.000,0.051,0.000,0.000,0.000,0.256
834,4740.00,3773.59,1047,1.005,1411.3,self-play,2.66e-04,0.687,0.134,0.000,0.000,0.000,0.000,0.000,0.179
835,4479.50,3796.73,640,1.068,1411.7,self-play,2.66e-04,0.568,0.200,0.000,0.040,0.000,0.000,0.000,0.192
836,5244.00,3792.99,881,1.053,1412.0,self-play,2.66e-04,0.549,0.206,0.000,0.049,0.000,0.000,0.000,0.196
837,5586.00,3812.68,1743,1.144,1412.3,self-play,2.66e-04,0.591,0.140,0.000,0.032,0.000,0.000,0.000,0.237
838,4613.00,3826.97,631,1.212,1413.2,self-play,2.66e-04,0.494,0.212,0.000,0.123,0.000,0.000,0.000,0.171
839,4354.00,3827.04,1244,0.986,1413.4,self-play,2.66e-04,0.580,0.259,0.000,0.062,0.000,0.000,0.000,0.099
840,2186.00,3797.94,420,0.976,1414.1,self-play,2.66e-04,0.693,0.160,0.000,0.085,0.000,0.000,0.000,0.061
841,2776.00,3777.41,172,1.134,1414.9,self-play,2.66e-04,0.509,0.269,0.000,0.177,0.000,0.000,0.000,0.044
842,4355.00,3760.07,989,0.855,1415.2,self-play,2.66e-04,0.711,0.053,0.000,0.184,0.000,0.000,0.000,0.053
843,1256.50,3734.45,0,1.077,1416.1,self-play,2.66e-04,0.600,0.125,0.000,0.242,0.000,0.000,0.000,0.034
844,2958.50,3745.43,0,1.152,1416.8,self-play,2.66e-04,0.420,0.173,0.004,0.362,0.000,0.000,0.000,0.041
845,2506.50,3742.16,121,1.261,1417.5,self-play,2.66e-04,0.227,0.246,0.000,0.371,0.000,0.000,0.000,0.156
846,3037.50,3754.55,121,1.297,1418.5,self-play,2.66e-04,0.260,0.357,0.006,0.205,0.000,0.000,0.000,0.173
847,5214.50,3789.66,739,1.319,1420.1,self-play,2.66e-04,0.299,0.367,0.009,0.182,0.000,0.000,0.000,0.143
848,6580.50,3840.64,634,1.309,1421.5,self-play,2.66e-04,0.294,0.269,0.006,0.182,0.000,0.000,0.000,0.248
849,5326.00,3877.49,694,1.144,1422.0,self-play,2.66e-04,0.284,0.213,0.000,0.148,0.000,0.000,0.000,0.355
850,6335.00,3924.42,1544,1.243,1422.8,self-play,2.66e-04,0.359,0.275,0.000,0.183,0.000,0.000,0.000,0.183
851,6452.50,3964.28,1016,1.221,1423.7,self-play,2.66e-04,0.367,0.290,0.000,0.152,0.000,0.000,0.000,0.192
852,5947.00,4009.22,575,1.278,1424.6,self-play,2.66e-04,0.214,0.312,0.000,0.159,0.000,0.000,0.000,0.315
853,5620.00,4048.57,987,1.267,1425.6,self-play,2.66e-04,0.350,0.350,0.000,0.148,0.000,0.000,0.000,0.153
854,4286.00,4055.32,0,1.330,1426.3,self-play,2.66e-04,0.301,0.288,0.000,0.174,0.000,0.000,0.000,0.237
855,6728.00,4103.66,1028,1.288,1427.9,self-play,2.66e-04,0.283,0.316,0.000,0.314,0.000,0.000,0.000,0.088
856,3808.00,4104.16,42,1.307,1428.9,self-play,2.66e-04,0.346,0.241,0.000,0.278,0.000,0.000,0.000,0.134
857,3835.00,4128.60,452,1.371,1429.2,self-play,2.66e-04,0.222,0.189,0.000,0.344,0.000,0.000,0.000,0.244
858,2584.50,4123.20,127,1.351,1429.8,self-play,2.66e-04,0.306,0.219,0.000,0.237,0.000,0.000,0.000,0.237
859,3909.50,4118.65,931,1.329,1430.4,self-play,2.66e-04,0.320,0.223,0.000,0.280,0.000,0.000,0.000,0.177
860,2979.00,4132.07,0,1.337,1430.9,self-play,2.66e-04,0.263,0.329,0.000,0.222,0.000,0.000,0.000,0.186
861,7047.00,4192.56,191,1.154,1434.4,self-play,2.66e-04,0.122,0.551,0.022,0.098,0.000,0.000,0.000,0.207
862,2650.00,4204.05,487,1.158,1434.6,self-play,2.66e-04,0.421,0.421,0.000,0.123,0.000,0.000,0.000,0.035
863,3881.00,4225.58,809,0.983,1435.0,self-play,2.66e-04,0.286,0.493,0.000,0.057,0.000,0.000,0.000,0.164
864,4027.00,4242.70,139,1.078,1437.0,self-play,2.66e-04,0.166,0.545,0.002,0.037,0.000,0.000,0.000,0.251
865,1355.00,4240.59,315,1.084,1437.3,self-play,2.66e-04,0.194,0.624,0.000,0.097,0.000,0.000,0.000,0.086
866,4238.00,4269.52,777,1.239,1438.3,self-play,2.66e-04,0.237,0.414,0.003,0.118,0.000,0.000,0.000,0.228
867,4413.50,4257.65,125,1.146,1439.2,self-play,2.66e-04,0.484,0.145,0.000,0.223,0.000,0.000,0.000,0.148
868,6566.00,4291.84,1683,1.112,1440.2,self-play,2.66e-04,0.408,0.184,0.000,0.181,0.000,0.000,0.000,0.227
869,3520.00,4318.71,823,1.113,1440.8,self-play,2.66e-04,0.637,0.075,0.000,0.149,0.000,0.000,0.000,0.139
870,5013.50,4349.60,840,1.245,1441.1,self-play,2.66e-04,0.534,0.165,0.000,0.165,0.000,0.000,0.000,0.136
871,7080.50,4403.95,2098,1.239,1441.5,self-play,2.66e-04,0.398,0.161,0.000,0.186,0.000,0.000,0.000,0.254
872,3168.00,4346.48,352,1.306,1442.1,self-play,2.66e-04,0.330,0.288,0.000,0.126,0.000,0.000,0.000,0.257
873,5396.50,4327.97,615,1.223,1443.3,self-play,2.66e-04,0.199,0.318,0.000,0.100,0.000,0.000,0.000,0.383
874,3629.00,4301.15,0,1.208,1443.9,self-play,2.66e-04,0.192,0.399,0.000,0.149,0.000,0.000,0.000,0.260
875,2669.00,4261.27,0,1.195,1445.1,self-play,2.66e-04,0.161,0.567,0.002,0.111,0.000,0.000,0.000,0.158
876,1092.00,4229.73,0,1.003,1445.5,self-play,2.66e-04,0.228,0.588,0.000,0.123,0.000,0.000,0.000,0.061
877,5612.00,4173.23,1240,1.089,1446.2,self-play,2.66e-04,0.276,0.526,0.000,0.099,0.000,0.000,0.000,0.099
878,2831.50,4173.16,18,1.187,1446.8,self-play,2.66e-04,0.381,0.419,0.000,0.119,0.000,0.000,0.000,0.081
879,1481.00,4151.94,253,1.237,1447.5,self-play,2.66e-04,0.442,0.288,0.004,0.164,0.000,0.000,0.000,0.102
880,4471.00,4144.10,1068,1.287,1448.1,self-play,2.66e-04,0.387,0.298,0.011,0.166,0.000,0.000,0.000,0.138
881,3560.00,4148.65,0,1.299,1448.5,self-play,2.66e-04,0.368,0.355,0.007,0.158,0.000,0.000,0.000,0.112
882,2978.50,4137.15,660,1.236,1449.1,self-play,2.66e-04,0.220,0.408,0.000,0.126,0.000,0.000,0.000,0.246
883,2738.50,4113.40,522,1.263,1449.7,self-play,2.66e-04,0.259,0.204,0.006,0.167,0.000,0.000,0.000,0.364
884,2203.50,4092.30,358,1.102,1450.2,self-play,2.66e-04,0.231,0.441,0.011,0.059,0.000,0.000,0.000,0.258
885,4702.50,4086.20,28,1.247,1452.9,self-play,2.66e-04,0.155,0.574,0.034,0.095,0.000,0.000,0.000,0.142
886,0.00,4045.69,0,0.022,1453.1,self-play,2.66e-04,1.000,0.000,0.000,0.000,0.000,0.000,0.000,0.000
887,2148.50,4044.57,183,1.156,1453.6,self-play,2.66e-04,0.497,0.189,0.023,0.091,0.000,0.000,0.000,0.200
888,1325.50,4023.51,39,1.231,1454.1,self-play,2.66e-04,0.510,0.123,0.090,0.077,0.000,0.000,0.000,0.200
889,3202.00,3969.04,0,1.446,1455.1,self-play,2.66e-04,0.275,0.186,0.246,0.077,0.000,0.000,0.000,0.216
890,4203.50,3967.19,559,1.398,1456.2,self-play,2.66e-04,0.330,0.215,0.162,0.069,0.000,0.000,0.000,0.224
891,2502.00,3970.05,16,1.497,1457.1,self-play,2.66e-04,0.289,0.155,0.065,0.124,0.000,0.000,0.000,0.366
892,3744.50,3972.77,527,1.404,1457.6,self-play,2.66e-04,0.308,0.143,0.083,0.241,0.000,0.000,0.000,0.226
893,3923.50,3944.01,90,1.436,1458.8,self-play,2.66e-04,0.193,0.280,0.096,0.102,0.000,0.000,0.000,0.329
894,4240.50,3939.32,615,1.400,1459.7,self-play,2.66e-04,0.241,0.248,0.030,0.141,0.000,0.000,0.000,0.341
895,2116.00,3936.43,0,1.425,1460.5,self-play,2.66e-04,0.230,0.193,0.099,0.288,0.000,0.000,0.000,0.189
896,1756.50,3923.45,40,1.404,1461.5,self-play,2.66e-04,0.062,0.290,0.162,0.282,0.000,0.000,0.000,0.205
897,3319.00,3928.20,22,1.406,1462.4,self-play,2.66e-04,0.029,0.286,0.190,0.187,0.000,0.000,0.000,0.308
898,4882.00,3940.74,51,1.351,1465.5,self-play,2.66e-04,0.041,0.218,0.408,0.146,0.000,0.000,0.000,0.186
899,2555.50,3917.30,0,1.168,1466.8,self-play,2.66e-04,0.129,0.000,0.285,0.392,0.000,0.000,0.000,0.194
900,2476.00,3916.15,0,1.076,1467.7,self-play,2.58e-04,0.011,0.000,0.276,0.379,0.000,0.000,0.000,0.335
901,2600.00,3904.16,0,1.124,1468.7,self-play,2.58e-04,0.003,0.000,0.349,0.277,0.000,0.000,0.000,0.370
902,1743.00,3881.21,0,1.125,1469.3,self-play,2.58e-04,0.020,0.000,0.392,0.322,0.000,0.000,0.000,0.266
903,2659.50,3857.45,5,1.174,1470.2,self-play,2.58e-04,0.021,0.000,0.246,0.380,0.000,0.000,0.000,0.352
904,1476.50,3829.03,0,1.208,1470.8,self-play,2.58e-04,0.042,0.000,0.278,0.373,0.000,0.000,0.000,0.307
905,3192.50,3798.40,0,1.219,1471.7,self-play,2.58e-04,0.045,0.007,0.299,0.299,0.000,0.000,0.000,0.351
906,1447.50,3783.50,50,1.274,1472.2,self-play,2.58e-04,0.098,0.000,0.280,0.228,0.000,0.000,0.000,0.394
907,1693.50,3760.66,83,1.314,1472.7,self-play,2.58e-04,0.213,0.000,0.324,0.147,0.000,0.000,0.000,0.316
908,1370.50,3741.05,0,1.310,1473.0,self-play,2.58e-04,0.160,0.000,0.377,0.236,0.000,0.000,0.000,0.226
909,2792.50,3746.32,0,1.301,1473.7,self-play,2.58e-04,0.101,0.000,0.318,0.182,0.000,0.000,0.000,0.399
910,2519.50,3735.43,0,1.373,1474.9,self-play,2.58e-04,0.111,0.016,0.340,0.191,0.000,0.000,0.000,0.342
911,1734.00,3716.83,8,1.290,1475.8,self-play,2.58e-04,0.171,0.000,0.400,0.196,0.000,0.000,0.000,0.233
912,3365.50,3728.18,0,1.271,1477.0,self-play,2.58e-04,0.080,0.014,0.310,0.219,0.000,0.000,0.000,0.378
913,1374.50,3698.32,0,1.262,1477.5,self-play,2.58e-04,0.062,0.000,0.375,0.284,0.000,0.000,0.000,0.278
914,1650.50,3674.91,25,1.317,1478.4,self-play,2.58e-04,0.116,0.007,0.327,0.289,0.000,0.000,0.000,0.261
915,3934.00,3676.24,0,1.312,1479.3,self-play,2.58e-04,0.102,0.003,0.268,0.272,0.000,0.000,0.000,0.355
916,2971.50,3682.55,0,1.342,1480.7,self-play,2.58e-04,0.157,0.009,0.310,0.280,0.000,0.000,0.000,0.245
917,3056.00,3701.97,0,1.313,1481.3,self-play,2.58e-04,0.230,0.000,0.346,0.277,0.000,0.000,0.000,0.147
918,3580.00,3726.30,0,1.352,1482.4,self-play,2.58e-04,0.195,0.019,0.219,0.245,0.000,0.000,0.000,0.323
919,3321.00,3748.18,0,1.307,1483.3,self-play,2.58e-04,0.232,0.007,0.265,0.302,0.000,0.000,0.000,0.195
920,4526.50,3753.68,0,1.351,1484.4,self-play,2.58e-04,0.167,0.014,0.299,0.203,0.000,0.000,0.000,0.318
921,2055.00,3747.70,0,1.224,1484.9,self-play,2.58e-04,0.268,0.000,0.390,0.256,0.000,0.000,0.000,0.085
922,1537.50,3727.38,0,1.235,1485.6,self-play,2.58e-04,0.216,0.000,0.481,0.173,0.000,0.000,0.000,0.130
923,3542.50,3720.99,0,1.354,1486.6,self-play,2.58e-04,0.239,0.000,0.330,0.224,0.000,0.000,0.000,0.207
924,2307.50,3677.51,0,1.172,1487.0,self-play,2.58e-04,0.250,0.000,0.481,0.222,0.000,0.000,0.000,0.046
925,4532.50,3652.55,0,1.311,1488.3,self-play,2.58e-04,0.255,0.006,0.367,0.236,0.000,0.000,0.000,0.135
926,8488.00,3685.72,0,1.318,1490.9,self-play,2.58e-04,0.126,0.042,0.335,0.183,0.000,0.000,0.000,0.314
927,1166.00,3605.24,114,1.166,1491.3,self-play,2.58e-04,0.129,0.000,0.424,0.235,0.000,0.000,0.000,0.212
928,5149.50,3609.18,5,1.035,1492.6,self-play,2.58e-04,0.023,0.002,0.425,0.119,0.000,0.000,0.000,0.430
929,8050.50,3662.56,0,1.194,1495.8,self-play,2.58e-04,0.041,0.039,0.412,0.146,0.000,0.000,0.000,0.362
930,2899.50,3657.89,0,0.842,1496.8,self-play,2.58e-04,0.017,0.000,0.432,0.051,0.000,0.000,0.000,0.500
931,2159.50,3612.36,0,0.815,1497.4,self-play,2.58e-04,0.000,0.000,0.341,0.057,0.000,0.000,0.000,0.602
932,2864.00,3590.07,56,0.940,1497.9,self-play,2.58e-04,0.000,0.000,0.373,0.065,0.000,0.000,0.000,0.562
933,7563.50,3597.41,0,1.312,1501.7,self-play,2.58e-04,0.062,0.099,0.484,0.141,0.000,0.000,0.000,0.215
934,2467.50,3574.69,11,1.360,1502.3,self-play,2.58e-04,0.065,0.009,0.267,0.259,0.000,0.000,0.000,0.401
935,2701.50,3556.91,0,1.453,1503.1,self-play,2.58e-04,0.202,0.028,0.210,0.290,0.000,0.000,0.000,0.270
936,2327.00,3527.74,29,1.343,1503.7,self-play,2.58e-04,0.155,0.006,0.190,0.414,0.000,0.000,0.000,0.236
937,2542.50,3497.30,0,1.474,1504.3,self-play,2.58e-04,0.149,0.045,0.199,0.299,0.000,0.000,0.000,0.308
938,988.00,3461.05,15,1.544,1505.0,self-play,2.58e-04,0.223,0.092,0.231,0.275,0.000,0.000,0.000,0.179
939,3055.50,3448.07,0,1.506,1506.0,self-play,2.58e-04,0.140,0.173,0.274,0.217,0.000,0.000,0.000,0.196
940,3632.50,3462.53,0,1.389,1506.5,self-play,2.58e-04,0.237,0.071,0.340,0.250,0.000,0.000,0.000,0.103
941,3580.00,3470.57,0,1.500,1507.6,self-play,2.58e-04,0.178,0.173,0.228,0.237,0.000,0.000,0.000,0.184
942,3892.50,3465.95,13,1.455,1508.4,self-play,2.58e-04,0.147,0.159,0.216,0.318,0.000,0.000,0.000,0.159
943,2284.50,3476.23,35,1.538,1509.4,self-play,2.58e-04,0.182,0.244,0.127,0.279,0.000,0.000,0.000,0.169
944,1640.50,3463.05,126,1.390,1509.8,self-play,2.58e-04,0.118,0.091,0.218,0.391,0.000,0.000,0.000,0.182
945,1648.50,3454.47,0,1.401,1510.5,self-play,2.58e-04,0.110,0.190,0.129,0.471,0.000,0.000,0.000,0.100
946,2184.50,3445.94,146,1.459,1511.2,self-play,2.58e-04,0.159,0.176,0.100,0.424,0.000,0.000,0.000,0.141
947,1347.00,3407.26,106,1.472,1511.8,self-play,2.58e-04,0.137,0.213,0.104,0.404,0.000,0.000,0.000,0.142
948,3168.00,3373.14,23,1.488,1514.0,self-play,2.58e-04,0.155,0.330,0.209,0.229,0.000,0.000,0.000,0.076
949,1743.50,3337.32,197,1.300,1514.4,self-play,2.58e-04,0.109,0.435,0.203,0.130,0.000,0.000,0.000,0.123
950,3322.50,3307.19,59,1.096,1516.7,self-play,2.58e-04,0.026,0.504,0.353,0.093,0.000,0.000,0.000,0.025
951,4292.00,3285.59,655,0.850,1518.2,self-play,2.58e-04,0.264,0.602,0.055,0.006,0.000,0.000,0.000,0.073
952,6612.00,3292.24,771,0.754,1520.4,self-play,2.58e-04,0.277,0.640,0.000,0.000,0.000,0.000,0.000,0.083
953,8467.50,3320.71,3089,0.650,1524.2,self-play,2.58e-04,0.435,0.565,0.000,0.000,0.000,0.000,0.000,0.000
954,4879.50,3326.64,736,0.594,1524.6,self-play,2.58e-04,0.367,0.633,0.000,0.000,0.000,0.000,0.000,0.000
955,2231.50,3281.68,594,0.650,1525.6,self-play,2.58e-04,0.410,0.590,0.000,0.000,0.000,0.000,0.000,0.000
956,3921.50,3282.82,838,0.596,1526.9,self-play,2.58e-04,0.314,0.686,0.000,0.000,0.000,0.000,0.000,0.000
957,1370.00,3258.16,9,0.591,1527.5,self-play,2.58e-04,0.322,0.678,0.000,0.000,0.000,0.000,0.000,0.000
958,2778.00,3260.10,0,0.664,1528.1,self-play,2.58e-04,0.456,0.544,0.000,0.000,0.000,0.000,0.000,0.000
959,2178.50,3242.79,0,0.654,1528.6,self-play,2.58e-04,0.418,0.576,0.000,0.000,0.000,0.000,0.000,0.006
960,2765.50,3240.66,359,0.582,1529.2,self-play,2.58e-04,0.269,0.731,0.000,0.000,0.000,0.000,0.000,0.000
961,1471.00,3184.89,392,0.632,1530.0,self-play,2.58e-04,0.598,0.402,0.000,0.000,0.000,0.000,0.000,0.000
962,2779.50,3186.19,620,0.615,1531.0,self-play,2.58e-04,0.510,0.488,0.000,0.003,0.000,0.000,0.000,0.000
963,905.50,3156.43,0,0.649,1531.7,self-play,2.58e-04,0.555,0.441,0.000,0.000,0.000,0.000,0.000,0.004
964,4078.00,3156.95,1094,0.656,1533.7,self-play,2.58e-04,0.606,0.389,0.003,0.000,0.000,0.000,0.000,0.002
965,4183.00,3185.22,1046,0.674,1534.6,self-play,2.58e-04,0.607,0.393,0.000,0.000,0.000,0.000,0.000,0.000
966,3999.50,3182.84,1042,0.689,1535.9,self-play,2.58e-04,0.570,0.428,0.000,0.000,0.000,0.000,0.000,0.002
967,4375.50,3182.46,1431,0.666,1537.4,self-play,2.58e-04,0.481,0.515,0.000,0.000,0.000,0.000,0.000,0.004
968,4627.00,3163.07,1388,0.648,1538.2,self-play,2.58e-04,0.554,0.446,0.000,0.000,0.000,0.000,0.000,0.000
969,1574.00,3143.61,227,0.683,1539.1,self-play,2.58e-04,0.604,0.396,0.000,0.000,0.000,0.000,0.000,0.000
970,4659.00,3140.07,1146,0.646,1539.8,self-play,2.58e-04,0.443,0.557,0.000,0.000,0.000,0.000,0.000,0.000
971,3044.00,3099.70,404,0.682,1540.8,self-play,2.58e-04,0.517,0.483,0.000,0.000,0.000,0.000,0.000,0.000
972,4804.50,3116.07,1607,0.688,1542.8,self-play,2.58e-04,0.382,0.613,0.000,0.000,0.000,0.000,0.000,0.005
973,9307.00,3155.17,2689,0.630,1544.4,self-play,2.58e-04,0.421,0.566,0.000,0.002,0.000,0.000,0.000,0.010
974,2530.00,3144.18,197,0.358,1545.3,self-play,2.58e-04,0.130,0.870,0.000,0.000,0.000,0.000,0.000,0.000
975,3445.50,3151.95,0,0.550,1545.9,self-play,2.58e-04,0.264,0.736,0.000,0.000,0.000,0.000,0.000,0.000
976,11644.00,3257.47,2321,0.708,1548.4,self-play,2.58e-04,0.528,0.453,0.000,0.001,0.000,0.000,0.000,0.017
977,4034.50,3241.69,701,0.641,1549.3,self-play,2.58e-04,0.569,0.431,0.000,0.000,0.000,0.000,0.000,0.000
978,3835.50,3251.73,1190,0.638,1550.3,self-play,2.58e-04,0.413,0.587,0.000,0.000,0.000,0.000,0.000,0.000
979,5148.50,3288.41,1711,0.575,1551.4,self-play,2.58e-04,0.384,0.613,0.000,0.003,0.000,0.000,0.000,0.000
980,5421.00,3297.91,1638,0.651,1553.1,self-play,2.58e-04,0.396,0.600,0.000,0.000,0.000,0.000,0.000,0.004
981,1828.00,3280.59,0,0.672,1553.6,self-play,2.58e-04,0.316,0.684,0.000,0.000,0.000,0.000,0.000,0.000
982,9112.00,3341.92,3250,0.689,1555.5,self-play,2.58e-04,0.689,0.289,0.000,0.002,0.000,0.000,0.000,0.020
983,1617.50,3330.71,0,0.448,1556.1,self-play,2.58e-04,0.758,0.242,0.000,0.000,0.000,0.000,0.000,0.000
984,689.00,3315.57,0,0.322,1556.8,self-play,2.58e-04,0.901,0.095,0.000,0.000,0.000,0.000,0.000,0.005
985,1124.00,3279.78,0,0.326,1557.5,self-play,2.58e-04,0.948,0.052,0.000,0.000,0.000,0.000,0.000,0.000
986,1291.00,3292.69,0,0.582,1558.6,self-play,2.58e-04,0.874,0.105,0.000,0.000,0.000,0.000,0.000,0.021
987,5739.50,3328.60,1296,0.740,1559.7,self-play,2.58e-04,0.609,0.367,0.000,0.000,0.000,0.000,0.000,0.024
988,1223.50,3327.58,0,0.676,1560.1,self-play,2.58e-04,0.355,0.645,0.000,0.000,0.000,0.000,0.000,0.000
989,2318.50,3318.74,0,0.700,1560.6,self-play,2.58e-04,0.425,0.567,0.000,0.000,0.000,0.000,0.000,0.008
990,9620.00,3372.91,2699,0.707,1563.3,self-play,2.58e-04,0.602,0.368,0.000,0.001,0.000,0.000,0.000,0.028
991,2934.00,3377.23,814,0.579,1564.1,self-play,2.58e-04,0.864,0.123,0.000,0.000,0.000,0.000,0.000,0.012
992,4099.50,3380.78,868,0.618,1564.7,self-play,2.58e-04,0.810,0.180,0.000,0.000,0.000,0.000,0.000,0.010
993,7803.50,3419.58,2143,0.738,1566.4,self-play,2.58e-04,0.634,0.320,0.000,0.000,0.000,0.000,0.000,0.047
994,2181.50,3398.99,287,0.545,1567.1,self-play,2.58e-04,0.118,0.873,0.000,0.000,0.000,0.000,0.000,0.010
995,4800.50,3425.84,520,0.760,1567.8,self-play,2.58e-04,0.534,0.422,0.000,0.000,0.000,0.000,0.000,0.044
996,7060.50,3478.88,1799,0.922,1569.7,self-play,2.58e-04,0.469,0.449,0.000,0.000,0.000,0.000,0.000,0.082
997,4680.00,3492.49,694,0.559,1570.4,self-play,2.58e-04,0.220,0.745,0.000,0.000,0.000,0.000,0.000,0.035
998,6406.50,3507.73,1410,0.874,1571.5,self-play,2.58e-04,0.436,0.495,0.000,0.000,0.000,0.000,0.000,0.069
999,3357.00,3515.74,0,0.846,1572.0,self-play,2.58e-04,0.281,0.612,0.000,0.000,0.000,0.000,0.000,0.108
1000,4768.50,3538.67,0,0.997,1573.4,self-play,2.50e-04,0.218,0.513,0.000,0.000,0.000,0.000,0.000,0.269
1001,5721.50,3569.89,632,0.983,1574.7,self-play,2.50e-04,0.185,0.509,0.000,0.000,0.000,0.000,0.000,0.306
1002,6811.50,3620.57,630,1.053,1576.7,self-play,2.50e-04,0.275,0.408,0.000,0.001,0.000,0.000,0.000,0.315
1003,8033.00,3674.30,2169,0.880,1578.0,self-play,2.50e-04,0.368,0.235,0.000,0.000,0.000,0.000,0.000,0.397
1004,5342.50,3712.97,1995,0.833,1578.2,self-play,2.50e-04,0.654,0.010,0.000,0.000,0.000,0.000,0.000,0.337
1005,7017.50,3751.22,1200,0.859,1578.8,self-play,2.50e-04,0.460,0.033,0.000,0.000,0.000,0.000,0.000,0.507
1006,11858.00,3855.32,2781,0.946,1579.9,self-play,2.50e-04,0.527,0.084,0.000,0.000,0.000,0.000,0.000,0.389
1007,14468.50,3983.07,3706,0.950,1581.4,self-play,2.50e-04,0.512,0.111,0.000,0.000,0.000,0.000,0.000,0.377
1008,6999.50,4039.36,1118,0.978,1582.0,self-play,2.50e-04,0.408,0.196,0.000,0.000,0.000,0.000,0.000,0.396
1009,6642.00,4077.86,1717,1.016,1582.7,self-play,2.50e-04,0.422,0.178,0.000,0.000,0.000,0.000,0.000,0.401
1010,9514.00,4147.80,1819,1.036,1583.6,self-play,2.50e-04,0.390,0.228,0.000,0.000,0.000,0.000,0.000,0.382
1011,3719.50,4167.65,441,0.967,1584.0,self-play,2.50e-04,0.331,0.231,0.000,0.000,0.000,0.000,0.000,0.438
1012,3414.50,4168.15,147,0.804,1584.4,self-play,2.50e-04,0.074,0.184,0.000,0.000,0.000,0.000,0.000,0.743
1013,5804.50,4212.44,481,0.930,1585.1,self-play,2.50e-04,0.118,0.196,0.000,0.000,0.000,0.000,0.000,0.686
1014,10045.50,4296.40,1210,1.028,1586.4,self-play,2.50e-04,0.268,0.273,0.000,0.004,0.000,0.000,0.000,0.455
1015,6700.00,4324.06,1232,1.043,1587.0,self-play,2.50e-04,0.373,0.205,0.000,0.000,0.000,0.000,0.000,0.422
1016,2765.00,4321.99,0,1.050,1587.3,self-play,2.50e-04,0.287,0.393,0.000,0.000,0.000,0.000,0.000,0.320
1017,4042.50,4331.85,135,1.059,1587.6,self-play,2.50e-04,0.355,0.264,0.000,0.000,0.000,0.000,0.000,0.382
1018,3166.00,4327.72,184,1.069,1587.9,self-play,2.50e-04,0.295,0.318,0.000,0.000,0.000,0.000,0.000,0.388
1019,7178.00,4366.28,1837,1.060,1588.6,self-play,2.50e-04,0.404,0.193,0.000,0.000,0.000,0.000,0.000,0.404
1020,3532.50,4356.35,33,1.071,1589.1,self-play,2.50e-04,0.364,0.283,0.000,0.000,0.000,0.000,0.000,0.354
1021,6048.50,4396.28,1082,1.066,1589.8,self-play,2.50e-04,0.426,0.275,0.000,0.000,0.000,0.000,0.000,0.298
1022,5293.50,4433.84,444,1.045,1590.7,self-play,2.50e-04,0.270,0.307,0.000,0.000,0.000,0.000,0.000,0.423
1023,8974.50,4488.16,827,1.143,1592.8,self-play,2.50e-04,0.285,0.390,0.021,0.010,0.000,0.003,0.000,0.290
1024,7702.50,4542.11,1767,0.998,1593.8,self-play,2.50e-04,0.285,0.345,0.003,0.003,0.000,0.000,0.000,0.365
1025,5507.50,4551.86,0,1.008,1594.8,self-play,2.50e-04,0.228,0.347,0.000,0.000,0.000,0.000,0.000,0.425
1026,3598.50,4502.97,0,0.903,1595.3,self-play,2.50e-04,0.274,0.417,0.000,0.000,0.000,0.000,0.000,0.309
1027,10906.50,4600.37,2274,0.869,1596.7,self-play,2.50e-04,0.400,0.464,0.003,0.002,0.000,0.000,0.000,0.130
1028,5886.00,4607.73,942,0.685,1597.4,self-play,2.50e-04,0.511,0.470,0.000,0.000,0.000,0.000,0.000,0.019
1029,1445.00,4541.68,22,0.646,1597.8,self-play,2.50e-04,0.328,0.661,0.000,0.000,0.000,0.000,0.000,0.011
1030,5420.50,4566.89,1016,0.741,1598.5,self-play,2.50e-04,0.249,0.726,0.000,0.000,0.000,0.000,0.000,0.025
1031,6538.50,4610.68,1210,0.951,1599.5,self-play,2.50e-04,0.342,0.477,0.000,0.000,0.000,0.000,0.000,0.182
1032,10074.50,4682.78,2000,1.066,1601.7,self-play,2.50e-04,0.394,0.391,0.003,0.006,0.000,0.001,0.000,0.204
1033,3084.00,4637.99,0,0.936,1602.0,self-play,2.50e-04,0.341,0.571,0.000,0.000,0.000,0.000,0.000,0.087
1034,6060.50,4673.92,611,0.911,1603.0,self-play,2.50e-04,0.569,0.300,0.000,0.000,0.000,0.000,0.000,0.131
1035,5697.50,4703.88,1190,0.957,1603.2,self-play,2.50e-04,0.469,0.395,0.000,0.000,0.000,0.000,0.000,0.136
1036,4125.00,4721.86,0,0.982,1604.1,self-play,2.50e-04,0.228,0.519,0.000,0.000,0.000,0.000,0.000,0.253
1037,2011.50,4716.55,201,0.926,1604.3,self-play,2.50e-04,0.149,0.605,0.000,0.000,0.000,0.000,0.000,0.246
1038,4533.50,4752.01,643,1.063,1605.0,self-play,2.50e-04,0.335,0.358,0.000,0.000,0.000,0.000,0.000,0.307
1039,5965.00,4781.10,546,1.016,1606.4,self-play,2.50e-04,0.275,0.488,0.000,0.000,0.000,0.000,0.000,0.237
1040,10822.00,4852.99,2103,0.983,1607.6,self-play,2.50e-04,0.394,0.323,0.000,0.000,0.000,0.000,0.000,0.283
1041,1557.50,4832.77,182,0.994,1607.9,self-play,2.50e-04,0.178,0.456,0.000,0.000,0.000,0.000,0.000,0.367
1042,4933.00,4843.18,0,0.971,1608.9,self-play,2.50e-04,0.154,0.406,0.000,0.000,0.000,0.000,0.000,0.441
1043,9346.00,4913.79,1995,1.024,1610.3,self-play,2.50e-04,0.273,0.354,0.000,0.000,0.000,0.000,0.000,0.373
1044,4251.50,4939.90,62,1.039,1610.7,self-play,2.50e-04,0.234,0.285,0.000,0.000,0.000,0.000,0.000,0.481
1045,5891.50,4982.33,1290,1.056,1611.1,self-play,2.50e-04,0.347,0.190,0.000,0.000,0.000,0.000,0.000,0.463
1046,6433.50,5024.82,1142,1.015,1612.2,self-play,2.50e-04,0.401,0.311,0.000,0.000,0.000,0.000,0.000,0.287
1047,5602.50,5067.38,565,0.802,1613.8,self-play,2.50e-04,0.197,0.493,0.000,0.000,0.000,0.000,0.000,0.310
1048,3920.00,5074.90,40,0.463,1614.3,self-play,2.50e-04,0.057,0.159,0.000,0.000,0.000,0.000,0.000,0.784
1049,5603.00,5113.49,0,0.558,1615.4,self-play,2.50e-04,0.071,0.297,0.000,0.000,0.000,0.000,0.000,0.632
1050,3725.50,5117.52,0,0.613,1616.1,self-play,2.50e-04,0.018,0.100,0.000,0.000,0.000,0.000,0.000,0.882
1051,6380.00,5138.40,0,0.900,1617.0,self-play,2.50e-04,0.129,0.346,0.000,0.000,0.000,0.000,0.000,0.525
1052,6765.00,5139.93,868,1.018,1618.2,self-play,2.50e-04,0.256,0.417,0.000,0.000,0.000,0.002,0.000,0.324
1053,4330.00,5098.56,0,0.960,1618.5,self-play,2.50e-04,0.252,0.282,0.000,0.000,0.000,0.000,0.000,0.466
1054,6825.00,5118.01,1293,0.926,1619.3,self-play,2.50e-04,0.221,0.389,0.000,0.000,0.000,0.000,0.000,0.389
1055,4002.50,5135.72,348,0.817,1619.8,self-play,2.50e-04,0.161,0.219,0.000,0.000,0.000,0.000,0.000,0.620
1056,4716.50,5143.67,950,0.919,1620.7,self-play,2.50e-04,0.317,0.263,0.000,0.000,0.000,0.000,0.000,0.420
1057,3440.00,5164.37,503,0.852,1621.1,self-play,2.50e-04,0.135,0.365,0.000,0.000,0.000,0.000,0.000,0.500
1058,1770.50,5154.30,2,0.517,1621.6,self-play,2.50e-04,0.082,0.827,0.000,0.000,0.000,0.000,0.000,0.092
1059,1116.00,5143.67,0,0.604,1622.3,self-play,2.50e-04,0.089,0.829,0.000,0.000,0.000,0.000,0.000,0.082
1060,1618.00,5132.19,148,0.736,1622.7,self-play,2.50e-04,0.076,0.785,0.000,0.000,0.000,0.000,0.000,0.139
1061,1686.00,5134.35,0,0.893,1623.1,self-play,2.50e-04,0.172,0.697,0.000,0.000,0.000,0.000,0.000,0.131
1062,3010.00,5136.65,0,0.905,1623.6,self-play,2.50e-04,0.368,0.543,0.000,0.000,0.000,0.000,0.000,0.090
1063,2480.50,5152.40,0,1.042,1624.1,self-play,2.50e-04,0.337,0.500,0.000,0.000,0.000,0.000,0.000,0.163
1064,5510.00,5166.72,937,1.060,1624.5,self-play,2.50e-04,0.361,0.405,0.000,0.000,0.000,0.000,0.000,0.234
1065,2444.00,5149.33,329,1.043,1625.0,self-play,2.50e-04,0.207,0.520,0.000,0.000,0.000,0.000,0.000,0.274
1066,3386.50,5143.20,0,1.060,1625.4,self-play,2.50e-04,0.267,0.474,0.000,0.000,0.000,0.000,0.000,0.259
1067,3805.50,5137.50,466,1.074,1625.9,self-play,2.50e-04,0.341,0.303,0.000,0.000,0.000,0.000,0.000,0.355
1068,11044.50,5201.68,3527,0.961,1628.0,self-play,2.50e-04,0.522,0.268,0.000,0.000,0.000,0.001,0.000,0.208
1069,7058.00,5256.52,1963,1.020,1628.6,self-play,2.50e-04,0.379,0.249,0.000,0.000,0.000,0.000,0.000,0.372
1070,2655.00,5236.48,0,1.039,1629.1,self-play,2.50e-04,0.379,0.416,0.000,0.000,0.000,0.000,0.000,0.205
1071,5258.00,5258.61,495,1.059,1630.4,self-play,2.50e-04,0.335,0.385,0.000,0.000,0.000,0.000,0.000,0.281
1072,6905.00,5279.62,1638,1.019,1630.6,self-play,2.50e-04,0.490,0.337,0.000,0.000,0.000,0.000,0.000,0.173
1073,5732.00,5243.87,614,1.027,1631.1,self-play,2.50e-04,0.273,0.278,0.000,0.000,0.000,0.000,0.000,0.448
1074,8730.50,5305.88,1079,1.028,1631.9,self-play,2.50e-04,0.302,0.269,0.000,0.000,0.000,0.000,0.000,0.429
1075,5132.00,5322.74,0,1.044,1633.2,self-play,2.50e-04,0.286,0.376,0.000,0.000,0.000,0.000,0.000,0.338
1076,3330.00,5239.60,453,0.935,1633.6,self-play,2.50e-04,0.193,0.413,0.000,0.000,0.000,0.000,0.000,0.393
1077,4961.00,5248.86,882,0.704,1634.0,self-play,2.50e-04,0.359,0.042,0.000,0.000,0.000,0.000,0.000,0.599
1078,7776.50,5288.27,1867,0.672,1635.0,self-play,2.50e-04,0.451,0.013,0.000,0.000,0.000,0.000,0.000,0.536
1079,4198.00,5278.77,869,0.545,1635.4,self-play,2.50e-04,0.701,0.000,0.000,0.000,0.000,0.000,0.000,0.299
1080,4382.00,5268.38,734,0.655,1635.8,self-play,2.50e-04,0.701,0.000,0.000,0.000,0.000,0.000,0.000,0.299
1081,634.50,5256.44,0,0.195,1635.9,self-play,2.50e-04,0.974,0.000,0.000,0.000,0.000,0.000,0.000,0.026
1082,19061.00,5355.94,4360,0.640,1638.6,self-play,2.50e-04,0.665,0.032,0.000,0.000,0.000,0.000,0.000,0.304
1083,2210.00,5361.86,836,0.540,1638.8,self-play,2.50e-04,0.838,0.000,0.000,0.000,0.000,0.000,0.000,0.163
1084,8679.50,5441.77,1872,0.790,1639.9,self-play,2.50e-04,0.491,0.049,0.000,0.000,0.000,0.000,0.000,0.460
1085,4176.50,5472.29,702,0.784,1640.5,self-play,2.50e-04,0.675,0.063,0.000,0.000,0.000,0.000,0.000,0.262
1086,11171.50,5571.10,2455,0.810,1641.7,self-play,2.50e-04,0.408,0.057,0.000,0.000,0.000,0.000,0.000,0.535
1087,7998.50,5593.69,2044,0.957,1643.0,self-play,2.50e-04,0.370,0.123,0.000,0.000,0.000,0.000,0.000,0.507
1088,5669.00,5638.14,987,0.979,1643.4,self-play,2.50e-04,0.384,0.226,0.000,0.000,0.000,0.000,0.000,0.390
1089,3324.50,5648.20,0,0.903,1644.2,self-play,2.50e-04,0.096,0.497,0.000,0.000,0.000,0.000,0.000,0.407
1090,1303.50,5565.03,0,0.881,1644.6,self-play,2.50e-04,0.129,0.565,0.000,0.000,0.000,0.000,0.000,0.306
1091,2317.50,5558.87,142,0.932,1644.9,self-play,2.50e-04,0.185,0.508,0.000,0.000,0.000,0.000,0.000,0.306
1092,7805.00,5595.93,707,1.081,1646.1,self-play,2.50e-04,0.244,0.305,0.000,0.002,0.000,0.000,0.000,0.450
1093,4964.50,5567.53,596,1.057,1646.7,self-play,2.50e-04,0.278,0.456,0.000,0.000,0.000,0.000,0.000,0.266
1094,8788.50,5633.60,1545,0.601,1647.2,self-play,2.50e-04,0.500,0.307,0.000,0.000,0.000,0.000,0.000,0.193
1095,4999.50,5635.60,1496,0.648,1648.0,self-play,2.50e-04,0.825,0.042,0.000,0.000,0.000,0.000,0.000,0.133
1096,2067.50,5585.66,797,0.380,1648.2,self-play,2.50e-04,0.831,0.065,0.000,0.000,0.000,0.000,0.000,0.104
1097,1207.50,5550.94,0,0.195,1648.6,self-play,2.50e-04,0.955,0.037,0.000,0.000,0.000,0.000,0.000,0.007
1098,505.00,5491.93,0,0.284,1648.8,self-play,2.50e-04,0.944,0.047,0.000,0.000,0.000,0.000,0.000,0.009
1099,1239.00,5470.74,0,0.382,1649.1,self-play,2.50e-04,0.912,0.088,0.000,0.000,0.000,0.000,0.000,0.000
1100,4523.50,5468.30,719,0.689,1649.9,self-play,2.42e-04,0.766,0.199,0.000,0.006,0.000,0.000,0.000,0.028
1101,4935.50,5460.44,710,0.704,1650.7,self-play,2.42e-04,0.654,0.332,0.000,0.000,0.000,0.000,0.000,0.014
1102,6482.50,5457.15,1672,0.712,1651.4,self-play,2.42e-04,0.763,0.217,0.000,0.000,0.000,0.000,0.000,0.020
1103,1061.00,5387.43,0,0.626,1651.9,self-play,2.42e-04,0.627,0.346,0.000,0.000,0.000,0.000,0.000,0.026
1104,3355.00,5367.55,767,0.730,1652.1,self-play,2.42e-04,0.835,0.124,0.000,0.000,0.000,0.000,0.000,0.041
1105,2677.50,5324.15,0,0.793,1652.5,self-play,2.42e-04,0.767,0.178,0.000,0.000,0.000,0.000,0.000,0.054
1106,5956.50,5265.14,1362,1.012,1653.4,self-play,2.42e-04,0.493,0.367,0.000,0.003,0.000,0.000,0.000,0.136
1107,5735.00,5177.80,944,1.039,1654.2,self-play,2.42e-04,0.466,0.334,0.000,0.006,0.000,0.000,0.000,0.193
1108,10749.50,5215.30,3046,1.017,1656.1,self-play,2.42e-04,0.465,0.356,0.000,0.006,0.000,0.001,0.000,0.171
1109,2195.50,5170.84,132,1.032,1656.5,self-play,2.42e-04,0.333,0.488,0.000,0.000,0.000,0.000,0.000,0.178
1110,13173.50,5207.43,3690,0.767,1659.7,self-play,2.42e-04,0.635,0.253,0.000,0.000,0.000,0.000,0.000,0.113
1111,6238.50,5232.62,1797,0.632,1659.9,self-play,2.42e-04,0.593,0.012,0.000,0.000,0.000,0.000,0.000,0.395
1112,2670.50,5225.18,745,0.348,1660.1,self-play,2.42e-04,0.824,0.000,0.000,0.000,0.000,0.000,0.000,0.176
1113,1855.00,5185.69,0,0.536,1660.5,self-play,2.42e-04,0.875,0.000,0.000,0.000,0.000,0.000,0.000,0.125
1114,5947.50,5144.70,1401,0.650,1660.9,self-play,2.42e-04,0.715,0.000,0.000,0.000,0.000,0.000,0.000,0.285
1115,6729.00,5144.99,1675,0.702,1661.5,self-play,2.42e-04,0.592,0.004,0.000,0.000,0.000,0.000,0.000,0.404
1116,8495.00,5202.30,1332,0.691,1662.3,self-play,2.42e-04,0.453,0.003,0.000,0.000,0.000,0.000,0.000,0.544
1117,9860.00,5260.47,2182,0.660,1663.2,self-play,2.42e-04,0.604,0.006,0.000,0.000,0.000,0.000,0.000,0.390
1118,25890.00,5487.71,6812,0.842,1667.1,self-play,2.42e-04,0.526,0.062,0.000,0.000,0.000,0.000,0.000,0.412
1119,8903.00,5504.96,1446,0.644,1668.1,self-play,2.42e-04,0.425,0.023,0.000,0.000,0.000,0.000,0.000,0.552
1120,9683.50,5566.47,2122,0.607,1669.2,self-play,2.42e-04,0.350,0.000,0.000,0.000,0.000,0.000,0.000,0.650
1121,6572.50,5571.71,1488,0.637,1669.6,self-play,2.42e-04,0.471,0.000,0.000,0.000,0.000,0.000,0.000,0.529
1122,5669.50,5575.47,1869,0.619,1670.1,self-play,2.42e-04,0.679,0.000,0.000,0.000,0.000,0.000,0.000,0.321
1123,5382.50,5539.55,1008,0.659,1670.9,self-play,2.42e-04,0.476,0.000,0.000,0.000,0.000,0.000,0.000,0.524
1124,8971.00,5552.23,2820,0.660,1671.5,self-play,2.42e-04,0.488,0.000,0.000,0.000,0.000,0.000,0.000,0.512
1125,7250.00,5569.66,1439,0.603,1672.3,self-play,2.42e-04,0.597,0.004,0.000,0.000,0.000,0.000,0.000,0.399
1126,16234.00,5696.02,3912,0.647,1674.3,self-play,2.42e-04,0.567,0.004,0.000,0.000,0.000,0.000,0.000,0.429
1127,529.50,5592.24,0,0.153,1674.4,self-play,2.42e-04,0.977,0.000,0.000,0.000,0.000,0.000,0.000,0.023
1128,17052.50,5703.91,3931,0.641,1677.4,self-play,2.42e-04,0.618,0.018,0.000,0.000,0.000,0.000,0.000,0.364
1129,7389.50,5763.35,2038,0.654,1678.2,self-play,2.42e-04,0.567,0.004,0.000,0.000,0.000,0.000,0.000,0.429
1130,6751.00,5776.66,965,0.830,1679.3,self-play,2.42e-04,0.426,0.034,0.000,0.000,0.000,0.000,0.000,0.539
1131,5510.50,5766.38,1487,0.984,1679.6,self-play,2.42e-04,0.545,0.236,0.000,0.009,0.000,0.000,0.000,0.209
1132,17054.00,5836.18,4861,0.806,1681.5,self-play,2.42e-04,0.431,0.058,0.000,0.004,0.000,0.000,0.000,0.507
1133,3140.00,5836.73,37,1.098,1682.5,self-play,2.42e-04,0.390,0.010,0.000,0.269,0.000,0.000,0.000,0.331
1134,2794.50,5804.07,161,1.187,1683.1,self-play,2.42e-04,0.138,0.050,0.000,0.306,0.000,0.000,0.000,0.506
1135,3497.00,5782.07,0,1.297,1683.6,self-play,2.42e-04,0.198,0.136,0.000,0.327,0.000,0.000,0.000,0.340
1136,3175.00,5772.57,129,1.309,1684.4,self-play,2.42e-04,0.307,0.111,0.000,0.231,0.000,0.000,0.000,0.352
1137,4798.50,5800.44,59,1.305,1685.2,self-play,2.42e-04,0.366,0.074,0.000,0.272,0.000,0.000,0.000,0.287
1138,5411.50,5809.22,788,1.281,1686.3,self-play,2.42e-04,0.347,0.128,0.000,0.243,0.000,0.000,0.000,0.281
1139,4228.50,5791.85,800,1.307,1687.1,self-play,2.42e-04,0.377,0.131,0.000,0.234,0.000,0.000,0.000,0.258
1140,3717.50,5720.81,396,1.355,1687.4,self-play,2.42e-04,0.360,0.167,0.000,0.237,0.000,0.000,0.000,0.237
1141,4959.50,5754.83,1024,1.186,1688.3,self-play,2.42e-04,0.317,0.162,0.000,0.119,0.000,0.000,0.000,0.403
1142,12393.50,5829.44,1909,1.064,1691.2,self-play,2.42e-04,0.411,0.260,0.000,0.102,0.000,0.000,0.000,0.227
1143,3348.50,5769.46,352,1.195,1691.9,self-play,2.42e-04,0.166,0.236,0.000,0.296,0.000,0.000,0.000,0.302
1144,3696.50,5763.91,197,1.269,1692.5,self-play,2.42e-04,0.178,0.393,0.000,0.147,0.000,0.000,0.000,0.283
1145,3583.00,5740.82,7,1.279,1693.2,self-play,2.42e-04,0.227,0.218,0.000,0.303,0.000,0.000,0.000,0.252
1146,1772.50,5694.22,24,1.192,1693.9,self-play,2.42e-04,0.263,0.236,0.000,0.251,0.000,0.000,0.000,0.251
1147,4648.00,5684.67,734,1.185,1694.6,self-play,2.42e-04,0.336,0.211,0.000,0.082,0.000,0.000,0.000,0.371
1148,3771.50,5683.19,859,1.248,1695.4,self-play,2.42e-04,0.358,0.384,0.000,0.049,0.000,0.000,0.000,0.209
1149,5069.50,5677.85,67,1.316,1696.1,self-play,2.42e-04,0.339,0.267,0.000,0.181,0.000,0.000,0.000,0.213
1150,4625.50,5686.85,19,1.320,1696.7,self-play,2.42e-04,0.242,0.336,0.000,0.184,0.000,0.000,0.000,0.238
1151,5701.50,5680.06,701,1.323,1697.5,self-play,2.42e-04,0.249,0.291,0.000,0.199,0.000,0.000,0.000,0.261
1152,4866.50,5661.08,200,1.274,1698.0,self-play,2.42e-04,0.280,0.140,0.000,0.235,0.000,0.000,0.000,0.345
1153,14685.00,5764.63,2244,1.262,1700.1,self-play,2.42e-04,0.373,0.196,0.005,0.130,0.000,0.001,0.000,0.295
1154,5512.50,5751.51,667,1.312,1700.8,self-play,2.42e-04,0.330,0.138,0.000,0.167,0.000,0.000,0.000,0.365
1155,7039.50,5781.88,1258,1.260,1702.3,self-play,2.42e-04,0.356,0.179,0.000,0.122,0.000,0.000,0.000,0.344
1156,2085.00,5755.56,214,1.348,1702.6,self-play,2.42e-04,0.174,0.505,0.000,0.193,0.000,0.000,0.000,0.128
1157,4035.50,5761.52,30,1.319,1703.3,self-play,2.42e-04,0.292,0.165,0.000,0.186,0.000,0.000,0.000,0.357
1158,7172.50,5815.53,1320,1.271,1704.4,self-play,2.42e-04,0.249,0.177,0.000,0.173,0.000,0.000,0.000,0.401
1159,13227.00,5936.65,2412,1.244,1706.7,self-play,2.42e-04,0.360,0.238,0.000,0.127,0.000,0.000,0.000,0.274
1160,4219.00,5962.65,13,1.347,1707.6,self-play,2.42e-04,0.223,0.269,0.000,0.362,0.000,0.000,0.000,0.146
1161,2254.00,5968.34,14,1.304,1708.4,self-play,2.42e-04,0.217,0.258,0.000,0.388,0.000,0.000,0.000,0.136
1162,2754.50,5965.78,45,1.264,1708.9,self-play,2.42e-04,0.196,0.289,0.000,0.392,0.000,0.000,0.000,0.123
1163,8563.50,6026.61,89,1.262,1710.7,self-play,2.42e-04,0.180,0.395,0.000,0.152,0.000,0.000,0.000,0.274
1164,5829.00,6029.80,100,1.321,1711.9,self-play,2.42e-04,0.195,0.329,0.000,0.252,0.000,0.000,0.000,0.224
1165,8363.50,6088.99,1138,1.326,1713.6,self-play,2.42e-04,0.177,0.242,0.000,0.196,0.000,0.000,0.000,0.385
1166,6993.50,6125.06,36,1.298,1715.2,self-play,2.42e-04,0.154,0.231,0.000,0.146,0.000,0.000,0.000,0.469
1167,2935.50,6116.36,279,1.266,1715.7,self-play,2.42e-04,0.153,0.296,0.000,0.102,0.000,0.000,0.000,0.449
1168,2501.00,6030.93,0,1.176,1716.1,self-play,2.42e-04,0.089,0.518,0.000,0.071,0.000,0.000,0.000,0.321
1169,7364.00,6033.99,294,1.291,1718.2,self-play,2.42e-04,0.255,0.304,0.000,0.139,0.000,0.000,0.000,0.302
1170,2666.00,6034.10,372,0.696,1718.6,self-play,2.42e-04,0.021,0.225,0.000,0.345,0.000,0.000,0.000,0.408
1171,3860.50,6020.12,5,0.613,1719.7,self-play,2.42e-04,0.002,0.050,0.000,0.075,0.000,0.000,0.000,0.873
1172,4209.50,5993.17,0,0.642,1720.5,self-play,2.42e-04,0.000,0.046,0.000,0.052,0.000,0.000,0.000,0.901
1173,2541.00,5961.26,167,0.510,1720.9,self-play,2.42e-04,0.000,0.096,0.000,0.096,0.000,0.000,0.000,0.809
1174,2194.50,5895.90,0,0.567,1721.3,self-play,2.42e-04,0.000,0.125,0.000,0.039,0.000,0.000,0.000,0.836
1175,3455.50,5879.14,0,0.872,1722.0,self-play,2.42e-04,0.000,0.133,0.000,0.148,0.000,0.000,0.000,0.720
1176,2867.00,5874.51,0,0.746,1722.5,self-play,2.42e-04,0.000,0.107,0.000,0.092,0.000,0.000,0.000,0.801
1177,3847.50,5863.37,4,1.022,1723.2,self-play,2.42e-04,0.008,0.261,0.000,0.157,0.000,0.000,0.000,0.575
1178,2563.50,5811.24,5,0.941,1724.2,self-play,2.42e-04,0.031,0.267,0.000,0.221,0.000,0.000,0.000,0.481
1179,2438.50,5793.65,0,0.971,1724.5,self-play,2.42e-04,0.000,0.133,0.000,0.350,0.000,0.000,0.000,0.517
1180,1013.00,5759.95,21,0.587,1725.1,self-play,2.42e-04,0.004,0.091,0.000,0.786,0.000,0.000,0.000,0.119
1181,3759.00,5791.20,43,0.842,1726.7,self-play,2.42e-04,0.024,0.322,0.006,0.615,0.000,0.000,0.000,0.034
1182,1481.00,5615.40,191,0.905,1727.2,self-play,2.42e-04,0.005,0.233,0.000,0.709,0.000,0.032,0.000,0.021
1183,1493.50,5608.23,60,0.986,1728.0,self-play,2.42e-04,0.000,0.463,0.000,0.466,0.000,0.046,0.000,0.025
1184,2588.50,5547.32,373,1.077,1728.4,self-play,2.42e-04,0.018,0.404,0.000,0.439,0.000,0.035,0.000,0.105
1185,2734.00,5532.90,38,1.201,1729.2,self-play,2.42e-04,0.048,0.301,0.000,0.446,0.000,0.032,0.000,0.173
1186,1619.50,5437.38,0,0.972,1729.6,self-play,2.42e-04,0.006,0.290,0.000,0.562,0.000,0.011,0.000,0.131
1187,2333.00,5380.73,523,1.006,1730.1,self-play,2.42e-04,0.018,0.376,0.000,0.565,0.000,0.012,0.000,0.029
1188,1286.00,5336.90,90,1.182,1730.8,self-play,2.42e-04,0.029,0.292,0.003,0.315,0.000,0.341,0.000,0.019
1189,1921.50,5322.86,113,1.295,1731.5,self-play,2.42e-04,0.040,0.319,0.000,0.339,0.000,0.289,0.000,0.013
1190,3098.00,5340.81,0,1.210,1732.3,self-play,2.42e-04,0.090,0.513,0.000,0.060,0.000,0.203,0.000,0.133
1191,3852.50,5356.16,0,1.061,1733.1,self-play,2.42e-04,0.091,0.506,0.003,0.010,0.000,0.140,0.000,0.250
1192,2804.00,5306.15,0,1.186,1733.9,self-play,2.42e-04,0.087,0.436,0.003,0.000,0.000,0.168,0.000,0.305
1193,2782.50,5284.33,0,1.085,1734.5,self-play,2.42e-04,0.153,0.468,0.000,0.000,0.000,0.120,0.000,0.259
1194,2272.00,5219.16,0,1.116,1735.0,self-play,2.42e-04,0.178,0.541,0.000,0.000,0.000,0.032,0.000,0.248
1195,3342.00,5202.59,0,1.212,1735.5,self-play,2.42e-04,0.306,0.417,0.000,0.005,0.000,0.134,0.000,0.139
1196,4668.50,5228.60,1071,1.164,1735.8,self-play,2.42e-04,0.395,0.349,0.008,0.008,0.000,0.054,0.000,0.186
1197,2142.00,5237.94,29,1.196,1736.5,self-play,2.42e-04,0.270,0.426,0.004,0.004,0.000,0.109,0.000,0.187
1198,3035.50,5263.25,0,1.234,1737.0,self-play,2.42e-04,0.325,0.356,0.010,0.010,0.000,0.160,0.000,0.139
1199,7884.50,5329.70,1700,1.303,1738.5,self-play,2.42e-04,0.358,0.225,0.007,0.003,0.000,0.264,0.000,0.142
1200,2276.00,5307.23,138,1.105,1738.9,self-play,2.35e-04,0.183,0.412,0.000,0.000,0.000,0.000,0.000,0.405
1201,5723.00,5315.10,35,1.199,1739.7,self-play,2.35e-04,0.246,0.289,0.013,0.000,0.000,0.066,0.000,0.387
1202,2364.00,5273.92,177,1.069,1740.0,self-play,2.35e-04,0.141,0.344,0.000,0.000,0.000,0.000,0.000,0.516
1203,7289.50,5336.20,921,1.231,1741.1,self-play,2.35e-04,0.255,0.264,0.002,0.002,0.000,0.064,0.000,0.412
1204,2802.00,5330.68,32,1.193,1741.6,self-play,2.35e-04,0.259,0.245,0.000,0.000,0.000,0.056,0.000,0.440
1205,9390.50,5397.81,1961,1.202,1742.4,self-play,2.35e-04,0.282,0.118,0.000,0.000,0.000,0.074,0.000,0.526
1206,8483.00,5423.07,1699,1.153,1743.0,self-play,2.35e-04,0.389,0.082,0.000,0.000,0.000,0.090,0.000,0.439
1207,11516.00,5480.88,2420,1.250,1744.4,self-play,2.35e-04,0.349,0.138,0.005,0.005,0.000,0.135,0.000,0.367
1208,4396.50,5417.35,520,1.207,1744.9,self-play,2.35e-04,0.421,0.100,0.000,0.000,0.000,0.105,0.000,0.373
1209,5509.00,5450.48,1100,1.278,1745.4,self-play,2.35e-04,0.321,0.132,0.000,0.000,0.000,0.137,0.000,0.410
1210,5381.00,5372.56,1041,1.192,1745.7,self-play,2.35e-04,0.414,0.091,0.000,0.000,0.000,0.121,0.000,0.374
1211,11381.50,5423.99,2325,1.308,1746.8,self-play,2.35e-04,0.378,0.116,0.007,0.000,0.000,0.164,0.000,0.336
1212,9895.00,5496.23,2767,1.287,1747.9,self-play,2.35e-04,0.418,0.169,0.007,0.000,0.000,0.151,0.000,0.256
1213,10909.50,5586.78,2771,1.220,1748.7,self-play,2.35e-04,0.497,0.089,0.000,0.000,0.000,0.130,0.000,0.285
1214,7082.00,5598.12,1472,1.220,1749.1,self-play,2.35e-04,0.510,0.129,0.000,0.000,0.000,0.075,0.000,0.286
1215,6950.00,5600.34,805,1.344,1749.9,self-play,2.35e-04,0.381,0.202,0.000,0.000,0.000,0.151,0.000,0.266
1216,6879.50,5584.18,1232,1.354,1750.7,self-play,2.35e-04,0.327,0.174,0.000,0.000,0.000,0.187,0.000,0.312
1217,5175.00,5537.33,512,1.364,1751.4,self-play,2.35e-04,0.302,0.283,0.000,0.000,0.000,0.192,0.000,0.223
1218,11954.00,5397.97,2526,1.438,1753.9,self-play,2.35e-04,0.252,0.164,0.038,0.026,0.000,0.350,0.000,0.170
1219,6094.50,5369.89,1213,1.485,1754.9,self-play,2.35e-04,0.312,0.165,0.015,0.000,0.000,0.298,0.000,0.211
1220,2208.50,5295.14,258,1.501,1755.2,self-play,2.35e-04,0.191,0.191,0.130,0.000,0.000,0.391,0.000,0.096
1221,1806.00,5247.47,62,1.490,1755.6,self-play,2.35e-04,0.201,0.201,0.245,0.000,0.000,0.281,0.000,0.072
1222,3974.50,5230.52,0,1.539,1756.1,self-play,2.35e-04,0.218,0.158,0.332,0.000,0.000,0.183,0.000,0.109
1223,3208.00,5208.77,433,1.564,1756.5,self-play,2.35e-04,0.285,0.126,0.252,0.000,0.000,0.265,0.000,0.073
1224,8036.00,5199.43,955,1.541,1758.1,self-play,2.35e-04,0.241,0.194,0.122,0.006,0.000,0.221,0.000,0.216
1225,3602.50,5162.95,0,1.587,1758.6,self-play,2.35e-04,0.207,0.163,0.245,0.000,0.000,0.183,0.000,0.202
1226,2418.50,5024.80,215,1.591,1759.0,self-play,2.35e-04,0.238,0.116,0.224,0.000,0.000,0.163,0.000,0.259
1227,4998.50,5069.48,563,1.575,1759.5,self-play,2.35e-04,0.273,0.121,0.173,0.000,0.000,0.203,0.000,0.229
1228,5537.50,4954.34,685,1.557,1761.0,self-play,2.35e-04,0.248,0.186,0.127,0.008,0.000,0.222,0.000,0.209
1229,3241.00,4912.85,0,0.742,1761.5,self-play,2.35e-04,0.122,0.078,0.533,0.000,0.000,0.061,0.000,0.206
1230,2534.50,4870.69,17,0.763,1762.5,self-play,2.35e-04,0.051,0.042,0.701,0.005,0.000,0.016,0.000,0.185
1231,2530.50,4840.89,200,0.549,1763.1,self-play,2.35e-04,0.016,0.036,0.800,0.000,0.000,0.004,0.000,0.144
1232,1551.50,4685.86,0,0.796,1763.6,self-play,2.35e-04,0.044,0.050,0.828,0.000,0.000,0.000,0.000,0.078
1233,1921.50,4673.68,0,1.331,1764.4,self-play,2.35e-04,0.142,0.186,0.442,0.000,0.000,0.012,0.000,0.218
1234,3256.50,4678.30,0,1.166,1765.1,self-play,2.35e-04,0.130,0.168,0.431,0.000,0.000,0.023,0.000,0.248
1235,1171.00,4655.03,0,0.726,1765.3,self-play,2.35e-04,0.023,0.080,0.682,0.000,0.000,0.011,0.000,0.205
1236,1316.50,4636.45,35,0.925,1765.9,self-play,2.35e-04,0.047,0.147,0.677,0.000,0.000,0.022,0.000,0.108
1237,1550.50,4603.97,0,0.947,1766.2,self-play,2.35e-04,0.100,0.208,0.658,0.000,0.000,0.000,0.000,0.033
1238,7127.00,4621.12,546,1.284,1767.5,self-play,2.35e-04,0.198,0.399,0.232,0.002,0.000,0.115,0.000,0.054
1239,2743.50,4606.27,0,1.302,1768.3,self-play,2.35e-04,0.181,0.369,0.356,0.000,0.000,0.050,0.000,0.044
1240,2277.50,4591.88,0,1.263,1768.8,self-play,2.35e-04,0.208,0.339,0.371,0.000,0.000,0.024,0.000,0.057
1241,1823.00,4560.51,0,1.338,1769.4,self-play,2.35e-04,0.140,0.285,0.430,0.000,0.000,0.077,0.000,0.068
1242,7115.00,4507.73,466,1.370,1772.5,self-play,2.35e-04,0.166,0.189,0.113,0.013,0.000,0.465,0.000,0.054
1243,3053.50,4504.77,0,1.411,1773.1,self-play,2.35e-04,0.235,0.165,0.090,0.008,0.000,0.431,0.000,0.071
1244,1244.50,4480.26,172,1.381,1773.5,self-play,2.35e-04,0.018,0.163,0.271,0.000,0.000,0.428,0.000,0.120
1245,1461.00,4459.03,74,1.409,1774.2,self-play,2.35e-04,0.038,0.187,0.305,0.008,0.000,0.378,0.000,0.084
1246,2023.00,4461.54,0,1.444,1774.7,self-play,2.35e-04,0.059,0.308,0.281,0.000,0.000,0.270,0.000,0.081
1247,1647.00,4431.53,0,1.518,1775.1,self-play,2.35e-04,0.029,0.253,0.206,0.006,0.000,0.341,0.000,0.165
1248,1007.50,4403.89,0,1.569,1775.7,self-play,2.35e-04,0.069,0.254,0.250,0.004,0.000,0.233,0.000,0.190
1249,2835.50,4381.55,0,1.557,1776.9,self-play,2.35e-04,0.087,0.269,0.157,0.021,0.000,0.381,0.000,0.085
1250,2205.50,4357.35,75,1.636,1777.7,self-play,2.35e-04,0.104,0.267,0.177,0.042,0.000,0.211,0.000,0.199
1251,2645.50,4326.79,0,1.673,1778.4,self-play,2.35e-04,0.224,0.168,0.116,0.013,0.000,0.259,0.000,0.220
1252,2411.00,4302.23,214,1.652,1778.8,self-play,2.35e-04,0.188,0.206,0.175,0.050,0.000,0.119,0.000,0.263
1253,2338.50,4178.77,13,1.677,1779.5,self-play,2.35e-04,0.176,0.228,0.169,0.075,0.000,0.124,0.000,0.228
1254,6703.50,4190.68,552,1.630,1780.9,self-play,2.35e-04,0.220,0.211,0.097,0.077,0.000,0.240,0.000,0.156
1255,3446.00,4154.74,400,1.582,1781.5,self-play,2.35e-04,0.278,0.195,0.062,0.021,0.000,0.083,0.000,0.361
1256,4417.50,4178.07,0,1.603,1782.4,self-play,2.35e-04,0.226,0.176,0.063,0.031,0.000,0.151,0.000,0.352
1257,3194.50,4169.66,117,1.574,1782.7,self-play,2.35e-04,0.253,0.081,0.040,0.020,0.000,0.273,0.000,0.333
1258,4746.00,4145.40,587,1.707,1783.4,self-play,2.35e-04,0.209,0.095,0.132,0.059,0.000,0.141,0.000,0.364
1259,3112.00,4044.24,0,1.751,1784.4,self-play,2.35e-04,0.203,0.160,0.155,0.155,0.000,0.166,0.000,0.160
1260,2576.00,4027.82,356,1.751,1785.5,self-play,2.35e-04,0.180,0.165,0.112,0.171,0.000,0.180,0.000,0.192
1261,3081.50,4036.09,322,1.728,1786.5,self-play,2.35e-04,0.214,0.165,0.113,0.133,0.000,0.236,0.000,0.139
1262,7092.50,4079.47,21,1.659,1788.0,self-play,2.35e-04,0.209,0.231,0.083,0.130,0.000,0.211,0.000,0.136
1263,2447.00,4018.30,136,1.617,1788.5,self-play,2.35e-04,0.128,0.300,0.117,0.067,0.000,0.111,0.000,0.278
1264,5557.50,4015.59,739,1.523,1789.6,self-play,2.35e-04,0.333,0.142,0.064,0.133,0.000,0.245,0.000,0.083
1265,5714.00,3989.09,1083,1.493,1790.1,self-play,2.35e-04,0.466,0.155,0.020,0.054,0.000,0.264,0.000,0.041
1266,2771.00,3946.87,316,1.549,1790.4,self-play,2.35e-04,0.269,0.216,0.037,0.082,0.000,0.351,0.000,0.045
1267,2694.50,3944.46,51,1.706,1791.2,self-play,2.35e-04,0.278,0.203,0.148,0.172,0.000,0.117,0.000,0.082
1268,5531.50,3974.76,1327,1.591,1791.5,self-play,2.35e-04,0.429,0.051,0.122,0.112,0.000,0.112,0.000,0.173
1269,3412.50,3935.25,193,1.619,1791.8,self-play,2.35e-04,0.359,0.117,0.078,0.195,0.000,0.109,0.000,0.141
1270,3387.00,3942.46,88,1.713,1792.4,self-play,2.35e-04,0.293,0.140,0.135,0.153,0.000,0.108,0.000,0.171
1271,2825.00,3932.11,132,1.686,1792.6,self-play,2.35e-04,0.333,0.148,0.111,0.160,0.000,0.123,0.000,0.123
1272,4437.00,3934.38,1089,1.730,1793.1,self-play,2.35e-04,0.240,0.100,0.087,0.253,0.000,0.147,0.000,0.173
1273,2409.00,3933.06,0,1.718,1794.0,self-play,2.35e-04,0.247,0.102,0.091,0.198,0.000,0.216,0.000,0.146
1274,3778.50,3948.90,592,1.498,1794.3,self-play,2.35e-04,0.115,0.205,0.103,0.141,0.000,0.026,0.000,0.410
1275,3815.50,3952.50,33,1.582,1795.2,self-play,2.35e-04,0.168,0.182,0.080,0.168,0.000,0.123,0.000,0.279
1276,2944.50,3953.28,20,1.568,1795.9,self-play,2.35e-04,0.201,0.332,0.069,0.153,0.000,0.011,0.000,0.234
1277,8970.50,4004.51,1373,1.632,1798.0,self-play,2.35e-04,0.254,0.213,0.089,0.175,0.000,0.119,0.000,0.149
1278,2952.00,4008.39,47,1.471,1798.3,self-play,2.35e-04,0.256,0.231,0.066,0.182,0.000,0.008,0.000,0.256
1279,2000.00,4004.01,0,1.571,1798.8,self-play,2.35e-04,0.167,0.294,0.093,0.118,0.000,0.015,0.000,0.314
1280,7660.50,4070.48,1054,1.628,1800.7,self-play,2.35e-04,0.281,0.245,0.091,0.139,0.000,0.061,0.000,0.183
1281,2473.50,4057.62,29,1.631,1801.4,self-play,2.35e-04,0.261,0.207,0.136,0.175,0.000,0.021,0.000,0.200
1282,6653.50,4109.35,1251,1.434,1801.8,self-play,2.35e-04,0.438,0.212,0.051,0.124,0.000,0.015,0.000,0.161
1283,4733.50,4141.75,0,1.630,1802.9,self-play,2.35e-04,0.301,0.158,0.128,0.196,0.000,0.033,0.000,0.184
1284,2035.00,4136.22,0,1.667,1803.3,self-play,2.35e-04,0.234,0.102,0.222,0.186,0.000,0.030,0.000,0.228
1285,6435.00,4173.23,1615,1.551,1803.6,self-play,2.35e-04,0.325,0.100,0.113,0.125,0.000,0.050,0.000,0.287
1286,1906.50,4176.10,24,1.733,1804.5,self-play,2.35e-04,0.179,0.133,0.218,0.169,0.000,0.114,0.000,0.188
1287,3345.50,4186.22,0,1.758,1805.4,self-play,2.35e-04,0.165,0.114,0.203,0.155,0.000,0.108,0.000,0.256
1288,2551.50,4198.88,0,1.737,1805.8,self-play,2.35e-04,0.230,0.128,0.169,0.155,0.000,0.108,0.000,0.209
1289,3024.50,4209.90,342,1.721,1806.5,self-play,2.35e-04,0.240,0.109,0.229,0.080,0.000,0.166,0.000,0.177
1290,3478.50,4213.71,119,1.726,1807.2,self-play,2.35e-04,0.248,0.203,0.183,0.079,0.000,0.168,0.000,0.119
1291,2621.00,4201.40,236,1.663,1807.4,self-play,2.35e-04,0.378,0.135,0.081,0.081,0.000,0.122,0.000,0.203
1292,2888.50,4202.24,400,1.724,1808.0,self-play,2.35e-04,0.204,0.139,0.139,0.124,0.000,0.124,0.000,0.270
1293,3611.50,4210.53,48,1.709,1808.6,self-play,2.35e-04,0.140,0.214,0.140,0.192,0.000,0.087,0.000,0.227
1294,1981.50,4207.62,0,1.698,1809.1,self-play,2.35e-04,0.048,0.202,0.167,0.220,0.000,0.095,0.000,0.268
1295,4801.50,4222.22,0,1.737,1810.9,self-play,2.35e-04,0.126,0.169,0.165,0.236,0.000,0.132,0.000,0.171
1296,3853.50,4214.07,0,1.732,1813.3,self-play,2.35e-04,0.163,0.141,0.166,0.190,0.000,0.153,0.000,0.188
1297,3573.50,4228.39,0,1.744,1814.8,self-play,2.35e-04,0.142,0.116,0.177,0.187,0.000,0.147,0.000,0.230
1298,2611.00,4224.14,391,1.649,1815.2,self-play,2.35e-04,0.098,0.246,0.107,0.213,0.000,0.131,0.000,0.205
1299,1918.00,4164.48,45,1.352,1815.7,self-play,2.35e-04,0.048,0.138,0.148,0.487,0.000,0.106,0.000,0.074
1300,3829.00,4180.01,0,1.495,1816.8,self-play,2.28e-04,0.064,0.102,0.138,0.462,0.000,0.064,0.000,0.171
1301,1714.00,4139.91,146,1.403,1817.5,self-play,2.28e-04,0.048,0.054,0.125,0.494,0.000,0.107,0.000,0.173
1302,1873.50,4135.01,0,1.502,1818.2,self-play,2.28e-04,0.047,0.099,0.064,0.512,0.000,0.128,0.000,0.151
1303,1501.50,4077.13,0,1.610,1818.6,self-play,2.28e-04,0.142,0.142,0.039,0.402,0.000,0.142,0.000,0.134
1304,2812.00,4077.23,499,1.638,1818.9,self-play,2.28e-04,0.140,0.224,0.028,0.318,0.000,0.093,0.000,0.196
1305,3615.50,4019.48,366,1.688,1819.8,self-play,2.28e-04,0.206,0.158,0.047,0.282,0.000,0.120,0.000,0.187
1306,2671.50,3961.36,0,1.695,1820.7,self-play,2.28e-04,0.147,0.198,0.043,0.227,0.000,0.158,0.000,0.227
1307,2847.00,3874.68,180,1.665,1821.2,self-play,2.28e-04,0.053,0.237,0.061,0.221,0.000,0.191,0.000,0.237
1308,2177.50,3852.49,0,1.670,1821.5,self-play,2.28e-04,0.104,0.148,0.043,0.200,0.000,0.209,0.000,0.296
1309,2710.50,3824.50,111,1.692,1822.7,self-play,2.28e-04,0.192,0.146,0.052,0.198,0.000,0.220,0.000,0.192
1310,3817.00,3808.86,43,1.702,1823.6,self-play,2.28e-04,0.220,0.145,0.041,0.236,0.000,0.206,0.000,0.152
1311,6664.00,3761.68,738,1.698,1824.9,self-play,2.28e-04,0.200,0.123,0.086,0.210,0.000,0.217,0.000,0.163
1312,7377.50,3736.51,1163,1.647,1827.8,self-play,2.28e-04,0.279,0.137,0.096,0.123,0.000,0.286,0.000,0.079
1313,2339.00,3650.80,3,0.669,1828.5,self-play,2.28e-04,0.152,0.093,0.030,0.093,0.000,0.574,0.000,0.059
1314,2621.50,3606.20,150,0.583,1829.1,self-play,2.28e-04,0.011,0.000,0.011,0.115,0.000,0.863,0.000,0.000
1315,3202.00,3568.72,0,0.775,1829.9,self-play,2.28e-04,0.030,0.007,0.010,0.401,0.000,0.545,0.000,0.007
1316,2586.50,3525.79,236,0.733,1830.5,self-play,2.28e-04,0.038,0.011,0.000,0.265,0.000,0.686,0.000,0.000
1317,1854.00,3492.58,76,0.843,1831.3,self-play,2.28e-04,0.042,0.004,0.008,0.315,0.000,0.627,0.000,0.004
1318,3133.50,3404.38,191,0.779,1831.8,self-play,2.28e-04,0.031,0.010,0.005,0.246,0.000,0.703,0.000,0.005
1319,1968.50,3363.11,150,0.961,1832.4,self-play,2.28e-04,0.082,0.005,0.027,0.214,0.000,0.668,0.000,0.005
1320,4521.00,3386.24,10,1.392,1833.8,self-play,2.28e-04,0.154,0.027,0.072,0.246,0.000,0.494,0.000,0.006
1321,3499.00,3403.17,556,1.317,1834.6,self-play,2.28e-04,0.247,0.031,0.081,0.170,0.000,0.432,0.000,0.039
1322,2634.00,3389.76,56,1.383,1835.3,self-play,2.28e-04,0.312,0.000,0.168,0.048,0.000,0.404,0.000,0.068
1323,4347.50,3401.16,560,1.452,1835.9,self-play,2.28e-04,0.275,0.047,0.232,0.057,0.000,0.365,0.000,0.024
1324,2449.00,3345.29,318,1.399,1836.4,self-play,2.28e-04,0.231,0.064,0.202,0.035,0.000,0.422,0.000,0.046
1325,6501.50,3374.28,491,1.581,1838.0,self-play,2.28e-04,0.301,0.092,0.121,0.083,0.000,0.314,0.000,0.090
1326,4017.00,3390.26,688,1.571,1838.8,self-play,2.28e-04,0.323,0.108,0.170,0.059,0.000,0.267,0.000,0.073
1327,3744.00,3377.72,51,1.384,1839.5,self-play,2.28e-04,0.298,0.065,0.112,0.070,0.000,0.395,0.000,0.060
1328,3104.00,3353.39,20,1.495,1839.9,self-play,2.28e-04,0.323,0.040,0.101,0.061,0.000,0.384,0.000,0.091
1329,5851.00,3379.49,702,1.689,1841.6,self-play,2.28e-04,0.331,0.090,0.165,0.104,0.000,0.185,0.000,0.124
1330,3999.50,3394.14,67,1.727,1842.6,self-play,2.28e-04,0.244,0.118,0.194,0.097,0.000,0.208,0.000,0.140
1331,2094.50,3389.78,26,1.746,1843.3,self-play,2.28e-04,0.238,0.153,0.111,0.123,0.000,0.213,0.000,0.162
1332,2194.00,3396.20,78,1.727,1843.7,self-play,2.28e-04,0.206,0.191,0.121,0.113,0.000,0.213,0.000,0.156
1333,4144.00,3418.43,30,1.720,1845.4,self-play,2.28e-04,0.238,0.153,0.112,0.214,0.000,0.160,0.000,0.122
1334,5296.50,3438.82,662,1.561,1846.3,self-play,2.28e-04,0.322,0.213,0.073,0.115,0.000,0.092,0.000,0.185
1335,5988.00,3486.99,579,1.522,1847.3,self-play,2.28e-04,0.369,0.232,0.040,0.029,0.000,0.069,0.000,0.261
1336,4235.00,3516.18,677,1.457,1847.8,self-play,2.28e-04,0.269,0.223,0.069,0.011,0.000,0.051,0.000,0.377
1337,2945.00,3530.12,0,1.598,1848.6,self-play,2.28e-04,0.161,0.235,0.105,0.046,0.000,0.077,0.000,0.375
1338,6101.50,3519.87,316,1.637,1849.8,self-play,2.28e-04,0.238,0.314,0.087,0.101,0.000,0.026,0.000,0.233
1339,2084.00,3513.28,81,1.632,1850.3,self-play,2.28e-04,0.116,0.222,0.141,0.146,0.000,0.091,0.000,0.283
1340,2304.50,3513.55,403,1.575,1850.7,self-play,2.28e-04,0.081,0.274,0.148,0.067,0.000,0.081,0.000,0.348
1341,1677.50,3512.09,0,1.595,1851.1,self-play,2.28e-04,0.076,0.347,0.139,0.104,0.000,0.062,0.000,0.271
1342,2061.50,3461.55,20,1.670,1851.7,self-play,2.28e-04,0.088,0.273,0.170,0.088,0.000,0.067,0.000,0.314
1343,6831.00,3499.33,0,1.722,1853.8,self-play,2.28e-04,0.193,0.200,0.145,0.152,0.000,0.086,0.000,0.223
1344,5917.50,3546.06,447,1.708,1855.9,self-play,2.28e-04,0.216,0.152,0.160,0.195,0.000,0.081,0.000,0.196
1345,2912.50,3560.57,5,1.656,1856.7,self-play,2.28e-04,0.142,0.120,0.183,0.170,0.000,0.240,0.000,0.145
1346,1073.00,3551.07,86,1.721,1857.5,self-play,2.28e-04,0.161,0.068,0.275,0.218,0.000,0.139,0.000,0.139
1347,4343.50,3578.04,46,1.736,1858.6,self-play,2.28e-04,0.151,0.178,0.192,0.113,0.000,0.139,0.000,0.226
1348,2746.50,3595.43,154,1.700,1859.1,self-play,2.28e-04,0.102,0.148,0.250,0.153,0.000,0.182,0.000,0.165
1349,3570.50,3602.78,0,1.701,1860.1,self-play,2.28e-04,0.126,0.092,0.215,0.185,0.000,0.177,0.000,0.205
1350,2869.00,3609.41,31,1.720,1861.0,self-play,2.28e-04,0.130,0.133,0.180,0.169,0.000,0.151,0.000,0.237
1351,5427.00,3637.23,0,1.670,1861.6,self-play,2.28e-04,0.225,0.090,0.085,0.140,0.000,0.130,0.000,0.330
1352,2807.50,3641.20,38,1.600,1862.3,self-play,2.28e-04,0.062,0.125,0.228,0.121,0.000,0.088,0.000,0.375
1353,2336.50,3641.18,139,1.683,1862.7,self-play,2.28e-04,0.071,0.170,0.099,0.128,0.000,0.213,0.000,0.319
1354,2139.50,3595.53,90,1.694,1863.2,self-play,2.28e-04,0.026,0.201,0.065,0.253,0.000,0.344,0.000,0.110
1355,2620.50,3587.28,28,1.768,1863.9,self-play,2.28e-04,0.135,0.192,0.135,0.210,0.000,0.189,0.000,0.139
1356,2147.00,3564.57,95,1.752,1864.5,self-play,2.28e-04,0.195,0.195,0.133,0.157,0.000,0.176,0.000,0.143
1357,4132.50,3573.95,0,1.736,1866.1,self-play,2.28e-04,0.202,0.174,0.098,0.214,0.000,0.184,0.000,0.128
1358,3519.00,3561.68,151,1.693,1867.4,self-play,2.28e-04,0.189,0.233,0.078,0.175,0.000,0.191,0.000,0.134
1359,2838.00,3558.95,20,1.562,1868.4,self-play,2.28e-04,0.138,0.044,0.112,0.197,0.000,0.391,0.000,0.118
1360,3447.00,3567.66,120,1.622,1868.9,self-play,2.28e-04,0.158,0.017,0.130,0.243,0.000,0.282,0.000,0.169
1361,1827.00,3555.11,5,1.712,1869.8,self-play,2.28e-04,0.074,0.113,0.174,0.265,0.000,0.178,0.000,0.196
1362,4127.00,3525.45,52,1.749,1870.6,self-play,2.28e-04,0.132,0.118,0.135,0.167,0.000,0.177,0.000,0.271
1363,3019.00,3531.18,260,1.750,1871.1,self-play,2.28e-04,0.151,0.121,0.201,0.171,0.000,0.241,0.000,0.116
1364,2885.00,3504.45,582,1.728,1871.5,self-play,2.28e-04,0.165,0.243,0.122,0.130,0.000,0.217,0.000,0.122
1365,2331.50,3470.62,0,1.755,1872.4,self-play,2.28e-04,0.110,0.202,0.151,0.195,0.000,0.202,0.000,0.140
1366,3132.50,3474.24,421,1.761,1873.0,self-play,2.28e-04,0.218,0.145,0.173,0.196,0.000,0.156,0.000,0.112
1367,5709.50,3504.39,1367,1.743,1873.6,self-play,2.28e-04,0.205,0.141,0.127,0.141,0.000,0.191,0.000,0.195
1368,3716.00,3486.24,568,1.726,1874.4,self-play,2.28e-04,0.161,0.161,0.083,0.157,0.000,0.335,0.000,0.103
1369,2775.50,3479.86,188,1.749,1874.9,self-play,2.28e-04,0.204,0.177,0.075,0.156,0.000,0.218,0.000,0.170
1370,4974.50,3495.74,11,1.746,1876.0,self-play,2.28e-04,0.162,0.249,0.126,0.162,0.000,0.105,0.000,0.197
1371,2439.50,3491.89,0,1.765,1877.1,self-play,2.28e-04,0.120,0.179,0.216,0.196,0.000,0.115,0.000,0.174
1372,2261.50,3470.13,0,1.763,1877.9,self-play,2.28e-04,0.159,0.184,0.200,0.122,0.000,0.144,0.000,0.191
1373,2694.00,3472.98,0,1.755,1878.7,self-play,2.28e-04,0.199,0.161,0.165,0.109,0.000,0.150,0.000,0.217
1374,2562.00,3460.82,197,1.710,1879.7,self-play,2.28e-04,0.157,0.124,0.097,0.187,0.000,0.157,0.000,0.278
1375,2125.50,3443.91,149,1.679,1880.1,self-play,2.28e-04,0.145,0.131,0.103,0.207,0.000,0.103,0.000,0.310
1376,6431.50,3478.78,0,1.710,1881.8,self-play,2.28e-04,0.186,0.180,0.134,0.184,0.000,0.077,0.000,0.238
1377,4787.00,3436.95,621,1.716,1883.1,self-play,2.28e-04,0.148,0.183,0.160,0.213,0.000,0.063,0.000,0.233
1378,3489.50,3442.32,0,1.728,1883.9,self-play,2.28e-04,0.117,0.221,0.140,0.207,0.000,0.087,0.000,0.227
1379,2832.00,3450.64,141,1.622,1884.7,self-play,2.28e-04,0.108,0.152,0.164,0.156,0.000,0.096,0.000,0.324
1380,2083.00,3394.87,66,1.599,1885.2,self-play,2.28e-04,0.111,0.208,0.257,0.146,0.000,0.007,0.000,0.271
1381,2590.50,3396.04,42,1.642,1886.4,self-play,2.28e-04,0.162,0.217,0.191,0.165,0.000,0.017,0.000,0.248
1382,3414.50,3363.65,19,1.612,1887.1,self-play,2.28e-04,0.231,0.288,0.218,0.105,0.000,0.026,0.000,0.131
1383,1788.50,3334.20,140,1.555,1887.7,self-play,2.28e-04,0.273,0.215,0.282,0.053,0.000,0.019,0.000,0.158
1384,2011.50,3333.97,0,1.635,1888.7,self-play,2.28e-04,0.142,0.150,0.416,0.107,0.000,0.035,0.000,0.150
1385,5638.50,3326.00,289,1.581,1890.0,self-play,2.28e-04,0.155,0.174,0.314,0.159,0.000,0.062,0.000,0.136
1386,2010.00,3327.03,0,1.436,1890.5,self-play,2.28e-04,0.058,0.238,0.494,0.029,0.000,0.035,0.000,0.145
1387,2012.50,3313.70,218,1.522,1890.9,self-play,2.28e-04,0.044,0.272,0.368,0.096,0.000,0.044,0.000,0.175
1388,1750.50,3305.70,0,1.631,1891.5,self-play,2.28e-04,0.070,0.247,0.288,0.093,0.000,0.074,0.000,0.228
1389,2253.00,3297.98,0,1.651,1892.1,self-play,2.28e-04,0.098,0.201,0.255,0.093,0.000,0.039,0.000,0.314
1390,2742.50,3290.62,11,1.730,1893.7,self-play,2.28e-04,0.124,0.167,0.239,0.221,0.000,0.106,0.000,0.143
1391,2121.50,3285.62,37,1.662,1894.5,self-play,2.28e-04,0.129,0.282,0.248,0.188,0.000,0.099,0.000,0.054
1392,3040.50,3287.14,0,1.723,1895.3,self-play,2.28e-04,0.198,0.202,0.206,0.233,0.000,0.087,0.000,0.075
1393,1259.50,3263.62,0,1.726,1896.2,self-play,2.28e-04,0.165,0.176,0.276,0.140,0.000,0.118,0.000,0.125
1394,2270.00,3266.51,0,1.687,1896.5,self-play,2.28e-04,0.118,0.252,0.227,0.017,0.000,0.160,0.000,0.227
1395,2595.50,3244.45,0,1.753,1897.5,self-play,2.28e-04,0.194,0.200,0.159,0.097,0.000,0.156,0.000,0.194
1396,7035.50,3276.27,458,1.755,1899.6,self-play,2.28e-04,0.207,0.141,0.157,0.156,0.000,0.172,0.000,0.167
1397,3045.00,3270.99,0,1.690,1900.0,self-play,2.28e-04,0.239,0.092,0.196,0.086,0.000,0.147,0.000,0.239
1398,4610.50,3290.98,0,1.678,1900.9,self-play,2.28e-04,0.266,0.193,0.127,0.062,0.000,0.108,0.000,0.243
1399,2898.50,3300.78,4,1.669,1902.0,self-play,2.28e-04,0.295,0.211,0.121,0.047,0.000,0.151,0.000,0.174
1400,4283.50,3305.33,18,1.685,1903.1,self-play,2.21e-04,0.272,0.160,0.172,0.060,0.000,0.172,0.000,0.163
1401,2503.00,3313.22,0,1.677,1904.4,self-play,2.21e-04,0.217,0.214,0.155,0.046,0.000,0.147,0.000,0.220
1402,4546.00,3339.95,434,1.639,1905.0,self-play,2.21e-04,0.263,0.136,0.171,0.035,0.000,0.110,0.000,0.285
1403,3846.00,3363.39,0,1.673,1906.0,self-play,2.21e-04,0.235,0.119,0.167,0.051,0.000,0.165,0.000,0.262
1404,3619.50,3371.47,577,1.662,1906.4,self-play,2.21e-04,0.225,0.155,0.113,0.042,0.000,0.127,0.000,0.338
1405,2409.50,3359.41,336,1.684,1906.7,self-play,2.21e-04,0.144,0.186,0.134,0.113,0.000,0.165,0.000,0.258
1406,2158.50,3354.28,0,1.744,1907.1,self-play,2.21e-04,0.170,0.214,0.170,0.057,0.000,0.107,0.000,0.283
1407,2730.50,3353.11,29,1.765,1907.6,self-play,2.21e-04,0.191,0.159,0.236,0.114,0.000,0.114,0.000,0.186
1408,2988.50,3361.22,16,1.741,1908.5,self-play,2.21e-04,0.203,0.098,0.185,0.195,0.000,0.162,0.000,0.157
1409,4174.50,3375.86,40,1.706,1909.9,self-play,2.21e-04,0.228,0.122,0.165,0.177,0.000,0.129,0.002,0.178
1410,2355.00,3361.24,0,1.641,1910.5,self-play,2.21e-04,0.298,0.064,0.234,0.098,0.000,0.191,0.000,0.115
1411,5153.00,3346.13,0,1.672,1911.3,self-play,2.21e-04,0.270,0.049,0.200,0.197,0.000,0.122,0.000,0.162
1412,3787.00,3310.22,61,1.693,1912.1,self-play,2.21e-04,0.156,0.055,0.230,0.255,0.000,0.150,0.000,0.153
1413,2788.50,3314.72,29,1.702,1912.9,self-play,2.21e-04,0.168,0.079,0.197,0.221,0.000,0.156,0.000,0.179
1414,2089.00,3309.39,25,1.703,1913.7,self-play,2.21e-04,0.159,0.061,0.203,0.159,0.000,0.183,0.000,0.234
1415,4271.00,3320.09,24,1.674,1914.6,self-play,2.21e-04,0.193,0.068,0.198,0.157,0.000,0.133,0.000,0.251
1416,2857.00,3322.79,700,1.610,1914.8,self-play,2.21e-04,0.190,0.010,0.110,0.180,0.000,0.160,0.000,0.350
1417,3636.00,3340.61,321,1.696,1915.5,self-play,2.21e-04,0.166,0.059,0.152,0.170,0.000,0.163,0.000,0.291
1418,2859.50,3337.87,10,1.589,1916.0,self-play,2.21e-04,0.141,0.066,0.091,0.146,0.000,0.242,0.000,0.313
1419,4919.50,3367.38,0,1.661,1916.6,self-play,2.21e-04,0.106,0.088,0.093,0.097,0.000,0.167,0.000,0.449
1420,10549.00,3427.66,775,1.722,1920.1,self-play,2.21e-04,0.195,0.137,0.184,0.137,0.000,0.214,0.000,0.133
1421,3742.50,3430.09,35,1.651,1920.7,self-play,2.21e-04,0.147,0.151,0.224,0.073,0.000,0.177,0.000,0.228
1422,1942.50,3423.18,172,1.593,1920.9,self-play,2.21e-04,0.010,0.154,0.269,0.029,0.000,0.279,0.000,0.260
1423,2278.50,3402.49,25,1.672,1921.6,self-play,2.21e-04,0.106,0.223,0.121,0.110,0.000,0.212,0.000,0.227
1424,3303.50,3411.03,88,1.741,1922.4,self-play,2.21e-04,0.123,0.289,0.128,0.155,0.000,0.174,0.000,0.131
1425,1486.50,3360.89,257,1.676,1922.8,self-play,2.21e-04,0.090,0.207,0.124,0.131,0.000,0.324,0.000,0.124
1426,2098.00,3341.70,201,1.626,1923.2,self-play,2.21e-04,0.090,0.231,0.071,0.103,0.000,0.340,0.000,0.167
1427,3646.50,3340.72,0,1.730,1924.3,self-play,2.21e-04,0.145,0.184,0.083,0.179,0.000,0.252,0.000,0.156
1428,6053.00,3370.21,0,1.700,1927.2,self-play,2.21e-04,0.154,0.170,0.158,0.167,0.000,0.245,0.000,0.107
1429,2623.50,3337.93,0,1.306,1927.8,self-play,2.21e-04,0.035,0.531,0.065,0.069,0.000,0.169,0.000,0.131
1430,667.00,3304.61,0,1.137,1928.2,self-play,2.21e-04,0.015,0.455,0.295,0.045,0.000,0.136,0.000,0.053
1431,1883.00,3302.49,26,1.273,1929.2,self-play,2.21e-04,0.030,0.608,0.178,0.033,0.000,0.125,0.000,0.027
1432,1202.00,3292.57,0,1.380,1929.5,self-play,2.21e-04,0.032,0.524,0.218,0.056,0.000,0.121,0.000,0.048
1433,1848.50,3269.62,55,1.551,1930.1,self-play,2.21e-04,0.061,0.355,0.241,0.069,0.000,0.200,0.000,0.073
1434,1281.50,3229.47,0,1.662,1930.7,self-play,2.21e-04,0.042,0.274,0.325,0.108,0.000,0.179,0.000,0.071
1435,2503.50,3194.62,21,1.754,1932.6,self-play,2.21e-04,0.097,0.193,0.235,0.184,0.000,0.157,0.000,0.134
1436,2741.50,3179.69,21,1.754,1934.3,self-play,2.21e-04,0.104,0.195,0.201,0.259,0.000,0.156,0.000,0.085
1437,2108.00,3171.32,0,1.750,1936.4,self-play,2.21e-04,0.109,0.161,0.205,0.227,0.000,0.186,0.000,0.113
1438,3166.50,3141.97,82,1.549,1937.4,self-play,2.21e-04,0.185,0.136,0.104,0.182,0.000,0.260,0.000,0.133
1439,4325.50,3164.39,2,1.396,1938.1,self-play,2.21e-04,0.277,0.058,0.004,0.081,0.000,0.350,0.000,0.231
1440,4419.00,3185.53,1119,1.267,1939.1,self-play,2.21e-04,0.403,0.095,0.003,0.043,0.000,0.308,0.000,0.147
1441,4486.50,3213.62,670,1.336,1939.9,self-play,2.21e-04,0.362,0.141,0.000,0.054,0.000,0.365,0.000,0.077
1442,4103.50,3234.04,449,1.442,1940.7,self-play,2.21e-04,0.360,0.131,0.000,0.088,0.000,0.350,0.000,0.071
1443,3820.00,3203.93,119,1.430,1941.1,self-play,2.21e-04,0.368,0.161,0.000,0.123,0.000,0.265,0.000,0.084
1444,4817.00,3192.93,955,1.545,1942.1,self-play,2.21e-04,0.333,0.185,0.000,0.128,0.000,0.179,0.000,0.174
1445,2299.50,3186.80,160,1.531,1942.6,self-play,2.21e-04,0.177,0.217,0.000,0.207,0.000,0.313,0.000,0.086
1446,2860.00,3204.66,32,1.535,1943.5,self-play,2.21e-04,0.242,0.144,0.000,0.294,0.000,0.173,0.000,0.147
1447,2934.50,3190.57,14,1.537,1944.1,self-play,2.21e-04,0.269,0.194,0.000,0.244,0.000,0.194,0.000,0.099
1448,2415.00,3187.26,318,1.485,1944.4,self-play,2.21e-04,0.261,0.148,0.000,0.273,0.000,0.261,0.000,0.057
1449,3242.00,3183.97,98,1.547,1944.7,self-play,2.21e-04,0.240,0.224,0.000,0.168,0.000,0.280,0.000,0.088
1450,5219.50,3207.48,890,1.537,1945.9,self-play,2.21e-04,0.251,0.198,0.000,0.231,0.000,0.247,0.000,0.073
1451,3865.50,3191.86,57,1.545,1946.8,self-play,2.21e-04,0.301,0.185,0.000,0.225,0.000,0.173,0.000,0.116
1452,5175.00,3215.54,708,1.522,1947.4,self-play,2.21e-04,0.309,0.186,0.000,0.191,0.000,0.123,0.000,0.191
1453,3387.00,3226.05,110,1.526,1948.1,self-play,2.21e-04,0.297,0.281,0.000,0.157,0.000,0.149,0.000,0.116
1454,3534.00,3239.99,294,1.566,1948.7,self-play,2.21e-04,0.260,0.247,0.000,0.163,0.000,0.167,0.000,0.163
1455,3150.50,3245.29,658,1.520,1949.0,self-play,2.21e-04,0.189,0.276,0.000,0.236,0.000,0.134,0.000,0.165
1456,5699.00,3280.81,668,1.517,1950.1,self-play,2.21e-04,0.248,0.240,0.000,0.229,0.000,0.088,0.000,0.195
1457,10071.00,3340.20,1673,1.516,1951.8,self-play,2.21e-04,0.266,0.282,0.000,0.203,0.000,0.055,0.000,0.194
1458,3000.00,3335.01,258,1.318,1952.3,self-play,2.21e-04,0.193,0.354,0.000,0.250,0.000,0.073,0.000,0.130
1459,3064.50,3337.27,169,1.402,1953.7,self-play,2.21e-04,0.084,0.522,0.000,0.129,0.000,0.096,0.000,0.170
1460,4543.00,3348.23,579,1.527,1954.4,self-play,2.21e-04,0.177,0.346,0.000,0.212,0.000,0.127,0.000,0.138
1461,3122.00,3361.18,21,1.568,1955.2,self-play,2.21e-04,0.204,0.123,0.000,0.239,0.000,0.217,0.000,0.217
1462,8200.00,3401.91,682,1.565,1956.7,self-play,2.21e-04,0.187,0.163,0.004,0.212,0.000,0.156,0.000,0.278
1463,3236.00,3404.08,209,1.544,1957.0,self-play,2.21e-04,0.181,0.110,0.000,0.126,0.000,0.315,0.000,0.268
1464,3144.50,3406.68,295,1.496,1957.3,self-play,2.21e-04,0.140,0.140,0.000,0.167,0.000,0.360,0.000,0.193
1465,4338.50,3426.74,639,1.569,1958.0,self-play,2.21e-04,0.167,0.146,0.000,0.204,0.000,0.246,0.000,0.237
1466,4073.00,3436.15,96,1.574,1958.9,self-play,2.21e-04,0.236,0.165,0.000,0.148,0.000,0.230,0.000,0.222
1467,2653.00,3405.59,23,1.578,1959.4,self-play,2.21e-04,0.150,0.257,0.000,0.164,0.000,0.290,0.000,0.140
1468,3495.00,3403.38,275,1.572,1959.8,self-play,2.21e-04,0.248,0.188,0.000,0.161,0.000,0.235,0.000,0.168
1469,3813.00,3413.75,611,1.543,1960.4,self-play,2.21e-04,0.312,0.183,0.000,0.202,0.000,0.147,0.000,0.156
1470,4544.00,3409.45,904,1.527,1960.8,self-play,2.21e-04,0.348,0.152,0.000,0.174,0.000,0.136,0.000,0.189
1471,4735.00,3432.40,951,1.458,1961.2,self-play,2.21e-04,0.476,0.154,0.000,0.154,0.000,0.147,0.000,0.070
1472,4447.50,3454.26,962,1.421,1961.5,self-play,2.21e-04,0.485,0.168,0.000,0.149,0.000,0.089,0.000,0.109
1473,4068.50,3468.01,756,1.457,1961.8,self-play,2.21e-04,0.302,0.255,0.000,0.198,0.000,0.170,0.000,0.075
1474,2313.00,3465.51,517,1.462,1962.0,self-play,2.21e-04,0.292,0.278,0.000,0.139,0.000,0.250,0.000,0.042
1475,5691.50,3501.18,668,1.582,1963.5,self-play,2.21e-04,0.236,0.208,0.005,0.216,0.000,0.171,0.000,0.163
1476,2972.50,3466.59,390,1.533,1963.9,self-play,2.21e-04,0.188,0.231,0.000,0.175,0.000,0.281,0.000,0.125
1477,3660.50,3455.32,172,1.499,1964.6,self-play,2.21e-04,0.183,0.299,0.000,0.218,0.000,0.183,0.000,0.116
1478,2666.00,3447.09,125,1.546,1965.2,self-play,2.21e-04,0.214,0.155,0.000,0.277,0.000,0.155,0.000,0.199
1479,3773.50,3456.50,0,1.428,1966.0,self-play,2.21e-04,0.228,0.089,0.000,0.129,0.000,0.179,0.000,0.374
1480,5953.50,3495.20,999,1.406,1966.4,self-play,2.21e-04,0.265,0.040,0.000,0.086,0.000,0.192,0.000,0.417
1481,9803.00,3567.33,1916,1.488,1967.8,self-play,2.21e-04,0.300,0.063,0.000,0.145,0.000,0.156,0.000,0.335
1482,6822.00,3601.41,998,1.460,1968.6,self-play,2.21e-04,0.220,0.073,0.000,0.131,0.000,0.204,0.000,0.373
1483,2704.50,3610.57,541,1.488,1968.9,self-play,2.21e-04,0.271,0.135,0.000,0.083,0.000,0.208,0.000,0.302
1484,3552.00,3625.97,57,1.487,1969.3,self-play,2.21e-04,0.211,0.078,0.000,0.128,0.000,0.317,0.000,0.267
1485,3152.50,3601.11,380,1.490,1969.8,self-play,2.21e-04,0.205,0.118,0.000,0.112,0.000,0.360,0.000,0.205
1486,4262.50,3623.64,346,1.517,1970.0,self-play,2.21e-04,0.306,0.112,0.000,0.122,0.000,0.296,0.000,0.163
1487,3222.00,3635.73,64,1.555,1970.5,self-play,2.21e-04,0.189,0.098,0.000,0.119,0.000,0.434,0.000,0.161
1488,7136.00,3689.59,1541,1.568,1971.3,self-play,2.21e-04,0.290,0.145,0.000,0.126,0.000,0.210,0.000,0.229
1489,4214.00,3709.20,66,1.586,1971.9,self-play,2.21e-04,0.267,0.183,0.000,0.129,0.000,0.175,0.000,0.246
1490,8230.50,3764.07,1678,1.581,1973.6,self-play,2.21e-04,0.243,0.193,0.000,0.167,0.000,0.170,0.000,0.228
1491,5714.50,3800.01,676,1.442,1973.9,self-play,2.21e-04,0.310,0.124,0.000,0.062,0.000,0.195,0.000,0.310
1492,8433.50,3853.93,1848,1.472,1976.0,self-play,2.21e-04,0.430,0.128,0.000,0.110,0.000,0.121,0.000,0.211
1493,3498.00,3876.32,410,1.145,1976.4,self-play,2.21e-04,0.477,0.205,0.000,0.061,0.000,0.167,0.000,0.091
1494,1923.00,3872.85,0,1.112,1976.9,self-play,2.21e-04,0.630,0.245,0.000,0.076,0.000,0.033,0.000,0.016
1495,2484.50,3871.74,211,1.061,1977.1,self-play,2.21e-04,0.600,0.230,0.000,0.100,0.000,0.030,0.000,0.040
1496,2974.00,3831.12,0,1.194,1977.6,self-play,2.21e-04,0.530,0.311,0.000,0.079,0.000,0.030,0.000,0.049
1497,3212.50,3832.80,571,1.361,1978.0,self-play,2.21e-04,0.506,0.231,0.000,0.181,0.000,0.037,0.000,0.044
1498,2380.50,3810.50,7,1.451,1978.9,self-play,2.21e-04,0.296,0.284,0.000,0.287,0.000,0.058,0.000,0.076
1499,3202.00,3813.53,170,1.408,1979.2,self-play,2.21e-04,0.286,0.310,0.000,0.262,0.000,0.063,0.000,0.079
1500,3613.50,3806.84,203,1.479,1980.0,self-play,2.15e-04,0.280,0.273,0.000,0.280,0.000,0.072,0.000,0.095
1501,3257.50,3814.38,204,1.466,1980.5,self-play,2.15e-04,0.186,0.333,0.000,0.316,0.000,0.045,0.000,0.119
1502,3641.00,3805.33,149,1.534,1981.3,self-play,2.15e-04,0.235,0.241,0.000,0.276,0.000,0.126,0.000,0.122
1503,3457.00,3801.44,3,1.579,1982.3,self-play,2.15e-04,0.264,0.210,0.003,0.249,0.000,0.103,0.000,0.172
1504,2618.50,3791.43,634,1.464,1982.6,self-play,2.15e-04,0.218,0.378,0.000,0.160,0.000,0.076,0.000,0.168
1505,3254.50,3799.88,563,1.368,1983.0,self-play,2.15e-04,0.359,0.371,0.000,0.030,0.000,0.054,0.000,0.186
1506,2438.00,3802.68,232,1.298,1983.4,self-play,2.15e-04,0.270,0.341,0.000,0.032,0.000,0.111,0.000,0.246
1507,6144.00,3836.81,351,1.388,1984.5,self-play,2.15e-04,0.270,0.324,0.000,0.012,0.000,0.073,0.000,0.322
1508,3173.50,3838.66,0,1.275,1985.0,self-play,2.15e-04,0.171,0.379,0.000,0.019,0.000,0.047,0.000,0.384
1509,3497.00,3831.89,12,1.328,1985.6,self-play,2.15e-04,0.209,0.435,0.000,0.000,0.000,0.122,0.000,0.235
1510,2307.00,3831.41,224,1.387,1986.1,self-play,2.15e-04,0.186,0.322,0.000,0.010,0.000,0.151,0.000,0.332
1511,9037.50,3870.25,1372,1.524,1987.9,self-play,2.15e-04,0.250,0.249,0.009,0.061,0.000,0.147,0.000,0.284
1512,5937.00,3891.75,681,1.439,1988.8,self-play,2.15e-04,0.175,0.238,0.003,0.029,0.000,0.199,0.000,0.356
1513,4255.00,3906.41,15,1.447,1989.8,self-play,2.15e-04,0.228,0.231,0.000,0.030,0.000,0.202,0.000,0.309
1514,3483.00,3920.36,40,1.459,1990.6,self-play,2.15e-04,0.249,0.283,0.000,0.020,0.000,0.182,0.000,0.266
1515,9943.50,3977.08,2149,1.535,1993.0,self-play,2.15e-04,0.292,0.221,0.010,0.099,0.000,0.125,0.000,0.253
1516,6154.50,4010.05,740,1.521,1994.1,self-play,2.15e-04,0.207,0.234,0.000,0.106,0.000,0.176,0.000,0.277
1517,5126.00,4024.95,7,1.411,1995.0,self-play,2.15e-04,0.160,0.266,0.000,0.077,0.000,0.200,0.000,0.297
1518,4820.50,4044.57,25,1.520,1996.5,self-play,2.15e-04,0.127,0.183,0.000,0.161,0.000,0.217,0.000,0.312
1519,2876.00,4024.13,24,1.503,1997.6,self-play,2.15e-04,0.173,0.230,0.000,0.109,0.000,0.148,0.000,0.339
1520,5918.50,3977.82,1320,1.516,1998.2,self-play,2.15e-04,0.165,0.245,0.000,0.123,0.000,0.104,0.000,0.363
1521,4186.00,3982.26,13,1.561,1999.8,self-play,2.15e-04,0.224,0.202,0.004,0.205,0.000,0.137,0.000,0.228
1522,2748.50,3990.32,0,1.369,2000.8,self-play,2.15e-04,0.080,0.317,0.000,0.167,0.000,0.131,0.000,0.304
1523,2915.00,3996.68,8,1.360,2002.3,self-play,2.15e-04,0.022,0.303,0.000,0.086,0.000,0.283,0.000,0.305
1524,2851.00,3992.16,0,1.322,2002.8,self-play,2.15e-04,0.010,0.318,0.000,0.109,0.000,0.250,0.000,0.312
1525,1807.00,3995.36,291,1.313,2003.2,self-play,2.15e-04,0.017,0.356,0.000,0.051,0.000,0.381,0.000,0.195
1526,3629.00,4010.68,121,1.461,2004.2,self-play,2.15e-04,0.030,0.246,0.000,0.130,0.000,0.318,0.000,0.276
1527,6757.00,4041.78,62,1.554,2006.2,self-play,2.15e-04,0.087,0.221,0.001,0.211,0.000,0.192,0.000,0.288
1528,1650.00,3997.75,220,1.500,2006.7,self-play,2.15e-04,0.053,0.300,0.000,0.200,0.000,0.284,0.000,0.163
1529,2802.50,3999.54,102,1.485,2007.3,self-play,2.15e-04,0.062,0.242,0.000,0.169,0.000,0.371,0.000,0.157
1530,3378.00,4026.65,249,1.555,2007.8,self-play,2.15e-04,0.102,0.287,0.000,0.216,0.000,0.222,0.000,0.174
1531,2211.50,4029.93,533,1.506,2008.0,self-play,2.15e-04,0.068,0.149,0.000,0.284,0.000,0.419,0.000,0.081
1532,6057.50,4078.49,306,1.574,2009.1,self-play,2.15e-04,0.152,0.154,0.002,0.241,0.000,0.229,0.000,0.222
1533,2853.50,4088.54,477,1.528,2009.5,self-play,2.15e-04,0.068,0.182,0.000,0.227,0.000,0.235,0.000,0.288
1534,3372.50,4109.45,58,1.522,2010.3,self-play,2.15e-04,0.095,0.160,0.000,0.236,0.000,0.215,0.000,0.295
1535,3070.50,4115.12,31,1.572,2011.0,self-play,2.15e-04,0.130,0.153,0.000,0.172,0.000,0.274,0.000,0.270
1536,3998.00,4127.69,752,1.588,2011.7,self-play,2.15e-04,0.166,0.200,0.000,0.191,0.000,0.238,0.000,0.204
1537,3685.50,4143.46,128,1.585,2012.3,self-play,2.15e-04,0.182,0.195,0.000,0.159,0.000,0.214,0.000,0.250
1538,5723.50,4169.03,566,1.583,2013.2,self-play,2.15e-04,0.192,0.159,0.000,0.168,0.000,0.252,0.000,0.228
1539,4099.50,4166.77,773,1.579,2014.1,self-play,2.15e-04,0.249,0.125,0.007,0.231,0.000,0.223,0.000,0.165
1540,4419.50,4166.77,7,1.588,2016.0,self-play,2.15e-04,0.243,0.134,0.004,0.226,0.000,0.219,0.000,0.175
1541,5619.00,4178.10,887,1.550,2016.4,self-play,2.15e-04,0.317,0.139,0.000,0.099,0.000,0.267,0.000,0.178
1542,2975.00,4166.81,30,1.553,2017.3,self-play,2.15e-04,0.184,0.202,0.000,0.316,0.000,0.169,0.000,0.129
1543,3813.50,4166.75,30,1.557,2018.0,self-play,2.15e-04,0.242,0.242,0.000,0.286,0.000,0.121,0.000,0.108
1544,2246.00,4141.04,200,1.528,2018.4,self-play,2.15e-04,0.055,0.220,0.000,0.425,0.000,0.165,0.000,0.134
1545,3982.00,4157.86,76,1.546,2019.5,self-play,2.15e-04,0.165,0.182,0.000,0.296,0.000,0.177,0.000,0.180
1546,3604.00,4165.31,12,1.435,2020.3,self-play,2.15e-04,0.103,0.256,0.000,0.103,0.000,0.218,0.000,0.321
1547,4944.50,4185.40,701,1.531,2021.0,self-play,2.15e-04,0.192,0.129,0.000,0.157,0.000,0.161,0.000,0.361
1548,3307.00,4194.32,694,1.398,2021.2,self-play,2.15e-04,0.110,0.341,0.000,0.220,0.000,0.024,0.000,0.305
1549,3692.50,4198.83,13,1.514,2022.4,self-play,2.15e-04,0.130,0.226,0.003,0.277,0.000,0.099,0.000,0.265
1550,2022.00,4166.85,95,1.226,2023.2,self-play,2.15e-04,0.115,0.378,0.003,0.354,0.000,0.052,0.000,0.097
1551,1560.00,4143.80,43,1.245,2024.1,self-play,2.15e-04,0.141,0.252,0.003,0.505,0.000,0.082,0.000,0.016
1552,1522.00,4107.27,154,1.231,2024.6,self-play,2.15e-04,0.179,0.295,0.000,0.479,0.000,0.042,0.000,0.005
1553,1567.50,4089.07,3,1.363,2025.5,self-play,2.15e-04,0.222,0.273,0.010,0.386,0.000,0.090,0.000,0.019
1554,5112.50,4104.86,307,1.433,2027.1,self-play,2.15e-04,0.335,0.186,0.027,0.339,0.000,0.078,0.000,0.033
1555,1089.50,4084.25,14,1.371,2028.1,self-play,2.15e-04,0.326,0.246,0.004,0.295,0.000,0.116,0.000,0.014
1556,3229.50,4059.55,33,1.438,2029.1,self-play,2.15e-04,0.400,0.221,0.004,0.264,0.000,0.100,0.000,0.011
1557,2645.50,3985.30,199,1.454,2029.7,self-play,2.15e-04,0.318,0.264,0.010,0.214,0.000,0.174,0.000,0.020
1558,2077.50,3976.07,175,1.440,2030.6,self-play,2.15e-04,0.348,0.264,0.007,0.152,0.000,0.199,0.000,0.030
1559,3832.50,3983.76,145,1.476,2031.5,self-play,2.15e-04,0.390,0.183,0.003,0.190,0.000,0.210,0.000,0.023
1560,3343.50,3971.76,518,1.415,2032.0,self-play,2.15e-04,0.426,0.209,0.000,0.203,0.000,0.149,0.000,0.014
1561,3006.00,3970.60,353,1.239,2032.2,self-play,2.15e-04,0.469,0.234,0.000,0.203,0.000,0.078,0.000,0.016
1562,2601.50,3914.61,455,1.399,2032.7,self-play,2.15e-04,0.414,0.236,0.000,0.164,0.000,0.179,0.000,0.007
1563,3525.50,3917.51,788,1.377,2032.9,self-play,2.15e-04,0.368,0.287,0.000,0.207,0.000,0.138,0.000,0.000
1564,4880.50,3934.87,40,1.590,2034.7,self-play,2.15e-04,0.248,0.225,0.017,0.263,0.000,0.186,0.000,0.062
1565,2503.50,3916.52,40,1.577,2035.6,self-play,2.15e-04,0.252,0.169,0.017,0.282,0.000,0.209,0.000,0.070
1566,3294.00,3908.73,77,1.635,2036.6,self-play,2.15e-04,0.150,0.210,0.018,0.291,0.000,0.184,0.000,0.147
1567,6501.00,3947.21,692,1.639,2037.8,self-play,2.15e-04,0.224,0.209,0.021,0.176,0.000,0.151,0.000,0.219
1568,2642.00,3938.68,0,1.599,2038.4,self-play,2.15e-04,0.234,0.312,0.000,0.112,0.000,0.141,0.000,0.200
1569,4781.00,3948.36,11,1.629,2039.7,self-play,2.15e-04,0.187,0.230,0.011,0.216,0.000,0.123,0.000,0.232
1570,7081.00,3973.73,912,1.618,2041.0,self-play,2.15e-04,0.242,0.161,0.011,0.177,0.000,0.174,0.000,0.235
1571,2453.50,3950.91,176,1.595,2041.6,self-play,2.15e-04,0.161,0.223,0.000,0.192,0.000,0.150,0.000,0.275
1572,4037.50,3946.82,452,1.596,2042.2,self-play,2.15e-04,0.244,0.193,0.000,0.148,0.000,0.256,0.000,0.159
1573,4113.50,3947.26,567,1.586,2042.9,self-play,2.15e-04,0.249,0.182,0.000,0.231,0.000,0.204,0.000,0.133
1574,4796.00,3972.09,277,1.541,2043.7,self-play,2.15e-04,0.285,0.210,0.000,0.201,0.000,0.154,0.000,0.150
1575,3078.00,3945.96,138,1.558,2044.5,self-play,2.15e-04,0.122,0.308,0.003,0.315,0.000,0.078,0.000,0.173
1576,1583.50,3932.07,155,1.449,2044.8,self-play,2.15e-04,0.132,0.351,0.000,0.211,0.000,0.096,0.000,0.211
1577,2747.50,3922.94,40,1.502,2045.7,self-play,2.15e-04,0.088,0.268,0.000,0.319,0.000,0.117,0.000,0.208
1578,1767.50,3913.95,0,1.591,2046.6,self-play,2.15e-04,0.117,0.247,0.020,0.217,0.000,0.187,0.000,0.213
1579,2338.50,3899.61,44,1.621,2047.2,self-play,2.15e-04,0.091,0.338,0.017,0.177,0.000,0.156,0.000,0.221
1580,3364.50,3873.72,695,1.661,2047.7,self-play,2.15e-04,0.127,0.213,0.007,0.153,0.000,0.253,0.000,0.247
1581,2403.00,3799.72,40,1.698,2048.6,self-play,2.15e-04,0.153,0.206,0.031,0.175,0.000,0.222,0.000,0.212
1582,4697.50,3778.47,9,1.699,2049.7,self-play,2.15e-04,0.241,0.160,0.064,0.150,0.000,0.187,0.000,0.198
1583,4417.50,3795.60,39,1.711,2051.3,self-play,2.15e-04,0.126,0.218,0.058,0.175,0.000,0.265,0.000,0.157
1584,2893.00,3789.01,32,1.706,2052.3,self-play,2.15e-04,0.185,0.125,0.055,0.185,0.000,0.269,0.000,0.181
1585,3070.00,3788.18,0,1.743,2053.0,self-play,2.15e-04,0.199,0.137,0.124,0.133,0.000,0.173,0.000,0.235
1586,1450.50,3760.07,63,1.756,2054.4,self-play,2.15e-04,0.180,0.131,0.157,0.091,0.000,0.246,0.000,0.194
1587,2015.50,3748.00,174,1.778,2055.0,self-play,2.15e-04,0.154,0.160,0.199,0.115,0.000,0.192,0.000,0.179
1588,3188.50,3708.53,11,1.768,2055.7,self-play,2.15e-04,0.203,0.147,0.152,0.117,0.000,0.208,0.000,0.173
1589,3703.00,3703.41,667,1.746,2056.3,self-play,2.15e-04,0.241,0.086,0.136,0.117,0.000,0.278,0.000,0.142
1590,2124.50,3642.36,0,1.736,2057.0,self-play,2.15e-04,0.200,0.125,0.188,0.167,0.000,0.158,0.000,0.163
1591,5682.50,3642.03,1361,1.672,2057.3,self-play,2.15e-04,0.391,0.127,0.100,0.136,0.000,0.109,0.000,0.136
1592,6430.50,3622.01,725,1.670,2057.8,self-play,2.15e-04,0.351,0.099,0.099,0.122,0.000,0.160,0.000,0.168
1593,4005.50,3627.08,32,1.750,2060.4,self-play,2.15e-04,0.263,0.141,0.115,0.178,0.000,0.132,0.000,0.170
1594,4097.00,3648.82,132,1.694,2061.6,self-play,2.15e-04,0.167,0.128,0.070,0.188,0.000,0.148,0.000,0.299
1595,4400.00,3667.97,648,1.696,2062.1,self-play,2.15e-04,0.262,0.093,0.082,0.093,0.000,0.115,0.000,0.355
1596,2945.00,3667.68,286,1.752,2063.0,self-play,2.15e-04,0.184,0.203,0.135,0.139,0.000,0.187,0.000,0.152
1597,2271.50,3658.28,73,1.721,2063.8,self-play,2.15e-04,0.143,0.201,0.072,0.122,0.000,0.283,0.000,0.179
1598,2926.50,3663.74,116,1.745,2064.8,self-play,2.15e-04,0.168,0.194,0.095,0.174,0.000,0.263,0.000,0.105
1599,2290.00,3654.61,245,1.727,2065.2,self-play,2.15e-04,0.105,0.202,0.056,0.258,0.000,0.331,0.000,0.048
1600,3045.00,3648.93,100,1.729,2065.7,self-play,2.08e-04,0.171,0.097,0.091,0.234,0.000,0.269,0.000,0.137
1601,3178.00,3648.14,38,1.763,2067.2,self-play,2.08e-04,0.171,0.177,0.147,0.221,0.002,0.177,0.000,0.105
1602,2764.50,3639.37,170,1.673,2067.5,self-play,2.08e-04,0.194,0.177,0.113,0.274,0.000,0.129,0.000,0.113
1603,2797.50,3632.78,0,1.667,2068.2,self-play,2.08e-04,0.169,0.216,0.102,0.310,0.000,0.106,0.000,0.098
1604,2954.00,3636.13,306,1.609,2068.5,self-play,2.08e-04,0.252,0.226,0.096,0.304,0.000,0.017,0.000,0.104
1605,4440.00,3647.99,81,1.734,2070.9,self-play,2.08e-04,0.216,0.193,0.147,0.199,0.000,0.106,0.000,0.138
1606,3216.00,3655.76,66,1.688,2071.5,self-play,2.08e-04,0.261,0.165,0.133,0.220,0.000,0.060,0.000,0.161
1607,2953.50,3623.86,0,1.709,2072.2,self-play,2.08e-04,0.226,0.203,0.189,0.203,0.000,0.057,0.000,0.123
1608,1776.50,3609.89,31,1.691,2072.7,self-play,2.08e-04,0.213,0.110,0.250,0.294,0.000,0.029,0.000,0.103
1609,2232.00,3597.24,260,1.695,2073.0,self-play,2.08e-04,0.196,0.113,0.361,0.186,0.000,0.031,0.000,0.113
1610,2403.50,3598.20,80,1.740,2073.8,self-play,2.08e-04,0.192,0.188,0.204,0.200,0.000,0.114,0.000,0.102
1611,2646.00,3534.29,342,1.742,2074.4,self-play,2.08e-04,0.207,0.157,0.194,0.203,0.000,0.092,0.000,0.147
1612,3669.50,3511.61,240,1.722,2075.1,self-play,2.08e-04,0.279,0.079,0.140,0.228,0.000,0.112,0.000,0.163
1613,2446.00,3493.53,0,1.738,2076.0,self-play,2.08e-04,0.248,0.126,0.139,0.174,0.000,0.187,0.000,0.126
1614,3230.50,3491.00,58,1.713,2076.9,self-play,2.08e-04,0.265,0.114,0.102,0.200,0.000,0.157,0.000,0.163
1615,2937.50,3420.94,0,1.762,2078.1,self-play,2.08e-04,0.246,0.163,0.121,0.210,0.000,0.128,0.000,0.132
1616,3617.50,3395.57,8,1.672,2078.9,self-play,2.08e-04,0.226,0.118,0.147,0.194,0.000,0.100,0.000,0.215
1617,4181.00,3386.12,1070,1.542,2079.2,self-play,2.08e-04,0.432,0.086,0.074,0.148,0.000,0.074,0.000,0.185
1618,1841.50,3356.33,0,1.661,2079.8,self-play,2.08e-04,0.282,0.164,0.095,0.136,0.000,0.100,0.000,0.223
1619,5133.50,3378.91,85,1.708,2080.9,self-play,2.08e-04,0.246,0.165,0.133,0.123,0.000,0.086,0.000,0.248
1620,5236.00,3372.08,1016,1.507,2081.4,self-play,2.08e-04,0.388,0.109,0.091,0.109,0.000,0.085,0.000,0.218
1621,5750.00,3387.72,716,1.522,2082.2,self-play,2.08e-04,0.410,0.108,0.068,0.129,0.000,0.088,0.000,0.197
1622,3956.00,3399.80,1092,1.113,2082.5,self-play,2.08e-04,0.681,0.087,0.000,0.130,0.000,0.000,0.000,0.101
1623,5569.00,3426.34,1585,1.455,2082.8,self-play,2.08e-04,0.352,0.232,0.008,0.184,0.000,0.056,0.000,0.168
1624,5758.50,3455.41,702,1.578,2083.6,self-play,2.08e-04,0.319,0.238,0.012,0.185,0.000,0.062,0.000,0.185
1625,3836.50,3475.70,169,1.556,2084.1,self-play,2.08e-04,0.246,0.120,0.006,0.331,0.000,0.057,0.000,0.240
1626,3562.00,3475.03,31,1.621,2085.1,self-play,2.08e-04,0.301,0.168,0.034,0.284,0.000,0.096,0.000,0.116
1627,3129.50,3438.76,355,1.567,2085.5,self-play,2.08e-04,0.283,0.177,0.009,0.345,0.000,0.027,0.000,0.159
1628,2596.50,3448.22,358,1.503,2085.7,self-play,2.08e-04,0.169,0.169,0.011,0.438,0.000,0.045,0.000,0.169
1629,4232.50,3462.53,76,1.666,2087.0,self-play,2.08e-04,0.179,0.189,0.071,0.224,0.000,0.118,0.000,0.219
1630,2334.50,3452.09,86,1.582,2087.7,self-play,2.08e-04,0.255,0.100,0.041,0.323,0.000,0.105,0.000,0.177
1631,5178.00,3481.76,0,1.653,2088.9,self-play,2.08e-04,0.160,0.111,0.053,0.352,0.000,0.123,0.000,0.201
1632,3916.50,3460.34,0,1.660,2089.6,self-play,2.08e-04,0.117,0.113,0.044,0.343,0.000,0.121,0.000,0.262
1633,3602.00,3467.83,355,1.683,2090.3,self-play,2.08e-04,0.157,0.176,0.049,0.250,0.000,0.088,0.000,0.279
1634,3270.00,3466.80,5,1.713,2091.3,self-play,2.08e-04,0.197,0.207,0.068,0.210,0.000,0.132,0.000,0.186
1635,3601.50,3472.11,362,1.743,2091.9,self-play,2.08e-04,0.200,0.159,0.053,0.235,0.000,0.135,0.000,0.218
1636,3946.50,3471.60,477,1.767,2092.9,self-play,2.08e-04,0.193,0.196,0.119,0.203,0.000,0.148,0.000,0.141
1637,8839.50,3523.14,1404,1.756,2094.8,self-play,2.08e-04,0.239,0.173,0.106,0.136,0.000,0.133,0.000,0.213
1638,3400.00,3499.91,223,1.765,2095.7,self-play,2.08e-04,0.208,0.132,0.248,0.149,0.000,0.116,0.000,0.149
1639,2844.50,3487.36,420,1.761,2096.0,self-play,2.08e-04,0.165,0.275,0.110,0.138,0.000,0.128,0.000,0.183
1640,4280.50,3485.97,650,1.764,2096.5,self-play,2.08e-04,0.205,0.139,0.163,0.175,0.000,0.145,0.000,0.175
1641,2731.50,3457.09,150,1.727,2096.8,self-play,2.08e-04,0.149,0.160,0.117,0.128,0.000,0.149,0.000,0.298
1642,3248.50,3459.82,111,1.713,2097.3,self-play,2.08e-04,0.169,0.136,0.169,0.110,0.000,0.149,0.000,0.266
1643,4437.50,3466.07,232,1.673,2098.2,self-play,2.08e-04,0.130,0.146,0.162,0.097,0.000,0.182,0.000,0.283
1644,4932.50,3492.93,47,1.727,2099.7,self-play,2.08e-04,0.137,0.151,0.119,0.131,0.000,0.237,0.000,0.225
1645,3395.50,3487.07,47,1.676,2100.8,self-play,2.08e-04,0.085,0.146,0.108,0.122,0.000,0.230,0.000,0.310
1646,3316.50,3484.19,6,1.722,2102.3,self-play,2.08e-04,0.148,0.191,0.095,0.122,0.000,0.199,0.000,0.245
1647,3998.50,3474.73,450,1.638,2102.7,self-play,2.08e-04,0.111,0.127,0.056,0.198,0.000,0.167,0.000,0.341
1648,2826.50,3469.93,278,1.613,2103.3,self-play,2.08e-04,0.082,0.221,0.087,0.154,0.000,0.091,0.000,0.365
1649,2047.00,3453.47,70,1.576,2103.7,self-play,2.08e-04,0.058,0.307,0.095,0.117,0.000,0.109,0.000,0.314
1650,2760.00,3460.85,32,1.698,2104.8,self-play,2.08e-04,0.113,0.237,0.130,0.103,0.000,0.140,0.000,0.277
1651,5812.50,3503.38,554,1.737,2106.7,self-play,2.08e-04,0.227,0.170,0.090,0.146,0.000,0.141,0.000,0.225
1652,7332.50,3561.48,1002,1.746,2108.6,self-play,2.08e-04,0.200,0.158,0.109,0.165,0.000,0.149,0.000,0.218
1653,2595.50,3571.76,47,1.728,2109.2,self-play,2.08e-04,0.155,0.187,0.109,0.166,0.000,0.171,0.000,0.212
1654,2296.00,3543.59,77,1.714,2109.8,self-play,2.08e-04,0.226,0.137,0.108,0.104,0.000,0.179,0.000,0.245
1655,4504.00,3577.74,149,1.735,2110.4,self-play,2.08e-04,0.213,0.147,0.124,0.102,0.000,0.200,0.000,0.213
1656,5872.00,3604.16,26,1.725,2111.4,self-play,2.08e-04,0.253,0.169,0.098,0.090,0.000,0.205,0.000,0.185
1657,3384.50,3611.55,269,1.708,2112.1,self-play,2.08e-04,0.250,0.181,0.147,0.059,0.000,0.118,0.000,0.245
1658,6010.50,3650.89,542,1.706,2113.2,self-play,2.08e-04,0.208,0.185,0.144,0.058,0.000,0.153,0.000,0.252
1659,3497.00,3647.53,659,1.675,2113.5,self-play,2.08e-04,0.114,0.237,0.088,0.079,0.000,0.219,0.000,0.263
1660,4643.00,3660.53,645,1.689,2114.2,self-play,2.08e-04,0.143,0.226,0.079,0.052,0.000,0.214,0.000,0.286
1661,4962.00,3680.09,31,1.684,2115.1,self-play,2.08e-04,0.204,0.214,0.072,0.097,0.000,0.195,0.000,0.217
1662,2915.00,3683.22,212,1.696,2115.5,self-play,2.08e-04,0.186,0.250,0.057,0.093,0.000,0.229,0.000,0.186
1663,3528.50,3683.25,87,1.680,2116.1,self-play,2.08e-04,0.308,0.139,0.120,0.053,0.000,0.197,0.000,0.183
1664,4626.50,3680.71,52,1.705,2118.3,self-play,2.08e-04,0.283,0.125,0.133,0.113,0.000,0.162,0.000,0.184
1665,3103.00,3686.70,138,1.567,2118.9,self-play,2.08e-04,0.438,0.095,0.136,0.083,0.000,0.178,0.000,0.071
1666,1837.00,3672.14,0,1.388,2119.4,self-play,2.08e-04,0.062,0.012,0.370,0.228,0.000,0.309,0.000,0.019
1667,2086.00,3627.99,0,1.428,2120.3,self-play,2.08e-04,0.082,0.024,0.300,0.158,0.000,0.415,0.000,0.021
1668,1094.50,3612.51,0,1.541,2121.0,self-play,2.08e-04,0.137,0.059,0.285,0.164,0.000,0.309,0.000,0.047
1669,4304.50,3607.74,117,1.688,2123.0,self-play,2.08e-04,0.152,0.057,0.257,0.209,0.000,0.273,0.000,0.051
1670,2882.50,3565.76,195,1.579,2123.5,self-play,2.08e-04,0.244,0.071,0.286,0.143,0.000,0.190,0.000,0.065
1671,1839.00,3559.61,100,1.626,2124.1,self-play,2.08e-04,0.233,0.074,0.391,0.084,0.000,0.144,0.000,0.074
1672,1548.50,3534.72,57,1.688,2124.5,self-play,2.08e-04,0.203,0.142,0.311,0.115,0.000,0.135,0.000,0.095
1673,4575.50,3539.34,34,1.731,2125.8,self-play,2.08e-04,0.278,0.174,0.183,0.108,0.000,0.149,0.000,0.108
1674,1944.50,3510.83,73,1.741,2126.4,self-play,2.08e-04,0.169,0.239,0.189,0.085,0.000,0.154,0.000,0.164
1675,3548.00,3515.53,13,1.771,2127.3,self-play,2.08e-04,0.198,0.149,0.192,0.127,0.000,0.152,0.000,0.183
1676,4400.00,3543.70,792,1.777,2128.1,self-play,2.08e-04,0.201,0.173,0.158,0.116,0.000,0.183,0.000,0.169
1677,2839.00,3544.61,481,1.773,2128.6,self-play,2.08e-04,0.253,0.192,0.148,0.148,0.000,0.159,0.000,0.099
1678,1093.00,3537.86,65,1.779,2129.1,self-play,2.08e-04,0.192,0.218,0.124,0.166,0.000,0.197,0.000,0.104
1679,3830.50,3552.78,0,1.763,2130.5,self-play,2.08e-04,0.208,0.130,0.130,0.193,0.000,0.243,0.000,0.097
1680,5028.50,3569.43,36,1.757,2132.4,self-play,2.08e-04,0.259,0.121,0.143,0.161,0.000,0.148,0.000,0.169
1681,4579.00,3591.18,745,1.715,2132.9,self-play,2.08e-04,0.275,0.144,0.150,0.124,0.000,0.105,0.000,0.203
1682,8365.50,3627.86,1634,1.714,2134.6,self-play,2.08e-04,0.268,0.200,0.069,0.117,0.000,0.132,0.000,0.214
1683,9608.50,3679.78,1237,1.759,2136.0,self-play,2.08e-04,0.223,0.145,0.096,0.115,0.000,0.191,0.000,0.230
1684,2173.50,3672.58,132,1.722,2136.6,self-play,2.08e-04,0.191,0.119,0.103,0.222,0.000,0.180,0.000,0.186
1685,2078.50,3662.66,104,1.721,2137.1,self-play,2.08e-04,0.188,0.194,0.067,0.182,0.000,0.200,0.000,0.170
1686,2718.50,3675.34,0,1.764,2137.9,self-play,2.08e-04,0.210,0.190,0.102,0.128,0.000,0.223,0.000,0.148
1687,4308.00,3698.27,63,1.738,2138.6,self-play,2.08e-04,0.207,0.224,0.095,0.137,0.000,0.174,0.000,0.162
1688,3403.50,3700.42,227,1.750,2140.1,self-play,2.08e-04,0.248,0.261,0.097,0.128,0.000,0.135,0.000,0.130
1689,3363.50,3697.03,507,1.682,2140.9,self-play,2.08e-04,0.200,0.286,0.162,0.100,0.000,0.105,0.000,0.148
1690,3148.00,3707.26,50,1.737,2142.0,self-play,2.08e-04,0.170,0.310,0.154,0.067,0.000,0.164,0.000,0.135
1691,2886.00,3679.30,387,1.702,2142.4,self-play,2.08e-04,0.221,0.303,0.090,0.090,0.000,0.197,0.000,0.098
1692,2560.50,3640.59,428,1.665,2142.7,self-play,2.08e-04,0.259,0.304,0.098,0.107,0.000,0.134,0.000,0.098
1693,4358.50,3644.12,51,1.684,2143.6,self-play,2.08e-04,0.238,0.301,0.122,0.091,0.000,0.189,0.000,0.059
1694,1863.50,3621.79,0,1.732,2144.3,self-play,2.08e-04,0.173,0.272,0.173,0.154,0.000,0.189,0.000,0.039
1695,1610.50,3593.89,18,1.728,2144.9,self-play,2.08e-04,0.178,0.188,0.213,0.144,0.000,0.198,0.000,0.079
1696,1424.50,3578.69,0,1.724,2145.5,self-play,2.08e-04,0.170,0.197,0.211,0.108,0.000,0.260,0.000,0.054
1697,12653.50,3682.51,2975,1.477,2148.7,self-play,2.08e-04,0.296,0.192,0.151,0.108,0.000,0.184,0.000,0.069
1698,1506.50,3668.31,201,1.378,2149.2,self-play,2.08e-04,0.320,0.000,0.254,0.000,0.000,0.282,0.000,0.144
1699,7839.50,3723.80,1366,1.354,2150.8,self-play,2.08e-04,0.284,0.002,0.191,0.000,0.000,0.256,0.000,0.267
1700,8602.00,3779.38,1546,1.358,2153.1,self-play,2.02e-04,0.295,0.000,0.179,0.000,0.000,0.294,0.000,0.233
1701,6058.00,3808.18,1187,1.088,2153.6,self-play,2.02e-04,0.278,0.000,0.060,0.000,0.000,0.371,0.000,0.291
1702,4746.50,3827.99,4,1.023,2154.7,self-play,2.02e-04,0.089,0.003,0.022,0.000,0.000,0.607,0.000,0.280
1703,2342.00,3823.44,68,1.057,2155.7,self-play,2.02e-04,0.105,0.000,0.046,0.000,0.000,0.646,0.000,0.203
1704,3538.00,3829.28,387,1.037,2156.0,self-play,2.02e-04,0.143,0.000,0.038,0.000,0.000,0.629,0.000,0.190
1705,4654.50,3831.43,570,1.283,2157.1,self-play,2.02e-04,0.213,0.000,0.095,0.000,0.000,0.487,0.000,0.205
1706,2601.50,3825.28,70,1.227,2157.4,self-play,2.02e-04,0.174,0.000,0.202,0.000,0.000,0.468,0.000,0.156
1707,3657.00,3832.32,8,1.348,2158.5,self-play,2.02e-04,0.159,0.003,0.162,0.000,0.000,0.480,0.000,0.197
1708,4523.50,3859.78,795,1.342,2159.0,self-play,2.02e-04,0.204,0.000,0.186,0.000,0.000,0.341,0.000,0.269
1709,4594.50,3883.41,442,1.340,2159.8,self-play,2.02e-04,0.158,0.011,0.217,0.000,0.000,0.320,0.000,0.294
1710,2558.00,3884.95,158,1.356,2160.2,self-play,2.02e-04,0.157,0.000,0.268,0.000,0.000,0.333,0.000,0.242
1711,4614.50,3904.64,107,1.373,2160.8,self-play,2.02e-04,0.193,0.000,0.222,0.000,0.000,0.329,0.000,0.256
1712,4329.50,3911.24,1022,1.360,2161.2,self-play,2.02e-04,0.280,0.000,0.184,0.000,0.000,0.296,0.000,0.240
1713,2317.00,3909.95,49,1.401,2162.1,self-play,2.02e-04,0.205,0.006,0.253,0.000,0.000,0.267,0.000,0.270
1714,2683.50,3904.48,96,1.392,2162.8,self-play,2.02e-04,0.243,0.000,0.171,0.000,0.000,0.351,0.000,0.235
1715,4452.00,3919.62,12,1.441,2164.0,self-play,2.02e-04,0.268,0.014,0.191,0.000,0.000,0.254,0.000,0.273
1716,1771.00,3901.16,561,1.196,2164.2,self-play,2.02e-04,0.614,0.000,0.068,0.000,0.000,0.205,0.000,0.114
1717,4057.00,3899.92,1090,1.357,2164.4,self-play,2.02e-04,0.284,0.000,0.179,0.000,0.000,0.274,0.000,0.263
1718,3974.00,3921.24,0,1.430,2165.2,self-play,2.02e-04,0.240,0.011,0.206,0.000,0.000,0.313,0.000,0.229
1719,3100.00,3900.91,333,1.407,2165.6,self-play,2.02e-04,0.181,0.013,0.277,0.000,0.000,0.316,0.000,0.213
1720,3785.50,3886.41,758,1.393,2166.0,self-play,2.02e-04,0.179,0.030,0.269,0.000,0.000,0.299,0.000,0.224
1721,3008.50,3858.99,10,1.464,2166.8,self-play,2.02e-04,0.149,0.047,0.264,0.000,0.000,0.304,0.000,0.236
1722,2470.00,3844.13,174,1.438,2167.1,self-play,2.02e-04,0.212,0.018,0.230,0.000,0.000,0.319,0.000,0.221
1723,2448.00,3812.92,53,1.466,2167.7,self-play,2.02e-04,0.210,0.049,0.288,0.000,0.000,0.293,0.000,0.161
1724,5798.00,3813.32,57,1.532,2169.5,self-play,2.02e-04,0.220,0.067,0.216,0.001,0.000,0.231,0.000,0.264
1725,4383.00,3818.78,607,1.508,2170.0,self-play,2.02e-04,0.227,0.066,0.202,0.000,0.000,0.273,0.000,0.232
1726,2719.50,3810.36,692,1.463,2170.3,self-play,2.02e-04,0.071,0.082,0.165,0.000,0.000,0.412,0.000,0.271
1727,2469.50,3803.76,274,1.447,2170.7,self-play,2.02e-04,0.060,0.083,0.218,0.000,0.000,0.338,0.000,0.301
1728,3433.50,3812.12,0,1.519,2171.6,self-play,2.02e-04,0.120,0.096,0.190,0.000,0.000,0.289,0.000,0.304
1729,1879.50,3788.59,28,1.487,2172.0,self-play,2.02e-04,0.105,0.135,0.158,0.000,0.000,0.263,0.000,0.338
1730,6250.00,3827.75,683,1.460,2172.9,self-play,2.02e-04,0.154,0.114,0.083,0.000,0.000,0.194,0.000,0.456
1731,3429.50,3810.26,0,1.549,2173.9,self-play,2.02e-04,0.180,0.119,0.172,0.000,0.000,0.114,0.000,0.415
1732,3060.50,3801.70,35,1.531,2174.4,self-play,2.02e-04,0.138,0.170,0.145,0.000,0.000,0.214,0.000,0.333
1733,3209.50,3797.78,845,1.466,2174.6,self-play,2.02e-04,0.163,0.225,0.062,0.000,0.000,0.425,0.000,0.125
1734,5916.50,3824.24,835,1.569,2175.8,self-play,2.02e-04,0.205,0.205,0.130,0.000,0.000,0.307,0.000,0.153
1735,6842.00,3856.65,640,1.586,2177.6,self-play,2.02e-04,0.219,0.196,0.155,0.000,0.000,0.266,0.000,0.163
1736,3795.50,3855.14,32,1.562,2178.4,self-play,2.02e-04,0.257,0.188,0.144,0.000,0.000,0.250,0.000,0.161
1737,3662.00,3803.36,92,1.577,2179.1,self-play,2.02e-04,0.224,0.228,0.154,0.000,0.000,0.184,0.000,0.210
1738,1869.00,3788.05,83,1.579,2179.7,self-play,2.02e-04,0.207,0.179,0.211,0.000,0.000,0.175,0.000,0.228
1739,3936.50,3798.97,0,1.576,2180.2,self-play,2.02e-04,0.339,0.130,0.130,0.000,0.000,0.181,0.000,0.220
1740,4561.00,3801.78,637,1.558,2180.7,self-play,2.02e-04,0.286,0.179,0.137,0.000,0.000,0.137,0.000,0.262
1741,3116.50,3805.63,65,1.581,2182.1,self-play,2.02e-04,0.274,0.177,0.184,0.000,0.000,0.170,0.000,0.195
1742,9609.50,3869.24,1830,1.508,2183.1,self-play,2.02e-04,0.302,0.165,0.105,0.000,0.000,0.140,0.000,0.289
1743,5417.00,3879.03,29,1.500,2184.3,self-play,2.02e-04,0.290,0.087,0.245,0.000,0.000,0.091,0.000,0.287
1744,4057.50,3870.28,0,1.540,2184.9,self-play,2.02e-04,0.263,0.120,0.207,0.000,0.000,0.155,0.000,0.255
1745,4309.50,3879.43,109,1.553,2185.5,self-play,2.02e-04,0.224,0.100,0.199,0.000,0.000,0.149,0.000,0.328
1746,5194.00,3898.20,1131,1.552,2185.8,self-play,2.02e-04,0.212,0.144,0.195,0.000,0.000,0.169,0.000,0.280
1747,3543.50,3893.65,0,1.586,2186.9,self-play,2.02e-04,0.145,0.204,0.202,0.000,0.000,0.180,0.000,0.268
1748,2997.50,3895.36,173,1.511,2187.5,self-play,2.02e-04,0.152,0.287,0.152,0.000,0.000,0.139,0.000,0.270
1749,3446.50,3909.36,17,1.546,2188.7,self-play,2.02e-04,0.170,0.165,0.194,0.000,0.000,0.100,0.000,0.371
1750,5083.50,3932.59,49,1.501,2189.5,self-play,2.02e-04,0.222,0.197,0.116,0.000,0.000,0.103,0.000,0.362
1751,6037.00,3934.84,1736,1.479,2189.9,self-play,2.02e-04,0.208,0.217,0.083,0.000,0.000,0.108,0.000,0.383
1752,3548.50,3896.99,54,1.552,2190.7,self-play,2.02e-04,0.206,0.203,0.145,0.000,0.000,0.145,0.000,0.300
1753,4400.00,3915.04,20,1.549,2191.5,self-play,2.02e-04,0.240,0.159,0.142,0.000,0.000,0.149,0.000,0.311
1754,2757.50,3919.66,149,1.248,2191.8,self-play,2.02e-04,0.425,0.183,0.150,0.000,0.000,0.083,0.000,0.158
1755,2716.50,3901.78,100,1.344,2192.3,self-play,2.02e-04,0.443,0.127,0.142,0.000,0.000,0.203,0.000,0.085
1756,3004.50,3873.11,206,1.343,2192.9,self-play,2.02e-04,0.387,0.111,0.196,0.000,0.000,0.255,0.000,0.051
1757,3534.50,3874.61,650,1.367,2193.3,self-play,2.02e-04,0.405,0.092,0.190,0.000,0.000,0.248,0.000,0.065
1758,3465.00,3849.15,0,1.480,2193.9,self-play,2.02e-04,0.333,0.123,0.242,0.000,0.000,0.228,0.000,0.073
1759,3293.50,3847.11,0,1.484,2194.3,self-play,2.02e-04,0.264,0.143,0.164,0.000,0.000,0.357,0.000,0.071
1760,3939.50,3840.08,83,1.545,2195.4,self-play,2.02e-04,0.271,0.192,0.177,0.000,0.000,0.246,0.000,0.114
1761,2394.00,3814.40,201,1.442,2195.8,self-play,2.02e-04,0.116,0.094,0.304,0.000,0.000,0.384,0.000,0.101
1762,2805.50,3813.30,61,1.378,2196.2,self-play,2.02e-04,0.088,0.066,0.368,0.000,0.000,0.287,0.000,0.191
1763,1658.00,3794.60,12,1.525,2197.1,self-play,2.02e-04,0.127,0.097,0.279,0.000,0.000,0.303,0.000,0.194
1764,5094.50,3799.28,5,1.554,2198.2,self-play,2.02e-04,0.125,0.129,0.235,0.000,0.000,0.246,0.000,0.265
1765,2145.50,3789.70,0,1.533,2199.0,self-play,2.02e-04,0.083,0.283,0.287,0.000,0.000,0.174,0.000,0.174
1766,2122.00,3792.55,0,1.534,2199.5,self-play,2.02e-04,0.098,0.196,0.340,0.000,0.000,0.149,0.000,0.216
1767,3107.50,3802.77,34,1.531,2200.0,self-play,2.02e-04,0.183,0.153,0.332,0.000,0.000,0.134,0.000,0.198
1768,7671.50,3868.54,0,1.539,2201.4,self-play,2.02e-04,0.197,0.135,0.283,0.002,0.000,0.137,0.000,0.245
1769,3336.50,3858.86,0,1.527,2202.4,self-play,2.02e-04,0.194,0.101,0.255,0.000,0.000,0.133,0.000,0.318
1770,3836.00,3868.39,3,1.477,2203.1,self-play,2.02e-04,0.205,0.065,0.201,0.000,0.000,0.143,0.000,0.386
1771,2718.00,3877.18,0,1.430,2203.5,self-play,2.02e-04,0.175,0.063,0.175,0.000,0.000,0.159,0.000,0.429
1772,8189.50,3943.59,1065,1.532,2205.2,self-play,2.02e-04,0.235,0.125,0.189,0.000,0.000,0.110,0.000,0.341
1773,3709.50,3934.93,254,1.412,2205.4,self-play,2.02e-04,0.292,0.170,0.132,0.000,0.000,0.085,0.000,0.321
1774,4837.50,3963.86,662,1.491,2206.0,self-play,2.02e-04,0.209,0.112,0.243,0.000,0.000,0.097,0.000,0.340
1775,2260.00,3950.99,35,1.530,2206.6,self-play,2.02e-04,0.229,0.091,0.281,0.000,0.000,0.117,0.000,0.281
1776,5204.00,3959.03,6,1.543,2207.9,self-play,2.02e-04,0.266,0.128,0.215,0.000,0.000,0.151,0.000,0.239
1777,2446.50,3955.10,42,1.442,2208.4,self-play,2.02e-04,0.282,0.094,0.254,0.000,0.000,0.182,0.000,0.188
1778,5011.00,3994.28,668,1.425,2209.1,self-play,2.02e-04,0.411,0.056,0.226,0.000,0.000,0.111,0.000,0.195
1779,4343.00,3999.41,17,1.476,2210.3,self-play,2.02e-04,0.372,0.081,0.194,0.000,0.000,0.136,0.000,0.217
1780,6279.00,4011.91,1514,1.205,2211.1,self-play,2.02e-04,0.460,0.076,0.090,0.000,0.000,0.215,0.000,0.159
1781,1765.50,3983.78,69,0.626,2211.5,self-play,2.02e-04,0.054,0.075,0.027,0.000,0.000,0.837,0.000,0.007
1782,2322.00,3923.34,131,0.752,2211.9,self-play,2.02e-04,0.065,0.058,0.014,0.000,0.000,0.862,0.000,0.000
1783,2765.50,3854.91,0,1.116,2212.4,self-play,2.02e-04,0.156,0.146,0.049,0.000,0.000,0.649,0.000,0.000
1784,2890.50,3862.08,529,1.314,2213.0,self-play,2.02e-04,0.211,0.228,0.110,0.000,0.000,0.418,0.000,0.034
1785,3632.00,3877.61,0,1.424,2213.8,self-play,2.02e-04,0.260,0.266,0.125,0.000,0.000,0.330,0.000,0.019
1786,1530.00,3865.73,60,1.453,2214.3,self-play,2.02e-04,0.140,0.326,0.140,0.000,0.000,0.332,0.000,0.062
1787,4635.00,3869.00,427,1.477,2214.9,self-play,2.02e-04,0.246,0.218,0.095,0.000,0.000,0.337,0.000,0.103
1788,2773.50,3862.70,0,1.531,2215.3,self-play,2.02e-04,0.350,0.161,0.088,0.000,0.000,0.241,0.000,0.161
1789,5437.00,3883.43,560,1.567,2216.7,self-play,2.02e-04,0.356,0.179,0.111,0.000,0.000,0.206,0.000,0.148
1790,2469.00,3876.64,13,1.562,2217.4,self-play,2.02e-04,0.230,0.209,0.117,0.000,0.000,0.234,0.000,0.209
1791,3117.00,3878.95,0,1.531,2217.7,self-play,2.02e-04,0.271,0.203,0.110,0.000,0.000,0.153,0.000,0.263
1792,1967.00,3873.02,17,1.563,2218.5,self-play,2.02e-04,0.231,0.269,0.111,0.000,0.000,0.155,0.000,0.234
1793,6648.00,3895.91,961,1.573,2219.8,self-play,2.02e-04,0.300,0.219,0.101,0.000,0.000,0.136,0.000,0.244
1794,5703.00,3934.31,1354,1.583,2220.1,self-play,2.02e-04,0.286,0.118,0.168,0.000,0.000,0.126,0.000,0.303
1795,3381.00,3952.01,0,1.550,2220.9,self-play,2.02e-04,0.268,0.167,0.157,0.000,0.000,0.217,0.000,0.191
1796,3639.50,3974.16,0,1.552,2221.9,self-play,2.02e-04,0.211,0.213,0.216,0.000,0.000,0.274,0.000,0.087
1797,5280.50,3900.43,368,1.573,2223.4,self-play,2.02e-04,0.243,0.185,0.199,0.000,0.000,0.238,0.000,0.134
1798,2136.50,3906.74,0,1.519,2223.7,self-play,2.02e-04,0.186,0.347,0.169,0.000,0.000,0.229,0.000,0.068
1799,2071.00,3849.05,0,1.545,2224.3,self-play,2.02e-04,0.147,0.265,0.255,0.000,0.000,0.162,0.000,0.172
1800,2635.00,3789.38,0,1.552,2224.8,self-play,1.96e-04,0.195,0.316,0.260,0.000,0.000,0.121,0.000,0.107
1801,3304.00,3761.84,76,1.556,2225.3,self-play,1.96e-04,0.228,0.221,0.255,0.000,0.000,0.117,0.000,0.179
1802,1755.00,3731.93,0,1.563,2225.6,self-play,1.96e-04,0.165,0.303,0.193,0.000,0.000,0.083,0.000,0.257
1803,3445.00,3742.95,0,1.589,2226.1,self-play,1.96e-04,0.247,0.221,0.216,0.000,0.000,0.105,0.000,0.211
1804,4956.50,3757.14,0,1.590,2227.0,self-play,1.96e-04,0.234,0.179,0.208,0.000,0.000,0.157,0.000,0.222
1805,3373.00,3744.32,644,1.582,2227.7,self-play,1.96e-04,0.300,0.216,0.164,0.000,0.000,0.139,0.000,0.181
1806,2164.00,3739.95,0,1.595,2228.4,self-play,1.96e-04,0.237,0.195,0.191,0.000,0.000,0.163,0.000,0.214
1807,12078.00,3824.16,2201,1.575,2230.5,self-play,1.96e-04,0.296,0.152,0.181,0.001,0.000,0.136,0.000,0.234
1808,5477.00,3833.70,34,1.584,2231.4,self-play,1.96e-04,0.283,0.146,0.196,0.000,0.000,0.148,0.000,0.227
1809,3435.50,3822.11,181,1.579,2231.8,self-play,1.96e-04,0.239,0.214,0.189,0.000,0.000,0.145,0.000,0.214
1810,4298.50,3839.51,695,1.585,2232.3,self-play,1.96e-04,0.216,0.174,0.174,0.000,0.000,0.184,0.000,0.253
1811,3657.00,3829.93,9,1.590,2232.9,self-play,1.96e-04,0.225,0.142,0.188,0.000,0.000,0.242,0.000,0.204
1812,3521.00,3821.85,125,1.563,2233.3,self-play,1.96e-04,0.292,0.153,0.139,0.000,0.000,0.248,0.000,0.168
1813,4939.50,3848.07,20,1.567,2234.5,self-play,1.96e-04,0.277,0.178,0.152,0.000,0.000,0.184,0.000,0.209
1814,7253.50,3893.78,1188,1.541,2235.4,self-play,1.96e-04,0.262,0.175,0.120,0.000,0.000,0.191,0.000,0.252
1815,5709.50,3906.35,821,1.518,2236.1,self-play,1.96e-04,0.306,0.089,0.144,0.000,0.000,0.323,0.000,0.137
1816,4268.00,3931.32,0,1.588,2237.2,self-play,1.96e-04,0.266,0.159,0.187,0.000,0.000,0.220,0.000,0.168
1817,4887.00,3939.62,7,1.573,2238.5,self-play,1.96e-04,0.202,0.198,0.158,0.000,0.000,0.190,0.000,0.251
1818,2721.50,3927.09,0,1.412,2239.0,self-play,1.96e-04,0.202,0.260,0.231,0.000,0.000,0.075,0.000,0.231
1819,3717.00,3933.26,0,1.043,2239.3,self-play,1.96e-04,0.172,0.569,0.069,0.000,0.000,0.052,0.000,0.138
1820,3230.50,3927.72,0,1.544,2240.8,self-play,1.96e-04,0.158,0.348,0.168,0.000,0.000,0.118,0.000,0.208
1821,5942.00,3957.05,497,1.466,2241.7,self-play,1.96e-04,0.222,0.352,0.112,0.000,0.000,0.083,0.000,0.231
1822,4760.50,3979.95,0,1.564,2242.8,self-play,1.96e-04,0.218,0.271,0.183,0.000,0.000,0.090,0.000,0.237
1823,3441.00,3989.89,310,1.467,2243.1,self-play,1.96e-04,0.368,0.233,0.098,0.000,0.000,0.113,0.000,0.188
1824,2950.00,3961.41,0,1.488,2243.9,self-play,1.96e-04,0.412,0.228,0.190,0.000,0.000,0.061,0.000,0.109
1825,8342.50,4001.00,1614,1.432,2245.0,self-play,1.96e-04,0.422,0.167,0.165,0.000,0.000,0.095,0.000,0.151
1826,4703.50,4020.84,1183,1.298,2245.2,self-play,1.96e-04,0.537,0.116,0.116,0.000,0.000,0.074,0.000,0.158
1827,3076.50,4026.91,22,1.506,2246.0,self-play,1.96e-04,0.417,0.148,0.131,0.000,0.000,0.085,0.000,0.219
1828,2806.00,4020.64,0,1.486,2246.3,self-play,1.96e-04,0.242,0.233,0.167,0.000,0.000,0.100,0.000,0.258
1829,3974.50,4041.59,22,1.524,2246.8,self-play,1.96e-04,0.269,0.236,0.115,0.000,0.000,0.099,0.000,0.280
1830,5912.50,4038.21,463,1.543,2247.6,self-play,1.96e-04,0.321,0.218,0.113,0.000,0.000,0.109,0.000,0.239
1831,2350.50,4027.42,0,1.565,2248.1,self-play,1.96e-04,0.288,0.215,0.162,0.000,0.000,0.188,0.000,0.147
1832,3798.00,4034.80,134,1.562,2248.5,self-play,1.96e-04,0.318,0.156,0.162,0.000,0.000,0.195,0.000,0.169
1833,2853.00,4031.23,0,1.544,2249.0,self-play,1.96e-04,0.262,0.214,0.166,0.000,0.000,0.225,0.000,0.134
1834,4518.50,4017.25,786,1.550,2249.6,self-play,1.96e-04,0.276,0.171,0.211,0.000,0.000,0.224,0.000,0.118
1835,6434.50,4013.18,296,1.566,2251.1,self-play,1.96e-04,0.255,0.155,0.230,0.000,0.000,0.223,0.000,0.136
1836,2429.00,3999.51,0,1.551,2251.6,self-play,1.96e-04,0.201,0.265,0.127,0.000,0.000,0.254,0.000,0.153
1837,3011.50,3993.01,31,1.568,2252.3,self-play,1.96e-04,0.188,0.212,0.163,0.000,0.000,0.212,0.000,0.226
1838,3947.00,4013.78,55,1.534,2252.8,self-play,1.96e-04,0.190,0.266,0.054,0.000,0.000,0.342,0.000,0.147
1839,4126.50,4015.68,109,1.570,2253.6,self-play,1.96e-04,0.184,0.235,0.142,0.000,0.000,0.294,0.000,0.145
1840,2346.50,3993.54,0,1.554,2254.1,self-play,1.96e-04,0.178,0.236,0.167,0.000,0.000,0.195,0.000,0.224
1841,2568.00,3988.05,0,1.548,2254.8,self-play,1.96e-04,0.168,0.241,0.099,0.000,0.000,0.310,0.000,0.182
1842,3302.00,3924.98,255,1.578,2255.2,self-play,1.96e-04,0.263,0.233,0.143,0.000,0.000,0.173,0.000,0.188
1843,4713.00,3917.94,530,1.576,2255.5,self-play,1.96e-04,0.202,0.129,0.185,0.000,0.000,0.161,0.000,0.323
1844,2847.50,3905.84,0,1.572,2256.1,self-play,1.96e-04,0.122,0.176,0.192,0.000,0.000,0.192,0.000,0.318
1845,2778.50,3890.53,1,1.577,2256.8,self-play,1.96e-04,0.179,0.255,0.148,0.000,0.000,0.175,0.000,0.243
1846,3479.50,3873.39,81,1.564,2257.2,self-play,1.96e-04,0.125,0.233,0.153,0.000,0.000,0.233,0.000,0.256
1847,2945.00,3867.40,71,1.585,2257.8,self-play,1.96e-04,0.152,0.247,0.147,0.000,0.000,0.264,0.000,0.190
1848,2807.50,3865.50,42,1.589,2258.3,self-play,1.96e-04,0.199,0.105,0.221,0.000,0.000,0.166,0.000,0.309
1849,4478.50,3875.82,30,1.576,2259.4,self-play,1.96e-04,0.267,0.135,0.189,0.000,0.000,0.189,0.000,0.219
1850,3999.00,3864.97,0,1.543,2260.3,self-play,1.96e-04,0.161,0.125,0.197,0.000,0.000,0.152,0.000,0.364
1851,2495.00,3829.55,62,1.538,2260.9,self-play,1.96e-04,0.255,0.197,0.126,0.000,0.000,0.192,0.000,0.230
1852,4452.50,3838.59,0,1.492,2261.4,self-play,1.96e-04,0.250,0.170,0.057,0.000,0.000,0.114,0.000,0.409
1853,2569.50,3820.29,0,1.549,2261.7,self-play,1.96e-04,0.212,0.133,0.124,0.000,0.000,0.150,0.000,0.381
1854,5434.00,3847.05,232,1.593,2262.8,self-play,1.96e-04,0.235,0.173,0.133,0.002,0.000,0.195,0.000,0.263
1855,4410.50,3863.99,521,1.582,2263.7,self-play,1.96e-04,0.164,0.186,0.158,0.000,0.000,0.199,0.000,0.293
1856,2345.00,3857.40,440,1.565,2263.9,self-play,1.96e-04,0.235,0.176,0.200,0.000,0.000,0.235,0.000,0.153
1857,3082.50,3852.88,13,1.588,2264.8,self-play,1.96e-04,0.235,0.134,0.259,0.000,0.000,0.186,0.000,0.186
1858,6112.50,3879.36,689,1.581,2265.4,self-play,1.96e-04,0.271,0.174,0.182,0.000,0.000,0.186,0.000,0.186
1859,5007.50,3896.49,659,1.555,2266.0,self-play,1.96e-04,0.267,0.113,0.294,0.000,0.000,0.086,0.000,0.240
1860,5359.00,3910.69,800,1.568,2267.0,self-play,1.96e-04,0.251,0.102,0.265,0.002,0.000,0.173,0.000,0.207
1861,4068.50,3927.43,0,1.576,2268.2,self-play,1.96e-04,0.187,0.143,0.270,0.000,0.000,0.157,0.000,0.244
1862,2902.00,3928.40,541,1.566,2268.4,self-play,1.96e-04,0.242,0.168,0.232,0.000,0.000,0.126,0.000,0.232
1863,1995.50,3931.78,22,1.555,2269.1,self-play,1.96e-04,0.210,0.103,0.290,0.000,0.000,0.198,0.000,0.198
1864,8103.00,3961.86,1602,1.525,2269.9,self-play,1.96e-04,0.301,0.107,0.176,0.000,0.000,0.149,0.000,0.268
1865,6015.00,4000.55,664,1.470,2270.7,self-play,1.96e-04,0.269,0.099,0.109,0.000,0.000,0.218,0.000,0.306
1866,6421.50,4043.55,1124,1.500,2271.5,self-play,1.96e-04,0.360,0.046,0.127,0.000,0.000,0.201,0.000,0.265
1867,3765.50,4050.13,0,1.550,2272.2,self-play,1.96e-04,0.271,0.130,0.171,0.000,0.000,0.230,0.000,0.197
1868,3601.50,4009.43,288,1.528,2272.8,self-play,1.96e-04,0.302,0.101,0.161,0.000,0.000,0.226,0.000,0.210
1869,3484.50,4010.91,283,1.487,2273.3,self-play,1.96e-04,0.331,0.063,0.217,0.000,0.000,0.257,0.000,0.131
1870,5203.50,4024.59,742,1.547,2274.0,self-play,1.96e-04,0.352,0.116,0.165,0.000,0.000,0.144,0.000,0.222
1871,5633.50,4053.74,914,1.574,2274.9,self-play,1.96e-04,0.358,0.142,0.167,0.000,0.000,0.107,0.000,0.227
1872,2895.50,4000.80,32,1.578,2275.8,self-play,1.96e-04,0.253,0.142,0.253,0.000,0.000,0.151,0.000,0.201
1873,2044.50,3984.15,208,1.554,2276.2,self-play,1.96e-04,0.374,0.173,0.129,0.000,0.000,0.151,0.000,0.173
1874,8229.50,4018.07,1108,1.590,2277.7,self-play,1.96e-04,0.247,0.161,0.162,0.002,0.000,0.135,0.000,0.294
1875,2641.50,4021.89,208,1.564,2278.1,self-play,1.96e-04,0.231,0.141,0.256,0.000,0.000,0.096,0.000,0.276
1876,5039.50,4020.24,0,1.577,2279.5,self-play,1.96e-04,0.201,0.163,0.197,0.000,0.000,0.150,0.000,0.289
1877,8745.00,4083.22,1361,1.578,2281.3,self-play,1.96e-04,0.277,0.151,0.169,0.000,0.000,0.159,0.000,0.244
1878,2696.00,4060.07,388,1.421,2281.5,self-play,1.96e-04,0.437,0.080,0.195,0.000,0.000,0.092,0.000,0.195
1879,2354.50,4040.19,8,1.521,2282.4,self-play,1.96e-04,0.281,0.200,0.264,0.000,0.000,0.104,0.000,0.151
1880,3197.50,4009.38,192,1.513,2283.1,self-play,1.96e-04,0.331,0.157,0.256,0.000,0.000,0.106,0.000,0.150
1881,2349.50,4015.22,0,1.478,2283.4,self-play,1.96e-04,0.307,0.204,0.219,0.000,0.000,0.124,0.000,0.146
1882,3024.00,4022.24,0,1.490,2283.9,self-play,1.96e-04,0.403,0.080,0.250,0.000,0.000,0.119,0.000,0.148
1883,3245.00,4027.03,21,1.533,2284.5,self-play,1.96e-04,0.349,0.122,0.196,0.000,0.000,0.133,0.000,0.200
1884,4113.00,4039.26,0,1.563,2285.1,self-play,1.96e-04,0.333,0.167,0.104,0.000,0.000,0.189,0.000,0.207
1885,7603.50,4078.97,1440,1.574,2286.2,self-play,1.96e-04,0.296,0.169,0.159,0.000,0.000,0.177,0.000,0.199
1886,2760.50,4091.28,173,1.582,2286.9,self-play,1.96e-04,0.242,0.145,0.197,0.000,0.000,0.227,0.000,0.190
1887,4246.00,4087.39,718,1.517,2287.2,self-play,1.96e-04,0.302,0.241,0.112,0.000,0.000,0.164,0.000,0.181
1888,2811.50,4087.76,140,1.591,2287.7,self-play,1.96e-04,0.238,0.184,0.165,0.000,0.000,0.155,0.000,0.257
1889,2965.00,4063.05,31,1.579,2288.3,self-play,1.96e-04,0.250,0.164,0.207,0.000,0.000,0.190,0.000,0.190
1890,2104.50,4059.40,0,1.582,2289.0,self-play,1.96e-04,0.208,0.172,0.226,0.000,0.000,0.176,0.000,0.219
1891,3650.00,4064.73,0,1.578,2290.3,self-play,1.96e-04,0.275,0.129,0.219,0.002,0.000,0.193,0.000,0.182
1892,2883.50,4073.89,439,1.497,2290.5,self-play,1.96e-04,0.333,0.182,0.152,0.000,0.000,0.162,0.000,0.172
1893,2446.50,4031.88,4,1.516,2291.4,self-play,1.96e-04,0.190,0.080,0.267,0.000,0.000,0.312,0.000,0.151
1894,4483.50,4019.68,63,1.555,2292.2,self-play,1.96e-04,0.236,0.092,0.250,0.000,0.000,0.267,0.000,0.154
1895,4465.00,4030.53,660,1.583,2293.0,self-play,1.96e-04,0.330,0.117,0.162,0.000,0.000,0.165,0.000,0.227
1896,3884.00,4032.97,0,1.587,2293.8,self-play,1.96e-04,0.274,0.159,0.198,0.000,0.000,0.226,0.000,0.143
1897,2017.00,4000.34,0,1.581,2294.3,self-play,1.96e-04,0.201,0.159,0.311,0.000,0.000,0.177,0.000,0.152
1898,5231.00,4031.28,0,1.589,2296.3,self-play,1.96e-04,0.178,0.162,0.230,0.001,0.000,0.187,0.000,0.242
1899,4586.50,4056.43,45,1.487,2297.3,self-play,1.96e-04,0.177,0.123,0.195,0.003,0.000,0.167,0.000,0.336
1900,4426.50,4074.35,4,1.504,2298.0,self-play,1.90e-04,0.196,0.081,0.189,0.000,0.000,0.168,0.000,0.365
1901,3033.00,4071.64,0,1.352,2298.5,self-play,1.90e-04,0.136,0.129,0.152,0.000,0.000,0.136,0.000,0.447
1902,10376.50,4157.85,1670,1.395,2299.8,self-play,1.90e-04,0.094,0.148,0.100,0.000,0.000,0.201,0.000,0.458
1903,2690.00,4150.31,294,1.309,2300.2,self-play,1.90e-04,0.023,0.200,0.077,0.000,0.000,0.315,0.000,0.385
1904,2567.00,4126.41,0,1.310,2300.6,self-play,1.90e-04,0.079,0.086,0.079,0.000,0.000,0.393,0.000,0.364
1905,2860.00,4121.28,105,1.418,2301.0,self-play,1.90e-04,0.041,0.071,0.201,0.000,0.000,0.385,0.000,0.302
1906,4281.00,4142.45,0,1.556,2301.8,self-play,1.90e-04,0.121,0.108,0.153,0.000,0.000,0.395,0.000,0.223
1907,1699.50,4038.66,155,1.538,2302.3,self-play,1.90e-04,0.124,0.130,0.192,0.000,0.000,0.299,0.000,0.254
1908,3657.00,4020.47,0,1.553,2303.4,self-play,1.90e-04,0.146,0.181,0.155,0.000,0.000,0.322,0.000,0.196
1909,2458.00,4010.69,71,1.551,2304.1,self-play,1.90e-04,0.158,0.250,0.242,0.000,0.000,0.235,0.000,0.115
1910,1417.50,3981.88,60,1.570,2304.9,self-play,1.90e-04,0.113,0.326,0.177,0.000,0.000,0.220,0.000,0.163
1911,2944.50,3974.76,46,1.578,2305.6,self-play,1.90e-04,0.119,0.215,0.177,0.000,0.000,0.231,0.000,0.258
1912,3791.50,3977.46,43,1.556,2306.2,self-play,1.90e-04,0.190,0.266,0.147,0.000,0.000,0.163,0.000,0.234
1913,2187.00,3949.93,0,1.556,2306.6,self-play,1.90e-04,0.200,0.283,0.110,0.000,0.000,0.159,0.000,0.248
1914,3034.00,3907.74,72,1.571,2307.2,self-play,1.90e-04,0.244,0.163,0.109,0.000,0.000,0.226,0.000,0.258
1915,2023.50,3870.88,61,1.585,2307.8,self-play,1.90e-04,0.242,0.182,0.174,0.000,0.000,0.229,0.000,0.174
1916,4710.00,3875.30,351,1.581,2308.6,self-play,1.90e-04,0.237,0.189,0.155,0.000,0.000,0.240,0.000,0.180
1917,4142.50,3867.86,56,1.578,2309.3,self-play,1.90e-04,0.305,0.161,0.168,0.000,0.000,0.200,0.000,0.165
1918,2984.50,3870.49,0,1.566,2309.8,self-play,1.90e-04,0.265,0.216,0.099,0.000,0.000,0.160,0.000,0.259
1919,5087.00,3884.18,258,1.553,2310.5,self-play,1.90e-04,0.270,0.154,0.108,0.000,0.000,0.259,0.000,0.208
1920,6981.00,3921.69,1009,1.568,2311.3,self-play,1.90e-04,0.291,0.209,0.127,0.000,0.000,0.231,0.000,0.142
1921,3050.50,3892.78,218,1.550,2311.7,self-play,1.90e-04,0.271,0.271,0.186,0.000,0.000,0.136,0.000,0.136
1922,2718.50,3872.36,0,1.581,2312.5,self-play,1.90e-04,0.277,0.165,0.271,0.000,0.000,0.162,0.000,0.124
1923,2500.50,3862.95,2,1.587,2313.7,self-play,1.90e-04,0.237,0.196,0.176,0.002,0.000,0.198,0.000,0.191
1924,5929.00,3892.74,646,1.573,2314.8,self-play,1.90e-04,0.288,0.165,0.158,0.000,0.000,0.229,0.000,0.158
1925,2949.50,3838.81,0,1.592,2315.7,self-play,1.90e-04,0.230,0.206,0.174,0.000,0.000,0.203,0.000,0.186
1926,3143.50,3823.21,721,1.587,2316.0,self-play,1.90e-04,0.208,0.238,0.146,0.000,0.000,0.254,0.000,0.154
1927,1390.50,3806.35,18,1.536,2316.9,self-play,1.90e-04,0.282,0.175,0.181,0.000,0.000,0.214,0.000,0.149
1928,5276.50,3831.05,254,1.569,2317.7,self-play,1.90e-04,0.362,0.242,0.154,0.000,0.000,0.097,0.000,0.145
1929,3254.00,3823.85,38,1.588,2318.4,self-play,1.90e-04,0.249,0.201,0.235,0.000,0.000,0.174,0.000,0.140
1930,4016.00,3804.89,27,1.575,2319.3,self-play,1.90e-04,0.247,0.213,0.198,0.000,0.000,0.161,0.000,0.181
1931,2737.00,3808.75,0,1.462,2319.8,self-play,1.90e-04,0.190,0.342,0.133,0.000,0.000,0.146,0.000,0.190
1932,3121.50,3801.99,164,1.405,2320.1,self-play,1.90e-04,0.318,0.355,0.091,0.000,0.000,0.073,0.000,0.164
1933,5726.00,3830.72,739,1.515,2321.2,self-play,1.90e-04,0.300,0.226,0.154,0.002,0.000,0.114,0.000,0.204
1934,4150.50,3827.03,70,1.470,2321.7,self-play,1.90e-04,0.297,0.256,0.133,0.000,0.000,0.036,0.000,0.277
1935,4219.00,3804.88,55,1.480,2322.5,self-play,1.90e-04,0.319,0.245,0.124,0.000,0.000,0.053,0.000,0.259
1936,2288.00,3803.47,0,1.369,2323.0,self-play,1.90e-04,0.217,0.286,0.131,0.000,0.000,0.046,0.000,0.320
1937,2092.00,3794.28,0,1.252,2323.5,self-play,1.90e-04,0.070,0.312,0.194,0.000,0.000,0.032,0.000,0.392
1938,3463.50,3789.44,35,1.316,2324.3,self-play,1.90e-04,0.047,0.334,0.218,0.000,0.000,0.038,0.000,0.363
1939,7153.00,3819.70,0,1.554,2326.6,self-play,1.90e-04,0.132,0.174,0.190,0.005,0.000,0.146,0.000,0.353
1940,5111.50,3847.36,0,1.407,2327.7,self-play,1.90e-04,0.085,0.342,0.118,0.000,0.000,0.111,0.000,0.344
1941,2625.00,3847.93,0,1.438,2328.5,self-play,1.90e-04,0.050,0.271,0.148,0.000,0.000,0.230,0.000,0.300
1942,2656.50,3841.47,274,1.341,2328.8,self-play,1.90e-04,0.063,0.045,0.252,0.000,0.000,0.405,0.000,0.234
1943,2796.00,3822.30,0,1.449,2329.4,self-play,1.90e-04,0.112,0.112,0.225,0.000,0.000,0.237,0.000,0.313
1944,4931.50,3843.14,11,1.496,2330.6,self-play,1.90e-04,0.142,0.091,0.235,0.000,0.000,0.216,0.000,0.315
1945,2897.50,3844.33,171,1.527,2331.4,self-play,1.90e-04,0.154,0.096,0.280,0.000,0.000,0.222,0.000,0.249
1946,1632.00,3825.86,0,1.523,2331.8,self-play,1.90e-04,0.123,0.099,0.234,0.000,0.000,0.228,0.000,0.316
1947,2451.00,3820.91,151,1.509,2332.2,self-play,1.90e-04,0.102,0.088,0.279,0.000,0.000,0.184,0.000,0.347
1948,2697.00,3819.81,47,1.542,2332.8,self-play,1.90e-04,0.142,0.093,0.251,0.000,0.000,0.194,0.000,0.320
1949,4159.00,3816.61,654,1.575,2334.3,self-play,1.90e-04,0.218,0.179,0.155,0.000,0.000,0.211,0.000,0.237
1950,2913.00,3805.76,528,1.587,2334.7,self-play,1.90e-04,0.199,0.164,0.192,0.000,0.000,0.130,0.000,0.315
1951,3371.50,3814.52,0,1.577,2335.3,self-play,1.90e-04,0.236,0.194,0.225,0.000,0.000,0.209,0.000,0.136
1952,1928.00,3789.28,18,1.589,2335.9,self-play,1.90e-04,0.181,0.221,0.217,0.000,0.000,0.193,0.000,0.189
1953,2793.00,3791.51,73,1.567,2336.4,self-play,1.90e-04,0.153,0.153,0.164,0.000,0.000,0.260,0.000,0.271
1954,3951.50,3776.68,990,1.547,2336.8,self-play,1.90e-04,0.110,0.123,0.164,0.000,0.000,0.260,0.000,0.342
1955,4111.00,3773.69,0,1.531,2337.4,self-play,1.90e-04,0.156,0.114,0.173,0.000,0.000,0.228,0.000,0.329
1956,3167.00,3781.91,33,1.554,2337.9,self-play,1.90e-04,0.093,0.129,0.155,0.000,0.000,0.227,0.000,0.397
1957,3885.00,3789.93,589,1.571,2338.3,self-play,1.90e-04,0.226,0.192,0.123,0.000,0.000,0.164,0.000,0.295
1958,2063.50,3749.45,42,1.587,2338.6,self-play,1.90e-04,0.165,0.194,0.194,0.000,0.000,0.214,0.000,0.233
1959,9725.00,3796.62,1062,1.581,2341.2,self-play,1.90e-04,0.229,0.144,0.196,0.003,0.000,0.250,0.000,0.178
1960,1853.50,3761.57,0,1.532,2341.9,self-play,1.90e-04,0.193,0.238,0.193,0.000,0.000,0.115,0.000,0.260
1961,1740.00,3738.28,192,1.497,2342.2,self-play,1.90e-04,0.043,0.287,0.217,0.000,0.000,0.183,0.000,0.270
1962,2398.50,3733.24,0,1.546,2343.0,self-play,1.90e-04,0.100,0.260,0.183,0.000,0.000,0.147,0.000,0.310
1963,1737.00,3730.66,54,1.439,2343.6,self-play,1.90e-04,0.061,0.264,0.281,0.000,0.000,0.100,0.000,0.294
1964,4600.50,3695.64,768,1.498,2344.7,self-play,1.90e-04,0.097,0.150,0.339,0.000,0.000,0.116,0.000,0.298
1965,1465.50,3650.14,27,1.233,2345.2,self-play,1.90e-04,0.039,0.078,0.561,0.000,0.000,0.111,0.000,0.211
1966,2028.00,3606.20,154,1.448,2345.6,self-play,1.90e-04,0.073,0.073,0.517,0.000,0.000,0.225,0.000,0.113
1967,5857.00,3627.12,717,1.580,2346.8,self-play,1.90e-04,0.152,0.163,0.242,0.000,0.000,0.260,0.000,0.183
1968,1548.00,3606.59,91,1.580,2347.1,self-play,1.90e-04,0.149,0.175,0.307,0.000,0.000,0.228,0.000,0.140
1969,2340.50,3595.14,179,1.574,2347.9,self-play,1.90e-04,0.144,0.115,0.340,0.000,0.000,0.196,0.000,0.205
1970,2687.00,3569.98,0,1.594,2348.7,self-play,1.90e-04,0.168,0.191,0.240,0.000,0.000,0.188,0.000,0.214
1971,2075.50,3534.40,0,1.562,2349.0,self-play,1.90e-04,0.162,0.228,0.301,0.000,0.000,0.169,0.000,0.140
1972,2764.00,3533.09,27,1.543,2349.8,self-play,1.90e-04,0.156,0.236,0.274,0.000,0.000,0.240,0.000,0.094
1973,4621.00,3558.85,143,1.525,2350.6,self-play,1.90e-04,0.199,0.172,0.291,0.000,0.000,0.235,0.000,0.103
1974,4904.50,3525.60,15,1.542,2351.7,self-play,1.90e-04,0.282,0.200,0.245,0.000,0.000,0.167,0.000,0.106
1975,2977.00,3528.95,0,1.564,2352.4,self-play,1.90e-04,0.266,0.231,0.241,0.000,0.000,0.136,0.000,0.126
1976,1591.50,3494.47,9,1.571,2352.9,self-play,1.90e-04,0.180,0.240,0.156,0.000,0.000,0.222,0.000,0.204
1977,5510.50,3462.13,33,1.571,2354.0,self-play,1.90e-04,0.281,0.215,0.170,0.000,0.000,0.160,0.000,0.175
1978,2229.50,3457.47,0,1.568,2354.8,self-play,1.90e-04,0.205,0.281,0.212,0.000,0.000,0.172,0.000,0.129
1979,3046.50,3464.39,0,1.582,2355.7,self-play,1.90e-04,0.184,0.304,0.241,0.000,0.000,0.144,0.000,0.126
1980,1694.00,3449.35,66,1.565,2356.2,self-play,1.90e-04,0.079,0.307,0.243,0.000,0.000,0.221,0.000,0.150
1981,1750.00,3443.36,8,1.533,2356.6,self-play,1.90e-04,0.115,0.242,0.280,0.000,0.000,0.229,0.000,0.134
1982,2546.50,3438.58,0,1.560,2357.2,self-play,1.90e-04,0.143,0.172,0.303,0.000,0.000,0.256,0.000,0.126
1983,3358.00,3439.71,123,1.591,2357.5,self-play,1.90e-04,0.256,0.162,0.162,0.000,0.000,0.214,0.000,0.205
1984,2981.50,3428.39,13,1.584,2358.2,self-play,1.90e-04,0.185,0.112,0.219,0.000,0.000,0.250,0.000,0.235
1985,2230.50,3374.66,66,1.495,2358.7,self-play,1.90e-04,0.232,0.128,0.322,0.000,0.000,0.109,0.000,0.209
1986,5518.00,3402.24,1169,1.464,2359.3,self-play,1.90e-04,0.292,0.074,0.193,0.000,0.000,0.084,0.000,0.356
1987,3137.50,3391.16,223,1.437,2359.7,self-play,1.90e-04,0.343,0.081,0.279,0.000,0.000,0.064,0.000,0.233
1988,2677.50,3389.82,0,1.462,2360.3,self-play,1.90e-04,0.408,0.075,0.194,0.000,0.000,0.075,0.000,0.249
1989,4131.00,3401.47,1195,1.382,2360.5,self-play,1.90e-04,0.476,0.060,0.155,0.000,0.000,0.143,0.000,0.167
1990,8528.50,3465.72,2721,1.440,2361.1,self-play,1.90e-04,0.472,0.101,0.170,0.000,0.000,0.142,0.000,0.115
1991,6210.00,3491.32,1616,1.398,2361.4,self-play,1.90e-04,0.463,0.083,0.240,0.000,0.000,0.182,0.000,0.033
1992,5744.00,3519.92,651,1.513,2362.9,self-play,1.90e-04,0.297,0.130,0.261,0.002,0.000,0.200,0.000,0.111
1993,2845.50,3523.91,0,1.480,2363.4,self-play,1.90e-04,0.319,0.143,0.248,0.000,0.000,0.243,0.000,0.048
1994,3595.50,3515.03,0,1.524,2363.9,self-play,1.90e-04,0.298,0.071,0.303,0.000,0.000,0.222,0.000,0.106
1995,4983.00,3520.21,265,1.580,2364.8,self-play,1.90e-04,0.244,0.104,0.277,0.000,0.000,0.180,0.000,0.195
1996,3872.00,3520.09,734,1.570,2365.3,self-play,1.90e-04,0.231,0.151,0.255,0.000,0.000,0.184,0.000,0.179
1997,4593.50,3545.86,0,1.516,2365.8,self-play,1.90e-04,0.310,0.120,0.125,0.000,0.000,0.234,0.000,0.212
1998,4400.50,3537.55,487,1.411,2366.0,self-play,1.90e-04,0.385,0.077,0.064,0.000,0.000,0.231,0.000,0.244
1999,4159.00,3533.28,35,1.558,2366.7,self-play,1.90e-04,0.244,0.098,0.169,0.000,0.000,0.222,0.000,0.267
2000,5279.50,3541.80,562,1.484,2367.5,self-play,1.84e-04,0.244,0.092,0.095,0.000,0.000,0.230,0.000,0.339
2001,1977.00,1977.00,38,1.332,0.5,greedy,3.00e-04,0.219,0.149,0.175,0.000,0.000,0.298,0.000,0.158
2002,4728.00,3352.50,592,1.269,1.3,greedy,3.00e-04,0.237,0.093,0.117,0.000,0.000,0.512,0.000,0.041
2003,5107.50,3937.50,757,1.490,2.8,greedy,3.00e-04,0.237,0.097,0.120,0.000,0.000,0.401,0.000,0.145
2004,2737.00,3637.38,189,1.470,4.2,greedy,3.00e-04,0.193,0.081,0.162,0.000,0.000,0.460,0.000,0.103
2005,2060.00,3321.90,30,1.394,4.7,greedy,3.00e-04,0.196,0.037,0.256,0.000,0.000,0.425,0.000,0.087
2006,4165.50,3462.50,323,1.398,5.0,greedy,3.00e-04,0.300,0.109,0.164,0.000,0.000,0.355,0.000,0.073
2007,1441.00,3173.71,53,1.520,5.5,greedy,3.00e-04,0.219,0.088,0.247,0.000,0.000,0.302,0.000,0.144
2008,4911.50,3390.94,1147,1.476,5.8,greedy,3.00e-04,0.439,0.061,0.171,0.000,0.000,0.171,0.000,0.159
2009,2906.00,3337.06,0,1.467,6.0,greedy,3.00e-04,0.320,0.140,0.220,0.000,0.000,0.200,0.000,0.120
2010,3994.50,3402.80,972,1.549,6.4,greedy,3.00e-04,0.369,0.164,0.131,0.000,0.000,0.189,0.000,0.148
2011,5973.50,3636.50,678,1.566,7.2,greedy,3.00e-04,0.232,0.106,0.212,0.000,0.000,0.249,0.000,0.201
2012,3214.50,3601.33,96,1.578,7.8,greedy,3.00e-04,0.273,0.123,0.191,0.000,0.000,0.218,0.000,0.195
2013,5536.50,3750.19,0,1.562,9.0,greedy,3.00e-04,0.270,0.109,0.218,0.002,0.000,0.154,0.000,0.247
2014,6340.50,3935.21,1098,1.522,9.9,greedy,3.00e-04,0.348,0.130,0.213,0.000,0.000,0.105,0.000,0.204
2015,2996.50,3872.63,0,1.501,10.5,greedy,3.00e-04,0.365,0.079,0.302,0.000,0.000,0.079,0.000,0.175
2016,2586.50,3792.25,20,1.529,11.3,greedy,3.00e-04,0.323,0.111,0.199,0.000,0.000,0.145,0.000,0.222
2017,4062.50,3808.15,688,1.494,11.9,greedy,3.00e-04,0.322,0.103,0.174,0.000,0.000,0.169,0.000,0.231
2018,7574.50,4017.39,2122,1.524,13.1,greedy,3.00e-04,0.368,0.103,0.167,0.000,0.000,0.145,0.000,0.217
2019,3729.50,4002.24,813,1.555,13.7,greedy,3.00e-04,0.244,0.120,0.148,0.000,0.000,0.177,0.000,0.311
2020,17968.50,4700.55,3988,1.548,16.1,greedy,3.00e-04,0.324,0.162,0.135,0.001,0.000,0.168,0.000,0.209
2021,3334.50,4635.50,0,1.487,16.7,greedy,3.00e-04,0.362,0.086,0.154,0.000,0.000,0.186,0.000,0.213
2022,5665.50,4682.32,1313,1.407,17.2,greedy,3.00e-04,0.440,0.038,0.103,0.000,0.000,0.190,0.000,0.228
2023,3172.00,4616.65,0,1.354,17.7,greedy,3.00e-04,0.429,0.033,0.201,0.000,0.000,0.136,0.000,0.201
2024,3200.00,4557.62,0,1.337,18.2,greedy,3.00e-04,0.411,0.031,0.239,0.000,0.000,0.129,0.000,0.190
2025,6706.00,4643.56,1494,1.487,19.2,greedy,3.00e-04,0.341,0.046,0.194,0.000,0.000,0.171,0.000,0.249
2026,999.00,4503.38,0,0.814,19.3,greedy,3.00e-04,0.943,0.029,0.029,0.000,0.000,0.000,0.000,0.000
2027,3566.50,4468.69,489,1.464,19.6,greedy,3.00e-04,0.350,0.100,0.175,0.000,0.000,0.183,0.000,0.192
2028,2978.50,4415.46,133,1.517,20.1,greedy,3.00e-04,0.271,0.072,0.289,0.000,0.000,0.169,0.000,0.199
2029,9160.00,4579.07,1855,1.536,22.7,greedy,3.00e-04,0.253,0.107,0.188,0.000,0.000,0.204,0.000,0.248
2030,2655.50,4514.95,0,1.309,23.4,greedy,3.00e-04,0.160,0.080,0.466,0.000,0.000,0.117,0.000,0.178
2031,4050.00,4499.95,0,1.445,24.5,greedy,3.00e-04,0.167,0.068,0.414,0.000,0.000,0.053,0.000,0.298
2032,1573.00,4408.48,0,1.471,25.4,greedy,3.00e-04,0.167,0.125,0.425,0.000,0.000,0.086,0.000,0.197
2033,4217.00,4402.68,23,1.526,26.3,greedy,3.00e-04,0.149,0.126,0.391,0.000,0.000,0.134,0.000,0.201
2034,3164.00,4366.25,0,1.545,27.0,greedy,3.00e-04,0.189,0.144,0.345,0.000,0.000,0.095,0.000,0.227
2035,2677.00,4317.99,515,1.371,27.4,greedy,3.00e-04,0.085,0.185,0.200,0.000,0.000,0.108,0.000,0.423
2036,5767.50,4358.25,360,1.500,28.5,greedy,3.00e-04,0.160,0.096,0.170,0.000,0.000,0.188,0.000,0.385
2037,2889.50,4318.55,171,1.389,28.9,greedy,3.00e-04,0.090,0.180,0.138,0.000,0.000,0.156,0.000,0.437
2038,4565.00,4325.04,0,1.436,29.2,greedy,3.00e-04,0.130,0.073,0.211,0.000,0.000,0.106,0.000,0.480
2039,2214.00,4270.91,0,1.494,29.6,greedy,3.00e-04,0.107,0.153,0.233,0.000,0.000,0.067,0.000,0.440
2040,8656.50,4380.55,1044,1.569,31.4,greedy,3.00e-04,0.230,0.196,0.166,0.000,0.000,0.135,0.000,0.273
2041,11127.50,4545.11,1947,1.541,33.2,greedy,3.00e-04,0.251,0.179,0.153,0.000,0.000,0.148,0.000,0.269
2042,17349.50,4849.98,3182,1.548,37.1,greedy,3.00e-04,0.238,0.140,0.188,0.000,0.000,0.176,0.000,0.258
2043,933.00,4758.88,32,1.471,37.6,greedy,3.00e-04,0.086,0.204,0.296,0.000,0.000,0.145,0.000,0.269
2044,3015.50,4719.26,6,1.470,38.6,greedy,3.00e-04,0.100,0.070,0.219,0.000,0.000,0.289,0.000,0.323
2045,4063.00,4704.68,305,1.357,39.3,greedy,3.00e-04,0.179,0.090,0.295,0.000,0.000,0.299,0.000,0.138
2046,2862.50,4664.63,0,1.340,40.1,greedy,3.00e-04,0.154,0.075,0.438,0.000,0.000,0.312,0.000,0.021
2047,6033.00,4693.74,592,1.406,41.3,greedy,3.00e-04,0.248,0.095,0.317,0.000,0.000,0.311,0.000,0.028
2048,4955.00,4699.19,0,1.442,42.1,greedy,3.00e-04,0.304,0.231,0.214,0.000,0.000,0.220,0.000,0.031
2049,4258.50,4690.19,0,1.511,43.3,greedy,3.00e-04,0.261,0.263,0.224,0.000,0.000,0.212,0.000,0.039
2050,1695.00,4630.29,0,1.460,43.7,greedy,3.00e-04,0.151,0.301,0.274,0.000,0.000,0.116,0.000,0.158
2051,1604.00,4570.95,0,1.329,44.3,self-play,3.00e-04,0.096,0.518,0.203,0.000,0.000,0.091,0.000,0.091
2052,2577.50,4532.62,0,1.503,45.1,self-play,3.00e-04,0.085,0.497,0.170,0.000,0.000,0.127,0.000,0.121
2053,2197.00,4488.55,0,1.529,45.8,self-play,3.00e-04,0.131,0.313,0.195,0.000,0.000,0.162,0.000,0.199
2054,3754.50,4474.95,6,1.527,46.9,self-play,3.00e-04,0.147,0.301,0.195,0.000,0.000,0.205,0.000,0.152
2055,3197.00,4451.72,0,1.557,48.2,self-play,3.00e-04,0.110,0.293,0.165,0.000,0.000,0.225,0.000,0.208
2056,3115.50,4427.86,0,1.507,48.9,self-play,3.00e-04,0.136,0.303,0.189,0.000,0.000,0.182,0.000,0.189
2057,1991.50,4385.11,5,1.505,49.6,self-play,3.00e-04,0.133,0.301,0.160,0.000,0.000,0.258,0.000,0.148
2058,5481.00,4404.01,810,1.404,50.7,self-play,3.00e-04,0.222,0.266,0.071,0.000,0.000,0.337,0.000,0.103
2059,4565.50,4406.75,0,1.409,51.5,self-play,3.00e-04,0.231,0.315,0.044,0.000,0.000,0.295,0.000,0.115
2060,2986.50,4383.07,0,1.398,51.8,self-play,3.00e-04,0.264,0.397,0.033,0.000,0.000,0.215,0.000,0.091
2061,8031.50,4442.89,1081,1.487,53.2,self-play,3.00e-04,0.290,0.260,0.062,0.002,0.000,0.254,0.000,0.132
2062,7753.50,4496.28,958,1.493,54.9,self-play,3.00e-04,0.234,0.266,0.072,0.000,0.000,0.265,0.000,0.163
2063,2865.50,4470.40,39,1.394,55.4,self-play,3.00e-04,0.220,0.409,0.038,0.000,0.000,0.210,0.000,0.124
2064,7324.50,4514.99,1884,1.455,56.4,self-play,3.00e-04,0.423,0.147,0.139,0.000,0.000,0.207,0.000,0.084
2065,1548.00,4469.35,0,1.531,57.1,self-play,3.00e-04,0.261,0.222,0.190,0.000,0.000,0.243,0.000,0.085
2066,3630.50,4456.64,64,1.532,57.7,self-play,3.00e-04,0.222,0.290,0.157,0.000,0.000,0.254,0.000,0.077
2067,3329.00,4439.81,0,1.569,58.6,self-play,3.00e-04,0.250,0.094,0.204,0.000,0.000,0.333,0.000,0.118
2068,2533.50,4411.77,0,1.569,59.0,self-play,3.00e-04,0.256,0.231,0.200,0.000,0.000,0.225,0.000,0.087
2069,4469.00,4412.60,0,1.558,59.6,self-play,3.00e-04,0.218,0.252,0.119,0.000,0.000,0.262,0.000,0.149
2070,2960.00,4391.85,14,1.571,61.0,self-play,3.00e-04,0.208,0.205,0.219,0.000,0.000,0.277,0.000,0.090
2071,4075.50,4387.39,688,1.543,62.1,self-play,3.00e-04,0.213,0.128,0.240,0.000,0.000,0.264,0.000,0.155
2072,5446.50,4402.10,1105,1.545,63.3,self-play,3.00e-04,0.286,0.153,0.159,0.000,0.000,0.266,0.000,0.136
2073,3028.00,4383.28,242,1.488,63.8,self-play,3.00e-04,0.240,0.225,0.194,0.000,0.000,0.202,0.000,0.140
2074,5167.00,4393.87,301,1.461,64.8,self-play,3.00e-04,0.206,0.071,0.144,0.000,0.000,0.503,0.000,0.076
2075,2267.00,4365.51,1,1.502,65.5,self-play,3.00e-04,0.211,0.074,0.181,0.000,0.000,0.338,0.000,0.196
2076,3232.00,4350.60,8,1.561,66.5,self-play,3.00e-04,0.292,0.090,0.160,0.000,0.000,0.292,0.000,0.166
2077,2728.50,4329.53,25,1.566,67.6,self-play,3.00e-04,0.214,0.117,0.226,0.000,0.000,0.223,0.000,0.220
2078,4553.50,4332.40,601,1.565,69.2,self-play,3.00e-04,0.260,0.130,0.177,0.000,0.000,0.245,0.000,0.188
2079,5366.50,4345.49,690,1.566,70.7,self-play,3.00e-04,0.245,0.178,0.156,0.000,0.000,0.225,0.000,0.197
2080,5773.50,4363.34,524,1.588,72.0,self-play,3.00e-04,0.212,0.134,0.148,0.000,0.000,0.207,0.000,0.299
2081,5581.50,4378.38,559,1.565,73.3,self-play,3.00e-04,0.219,0.172,0.202,0.000,0.000,0.204,0.000,0.202
2082,3193.00,4363.93,0,1.527,74.0,self-play,3.00e-04,0.214,0.260,0.128,0.000,0.000,0.173,0.000,0.224
2083,3920.50,4358.58,0,1.298,74.7,self-play,3.00e-04,0.210,0.195,0.140,0.000,0.000,0.179,0.000,0.276
2084,2530.50,4336.82,151,0.836,75.6,self-play,3.00e-04,0.033,0.053,0.076,0.000,0.000,0.803,0.000,0.036
2085,2733.50,4317.96,66,1.314,76.8,self-play,3.00e-04,0.083,0.083,0.099,0.000,0.000,0.672,0.000,0.062
2086,1450.50,4284.62,88,1.195,77.5,self-play,3.00e-04,0.075,0.094,0.150,0.000,0.000,0.613,0.000,0.068
2087,2340.00,4262.26,124,1.251,78.0,self-play,3.00e-04,0.059,0.074,0.156,0.000,0.000,0.600,0.000,0.111
2088,2710.50,4244.63,261,1.356,78.3,self-play,3.00e-04,0.060,0.188,0.171,0.000,0.000,0.479,0.000,0.103
2089,2601.00,4226.16,25,1.530,79.3,self-play,3.00e-04,0.104,0.148,0.184,0.000,0.000,0.416,0.000,0.148
2090,2656.00,4208.72,95,1.554,80.3,self-play,3.00e-04,0.203,0.176,0.203,0.000,0.000,0.277,0.000,0.141
2091,3319.00,4198.94,0,1.577,81.1,self-play,3.00e-04,0.200,0.178,0.251,0.000,0.000,0.222,0.000,0.149
2092,1747.00,4172.29,0,1.592,81.6,self-play,3.00e-04,0.144,0.263,0.256,0.000,0.000,0.169,0.000,0.169
2093,2544.00,4154.78,33,1.569,82.1,self-play,3.00e-04,0.225,0.145,0.214,0.006,0.000,0.179,0.000,0.231
2094,3232.00,4144.96,0,1.542,82.4,self-play,3.00e-04,0.248,0.104,0.248,0.000,0.000,0.152,0.000,0.248
2095,5069.50,4154.69,0,1.500,83.2,self-play,3.00e-04,0.238,0.100,0.174,0.004,0.000,0.270,0.000,0.214
2096,4961.50,4163.10,742,1.481,83.8,self-play,3.00e-04,0.368,0.121,0.130,0.000,0.000,0.277,0.000,0.104
2097,11393.00,4237.63,1757,1.574,87.7,self-play,3.00e-04,0.249,0.113,0.187,0.017,0.000,0.295,0.001,0.139
2098,5126.00,4246.70,698,1.307,88.3,self-play,3.00e-04,0.358,0.078,0.112,0.000,0.000,0.366,0.000,0.086
2099,2128.00,4225.30,26,1.223,89.0,self-play,3.00e-04,0.350,0.065,0.034,0.000,0.000,0.487,0.000,0.065
2100,10117.00,4284.22,1989,1.397,91.5,self-play,2.91e-04,0.257,0.094,0.067,0.002,0.000,0.417,0.000,0.164
2101,4430.00,4308.74,139,1.035,92.3,self-play,2.91e-04,0.141,0.049,0.035,0.000,0.000,0.718,0.000,0.056
2102,4155.50,4303.02,661,1.209,93.0,self-play,2.91e-04,0.329,0.081,0.004,0.000,0.000,0.380,0.000,0.205
2103,5102.00,4302.97,18,1.261,93.7,self-play,2.91e-04,0.155,0.159,0.008,0.000,0.000,0.506,0.000,0.172
2104,3313.50,4308.73,788,1.275,94.1,self-play,2.91e-04,0.253,0.222,0.000,0.000,0.000,0.354,0.000,0.171
2105,5237.50,4340.51,31,1.178,94.9,self-play,2.91e-04,0.200,0.042,0.004,0.000,0.000,0.428,0.000,0.326
2106,11235.50,4411.20,2045,1.293,96.4,self-play,2.91e-04,0.263,0.058,0.000,0.000,0.000,0.272,0.000,0.407
2107,4257.50,4439.37,0,1.225,96.9,self-play,2.91e-04,0.222,0.139,0.005,0.000,0.000,0.273,0.000,0.361
2108,8121.00,4471.47,1784,1.186,98.0,self-play,2.91e-04,0.189,0.045,0.000,0.000,0.000,0.446,0.000,0.320
2109,5170.50,4494.11,540,1.017,98.8,self-play,2.91e-04,0.174,0.035,0.004,0.000,0.000,0.537,0.000,0.251
2110,7120.00,4525.36,1383,1.120,99.7,self-play,2.91e-04,0.296,0.000,0.003,0.000,0.000,0.467,0.000,0.234
2111,11936.50,4584.99,2555,1.131,101.3,self-play,2.91e-04,0.320,0.002,0.007,0.000,0.000,0.363,0.000,0.307
2112,4492.50,4597.77,29,1.349,102.6,self-play,2.91e-04,0.329,0.072,0.008,0.000,0.000,0.287,0.000,0.304
2113,3934.50,4581.76,362,1.093,102.9,self-play,2.91e-04,0.372,0.035,0.000,0.000,0.000,0.349,0.000,0.244
2114,3360.00,4551.95,0,0.860,103.4,self-play,2.91e-04,0.275,0.011,0.000,0.000,0.000,0.618,0.000,0.096
2115,5939.00,4581.38,1848,0.847,103.8,self-play,2.91e-04,0.331,0.008,0.008,0.000,0.000,0.546,0.000,0.108
2116,2790.50,4583.41,181,0.844,104.6,self-play,2.91e-04,0.357,0.000,0.007,0.000,0.000,0.601,0.000,0.035
2117,4631.50,4589.10,769,1.072,105.6,self-play,2.91e-04,0.392,0.038,0.020,0.000,0.000,0.512,0.000,0.038
2118,5688.50,4570.24,673,1.389,107.8,self-play,2.91e-04,0.301,0.081,0.063,0.001,0.000,0.410,0.000,0.144
2119,1905.50,4552.01,196,0.473,108.1,self-play,2.91e-04,0.039,0.039,0.000,0.000,0.000,0.893,0.000,0.029
2120,3596.50,4408.28,547,1.158,108.4,self-play,2.91e-04,0.080,0.124,0.000,0.000,0.000,0.549,0.000,0.248
2121,3535.00,4410.29,333,1.332,109.2,self-play,2.91e-04,0.139,0.198,0.000,0.000,0.000,0.216,0.000,0.448
2122,6991.00,4423.55,1085,1.318,110.5,self-play,2.91e-04,0.234,0.127,0.002,0.000,0.000,0.280,0.000,0.357
2123,3300.50,4424.83,726,1.298,111.0,self-play,2.91e-04,0.115,0.206,0.000,0.000,0.000,0.328,0.000,0.351
2124,7397.00,4466.80,438,1.342,112.1,self-play,2.91e-04,0.226,0.207,0.005,0.000,0.000,0.192,0.000,0.371
2125,3484.00,4434.58,8,1.010,113.0,self-play,2.91e-04,0.197,0.379,0.000,0.000,0.000,0.142,0.000,0.282
2126,2872.00,4453.31,253,1.023,113.6,self-play,2.91e-04,0.116,0.330,0.000,0.000,0.000,0.056,0.000,0.498
2127,5135.50,4469.00,1383,1.129,114.0,self-play,2.91e-04,0.248,0.124,0.000,0.000,0.000,0.025,0.000,0.603
2128,11512.00,4554.34,2035,1.294,115.4,self-play,2.91e-04,0.376,0.207,0.006,0.000,0.000,0.064,0.000,0.347
2129,4702.50,4509.76,790,1.278,115.7,self-play,2.91e-04,0.369,0.246,0.000,0.000,0.000,0.066,0.000,0.320
2130,3586.00,4519.06,0,1.312,116.8,self-play,2.91e-04,0.321,0.336,0.000,0.000,0.000,0.099,0.000,0.243
2131,5316.50,4531.73,544,1.323,117.6,self-play,2.91e-04,0.368,0.303,0.000,0.000,0.000,0.094,0.000,0.235
2132,2766.50,4543.66,224,1.297,118.3,self-play,2.91e-04,0.213,0.322,0.008,0.000,0.000,0.172,0.000,0.285
2133,5627.50,4557.77,0,1.285,119.2,self-play,2.91e-04,0.181,0.396,0.003,0.000,0.000,0.133,0.000,0.287
2134,4647.50,4572.60,683,1.139,119.7,self-play,2.91e-04,0.215,0.287,0.000,0.000,0.000,0.199,0.000,0.298
2135,4702.50,4592.86,3,1.164,120.8,self-play,2.91e-04,0.101,0.441,0.002,0.000,0.000,0.028,0.000,0.427
2136,6722.00,4602.40,976,1.288,122.5,self-play,2.91e-04,0.161,0.362,0.003,0.000,0.000,0.074,0.000,0.399
2137,6817.50,4641.69,600,1.316,123.8,self-play,2.91e-04,0.170,0.328,0.002,0.000,0.000,0.118,0.000,0.382
2138,5881.50,4654.85,618,1.364,125.1,self-play,2.91e-04,0.177,0.305,0.006,0.000,0.000,0.189,0.000,0.324
2139,2924.00,4661.95,0,1.291,125.7,self-play,2.91e-04,0.163,0.197,0.000,0.000,0.000,0.250,0.000,0.389
2140,8123.50,4656.62,1261,1.281,126.6,self-play,2.91e-04,0.296,0.052,0.012,0.000,0.000,0.216,0.000,0.424
2141,6379.00,4609.14,1312,1.318,127.3,self-play,2.91e-04,0.262,0.061,0.015,0.000,0.000,0.247,0.000,0.414
2142,12039.50,4556.03,2476,1.487,129.6,self-play,2.91e-04,0.259,0.138,0.064,0.000,0.000,0.256,0.000,0.283
2143,4679.50,4593.50,372,1.411,130.0,self-play,2.91e-04,0.420,0.127,0.013,0.000,0.000,0.240,0.000,0.200
2144,5150.00,4614.85,829,1.218,130.4,self-play,2.91e-04,0.363,0.289,0.000,0.000,0.000,0.133,0.000,0.215
2145,7435.50,4648.57,1444,1.435,131.3,self-play,2.91e-04,0.376,0.248,0.021,0.000,0.000,0.153,0.000,0.202
2146,4025.50,4660.20,0,1.437,132.1,self-play,2.91e-04,0.356,0.176,0.045,0.000,0.000,0.225,0.000,0.199
2147,3330.00,4633.17,18,1.461,132.7,self-play,2.91e-04,0.171,0.216,0.029,0.000,0.000,0.314,0.000,0.269
2148,4344.50,4627.06,292,1.504,133.5,self-play,2.91e-04,0.213,0.276,0.045,0.000,0.000,0.228,0.000,0.239
2149,3753.50,4622.02,52,1.551,134.9,self-play,2.91e-04,0.139,0.160,0.111,0.000,0.000,0.298,0.000,0.292
2150,2798.50,4633.05,0,1.442,135.5,self-play,2.91e-04,0.141,0.281,0.104,0.000,0.000,0.344,0.000,0.130
2151,3624.50,4653.26,103,1.535,137.1,self-play,2.91e-04,0.180,0.304,0.135,0.000,0.000,0.284,0.000,0.098
2152,4436.50,4671.85,6,1.521,138.0,self-play,2.91e-04,0.231,0.177,0.152,0.000,0.000,0.323,0.000,0.117
2153,3999.50,4689.87,23,1.449,138.8,self-play,2.91e-04,0.235,0.349,0.042,0.000,0.000,0.277,0.000,0.098
2154,2338.00,4675.70,11,1.482,139.3,self-play,2.91e-04,0.155,0.304,0.143,0.000,0.000,0.304,0.000,0.095
2155,2693.00,4670.66,17,1.467,140.1,self-play,2.91e-04,0.219,0.286,0.063,0.000,0.000,0.336,0.000,0.096
2156,3739.00,4676.90,83,1.521,140.7,self-play,2.91e-04,0.275,0.172,0.181,0.000,0.000,0.275,0.000,0.098
2157,1913.50,4676.12,40,1.432,141.4,self-play,2.91e-04,0.123,0.201,0.302,0.000,0.000,0.325,0.000,0.049
2158,2518.50,4646.49,0,1.474,141.7,self-play,2.91e-04,0.237,0.184,0.211,0.000,0.000,0.351,0.000,0.018
2159,2456.00,4625.40,27,1.499,142.5,self-play,2.91e-04,0.171,0.259,0.178,0.000,0.000,0.304,0.000,0.087
2160,3365.50,4629.19,22,1.525,143.4,self-play,2.91e-04,0.215,0.250,0.163,0.000,0.000,0.279,0.000,0.093
2161,4087.00,4589.74,0,1.518,144.2,self-play,2.91e-04,0.205,0.288,0.186,0.000,0.000,0.242,0.000,0.080
2162,1662.50,4528.84,101,1.592,144.7,self-play,2.91e-04,0.202,0.313,0.131,0.000,0.000,0.202,0.000,0.152
2163,1831.00,4518.49,51,1.577,145.2,self-play,2.91e-04,0.259,0.253,0.149,0.000,0.000,0.184,0.000,0.155
2164,3092.00,4476.16,242,1.578,146.0,self-play,2.91e-04,0.250,0.239,0.155,0.000,0.000,0.173,0.000,0.183
2165,1493.00,4475.61,22,1.598,146.6,self-play,2.91e-04,0.171,0.196,0.196,0.000,0.000,0.229,0.000,0.208
2166,3212.50,4471.44,0,1.597,147.1,self-play,2.91e-04,0.245,0.200,0.135,0.000,0.000,0.285,0.000,0.135
2167,3512.00,4473.27,239,1.562,147.7,self-play,2.91e-04,0.235,0.117,0.158,0.000,0.000,0.276,0.000,0.214
2168,3869.50,4486.62,41,1.538,148.3,self-play,2.91e-04,0.258,0.137,0.180,0.004,0.000,0.219,0.000,0.203
2169,5205.50,4493.99,819,1.532,148.9,self-play,2.91e-04,0.360,0.062,0.152,0.000,0.000,0.194,0.000,0.232
2170,6273.50,4527.12,723,1.530,149.9,self-play,2.91e-04,0.312,0.068,0.146,0.000,0.000,0.253,0.000,0.221
2171,4251.50,4528.89,1106,1.557,150.2,self-play,2.91e-04,0.224,0.048,0.320,0.000,0.000,0.232,0.000,0.176
2172,4119.00,4515.61,0,1.578,151.1,self-play,2.91e-04,0.200,0.130,0.230,0.000,0.000,0.194,0.000,0.245
2173,2932.50,4514.65,0,1.503,151.6,self-play,2.91e-04,0.213,0.104,0.262,0.000,0.000,0.171,0.000,0.250
2174,2393.00,4486.91,39,1.473,152.1,self-play,2.91e-04,0.145,0.057,0.285,0.000,0.000,0.275,0.000,0.238
2175,3949.50,4503.74,14,1.504,153.0,self-play,2.91e-04,0.178,0.057,0.146,0.000,0.000,0.249,0.000,0.370
2176,9551.50,4566.94,1432,1.509,153.9,self-play,2.91e-04,0.292,0.102,0.132,0.000,0.000,0.215,0.000,0.258
2177,2250.50,4562.15,0,1.444,154.2,self-play,2.91e-04,0.129,0.016,0.169,0.000,0.000,0.306,0.000,0.379
2178,3547.00,4552.09,150,1.564,155.2,self-play,2.91e-04,0.178,0.074,0.186,0.000,0.000,0.231,0.000,0.332
2179,6830.00,4566.73,581,1.375,156.2,self-play,2.91e-04,0.215,0.131,0.270,0.000,0.000,0.178,0.000,0.205
2180,1504.50,4524.03,13,1.233,156.8,self-play,2.91e-04,0.039,0.009,0.470,0.000,0.000,0.142,0.000,0.341
2181,2736.00,4495.58,0,1.306,157.5,self-play,2.91e-04,0.054,0.025,0.379,0.000,0.000,0.217,0.000,0.325
2182,3630.50,4499.95,0,1.405,158.2,self-play,2.91e-04,0.164,0.014,0.304,0.000,0.000,0.182,0.000,0.336
2183,2066.00,4481.41,0,1.303,159.0,self-play,2.91e-04,0.062,0.033,0.372,0.000,0.000,0.270,0.000,0.263
2184,1407.00,4470.18,24,1.372,159.7,self-play,2.91e-04,0.056,0.099,0.440,0.000,0.000,0.127,0.000,0.278
2185,2829.50,4471.14,21,1.530,160.3,self-play,2.91e-04,0.095,0.172,0.366,0.000,0.000,0.151,0.000,0.216
2186,3013.50,4486.77,0,1.557,161.3,self-play,2.91e-04,0.170,0.144,0.256,0.000,0.000,0.206,0.000,0.225
2187,2462.00,4487.98,131,1.537,161.8,self-play,2.91e-04,0.092,0.184,0.301,0.000,0.000,0.122,0.000,0.301
2188,2915.00,4490.03,0,1.581,162.3,self-play,2.91e-04,0.099,0.193,0.374,0.000,0.000,0.175,0.000,0.158
2189,7134.50,4535.36,1026,1.610,163.8,self-play,2.91e-04,0.229,0.154,0.186,0.016,0.000,0.244,0.000,0.170
2190,3935.50,4548.16,0,1.586,164.7,self-play,2.91e-04,0.226,0.152,0.182,0.009,0.000,0.199,0.000,0.232
2191,3398.50,4548.95,15,1.546,165.6,self-play,2.91e-04,0.267,0.161,0.217,0.000,0.000,0.193,0.000,0.161
2192,4272.00,4574.20,3,1.362,166.4,self-play,2.91e-04,0.201,0.343,0.047,0.000,0.000,0.255,0.000,0.153
2193,1985.00,4568.61,76,1.324,166.9,self-play,2.91e-04,0.195,0.302,0.014,0.000,0.000,0.326,0.000,0.163
2194,6063.00,4596.93,718,1.273,167.5,self-play,2.91e-04,0.342,0.265,0.000,0.000,0.000,0.312,0.000,0.081
2195,3171.50,4577.94,108,1.252,168.1,self-play,2.91e-04,0.401,0.255,0.010,0.000,0.000,0.260,0.000,0.073
2196,4967.50,4578.01,755,1.291,168.8,self-play,2.91e-04,0.416,0.183,0.012,0.000,0.000,0.331,0.000,0.058
2197,3714.50,4501.22,0,1.357,169.7,self-play,2.91e-04,0.310,0.285,0.012,0.000,0.000,0.313,0.000,0.080
2198,3763.00,4487.59,100,1.435,170.5,self-play,2.91e-04,0.209,0.239,0.012,0.000,0.000,0.294,0.000,0.245
2199,1283.50,4479.15,0,1.154,170.8,self-play,2.91e-04,0.086,0.483,0.034,0.000,0.000,0.328,0.000,0.069
2200,2207.50,4400.05,0,1.214,171.6,self-play,2.82e-04,0.086,0.525,0.066,0.000,0.000,0.239,0.000,0.083
2201,2077.00,4376.52,0,1.284,172.2,self-play,2.82e-04,0.119,0.536,0.036,0.000,0.000,0.256,0.000,0.054
2202,1555.50,4350.52,60,1.458,172.7,self-play,2.82e-04,0.173,0.387,0.147,0.000,0.000,0.241,0.000,0.052
2203,1623.00,4315.73,0,1.472,173.5,self-play,2.82e-04,0.209,0.309,0.155,0.000,0.000,0.284,0.000,0.043
2204,3229.00,4314.89,90,1.441,174.0,self-play,2.82e-04,0.213,0.312,0.069,0.015,0.000,0.327,0.000,0.064
2205,4585.00,4308.36,0,1.524,174.8,self-play,2.82e-04,0.326,0.241,0.074,0.021,0.000,0.227,0.000,0.110
2206,2611.50,4222.12,12,1.413,175.4,self-play,2.82e-04,0.261,0.249,0.032,0.004,0.000,0.273,0.000,0.181
2207,2937.00,4208.91,22,1.396,176.1,self-play,2.82e-04,0.028,0.130,0.126,0.000,0.000,0.332,0.000,0.385
2208,3125.50,4158.96,491,1.402,176.6,self-play,2.82e-04,0.077,0.122,0.116,0.000,0.000,0.315,0.000,0.370
2209,2591.50,4133.17,236,1.490,177.2,self-play,2.82e-04,0.161,0.119,0.087,0.005,0.000,0.344,0.000,0.284
2210,4066.00,4102.63,39,1.554,178.0,self-play,2.82e-04,0.226,0.118,0.090,0.039,0.000,0.305,0.000,0.222
2211,3372.00,4016.99,230,1.558,178.4,self-play,2.82e-04,0.239,0.138,0.109,0.029,0.000,0.261,0.000,0.225
2212,2909.50,4001.16,667,1.573,178.7,self-play,2.82e-04,0.182,0.218,0.091,0.000,0.000,0.336,0.000,0.173
2213,2722.00,3989.03,455,1.607,179.2,self-play,2.82e-04,0.158,0.184,0.158,0.026,0.000,0.321,0.000,0.153
2214,3347.50,3988.91,206,1.659,180.3,self-play,2.82e-04,0.177,0.164,0.124,0.093,0.000,0.311,0.000,0.131
2215,2161.50,3951.13,0,1.652,180.7,self-play,2.82e-04,0.097,0.187,0.245,0.026,0.000,0.239,0.000,0.206
2216,2487.50,3948.10,27,1.711,181.5,self-play,2.82e-04,0.207,0.156,0.220,0.085,0.000,0.190,0.000,0.142
2217,3816.00,3939.95,65,1.671,182.5,self-play,2.82e-04,0.149,0.144,0.194,0.183,0.000,0.177,0.000,0.152
2218,1824.50,3901.30,0,1.624,183.3,self-play,2.82e-04,0.087,0.309,0.104,0.049,0.000,0.253,0.000,0.198
2219,1398.00,3896.23,42,1.627,183.7,self-play,2.82e-04,0.046,0.305,0.099,0.066,0.000,0.338,0.000,0.146
2220,2508.50,3885.35,287,1.688,184.1,self-play,2.82e-04,0.109,0.248,0.080,0.117,0.000,0.263,0.000,0.182
2221,2813.00,3878.13,17,1.679,184.9,self-play,2.82e-04,0.106,0.205,0.119,0.155,0.000,0.284,0.000,0.132
2222,2598.00,3834.20,308,1.695,185.5,self-play,2.82e-04,0.144,0.191,0.115,0.072,0.000,0.321,0.000,0.158
2223,3544.00,3836.64,17,1.662,186.9,self-play,2.82e-04,0.172,0.115,0.117,0.236,0.000,0.221,0.000,0.138
2224,3728.00,3799.95,157,1.705,187.4,self-play,2.82e-04,0.171,0.161,0.093,0.176,0.000,0.249,0.000,0.151
2225,3089.00,3795.99,0,1.730,188.7,self-play,2.82e-04,0.220,0.181,0.090,0.181,0.000,0.169,0.000,0.159
2226,6210.50,3829.38,322,1.569,189.8,self-play,2.82e-04,0.193,0.191,0.149,0.142,0.000,0.101,0.000,0.224
2227,4147.50,3819.50,54,1.490,190.7,self-play,2.82e-04,0.248,0.122,0.064,0.116,0.000,0.095,0.000,0.355
2228,3062.00,3735.00,0,1.622,191.2,self-play,2.82e-04,0.137,0.142,0.058,0.079,0.000,0.095,0.000,0.489
2229,8007.00,3768.05,1214,1.554,192.4,self-play,2.82e-04,0.233,0.107,0.107,0.101,0.000,0.124,0.000,0.328
2230,3789.00,3770.07,108,1.519,192.7,self-play,2.82e-04,0.198,0.095,0.129,0.009,0.000,0.164,0.000,0.405
2231,7922.00,3796.13,1215,1.622,194.0,self-play,2.82e-04,0.243,0.109,0.225,0.029,0.000,0.120,0.000,0.274
2232,9914.00,3867.61,2055,1.642,195.6,self-play,2.82e-04,0.230,0.111,0.166,0.068,0.000,0.164,0.000,0.262
2233,5036.00,3861.69,176,1.619,196.5,self-play,2.82e-04,0.199,0.025,0.181,0.096,0.000,0.188,0.000,0.312
2234,2666.50,3841.88,279,1.643,196.8,self-play,2.82e-04,0.122,0.191,0.139,0.052,0.000,0.243,0.000,0.252
2235,2535.50,3820.21,99,1.637,197.1,self-play,2.82e-04,0.103,0.224,0.084,0.056,0.000,0.308,0.000,0.224
2236,3735.00,3790.34,20,1.711,198.4,self-play,2.82e-04,0.247,0.077,0.190,0.074,0.000,0.245,0.000,0.166
2237,6731.50,3789.48,637,1.677,201.4,self-play,2.82e-04,0.256,0.094,0.140,0.137,0.000,0.183,0.000,0.191
2238,3658.50,3767.25,17,1.364,201.9,self-play,2.82e-04,0.107,0.086,0.128,0.000,0.000,0.160,0.000,0.519
2239,3722.00,3775.23,7,1.328,202.9,self-play,2.82e-04,0.050,0.117,0.183,0.000,0.000,0.219,0.000,0.431
2240,2163.00,3715.62,171,1.312,203.7,self-play,2.82e-04,0.013,0.130,0.214,0.000,0.000,0.247,0.000,0.395
2241,2305.00,3674.89,0,1.342,204.4,self-play,2.82e-04,0.000,0.145,0.273,0.000,0.000,0.180,0.000,0.402
2242,1907.50,3573.57,0,1.331,204.8,self-play,2.82e-04,0.000,0.164,0.191,0.000,0.000,0.230,0.000,0.414
2243,3437.50,3561.14,148,1.352,205.5,self-play,2.82e-04,0.004,0.217,0.169,0.000,0.000,0.292,0.000,0.318
2244,4414.00,3553.78,676,1.272,206.0,self-play,2.82e-04,0.005,0.236,0.062,0.000,0.000,0.379,0.000,0.318
2245,2728.50,3506.72,121,1.329,206.8,self-play,2.82e-04,0.012,0.192,0.104,0.000,0.000,0.335,0.000,0.358
2246,2010.00,3486.56,87,1.411,207.5,self-play,2.82e-04,0.014,0.232,0.136,0.000,0.000,0.368,0.000,0.250
2247,2356.50,3476.82,13,1.406,208.1,self-play,2.82e-04,0.024,0.344,0.104,0.000,0.000,0.363,0.000,0.165
2248,2659.00,3459.97,0,1.435,208.4,self-play,2.82e-04,0.017,0.250,0.225,0.000,0.000,0.317,0.000,0.192
2249,6924.50,3491.68,130,1.580,212.5,self-play,2.82e-04,0.128,0.150,0.240,0.026,0.000,0.310,0.000,0.146
2250,2015.50,3483.85,66,1.337,213.1,self-play,2.82e-04,0.104,0.184,0.199,0.000,0.000,0.403,0.000,0.109
2251,3523.50,3482.84,46,1.367,214.0,self-play,2.82e-04,0.042,0.130,0.266,0.003,0.000,0.487,0.000,0.071
2252,2018.00,3458.66,0,1.369,214.7,self-play,2.82e-04,0.036,0.152,0.321,0.000,0.000,0.371,0.000,0.121
2253,2306.00,3441.72,55,1.486,215.8,self-play,2.82e-04,0.017,0.214,0.152,0.000,0.000,0.416,0.000,0.200
2254,3734.00,3455.68,45,1.471,216.3,self-play,2.82e-04,0.098,0.171,0.151,0.000,0.000,0.341,0.000,0.239
2255,3691.50,3465.66,0,1.450,216.7,self-play,2.82e-04,0.108,0.309,0.022,0.000,0.000,0.129,0.000,0.432
2256,2486.00,3453.14,0,1.540,217.0,self-play,2.82e-04,0.180,0.216,0.072,0.000,0.000,0.189,0.000,0.342
2257,3529.50,3469.30,13,1.602,218.3,self-play,2.82e-04,0.129,0.196,0.164,0.008,0.000,0.257,0.000,0.246
2258,1771.00,3461.82,48,1.559,219.3,self-play,2.82e-04,0.149,0.214,0.133,0.000,0.000,0.293,0.000,0.211
2259,5245.00,3489.71,0,1.632,221.2,self-play,2.82e-04,0.197,0.163,0.165,0.019,0.000,0.263,0.000,0.193
2260,3713.50,3493.19,745,1.586,221.6,self-play,2.82e-04,0.269,0.135,0.109,0.000,0.000,0.282,0.000,0.205
2261,2721.00,3479.53,164,1.583,222.4,self-play,2.82e-04,0.247,0.203,0.158,0.000,0.000,0.179,0.000,0.213
2262,11061.00,3573.51,1324,1.499,224.5,self-play,2.82e-04,0.298,0.180,0.175,0.013,0.000,0.177,0.000,0.158
2263,5338.00,3608.59,601,1.412,225.5,self-play,2.82e-04,0.275,0.007,0.193,0.000,0.000,0.215,0.000,0.310
2264,4881.00,3626.47,0,1.307,226.2,self-play,2.82e-04,0.288,0.004,0.192,0.000,0.000,0.166,0.000,0.349
2265,4006.50,3651.61,0,1.361,226.7,self-play,2.82e-04,0.288,0.010,0.202,0.000,0.000,0.159,0.000,0.341
2266,3300.50,3652.49,226,1.447,227.3,self-play,2.82e-04,0.259,0.032,0.194,0.000,0.000,0.148,0.000,0.366
2267,2258.00,3639.95,47,1.412,227.6,self-play,2.82e-04,0.294,0.018,0.138,0.009,0.000,0.266,0.000,0.275
2268,2916.50,3630.42,277,1.467,228.3,self-play,2.82e-04,0.191,0.033,0.163,0.000,0.000,0.354,0.000,0.260
2269,2030.00,3598.66,153,1.514,228.9,self-play,2.82e-04,0.208,0.059,0.186,0.000,0.000,0.312,0.000,0.235
2270,3146.50,3567.39,290,1.514,229.2,self-play,2.82e-04,0.198,0.116,0.174,0.008,0.000,0.273,0.000,0.231
2271,2465.00,3549.53,0,1.525,229.5,self-play,2.82e-04,0.168,0.097,0.230,0.000,0.000,0.248,0.000,0.257
2272,3270.00,3541.04,0,1.545,230.0,self-play,2.82e-04,0.190,0.101,0.131,0.000,0.000,0.274,0.000,0.304
2273,2637.00,3538.09,0,1.540,230.3,self-play,2.82e-04,0.257,0.105,0.143,0.010,0.000,0.343,0.000,0.143
2274,4874.50,3562.90,792,1.565,231.0,self-play,2.82e-04,0.209,0.110,0.139,0.000,0.000,0.348,0.000,0.194
2275,3876.50,3562.17,675,1.517,231.3,self-play,2.82e-04,0.429,0.190,0.131,0.000,0.000,0.155,0.000,0.095
2276,3585.50,3502.51,52,1.574,231.8,self-play,2.82e-04,0.317,0.206,0.122,0.000,0.000,0.206,0.000,0.148
2277,5826.50,3538.27,698,1.565,232.8,self-play,2.82e-04,0.309,0.196,0.116,0.008,0.000,0.207,0.000,0.165
2278,3759.00,3540.39,0,1.473,233.3,self-play,2.82e-04,0.434,0.127,0.164,0.000,0.000,0.138,0.000,0.138
2279,2902.00,3501.11,19,1.589,234.0,self-play,2.82e-04,0.252,0.133,0.173,0.004,0.000,0.219,0.000,0.219
2280,9492.00,3580.99,1425,1.653,238.1,self-play,2.82e-04,0.257,0.134,0.172,0.051,0.000,0.195,0.000,0.191
2281,6039.50,3614.02,1217,1.328,238.7,self-play,2.82e-04,0.243,0.077,0.144,0.000,0.000,0.243,0.000,0.293
2282,2437.50,3602.09,4,1.103,239.5,self-play,2.82e-04,0.000,0.073,0.427,0.003,0.000,0.409,0.000,0.088
2283,1917.00,3600.60,128,1.144,240.0,self-play,2.82e-04,0.000,0.125,0.217,0.007,0.000,0.572,0.000,0.079
2284,2201.00,3608.54,277,1.180,240.3,self-play,2.82e-04,0.000,0.259,0.172,0.000,0.000,0.526,0.000,0.043
2285,1250.00,3592.74,0,1.251,240.7,self-play,2.82e-04,0.000,0.223,0.223,0.000,0.000,0.432,0.000,0.122
2286,4276.50,3605.38,0,1.321,241.9,self-play,2.82e-04,0.000,0.203,0.255,0.005,0.000,0.396,0.000,0.142
2287,2176.50,3602.52,16,1.374,242.8,self-play,2.82e-04,0.000,0.265,0.253,0.006,0.000,0.359,0.000,0.118
2288,2756.50,3600.93,9,1.321,243.4,self-play,2.82e-04,0.004,0.166,0.265,0.004,0.000,0.395,0.000,0.166
2289,1986.00,3549.45,14,1.315,244.0,self-play,2.82e-04,0.000,0.113,0.365,0.000,0.000,0.360,0.000,0.162
2290,1673.00,3526.82,91,1.367,244.5,self-play,2.82e-04,0.000,0.185,0.329,0.000,0.000,0.199,0.000,0.288
2291,1575.50,3508.59,236,1.376,244.8,self-play,2.82e-04,0.000,0.212,0.169,0.000,0.000,0.305,0.000,0.314
2292,4634.00,3512.22,8,1.401,245.8,self-play,2.82e-04,0.003,0.224,0.183,0.055,0.000,0.176,0.000,0.359
2293,3730.00,3529.66,168,1.376,246.3,self-play,2.82e-04,0.005,0.262,0.123,0.005,0.000,0.251,0.000,0.354
2294,3314.00,3502.18,7,1.488,248.0,self-play,2.82e-04,0.005,0.203,0.198,0.055,0.000,0.252,0.000,0.288
2295,1469.00,3485.15,0,1.453,249.0,self-play,2.82e-04,0.006,0.209,0.228,0.025,0.000,0.309,0.000,0.222
2296,1366.50,3449.14,0,1.412,249.4,self-play,2.82e-04,0.000,0.343,0.150,0.014,0.000,0.221,0.000,0.271
2297,5181.50,3463.81,30,1.576,251.0,self-play,2.82e-04,0.016,0.172,0.201,0.109,0.000,0.240,0.000,0.261
2298,3980.50,3465.99,0,1.481,251.8,self-play,2.82e-04,0.000,0.262,0.215,0.066,0.000,0.240,0.000,0.218
2299,2394.00,3477.09,55,1.493,252.7,self-play,2.82e-04,0.006,0.220,0.248,0.064,0.000,0.217,0.000,0.245
2300,1755.50,3472.57,298,1.469,253.2,self-play,2.74e-04,0.000,0.257,0.205,0.043,0.000,0.295,0.000,0.200
2301,1852.00,3470.32,0,1.465,253.8,self-play,2.74e-04,0.005,0.276,0.214,0.046,0.000,0.235,0.000,0.224
2302,1536.50,3470.13,84,1.459,254.4,self-play,2.74e-04,0.009,0.226,0.167,0.045,0.000,0.276,0.000,0.276
2303,2139.00,3475.29,0,1.497,254.9,self-play,2.74e-04,0.013,0.167,0.160,0.026,0.000,0.224,0.000,0.410
2304,1883.50,3461.84,0,1.551,255.5,self-play,2.74e-04,0.008,0.234,0.250,0.082,0.000,0.188,0.000,0.238
2305,2152.00,3437.51,0,1.407,256.0,self-play,2.74e-04,0.007,0.128,0.257,0.034,0.000,0.115,0.000,0.459
2306,1825.00,3429.64,10,1.592,256.9,self-play,2.74e-04,0.029,0.154,0.230,0.145,0.000,0.148,0.000,0.294
2307,1723.00,3417.50,0,1.526,257.3,self-play,2.74e-04,0.044,0.221,0.140,0.096,0.000,0.184,0.000,0.316
2308,1568.00,3401.93,0,1.479,257.7,self-play,2.74e-04,0.015,0.199,0.228,0.066,0.000,0.118,0.000,0.375
2309,2813.50,3404.14,0,1.571,258.4,self-play,2.74e-04,0.040,0.234,0.246,0.093,0.000,0.113,0.000,0.274
2310,3609.00,3399.57,17,1.439,259.0,self-play,2.74e-04,0.054,0.174,0.161,0.040,0.000,0.116,0.000,0.455
2311,2655.50,3392.41,0,1.460,259.5,self-play,2.74e-04,0.013,0.179,0.276,0.019,0.000,0.122,0.000,0.391
2312,6118.00,3424.49,0,1.625,260.6,self-play,2.74e-04,0.058,0.175,0.194,0.078,0.000,0.184,0.000,0.311
2313,2198.00,3419.26,73,1.584,261.1,self-play,2.74e-04,0.041,0.216,0.211,0.021,0.000,0.216,0.000,0.294
2314,2949.00,3415.27,0,1.666,261.6,self-play,2.74e-04,0.069,0.207,0.190,0.069,0.000,0.178,0.000,0.287
2315,3389.00,3427.55,76,1.712,262.2,self-play,2.74e-04,0.100,0.142,0.213,0.128,0.000,0.223,0.000,0.194
2316,2350.00,3426.17,79,1.727,262.8,self-play,2.74e-04,0.058,0.131,0.209,0.204,0.000,0.214,0.000,0.184
2317,1131.00,3399.32,27,1.747,263.3,self-play,2.74e-04,0.093,0.109,0.191,0.202,0.000,0.219,0.000,0.186
2318,1831.50,3399.39,0,1.711,264.1,self-play,2.74e-04,0.189,0.062,0.220,0.195,0.000,0.201,0.000,0.133
2319,3465.50,3420.07,0,1.698,264.7,self-play,2.74e-04,0.211,0.237,0.129,0.149,0.000,0.072,0.000,0.201
2320,4717.00,3442.15,148,1.679,265.5,self-play,2.74e-04,0.189,0.195,0.172,0.189,0.000,0.047,0.000,0.209
2321,2098.50,3435.01,136,1.706,266.1,self-play,2.74e-04,0.154,0.197,0.214,0.141,0.000,0.034,0.000,0.261
2322,2681.00,3435.84,617,1.636,266.5,self-play,2.74e-04,0.241,0.156,0.177,0.241,0.000,0.007,0.000,0.177
2323,3824.00,3438.64,698,1.698,267.1,self-play,2.74e-04,0.263,0.166,0.078,0.210,0.000,0.073,0.000,0.210
2324,2809.50,3429.45,96,1.692,267.9,self-play,2.74e-04,0.287,0.057,0.136,0.234,0.000,0.068,0.000,0.219
2325,3563.50,3434.20,8,1.684,268.7,self-play,2.74e-04,0.272,0.056,0.157,0.230,0.000,0.098,0.000,0.187
2326,3078.00,3402.87,156,1.705,269.3,self-play,2.74e-04,0.254,0.193,0.048,0.246,0.000,0.110,0.000,0.149
2327,5597.00,3417.36,27,1.714,270.4,self-play,2.74e-04,0.111,0.168,0.050,0.269,0.000,0.166,0.000,0.236
2328,2193.00,3408.68,23,1.699,271.1,self-play,2.74e-04,0.123,0.235,0.071,0.243,0.000,0.127,0.000,0.201
2329,3789.00,3366.49,0,1.715,272.0,self-play,2.74e-04,0.213,0.228,0.114,0.228,0.000,0.099,0.000,0.117
2330,2337.00,3351.97,131,1.654,272.4,self-play,2.74e-04,0.227,0.120,0.173,0.267,0.000,0.087,0.000,0.127
2331,5348.00,3326.24,762,1.669,273.2,self-play,2.74e-04,0.247,0.154,0.093,0.292,0.000,0.087,0.000,0.127
2332,4660.50,3273.70,771,1.598,273.6,self-play,2.74e-04,0.312,0.239,0.029,0.188,0.000,0.080,0.000,0.152
2333,4926.50,3272.61,1348,1.627,274.1,self-play,2.74e-04,0.413,0.203,0.035,0.161,0.000,0.077,0.000,0.112
2334,2949.00,3275.43,515,1.690,274.4,self-play,2.74e-04,0.277,0.176,0.134,0.202,0.000,0.084,0.000,0.126
2335,4143.50,3291.51,64,1.677,276.3,self-play,2.74e-04,0.226,0.087,0.139,0.340,0.000,0.127,0.000,0.083
2336,4003.50,3294.20,674,1.684,277.2,self-play,2.74e-04,0.290,0.135,0.129,0.264,0.000,0.100,0.000,0.082
2337,1667.00,3243.55,0,1.001,277.3,self-play,2.74e-04,0.735,0.122,0.020,0.061,0.000,0.020,0.000,0.041
2338,4462.50,3251.59,627,1.542,277.8,self-play,2.74e-04,0.433,0.084,0.169,0.157,0.000,0.084,0.000,0.073
2339,2936.50,3243.74,214,1.643,279.0,self-play,2.74e-04,0.296,0.093,0.213,0.204,0.000,0.084,0.000,0.109
2340,3555.50,3257.66,0,1.585,279.6,self-play,2.74e-04,0.320,0.045,0.180,0.270,0.000,0.030,0.000,0.155
2341,1840.50,3253.01,131,1.655,280.2,self-play,2.74e-04,0.061,0.083,0.126,0.300,0.000,0.139,0.000,0.291
2342,4126.00,3275.20,0,1.646,280.9,self-play,2.74e-04,0.083,0.100,0.129,0.108,0.000,0.267,0.000,0.312
2343,2722.50,3268.05,106,1.620,281.4,self-play,2.74e-04,0.113,0.087,0.097,0.056,0.000,0.349,0.000,0.297
2344,1636.00,3240.27,0,1.686,282.2,self-play,2.74e-04,0.089,0.118,0.112,0.076,0.000,0.322,0.000,0.283
2345,3140.50,3244.39,329,1.687,282.6,self-play,2.74e-04,0.141,0.062,0.133,0.133,0.000,0.227,0.000,0.305
2346,2551.00,3249.80,289,1.700,282.9,self-play,2.74e-04,0.075,0.104,0.127,0.172,0.000,0.299,0.000,0.224
2347,1556.50,3241.80,49,1.603,283.5,self-play,2.74e-04,0.102,0.077,0.179,0.107,0.000,0.393,0.000,0.143
2348,3001.00,3245.22,236,1.655,283.9,self-play,2.74e-04,0.155,0.061,0.142,0.169,0.000,0.338,0.000,0.135
2349,4033.00,3216.30,0,1.643,284.3,self-play,2.74e-04,0.245,0.135,0.123,0.174,0.000,0.226,0.000,0.097
2350,2979.50,3225.95,21,1.681,285.2,self-play,2.74e-04,0.293,0.099,0.150,0.150,0.000,0.207,0.000,0.102
2351,3059.00,3221.30,371,1.685,285.5,self-play,2.74e-04,0.247,0.041,0.113,0.175,0.000,0.186,0.000,0.237
2352,2175.00,3222.87,385,1.674,286.1,self-play,2.74e-04,0.117,0.071,0.173,0.112,0.000,0.360,0.000,0.168
2353,1724.00,3217.05,22,1.694,286.7,self-play,2.74e-04,0.114,0.131,0.237,0.089,0.000,0.326,0.000,0.102
2354,3282.50,3212.53,190,1.719,287.1,self-play,2.74e-04,0.109,0.219,0.180,0.109,0.000,0.203,0.000,0.180
2355,2647.50,3202.09,341,1.719,287.5,self-play,2.74e-04,0.108,0.162,0.180,0.171,0.000,0.252,0.000,0.126
2356,3152.50,3208.76,286,1.745,288.2,self-play,2.74e-04,0.110,0.179,0.170,0.165,0.000,0.211,0.000,0.165
2357,3759.00,3211.05,0,1.758,289.9,self-play,2.74e-04,0.143,0.195,0.185,0.164,0.000,0.227,0.000,0.086
2358,4774.00,3241.09,3,1.723,291.3,self-play,2.74e-04,0.118,0.229,0.172,0.169,0.000,0.188,0.000,0.124
2359,3364.50,3222.28,48,1.729,292.1,self-play,2.74e-04,0.136,0.172,0.126,0.168,0.000,0.227,0.000,0.172
2360,2372.00,3208.86,35,1.722,292.8,self-play,2.74e-04,0.108,0.208,0.144,0.120,0.000,0.188,0.000,0.232
2361,4476.50,3226.42,745,1.632,293.3,self-play,2.74e-04,0.164,0.158,0.141,0.045,0.000,0.277,0.000,0.215
2362,8038.00,3196.19,1277,1.673,295.3,self-play,2.74e-04,0.203,0.112,0.195,0.054,0.000,0.236,0.000,0.200
2363,2669.00,3169.50,347,1.618,295.7,self-play,2.74e-04,0.199,0.213,0.066,0.059,0.000,0.169,0.000,0.294
2364,10051.50,3221.20,1661,1.722,298.0,self-play,2.74e-04,0.189,0.127,0.183,0.115,0.000,0.146,0.000,0.240
2365,3694.00,3218.08,99,1.610,298.5,self-play,2.74e-04,0.167,0.157,0.124,0.024,0.000,0.214,0.000,0.314
2366,3826.50,3223.34,3,1.683,299.4,self-play,2.74e-04,0.210,0.079,0.219,0.051,0.000,0.238,0.000,0.203
2367,1816.00,3218.92,0,1.654,299.8,self-play,2.74e-04,0.163,0.089,0.111,0.067,0.000,0.319,0.000,0.252
2368,3022.50,3219.98,17,1.685,300.3,self-play,2.74e-04,0.141,0.136,0.174,0.054,0.000,0.304,0.000,0.190
2369,1775.50,3217.43,71,1.721,300.7,self-play,2.74e-04,0.203,0.143,0.203,0.098,0.000,0.226,0.000,0.128
2370,3253.50,3218.51,72,1.748,301.6,self-play,2.74e-04,0.243,0.113,0.149,0.182,0.000,0.180,0.000,0.133
2371,5382.00,3247.68,1307,1.738,302.3,self-play,2.74e-04,0.192,0.113,0.189,0.151,0.000,0.200,0.000,0.155
2372,2319.00,3238.16,20,1.723,302.9,self-play,2.74e-04,0.211,0.146,0.184,0.081,0.000,0.173,0.000,0.205
2373,4047.00,3252.26,0,1.735,303.6,self-play,2.74e-04,0.158,0.172,0.204,0.104,0.000,0.125,0.000,0.237
2374,2287.50,3226.39,108,1.633,304.0,self-play,2.74e-04,0.148,0.133,0.163,0.067,0.000,0.096,0.000,0.393
2375,4271.00,3230.34,158,1.703,304.9,self-play,2.74e-04,0.094,0.200,0.106,0.094,0.000,0.174,0.000,0.332
2376,3645.50,3230.94,59,1.692,306.0,self-play,2.74e-04,0.118,0.202,0.195,0.149,0.000,0.202,0.000,0.134
2377,1958.50,3192.26,149,1.745,306.6,self-play,2.74e-04,0.139,0.264,0.095,0.113,0.000,0.190,0.000,0.199
2378,3441.50,3189.09,7,1.704,307.6,self-play,2.74e-04,0.185,0.177,0.108,0.087,0.000,0.232,0.000,0.211
2379,2118.00,3181.24,390,1.724,308.2,self-play,2.74e-04,0.126,0.158,0.060,0.191,0.000,0.306,0.000,0.158
2380,3959.50,3125.92,458,1.742,309.1,self-play,2.74e-04,0.219,0.140,0.067,0.181,0.000,0.227,0.000,0.166
2381,6130.00,3126.82,59,1.715,311.3,self-play,2.74e-04,0.172,0.148,0.152,0.079,0.000,0.209,0.000,0.240
2382,2587.00,3128.32,103,1.595,312.3,self-play,2.74e-04,0.150,0.179,0.077,0.142,0.000,0.280,0.000,0.172
2383,1843.00,3127.58,71,1.345,312.5,self-play,2.74e-04,0.492,0.031,0.000,0.169,0.000,0.169,0.000,0.138
2384,2510.50,3130.68,18,1.582,313.3,self-play,2.74e-04,0.193,0.175,0.004,0.267,0.000,0.196,0.000,0.165
2385,2002.00,3138.20,72,1.584,314.2,self-play,2.74e-04,0.183,0.168,0.006,0.211,0.000,0.270,0.000,0.161
2386,7367.50,3169.11,736,1.474,317.6,self-play,2.74e-04,0.142,0.139,0.030,0.146,0.000,0.421,0.000,0.122
2387,1686.00,3164.20,39,1.556,318.5,self-play,2.74e-04,0.152,0.387,0.013,0.199,0.000,0.166,0.000,0.083
2388,3364.00,3170.28,0,1.518,319.5,self-play,2.74e-04,0.121,0.322,0.011,0.126,0.000,0.247,0.000,0.174
2389,2399.00,3174.41,174,1.492,319.9,self-play,2.74e-04,0.197,0.358,0.007,0.204,0.000,0.139,0.000,0.095
2390,5400.00,3211.68,484,1.508,321.3,self-play,2.74e-04,0.186,0.184,0.004,0.100,0.000,0.353,0.000,0.173
2391,2829.50,3224.22,53,1.576,322.2,self-play,2.74e-04,0.219,0.222,0.009,0.164,0.000,0.264,0.000,0.122
2392,2801.00,3205.89,169,1.585,322.9,self-play,2.74e-04,0.265,0.175,0.010,0.182,0.000,0.206,0.000,0.162
2393,2332.50,3191.91,39,1.509,323.3,self-play,2.74e-04,0.362,0.129,0.060,0.155,0.000,0.147,0.000,0.147
2394,4073.00,3199.50,9,1.556,324.0,self-play,2.74e-04,0.218,0.086,0.111,0.143,0.000,0.179,0.000,0.264
2395,3541.00,3220.22,44,1.675,324.7,self-play,2.74e-04,0.226,0.079,0.146,0.155,0.000,0.151,0.000,0.243
2396,3300.00,3239.55,23,1.728,325.2,self-play,2.74e-04,0.189,0.165,0.151,0.127,0.000,0.108,0.000,0.259
2397,2204.00,3209.78,22,1.663,326.2,self-play,2.74e-04,0.103,0.241,0.106,0.087,0.000,0.201,0.000,0.262
2398,1442.00,3184.39,25,1.669,327.0,self-play,2.74e-04,0.142,0.093,0.121,0.152,0.000,0.145,0.000,0.346
2399,1711.50,3177.57,0,1.681,327.5,self-play,2.74e-04,0.177,0.186,0.223,0.074,0.000,0.158,0.000,0.181
2400,2660.50,3186.62,0,1.654,328.1,self-play,2.66e-04,0.142,0.261,0.199,0.028,0.000,0.175,0.000,0.194
2401,1894.00,3187.04,29,1.710,328.6,self-play,2.66e-04,0.133,0.211,0.206,0.094,0.000,0.139,0.000,0.217
2402,2610.50,3197.78,287,1.715,329.1,self-play,2.66e-04,0.166,0.146,0.146,0.113,0.000,0.199,0.000,0.232
2403,4256.50,3218.95,19,1.733,330.0,self-play,2.66e-04,0.163,0.135,0.148,0.074,0.000,0.231,0.000,0.249
2404,4445.00,3244.57,166,1.532,330.5,self-play,2.66e-04,0.112,0.181,0.098,0.051,0.000,0.144,0.000,0.414
2405,2317.50,3246.22,4,1.612,331.5,self-play,2.66e-04,0.210,0.111,0.240,0.148,0.000,0.221,0.000,0.070
2406,2252.00,3250.49,0,1.607,332.6,self-play,2.66e-04,0.223,0.176,0.227,0.116,0.000,0.237,0.000,0.021
2407,3396.00,3267.22,251,1.593,333.6,self-play,2.66e-04,0.227,0.229,0.187,0.139,0.000,0.197,0.000,0.021
2408,2155.50,3273.10,25,1.615,334.5,self-play,2.66e-04,0.214,0.233,0.144,0.246,0.000,0.109,0.000,0.054
2409,4116.00,3286.12,25,1.656,335.7,self-play,2.66e-04,0.241,0.310,0.149,0.106,0.000,0.100,0.000,0.094
2410,2069.50,3270.73,173,1.651,336.5,self-play,2.66e-04,0.190,0.287,0.178,0.151,0.000,0.093,0.000,0.101
2411,2929.00,3273.47,32,1.683,337.6,self-play,2.66e-04,0.052,0.162,0.223,0.259,0.000,0.128,0.000,0.176
2412,1824.00,3230.53,4,1.760,338.5,self-play,2.66e-04,0.104,0.224,0.245,0.190,0.000,0.126,0.000,0.110
2413,2543.00,3233.97,37,1.723,339.2,self-play,2.66e-04,0.166,0.178,0.185,0.247,0.000,0.127,0.000,0.097
2414,3975.50,3244.24,59,1.716,340.1,self-play,2.66e-04,0.181,0.194,0.210,0.110,0.000,0.132,0.000,0.174
2415,3828.00,3248.63,50,1.713,341.0,self-play,2.66e-04,0.194,0.191,0.221,0.075,0.000,0.140,0.000,0.179
2416,3677.50,3261.91,53,1.711,341.5,self-play,2.66e-04,0.160,0.177,0.249,0.088,0.000,0.166,0.000,0.160
2417,2517.50,3275.77,15,1.709,342.0,self-play,2.66e-04,0.196,0.166,0.241,0.080,0.000,0.181,0.000,0.136
2418,5580.00,3313.26,1150,1.724,342.6,self-play,2.66e-04,0.214,0.121,0.281,0.098,0.000,0.143,0.000,0.143
2419,5840.50,3337.01,615,1.704,344.4,self-play,2.66e-04,0.203,0.210,0.186,0.038,0.000,0.138,0.000,0.226
2420,5278.00,3342.61,19,1.673,345.9,self-play,2.66e-04,0.226,0.159,0.208,0.058,0.000,0.145,0.000,0.203
2421,4016.50,3361.80,38,1.413,346.5,self-play,2.66e-04,0.074,0.087,0.122,0.074,0.000,0.245,0.000,0.397
2422,3071.50,3365.70,9,1.515,347.7,self-play,2.66e-04,0.025,0.045,0.247,0.138,0.000,0.305,0.000,0.240
2423,2938.50,3356.84,709,1.443,348.0,self-play,2.66e-04,0.027,0.062,0.107,0.188,0.000,0.366,0.000,0.250
2424,2016.50,3348.91,72,1.631,349.1,self-play,2.66e-04,0.065,0.114,0.181,0.171,0.000,0.301,0.000,0.168
2425,3143.50,3344.72,40,1.554,349.8,self-play,2.66e-04,0.064,0.085,0.139,0.139,0.000,0.416,0.000,0.157
2426,3166.50,3345.60,338,1.602,350.1,self-play,2.66e-04,0.058,0.100,0.108,0.150,0.000,0.483,0.000,0.100
2427,1982.50,3309.45,72,1.642,350.6,self-play,2.66e-04,0.139,0.086,0.219,0.278,0.000,0.192,0.000,0.086
2428,9308.00,3380.61,1546,1.692,352.4,self-play,2.66e-04,0.305,0.124,0.173,0.095,0.000,0.093,0.000,0.210
2429,3427.50,3376.99,40,1.715,353.5,self-play,2.66e-04,0.238,0.131,0.188,0.217,0.000,0.104,0.000,0.122
2430,2901.00,3382.63,367,1.722,354.1,self-play,2.66e-04,0.165,0.185,0.255,0.200,0.000,0.090,0.000,0.105
2431,2545.50,3354.61,297,1.736,354.8,self-play,2.66e-04,0.162,0.111,0.219,0.246,0.000,0.098,0.000,0.165
2432,3507.00,3343.07,0,1.719,355.3,self-play,2.66e-04,0.281,0.117,0.251,0.175,0.000,0.053,0.000,0.123
2433,2855.50,3322.36,0,1.746,355.9,self-play,2.66e-04,0.222,0.160,0.177,0.214,0.000,0.078,0.000,0.148
2434,3362.00,3326.49,45,1.752,356.5,self-play,2.66e-04,0.235,0.124,0.184,0.175,0.000,0.097,0.000,0.184
2435,6545.50,3350.51,640,1.689,358.0,self-play,2.66e-04,0.245,0.130,0.157,0.088,0.000,0.155,0.000,0.224
2436,2770.00,3338.18,0,1.654,358.7,self-play,2.66e-04,0.231,0.192,0.171,0.096,0.000,0.110,0.000,0.199
2437,3376.00,3355.26,0,1.585,359.5,self-play,2.66e-04,0.199,0.184,0.173,0.015,0.000,0.241,0.000,0.188
2438,3146.00,3342.10,384,1.459,359.8,self-play,2.66e-04,0.094,0.111,0.350,0.000,0.000,0.316,0.000,0.128
2439,5821.00,3370.95,0,1.575,361.6,self-play,2.66e-04,0.142,0.177,0.139,0.025,0.000,0.289,0.000,0.228
2440,2914.00,3364.53,125,1.566,362.5,self-play,2.66e-04,0.100,0.188,0.169,0.016,0.000,0.342,0.000,0.185
2441,8697.50,3433.10,654,1.622,364.6,self-play,2.66e-04,0.152,0.167,0.119,0.047,0.000,0.197,0.000,0.319
2442,12217.50,3514.01,798,1.563,368.8,self-play,2.66e-04,0.152,0.105,0.170,0.031,0.000,0.181,0.000,0.360
2443,1918.50,3505.97,33,1.330,369.6,self-play,2.66e-04,0.050,0.379,0.121,0.111,0.000,0.146,0.000,0.193
2444,2672.00,3516.34,0,1.190,370.3,self-play,2.66e-04,0.008,0.462,0.000,0.235,0.000,0.030,0.000,0.265
2445,2056.00,3505.49,0,1.271,371.0,self-play,2.66e-04,0.039,0.445,0.000,0.176,0.000,0.023,0.000,0.316
2446,2514.50,3505.12,174,1.338,371.4,self-play,2.66e-04,0.035,0.383,0.000,0.200,0.000,0.035,0.000,0.348
2447,1732.50,3506.89,65,1.469,372.0,self-play,2.66e-04,0.061,0.366,0.014,0.230,0.000,0.066,0.000,0.263
2448,2907.50,3505.95,0,1.560,372.7,self-play,2.66e-04,0.099,0.190,0.026,0.249,0.000,0.084,0.000,0.352
2449,4255.00,3508.17,117,1.659,373.8,self-play,2.66e-04,0.165,0.126,0.032,0.265,0.000,0.126,0.000,0.286
2450,3157.00,3509.95,80,1.683,374.4,self-play,2.66e-04,0.227,0.160,0.026,0.144,0.000,0.186,0.000,0.258
2451,2486.00,3504.22,94,1.691,374.8,self-play,2.66e-04,0.232,0.099,0.056,0.190,0.000,0.197,0.000,0.225
2452,3545.00,3517.91,507,1.710,375.4,self-play,2.66e-04,0.245,0.194,0.023,0.167,0.000,0.176,0.000,0.194
2453,5099.50,3551.67,183,1.713,376.3,self-play,2.66e-04,0.292,0.179,0.079,0.201,0.000,0.109,0.000,0.140
2454,3194.00,3550.78,228,1.590,376.6,self-play,2.66e-04,0.315,0.144,0.108,0.189,0.000,0.099,0.000,0.144
2455,3656.50,3560.88,0,1.730,377.1,self-play,2.66e-04,0.319,0.113,0.108,0.221,0.000,0.093,0.000,0.147
2456,2183.00,3551.18,9,1.736,378.2,self-play,2.66e-04,0.254,0.194,0.142,0.142,0.000,0.124,0.000,0.142
2457,2506.00,3538.65,3,1.719,379.1,self-play,2.66e-04,0.255,0.266,0.122,0.125,0.000,0.129,0.000,0.103
2458,6177.00,3552.68,814,1.728,380.3,self-play,2.66e-04,0.253,0.196,0.073,0.161,0.000,0.142,0.000,0.175
2459,4413.00,3563.16,4,1.731,381.3,self-play,2.66e-04,0.285,0.127,0.086,0.094,0.000,0.177,0.000,0.232
2460,2605.50,3565.50,76,1.747,382.1,self-play,2.66e-04,0.175,0.160,0.091,0.202,0.000,0.137,0.000,0.236
2461,4479.00,3565.53,3,1.750,384.0,self-play,2.66e-04,0.166,0.195,0.097,0.215,0.000,0.177,0.000,0.150
2462,1921.50,3504.36,0,1.726,384.6,self-play,2.66e-04,0.183,0.175,0.131,0.123,0.000,0.210,0.000,0.179
2463,3208.00,3509.75,26,1.742,385.8,self-play,2.66e-04,0.137,0.313,0.098,0.128,0.000,0.202,0.000,0.122
2464,3870.50,3447.94,8,1.727,387.4,self-play,2.66e-04,0.142,0.265,0.107,0.166,0.000,0.184,0.000,0.136
2465,1905.00,3430.05,108,1.650,388.3,self-play,2.66e-04,0.128,0.253,0.090,0.192,0.000,0.238,0.000,0.099
2466,2137.00,3413.16,5,1.750,389.1,self-play,2.66e-04,0.136,0.252,0.113,0.089,0.000,0.278,0.000,0.132
2467,4804.00,3443.03,892,1.761,389.6,self-play,2.66e-04,0.227,0.193,0.119,0.216,0.000,0.136,0.000,0.108
2468,2287.00,3435.68,179,1.739,390.1,self-play,2.66e-04,0.120,0.187,0.253,0.200,0.000,0.087,0.000,0.153
2469,1617.50,3434.10,57,1.763,391.0,self-play,2.66e-04,0.186,0.221,0.183,0.155,0.000,0.103,0.000,0.152
2470,1800.00,3419.57,0,1.760,391.8,self-play,2.66e-04,0.224,0.221,0.116,0.146,0.000,0.170,0.000,0.122
2471,3349.00,3399.24,389,1.709,392.2,self-play,2.66e-04,0.266,0.133,0.120,0.114,0.000,0.209,0.000,0.158
2472,5210.00,3428.14,966,1.671,392.7,self-play,2.66e-04,0.294,0.092,0.178,0.098,0.000,0.135,0.000,0.202
2473,4665.00,3434.32,759,1.605,393.1,self-play,2.66e-04,0.341,0.061,0.197,0.053,0.000,0.197,0.000,0.152
2474,2402.50,3435.47,7,1.715,394.0,self-play,2.66e-04,0.300,0.119,0.141,0.076,0.000,0.153,0.000,0.211
2475,3197.50,3424.74,778,1.728,395.0,self-play,2.66e-04,0.237,0.197,0.090,0.114,0.000,0.170,0.000,0.191
2476,6753.50,3455.82,479,1.730,396.2,self-play,2.66e-04,0.279,0.152,0.095,0.127,0.000,0.125,0.000,0.222
2477,3116.50,3467.40,394,1.698,396.6,self-play,2.66e-04,0.250,0.181,0.097,0.167,0.000,0.083,0.000,0.222
2478,2987.50,3462.86,161,1.702,397.0,self-play,2.66e-04,0.290,0.121,0.089,0.185,0.000,0.153,0.000,0.161
2479,2873.00,3470.41,495,1.738,397.5,self-play,2.66e-04,0.245,0.186,0.098,0.176,0.000,0.127,0.000,0.167
2480,3212.50,3462.94,25,1.746,398.6,self-play,2.66e-04,0.198,0.173,0.109,0.148,0.000,0.214,0.000,0.158
2481,2087.50,3422.51,102,1.683,399.1,self-play,2.66e-04,0.288,0.099,0.061,0.226,0.000,0.189,0.000,0.137
2482,3882.50,3435.47,221,1.646,399.5,self-play,2.66e-04,0.286,0.071,0.079,0.179,0.000,0.157,0.000,0.229
2483,3966.50,3456.70,36,1.707,400.2,self-play,2.66e-04,0.153,0.083,0.107,0.165,0.000,0.215,0.000,0.277
2484,2802.00,3459.62,183,1.743,401.1,self-play,2.66e-04,0.197,0.090,0.133,0.173,0.000,0.211,0.000,0.197
2485,2332.50,3462.93,0,1.706,401.4,self-play,2.66e-04,0.168,0.053,0.159,0.239,0.000,0.159,0.000,0.221
2486,3459.50,3423.84,96,1.758,402.1,self-play,2.66e-04,0.192,0.169,0.086,0.173,0.000,0.161,0.000,0.220
2487,2786.00,3434.84,308,1.691,402.5,self-play,2.66e-04,0.245,0.143,0.068,0.272,0.000,0.095,0.000,0.177
2488,3052.00,3431.72,322,1.728,402.8,self-play,2.66e-04,0.258,0.164,0.141,0.211,0.000,0.141,0.000,0.086
2489,2948.50,3437.22,78,1.738,403.4,self-play,2.66e-04,0.187,0.159,0.136,0.262,0.000,0.107,0.000,0.150
2490,1949.00,3402.71,174,1.705,404.1,self-play,2.66e-04,0.139,0.274,0.068,0.177,0.000,0.160,0.000,0.181
2491,3698.00,3411.39,0,1.726,405.0,self-play,2.66e-04,0.177,0.212,0.058,0.225,0.000,0.164,0.000,0.164
2492,2756.50,3410.95,178,1.741,406.4,self-play,2.66e-04,0.186,0.225,0.069,0.209,0.000,0.154,0.000,0.156
2493,1959.00,3407.22,58,1.674,406.8,self-play,2.66e-04,0.236,0.139,0.118,0.257,0.000,0.069,0.000,0.181
2494,2948.50,3395.97,627,1.694,407.6,self-play,2.66e-04,0.136,0.305,0.125,0.219,0.000,0.108,0.000,0.108
2495,1252.00,3373.08,22,1.671,408.4,self-play,2.66e-04,0.136,0.247,0.119,0.278,0.000,0.119,0.000,0.102
2496,4421.50,3384.30,931,1.569,408.6,self-play,2.66e-04,0.268,0.206,0.062,0.247,0.000,0.113,0.000,0.103
2497,3317.00,3395.43,142,1.685,410.0,self-play,2.66e-04,0.186,0.200,0.126,0.299,0.000,0.098,0.000,0.091
2498,2311.00,3404.11,51,1.715,410.6,self-play,2.66e-04,0.204,0.190,0.088,0.264,0.000,0.134,0.000,0.120
2499,3671.50,3423.72,22,1.759,412.1,self-play,2.66e-04,0.138,0.187,0.118,0.257,0.000,0.174,0.000,0.127
2500,1653.50,3413.64,38,1.741,413.0,self-play,2.58e-04,0.141,0.216,0.062,0.265,0.000,0.183,0.000,0.134
2501,2203.50,3416.74,223,1.707,413.3,self-play,2.58e-04,0.275,0.308,0.067,0.092,0.000,0.142,0.000,0.117
2502,2997.50,3420.61,48,1.763,414.1,self-play,2.58e-04,0.200,0.176,0.108,0.197,0.000,0.105,0.000,0.214
2503,3087.00,3408.91,16,1.761,414.7,self-play,2.58e-04,0.231,0.171,0.141,0.154,0.000,0.128,0.000,0.175
2504,3809.00,3402.55,685,1.742,415.5,self-play,2.58e-04,0.228,0.162,0.158,0.139,0.000,0.151,0.000,0.162
2505,2572.50,3405.11,0,1.690,416.2,self-play,2.58e-04,0.286,0.147,0.192,0.102,0.000,0.105,0.000,0.169
2506,3559.00,3418.18,0,1.761,417.3,self-play,2.58e-04,0.219,0.164,0.167,0.129,0.000,0.155,0.000,0.167
2507,2359.00,3407.80,115,1.587,417.6,self-play,2.58e-04,0.265,0.265,0.143,0.133,0.000,0.112,0.000,0.082
2508,1852.00,3404.77,69,1.724,418.2,self-play,2.58e-04,0.200,0.200,0.180,0.102,0.000,0.204,0.000,0.114
2509,1472.50,3378.34,17,1.765,419.1,self-play,2.58e-04,0.222,0.177,0.168,0.146,0.000,0.136,0.000,0.152
2510,2022.00,3377.86,61,1.758,419.7,self-play,2.58e-04,0.249,0.218,0.148,0.118,0.000,0.127,0.000,0.140
2511,4646.50,3395.03,377,1.749,420.4,self-play,2.58e-04,0.230,0.189,0.170,0.064,0.000,0.151,0.000,0.196
2512,2287.00,3399.66,378,1.679,420.7,self-play,2.58e-04,0.210,0.130,0.050,0.170,0.000,0.140,0.000,0.300
2513,4591.00,3420.14,777,1.739,421.5,self-play,2.58e-04,0.233,0.159,0.064,0.106,0.000,0.177,0.000,0.261
2514,2574.00,3406.13,183,1.669,421.9,self-play,2.58e-04,0.281,0.170,0.052,0.148,0.000,0.119,0.000,0.230
2515,3231.50,3400.16,814,1.699,422.1,self-play,2.58e-04,0.349,0.140,0.070,0.128,0.000,0.128,0.000,0.186
2516,2653.50,3389.93,0,1.708,423.0,self-play,2.58e-04,0.204,0.150,0.090,0.117,0.000,0.240,0.000,0.201
2517,3866.00,3403.41,0,1.697,423.9,self-play,2.58e-04,0.175,0.172,0.104,0.074,0.000,0.248,0.000,0.227
2518,3813.50,3385.74,272,1.706,425.3,self-play,2.58e-04,0.241,0.160,0.095,0.119,0.000,0.274,0.000,0.110
2519,5898.50,3386.32,1290,1.671,425.7,self-play,2.58e-04,0.343,0.140,0.049,0.168,0.000,0.210,0.000,0.091
2520,1868.50,3352.23,60,1.677,426.1,self-play,2.58e-04,0.254,0.063,0.176,0.155,0.000,0.225,0.000,0.127
2521,3468.00,3346.74,347,1.640,426.6,self-play,2.58e-04,0.329,0.081,0.127,0.121,0.000,0.214,0.000,0.127
2522,3729.50,3353.32,173,1.727,427.2,self-play,2.58e-04,0.267,0.093,0.085,0.131,0.000,0.212,0.000,0.212
2523,2205.00,3345.99,12,1.752,427.9,self-play,2.58e-04,0.182,0.117,0.125,0.163,0.000,0.182,0.000,0.231
2524,2992.50,3355.75,0,1.745,428.5,self-play,2.58e-04,0.255,0.127,0.139,0.145,0.000,0.182,0.000,0.152
2525,4997.50,3374.29,488,1.700,429.2,self-play,2.58e-04,0.257,0.110,0.082,0.167,0.000,0.139,0.000,0.245
2526,2955.50,3372.18,538,1.602,429.5,self-play,2.58e-04,0.325,0.100,0.108,0.108,0.000,0.075,0.000,0.283
2527,2858.00,3380.93,196,1.524,429.9,self-play,2.58e-04,0.375,0.062,0.098,0.134,0.000,0.098,0.000,0.232
2528,4505.00,3332.91,581,1.744,431.4,self-play,2.58e-04,0.181,0.110,0.130,0.149,0.000,0.198,0.000,0.232
2529,3755.50,3336.18,27,1.744,432.4,self-play,2.58e-04,0.206,0.182,0.090,0.137,0.000,0.206,0.000,0.179
2530,4781.00,3354.99,0,1.752,433.5,self-play,2.58e-04,0.234,0.087,0.139,0.172,0.000,0.187,0.000,0.182
2531,2502.50,3354.55,67,1.716,434.1,self-play,2.58e-04,0.165,0.156,0.073,0.229,0.000,0.248,0.000,0.128
2532,1417.00,3333.66,0,1.634,434.4,self-play,2.58e-04,0.194,0.352,0.037,0.148,0.000,0.130,0.000,0.139
2533,4885.00,3353.95,819,1.732,435.2,self-play,2.58e-04,0.165,0.190,0.060,0.139,0.000,0.237,0.000,0.209
2534,3436.50,3354.70,133,1.738,435.7,self-play,2.58e-04,0.200,0.188,0.106,0.171,0.000,0.112,0.000,0.224
2535,4452.00,3333.76,529,1.715,435.9,self-play,2.58e-04,0.168,0.248,0.089,0.178,0.000,0.079,0.000,0.238
2536,3437.00,3340.43,73,1.772,437.0,self-play,2.58e-04,0.120,0.178,0.166,0.149,0.000,0.196,0.000,0.191
2537,3614.50,3342.82,10,1.722,438.5,self-play,2.58e-04,0.139,0.082,0.237,0.131,0.000,0.199,0.000,0.213
2538,4314.00,3354.49,0,1.747,439.5,self-play,2.58e-04,0.134,0.085,0.157,0.144,0.000,0.247,0.000,0.234
2539,7646.00,3372.74,0,1.756,442.2,self-play,2.58e-04,0.179,0.122,0.191,0.138,0.000,0.192,0.000,0.178
2540,3286.00,3376.47,0,1.704,442.8,self-play,2.58e-04,0.195,0.229,0.108,0.052,0.000,0.177,0.000,0.238
2541,2406.50,3313.55,0,1.667,443.3,self-play,2.58e-04,0.180,0.343,0.047,0.198,0.000,0.076,0.000,0.157
2542,3235.00,3223.73,144,1.761,444.2,self-play,2.58e-04,0.185,0.221,0.115,0.255,0.000,0.067,0.000,0.157
2543,3526.00,3239.80,25,1.776,444.8,self-play,2.58e-04,0.149,0.145,0.111,0.221,0.000,0.157,0.000,0.217
2544,3473.50,3247.82,5,1.754,445.5,self-play,2.58e-04,0.203,0.138,0.150,0.179,0.000,0.171,0.000,0.159
2545,1690.00,3244.16,0,1.728,445.9,self-play,2.58e-04,0.158,0.061,0.230,0.194,0.000,0.206,0.000,0.152
2546,2499.50,3244.01,52,1.760,446.5,self-play,2.58e-04,0.225,0.172,0.115,0.203,0.000,0.145,0.000,0.141
2547,4403.00,3270.72,423,1.683,446.9,self-play,2.58e-04,0.288,0.174,0.076,0.129,0.000,0.174,0.000,0.159
2548,3144.00,3273.08,340,1.737,447.5,self-play,2.58e-04,0.201,0.146,0.105,0.096,0.000,0.237,0.000,0.215
2549,2385.50,3254.39,99,1.764,448.3,self-play,2.58e-04,0.130,0.169,0.151,0.127,0.000,0.222,0.000,0.201
2550,2284.00,3245.66,14,1.757,449.2,self-play,2.58e-04,0.150,0.218,0.144,0.114,0.000,0.188,0.000,0.185
2551,4942.00,3270.22,0,1.739,451.5,self-play,2.58e-04,0.157,0.179,0.191,0.077,0.000,0.207,0.000,0.189
2552,2521.50,3259.98,22,1.705,452.4,self-play,2.58e-04,0.146,0.169,0.114,0.102,0.000,0.195,0.000,0.274
2553,4452.50,3253.51,0,1.747,455.0,self-play,2.58e-04,0.137,0.140,0.177,0.103,0.000,0.286,0.000,0.157
2554,2324.50,3244.82,63,1.639,455.4,self-play,2.58e-04,0.180,0.117,0.070,0.117,0.000,0.359,0.000,0.156
2555,3442.00,3242.67,455,1.610,455.8,self-play,2.58e-04,0.226,0.044,0.058,0.161,0.000,0.328,0.000,0.182
2556,3442.00,3255.26,571,1.711,456.9,self-play,2.58e-04,0.213,0.082,0.077,0.152,0.000,0.319,0.000,0.157
2557,2539.00,3255.59,0,1.632,457.4,self-play,2.58e-04,0.196,0.089,0.119,0.196,0.000,0.280,0.000,0.119
2558,2445.50,3218.28,304,1.547,457.8,self-play,2.58e-04,0.257,0.037,0.081,0.265,0.000,0.279,0.000,0.081
2559,2291.00,3197.05,145,1.508,458.7,self-play,2.58e-04,0.243,0.045,0.093,0.129,0.000,0.417,0.000,0.072
2560,6812.50,3239.12,1309,1.549,459.8,self-play,2.58e-04,0.214,0.041,0.089,0.142,0.000,0.402,0.000,0.111
2561,4669.00,3241.03,0,1.652,462.0,self-play,2.58e-04,0.236,0.059,0.092,0.191,0.000,0.310,0.000,0.112
2562,2377.50,3245.59,0,1.523,462.5,self-play,2.58e-04,0.210,0.044,0.083,0.354,0.000,0.271,0.000,0.039
2563,1670.50,3230.21,53,1.536,463.0,self-play,2.58e-04,0.120,0.087,0.167,0.327,0.000,0.267,0.000,0.033
2564,3593.50,3227.44,42,1.666,463.8,self-play,2.58e-04,0.159,0.159,0.083,0.305,0.000,0.235,0.000,0.060
2565,2820.00,3236.59,49,1.719,464.5,self-play,2.58e-04,0.223,0.129,0.086,0.316,0.000,0.152,0.000,0.094
2566,5162.00,3266.84,81,1.768,466.7,self-play,2.58e-04,0.170,0.159,0.135,0.239,0.000,0.142,0.000,0.156
2567,2711.00,3245.91,130,1.753,467.0,self-play,2.58e-04,0.092,0.160,0.067,0.193,0.000,0.210,0.000,0.277
2568,3202.00,3255.06,0,1.736,468.2,self-play,2.58e-04,0.137,0.217,0.101,0.201,0.000,0.169,0.000,0.174
2569,2630.00,3265.18,516,1.728,468.5,self-play,2.58e-04,0.086,0.227,0.086,0.156,0.000,0.203,0.000,0.242
2570,1803.00,3265.22,106,1.752,469.3,self-play,2.58e-04,0.130,0.190,0.088,0.218,0.000,0.141,0.000,0.232
2571,2278.50,3254.51,112,1.754,470.1,self-play,2.58e-04,0.163,0.192,0.122,0.115,0.000,0.189,0.000,0.218
2572,2895.00,3231.36,81,1.655,470.5,self-play,2.58e-04,0.090,0.226,0.128,0.158,0.000,0.150,0.000,0.248
2573,2302.00,3207.73,252,1.707,471.0,self-play,2.58e-04,0.076,0.369,0.115,0.127,0.000,0.134,0.000,0.178
2574,2288.00,3206.59,236,1.712,471.4,self-play,2.58e-04,0.109,0.283,0.159,0.080,0.000,0.174,0.000,0.196
2575,2819.00,3202.80,431,1.705,471.6,self-play,2.58e-04,0.264,0.207,0.115,0.057,0.000,0.161,0.000,0.195
2576,3802.50,3173.29,822,1.750,472.4,self-play,2.58e-04,0.151,0.126,0.140,0.090,0.000,0.241,0.000,0.252
2577,2862.50,3170.75,287,1.753,473.0,self-play,2.58e-04,0.200,0.123,0.168,0.150,0.000,0.214,0.000,0.145
2578,3649.50,3177.37,32,1.742,473.8,self-play,2.58e-04,0.206,0.114,0.130,0.228,0.000,0.168,0.000,0.155
2579,2435.50,3172.99,2,1.724,474.6,self-play,2.58e-04,0.201,0.099,0.150,0.143,0.000,0.190,0.000,0.218
2580,2603.00,3166.90,0,1.737,476.2,self-play,2.58e-04,0.176,0.139,0.189,0.096,0.000,0.155,0.000,0.245
2581,4912.50,3195.15,576,1.711,477.1,self-play,2.58e-04,0.196,0.115,0.150,0.097,0.000,0.243,0.000,0.199
2582,2872.00,3185.05,5,1.736,478.3,self-play,2.58e-04,0.213,0.133,0.083,0.145,0.000,0.284,0.000,0.142
2583,3003.50,3175.41,78,1.581,478.9,self-play,2.58e-04,0.304,0.170,0.087,0.103,0.000,0.209,0.000,0.126
2584,2092.50,3168.32,234,1.257,479.1,self-play,2.58e-04,0.474,0.077,0.103,0.026,0.000,0.179,0.000,0.141
2585,4718.50,3192.18,613,1.525,480.3,self-play,2.58e-04,0.297,0.093,0.137,0.004,0.000,0.259,0.000,0.208
2586,3663.00,3194.22,359,1.306,480.8,self-play,2.58e-04,0.490,0.074,0.128,0.007,0.000,0.121,0.000,0.181
2587,3290.50,3199.26,0,1.487,481.4,self-play,2.58e-04,0.282,0.128,0.251,0.004,0.000,0.123,0.000,0.211
2588,3515.50,3203.89,0,1.526,481.9,self-play,2.58e-04,0.298,0.129,0.230,0.017,0.000,0.118,0.000,0.208
2589,3635.50,3210.76,1065,1.371,482.1,self-play,2.58e-04,0.552,0.155,0.103,0.000,0.000,0.017,0.000,0.172
2590,2721.00,3218.49,152,1.400,482.5,self-play,2.58e-04,0.310,0.132,0.240,0.000,0.000,0.109,0.000,0.209
2591,2793.50,3209.44,173,1.320,483.3,self-play,2.58e-04,0.132,0.053,0.605,0.003,0.000,0.095,0.000,0.112
2592,2243.50,3204.31,23,1.379,484.2,self-play,2.58e-04,0.119,0.102,0.518,0.003,0.000,0.156,0.000,0.102
2593,2039.50,3205.11,0,1.508,484.9,self-play,2.58e-04,0.152,0.218,0.276,0.008,0.000,0.183,0.000,0.163
2594,2962.50,3205.26,33,1.609,485.8,self-play,2.58e-04,0.164,0.208,0.314,0.009,0.000,0.111,0.000,0.194
2595,2785.50,3220.59,85,1.567,486.4,self-play,2.58e-04,0.135,0.202,0.206,0.009,0.000,0.139,0.000,0.309
2596,3160.00,3207.97,36,1.612,487.2,self-play,2.58e-04,0.129,0.221,0.180,0.007,0.000,0.211,0.000,0.252
2597,4071.50,3215.52,4,1.638,488.5,self-play,2.58e-04,0.162,0.178,0.135,0.010,0.000,0.259,0.000,0.255
2598,3735.00,3229.76,72,1.643,490.2,self-play,2.58e-04,0.157,0.168,0.151,0.042,0.000,0.261,0.000,0.221
2599,6491.00,3257.95,108,1.532,491.8,self-play,2.58e-04,0.208,0.228,0.093,0.054,0.000,0.303,0.000,0.113
2600,3174.50,3273.16,53,1.531,493.0,self-play,2.50e-04,0.194,0.244,0.000,0.064,0.000,0.304,0.000,0.194
2601,3537.00,3286.50,876,1.551,493.3,self-play,2.50e-04,0.231,0.279,0.000,0.115,0.000,0.192,0.000,0.183
2602,1658.00,3273.11,34,1.549,494.1,self-play,2.50e-04,0.163,0.214,0.000,0.136,0.000,0.252,0.000,0.235
2603,3732.50,3279.56,89,1.533,494.8,self-play,2.50e-04,0.236,0.136,0.000,0.116,0.000,0.285,0.000,0.227
2604,5368.00,3295.15,1396,1.535,495.0,self-play,2.50e-04,0.370,0.141,0.000,0.185,0.000,0.109,0.000,0.196
2605,3204.50,3301.47,191,1.481,495.8,self-play,2.50e-04,0.221,0.137,0.000,0.163,0.000,0.240,0.000,0.240
2606,5341.50,3319.30,1210,1.457,496.0,self-play,2.50e-04,0.398,0.065,0.000,0.086,0.000,0.258,0.000,0.194
2607,2828.50,3323.99,0,1.552,497.0,self-play,2.50e-04,0.147,0.177,0.003,0.102,0.000,0.377,0.000,0.194
2608,3249.50,3337.97,557,1.498,497.3,self-play,2.50e-04,0.238,0.190,0.000,0.190,0.000,0.254,0.000,0.127
2609,2399.00,3347.23,0,1.468,498.2,self-play,2.50e-04,0.275,0.185,0.000,0.103,0.000,0.325,0.000,0.113
2610,2174.50,3348.76,411,1.296,498.4,self-play,2.50e-04,0.429,0.270,0.000,0.222,0.000,0.032,0.000,0.048
2611,3499.50,3337.28,461,1.541,499.5,self-play,2.50e-04,0.216,0.192,0.007,0.118,0.000,0.261,0.000,0.206
2612,4551.00,3359.93,671,1.543,500.4,self-play,2.50e-04,0.231,0.175,0.003,0.152,0.000,0.248,0.000,0.192
2613,4533.00,3359.34,19,1.594,502.4,self-play,2.50e-04,0.204,0.198,0.015,0.119,0.000,0.272,0.000,0.192
2614,4333.00,3376.93,179,1.555,503.4,self-play,2.50e-04,0.186,0.143,0.000,0.162,0.000,0.259,0.000,0.251
2615,2299.00,3367.61,395,1.512,503.8,self-play,2.50e-04,0.109,0.281,0.000,0.297,0.000,0.094,0.000,0.219
2616,3100.00,3372.07,28,1.552,504.6,self-play,2.50e-04,0.116,0.130,0.000,0.229,0.000,0.289,0.000,0.236
2617,4944.00,3382.86,436,1.563,505.7,self-play,2.50e-04,0.209,0.117,0.000,0.174,0.000,0.209,0.000,0.291
2618,5983.00,3404.55,840,1.575,506.9,self-play,2.50e-04,0.235,0.206,0.002,0.179,0.000,0.114,0.000,0.262
2619,2916.50,3374.73,71,1.526,507.2,self-play,2.50e-04,0.240,0.184,0.000,0.248,0.000,0.088,0.000,0.240
2620,3066.50,3386.71,121,1.578,508.0,self-play,2.50e-04,0.234,0.193,0.000,0.234,0.000,0.110,0.000,0.228
2621,3359.50,3385.62,165,1.563,508.7,self-play,2.50e-04,0.264,0.248,0.000,0.180,0.000,0.112,0.000,0.196
2622,4952.50,3397.86,580,1.565,509.3,self-play,2.50e-04,0.234,0.176,0.000,0.142,0.000,0.155,0.000,0.293
2623,4624.00,3422.05,669,1.574,510.1,self-play,2.50e-04,0.307,0.198,0.000,0.158,0.000,0.135,0.000,0.201
2624,7072.50,3462.84,1226,1.412,511.0,self-play,2.50e-04,0.273,0.170,0.000,0.145,0.000,0.131,0.000,0.281
2625,6460.50,3477.47,1813,1.419,511.5,self-play,2.50e-04,0.362,0.165,0.000,0.122,0.000,0.032,0.000,0.319
2626,6089.00,3508.81,1084,1.479,512.3,self-play,2.50e-04,0.275,0.152,0.000,0.249,0.000,0.048,0.000,0.275
2627,2318.00,3503.41,0,1.500,512.7,self-play,2.50e-04,0.203,0.273,0.000,0.267,0.000,0.041,0.000,0.215
2628,11582.50,3574.18,2043,1.573,514.6,self-play,2.50e-04,0.292,0.171,0.006,0.140,0.000,0.171,0.000,0.220
2629,3147.50,3568.11,818,1.445,514.9,self-play,2.50e-04,0.305,0.181,0.000,0.238,0.000,0.067,0.000,0.210
2630,7373.50,3594.03,1629,1.552,516.1,self-play,2.50e-04,0.269,0.124,0.000,0.214,0.000,0.134,0.000,0.258
2631,3666.50,3605.67,790,1.463,516.4,self-play,2.50e-04,0.333,0.202,0.000,0.333,0.000,0.024,0.000,0.107
2632,4735.50,3638.86,543,1.562,517.7,self-play,2.50e-04,0.295,0.137,0.000,0.199,0.000,0.167,0.000,0.201
2633,8429.00,3674.30,1415,1.531,518.8,self-play,2.50e-04,0.306,0.158,0.000,0.212,0.000,0.187,0.000,0.137
2634,9706.50,3736.99,1975,1.552,520.4,self-play,2.50e-04,0.249,0.175,0.000,0.206,0.000,0.150,0.000,0.220
2635,3981.50,3732.29,1043,1.490,520.9,self-play,2.50e-04,0.292,0.250,0.000,0.188,0.000,0.083,0.000,0.188
2636,4343.00,3741.35,627,1.556,521.7,self-play,2.50e-04,0.215,0.373,0.000,0.127,0.000,0.114,0.000,0.171
2637,3551.00,3740.72,0,1.561,522.6,self-play,2.50e-04,0.225,0.279,0.000,0.152,0.000,0.127,0.000,0.216
2638,2946.00,3727.03,136,1.535,523.1,self-play,2.50e-04,0.216,0.357,0.000,0.131,0.000,0.070,0.000,0.226
2639,3678.00,3687.36,50,1.584,523.7,self-play,2.50e-04,0.237,0.219,0.000,0.161,0.000,0.129,0.000,0.254
2640,5967.50,3714.17,820,1.575,524.2,self-play,2.50e-04,0.238,0.233,0.000,0.146,0.000,0.136,0.000,0.248
2641,3732.00,3727.43,181,1.568,524.7,self-play,2.50e-04,0.325,0.233,0.000,0.135,0.000,0.166,0.000,0.141
2642,1957.00,3714.64,21,1.550,525.3,self-play,2.50e-04,0.262,0.275,0.000,0.131,0.000,0.201,0.000,0.131
2643,4278.50,3722.17,658,1.541,526.1,self-play,2.50e-04,0.209,0.329,0.003,0.076,0.000,0.226,0.000,0.156
2644,3422.00,3721.66,170,1.551,526.5,self-play,2.50e-04,0.343,0.239,0.007,0.112,0.000,0.179,0.000,0.119
2645,3200.00,3736.76,75,1.579,527.1,self-play,2.50e-04,0.278,0.178,0.000,0.145,0.000,0.220,0.000,0.178
2646,10137.50,3813.14,1865,1.569,528.7,self-play,2.50e-04,0.233,0.195,0.014,0.123,0.000,0.219,0.000,0.216
2647,6175.50,3830.86,720,1.582,529.7,self-play,2.50e-04,0.254,0.172,0.000,0.124,0.000,0.217,0.000,0.234
2648,4048.50,3839.91,176,1.567,530.1,self-play,2.50e-04,0.312,0.234,0.000,0.208,0.000,0.058,0.000,0.188
2649,5213.00,3868.18,88,1.573,531.1,self-play,2.50e-04,0.245,0.224,0.000,0.137,0.000,0.137,0.000,0.256
2650,3962.00,3884.96,154,1.570,531.8,self-play,2.50e-04,0.177,0.202,0.000,0.206,0.000,0.128,0.000,0.288
2651,5231.50,3887.86,102,1.548,532.7,self-play,2.50e-04,0.187,0.181,0.003,0.205,0.000,0.132,0.000,0.292
2652,4347.50,3906.11,256,1.536,533.3,self-play,2.50e-04,0.146,0.214,0.000,0.320,0.000,0.165,0.000,0.155
2653,8560.00,3947.19,1095,1.591,535.6,self-play,2.50e-04,0.196,0.242,0.030,0.175,0.000,0.234,0.000,0.122
2654,3593.00,3959.88,514,1.390,535.8,self-play,2.50e-04,0.389,0.111,0.000,0.259,0.000,0.167,0.000,0.074
2655,1641.00,3941.86,0,1.368,536.3,self-play,2.50e-04,0.242,0.079,0.000,0.365,0.000,0.258,0.000,0.056
2656,4142.50,3948.87,86,1.445,537.3,self-play,2.50e-04,0.227,0.075,0.000,0.267,0.000,0.350,0.000,0.080
2657,4629.00,3969.77,884,1.534,537.8,self-play,2.50e-04,0.295,0.068,0.000,0.295,0.000,0.260,0.000,0.082
2658,3983.50,3985.15,15,1.560,538.6,self-play,2.50e-04,0.249,0.180,0.003,0.208,0.000,0.183,0.000,0.177
2659,2962.50,3991.86,773,1.563,539.1,self-play,2.50e-04,0.268,0.149,0.000,0.268,0.000,0.167,0.000,0.149
2660,8045.00,4004.19,563,1.652,541.3,self-play,2.50e-04,0.206,0.215,0.029,0.185,0.000,0.199,0.000,0.165
2661,2699.00,3984.49,216,1.523,541.8,self-play,2.50e-04,0.137,0.223,0.000,0.274,0.000,0.200,0.000,0.166
2662,5498.00,4015.70,1249,1.514,542.5,self-play,2.50e-04,0.314,0.082,0.004,0.227,0.000,0.200,0.000,0.173
2663,1925.00,4018.24,43,1.557,543.0,self-play,2.50e-04,0.322,0.069,0.000,0.351,0.000,0.109,0.000,0.149
2664,3074.00,4013.05,147,1.601,544.0,self-play,2.50e-04,0.199,0.152,0.005,0.218,0.000,0.181,0.000,0.244
2665,9331.00,4078.16,1614,1.538,548.3,self-play,2.50e-04,0.195,0.355,0.058,0.115,0.000,0.122,0.000,0.154
2666,2362.00,4050.16,11,1.082,549.2,self-play,2.50e-04,0.000,0.217,0.000,0.477,0.000,0.009,0.000,0.297
2667,2302.50,4046.07,0,1.086,550.1,self-play,2.50e-04,0.000,0.297,0.000,0.301,0.000,0.000,0.000,0.402
2668,3577.50,4049.82,27,0.973,551.0,self-play,2.50e-04,0.000,0.183,0.000,0.322,0.000,0.000,0.000,0.496
2669,3763.50,4061.16,4,1.022,552.1,self-play,2.50e-04,0.000,0.188,0.007,0.329,0.000,0.002,0.000,0.473
2670,2569.00,4068.82,95,0.794,553.1,self-play,2.50e-04,0.000,0.153,0.005,0.246,0.000,0.000,0.000,0.596
2671,3890.00,4084.93,0,0.956,553.9,self-play,2.50e-04,0.000,0.200,0.000,0.200,0.000,0.000,0.000,0.600
2672,4477.50,4100.76,0,0.934,555.0,self-play,2.50e-04,0.000,0.210,0.007,0.362,0.000,0.002,0.000,0.418
2673,3076.00,4108.50,0,0.530,555.5,self-play,2.50e-04,0.000,0.128,0.000,0.005,0.000,0.000,0.000,0.867
2674,2635.00,4111.97,90,0.695,556.0,self-play,2.50e-04,0.000,0.398,0.000,0.006,0.000,0.000,0.000,0.597
2675,2249.50,4106.27,52,0.711,556.6,self-play,2.50e-04,0.000,0.521,0.000,0.000,0.000,0.000,0.000,0.479
2676,2496.50,4093.22,177,0.719,557.2,self-play,2.50e-04,0.000,0.554,0.000,0.000,0.000,0.000,0.000,0.446
2677,2450.00,4089.09,0,0.749,557.6,self-play,2.50e-04,0.000,0.536,0.000,0.012,0.000,0.006,0.000,0.446
2678,2305.50,4075.65,0,0.756,558.1,self-play,2.50e-04,0.000,0.467,0.000,0.011,0.000,0.000,0.000,0.522
2679,3077.00,4082.07,10,0.830,559.2,self-play,2.50e-04,0.000,0.586,0.015,0.005,0.000,0.030,0.000,0.363
2680,1825.50,4074.29,20,0.940,560.4,self-play,2.50e-04,0.000,0.620,0.022,0.015,0.000,0.015,0.000,0.329
2681,2153.50,4046.70,0,0.914,560.8,self-play,2.50e-04,0.007,0.607,0.007,0.007,0.000,0.029,0.000,0.343
2682,2999.50,4047.97,0,1.036,561.6,self-play,2.50e-04,0.003,0.540,0.088,0.011,0.000,0.062,0.000,0.295
2683,1725.50,4035.20,0,1.146,562.1,self-play,2.50e-04,0.000,0.640,0.128,0.000,0.000,0.017,0.000,0.215
2684,3882.50,4053.09,2,1.363,563.6,self-play,2.50e-04,0.007,0.388,0.229,0.017,0.000,0.058,0.000,0.301
2685,2786.00,4033.77,0,1.320,564.8,self-play,2.50e-04,0.002,0.439,0.212,0.023,0.000,0.088,0.000,0.236
2686,2763.00,4024.77,0,1.421,566.0,self-play,2.50e-04,0.007,0.421,0.320,0.031,0.000,0.107,0.000,0.114
2687,1966.00,4011.53,36,1.415,566.9,self-play,2.50e-04,0.003,0.394,0.317,0.080,0.000,0.074,0.000,0.132
2688,1571.50,3992.09,46,1.496,567.4,self-play,2.50e-04,0.009,0.325,0.288,0.184,0.000,0.075,0.000,0.118
2689,2467.00,3980.40,17,1.532,568.6,self-play,2.50e-04,0.000,0.386,0.211,0.105,0.000,0.117,0.000,0.180
2690,1968.00,3972.87,82,1.444,569.0,self-play,2.50e-04,0.000,0.222,0.250,0.292,0.000,0.062,0.000,0.174
2691,1802.50,3962.96,16,1.513,569.8,self-play,2.50e-04,0.007,0.286,0.311,0.193,0.000,0.050,0.000,0.154
2692,2757.50,3968.10,29,1.477,570.4,self-play,2.50e-04,0.008,0.229,0.269,0.261,0.000,0.094,0.000,0.139
2693,2296.00,3970.66,45,1.544,571.2,self-play,2.50e-04,0.006,0.303,0.223,0.185,0.000,0.131,0.000,0.153
2694,2181.00,3962.85,318,1.500,571.6,self-play,2.50e-04,0.000,0.397,0.183,0.046,0.000,0.145,0.000,0.229
2695,2462.50,3959.62,0,1.523,572.2,self-play,2.50e-04,0.000,0.313,0.234,0.099,0.000,0.179,0.000,0.175
2696,2358.00,3951.60,66,1.506,572.9,self-play,2.50e-04,0.004,0.358,0.108,0.133,0.000,0.237,0.000,0.158
2697,1967.00,3930.55,115,1.537,573.4,self-play,2.50e-04,0.006,0.320,0.107,0.112,0.000,0.243,0.000,0.213
2698,3247.00,3925.68,3,1.468,574.3,self-play,2.50e-04,0.017,0.387,0.209,0.093,0.000,0.116,0.000,0.177
2699,2822.00,3888.99,256,1.465,574.9,self-play,2.50e-04,0.021,0.425,0.113,0.212,0.000,0.062,0.000,0.167
2700,1268.00,3869.92,206,1.295,575.3,self-play,2.42e-04,0.000,0.477,0.083,0.189,0.000,0.061,0.000,0.189
2701,2022.00,3854.77,4,1.390,576.2,self-play,2.42e-04,0.019,0.516,0.174,0.068,0.000,0.094,0.000,0.129
2702,3433.00,3872.52,1,1.435,577.4,self-play,2.42e-04,0.030,0.436,0.161,0.048,0.000,0.155,0.000,0.170
2703,1033.00,3845.53,0,1.423,577.8,self-play,2.42e-04,0.015,0.410,0.067,0.052,0.000,0.231,0.000,0.224
2704,2449.50,3816.34,0,1.520,578.5,self-play,2.42e-04,0.015,0.262,0.103,0.122,0.000,0.199,0.000,0.299
2705,2485.00,3809.14,187,1.414,578.8,self-play,2.42e-04,0.000,0.333,0.072,0.108,0.000,0.108,0.000,0.378
2706,2727.00,3783.00,256,1.403,579.1,self-play,2.42e-04,0.000,0.246,0.049,0.221,0.000,0.107,0.000,0.377
2707,1914.00,3773.86,54,1.520,580.0,self-play,2.42e-04,0.023,0.254,0.102,0.125,0.000,0.170,0.000,0.326
2708,3668.50,3778.05,0,1.584,581.4,self-play,2.42e-04,0.084,0.320,0.137,0.163,0.000,0.101,0.000,0.195
2709,4301.50,3797.07,69,1.689,583.4,self-play,2.42e-04,0.118,0.244,0.117,0.181,0.000,0.154,0.000,0.187
2710,2875.00,3804.07,12,1.581,584.1,self-play,2.42e-04,0.000,0.106,0.257,0.282,0.000,0.139,0.000,0.216
2711,1503.00,3784.11,0,1.487,584.5,self-play,2.42e-04,0.000,0.164,0.241,0.328,0.000,0.129,0.000,0.138
2712,2076.00,3759.36,3,1.651,585.1,self-play,2.42e-04,0.025,0.145,0.210,0.255,0.000,0.170,0.000,0.195
2713,2951.50,3743.55,14,1.677,586.3,self-play,2.42e-04,0.111,0.172,0.219,0.157,0.000,0.154,0.000,0.188
2714,1617.50,3716.39,157,1.629,586.8,self-play,2.42e-04,0.024,0.218,0.212,0.053,0.000,0.194,0.000,0.300
2715,2295.00,3716.35,373,1.573,587.1,self-play,2.42e-04,0.046,0.407,0.074,0.130,0.000,0.194,0.000,0.148
2716,4520.50,3730.55,624,1.681,588.7,self-play,2.42e-04,0.176,0.201,0.090,0.113,0.000,0.296,0.000,0.124
2717,4713.50,3728.25,0,1.703,590.5,self-play,2.42e-04,0.127,0.234,0.092,0.121,0.000,0.287,0.000,0.139
2718,4084.50,3709.26,13,1.730,592.2,self-play,2.42e-04,0.194,0.162,0.065,0.178,0.000,0.237,0.000,0.165
2719,6137.00,3741.47,182,1.718,593.8,self-play,2.42e-04,0.212,0.163,0.083,0.166,0.000,0.219,0.000,0.157
2720,2515.50,3735.96,424,1.645,594.1,self-play,2.42e-04,0.147,0.253,0.042,0.126,0.000,0.221,0.000,0.211
2721,5627.00,3758.64,624,1.531,594.8,self-play,2.42e-04,0.186,0.208,0.061,0.064,0.000,0.269,0.000,0.212
2722,5065.00,3759.76,90,1.612,596.4,self-play,2.42e-04,0.182,0.268,0.020,0.038,0.000,0.232,0.000,0.260
2723,6152.50,3775.05,123,1.574,598.6,self-play,2.42e-04,0.136,0.348,0.045,0.051,0.000,0.233,0.000,0.186
2724,3971.00,3744.03,0,1.644,599.1,self-play,2.42e-04,0.126,0.227,0.096,0.015,0.000,0.217,0.000,0.318
2725,2818.50,3707.61,3,1.680,599.8,self-play,2.42e-04,0.243,0.271,0.118,0.035,0.000,0.129,0.000,0.204
2726,3529.50,3682.01,0,1.722,601.2,self-play,2.42e-04,0.202,0.237,0.157,0.054,0.000,0.151,0.000,0.198
2727,3760.50,3696.44,0,1.756,602.0,self-play,2.42e-04,0.191,0.213,0.152,0.142,0.000,0.138,0.000,0.163
2728,2222.50,3602.84,147,1.686,602.5,self-play,2.42e-04,0.136,0.227,0.125,0.301,0.000,0.114,0.000,0.097
2729,4874.00,3620.11,544,1.712,603.9,self-play,2.42e-04,0.082,0.312,0.210,0.143,0.000,0.158,0.000,0.096
2730,1333.00,3559.70,0,1.723,604.8,self-play,2.42e-04,0.083,0.177,0.247,0.213,0.000,0.183,0.000,0.097
2731,1899.00,3542.03,210,1.739,605.4,self-play,2.42e-04,0.163,0.240,0.185,0.245,0.000,0.060,0.000,0.107
2732,3749.50,3532.16,0,1.731,606.0,self-play,2.42e-04,0.212,0.271,0.121,0.150,0.000,0.113,0.000,0.133
2733,4643.00,3494.30,684,1.744,606.7,self-play,2.42e-04,0.337,0.167,0.112,0.116,0.000,0.145,0.000,0.123
2734,2757.00,3424.81,0,1.739,607.8,self-play,2.42e-04,0.262,0.112,0.140,0.176,0.000,0.148,0.000,0.163
2735,3542.00,3420.41,137,1.741,608.8,self-play,2.42e-04,0.266,0.132,0.181,0.093,0.000,0.205,0.000,0.123
2736,1193.50,3388.92,36,1.751,609.4,self-play,2.42e-04,0.165,0.134,0.315,0.157,0.000,0.122,0.000,0.106
2737,3317.00,3386.58,570,1.746,609.8,self-play,2.42e-04,0.095,0.117,0.182,0.285,0.000,0.175,0.000,0.146
2738,2771.00,3384.83,26,1.744,610.7,self-play,2.42e-04,0.173,0.169,0.199,0.078,0.000,0.251,0.000,0.130
2739,4344.50,3391.49,24,1.753,612.2,self-play,2.42e-04,0.207,0.136,0.130,0.097,0.000,0.254,0.000,0.176
2740,6583.50,3397.66,0,1.748,614.5,self-play,2.42e-04,0.214,0.176,0.139,0.109,0.000,0.213,0.000,0.149
2741,3378.00,3394.11,140,1.745,614.7,self-play,2.42e-04,0.173,0.073,0.218,0.109,0.000,0.200,0.000,0.227
2742,2427.50,3398.82,216,1.721,615.3,self-play,2.42e-04,0.156,0.089,0.167,0.144,0.000,0.278,0.000,0.167
2743,3238.00,3388.41,91,1.689,615.6,self-play,2.42e-04,0.125,0.071,0.152,0.143,0.000,0.295,0.000,0.214
2744,3003.00,3384.22,133,1.731,616.4,self-play,2.42e-04,0.140,0.113,0.160,0.087,0.000,0.303,0.000,0.197
2745,2995.00,3382.18,236,1.722,616.6,self-play,2.42e-04,0.124,0.143,0.229,0.171,0.000,0.114,0.000,0.219
2746,2159.00,3302.39,118,1.749,617.1,self-play,2.42e-04,0.170,0.149,0.170,0.128,0.000,0.106,0.000,0.277
2747,4310.50,3283.74,0,1.765,618.0,self-play,2.42e-04,0.201,0.131,0.184,0.151,0.000,0.115,0.000,0.218
2748,2320.00,3266.45,39,1.728,618.8,self-play,2.42e-04,0.207,0.138,0.138,0.188,0.000,0.138,0.000,0.192
2749,4087.00,3255.20,8,1.718,619.6,self-play,2.42e-04,0.284,0.149,0.074,0.138,0.000,0.142,0.000,0.213
2750,4793.50,3263.51,0,1.726,620.5,self-play,2.42e-04,0.149,0.140,0.096,0.182,0.000,0.218,0.000,0.215
2751,3276.00,3243.95,74,1.745,621.5,self-play,2.42e-04,0.185,0.161,0.108,0.146,0.000,0.156,0.000,0.243
2752,3496.50,3235.45,313,1.705,622.2,self-play,2.42e-04,0.104,0.188,0.092,0.176,0.000,0.220,0.000,0.220
2753,7869.50,3228.54,999,1.737,623.8,self-play,2.42e-04,0.203,0.128,0.077,0.147,0.000,0.239,0.000,0.206
2754,2908.50,3221.70,0,1.693,624.3,self-play,2.42e-04,0.106,0.169,0.044,0.219,0.000,0.150,0.000,0.312
2755,2741.50,3232.70,228,1.666,624.7,self-play,2.42e-04,0.150,0.214,0.043,0.250,0.000,0.079,0.000,0.264
2756,4972.00,3240.99,0,1.757,625.8,self-play,2.42e-04,0.193,0.184,0.123,0.167,0.000,0.133,0.000,0.200
2757,6499.50,3259.70,1090,1.719,627.7,self-play,2.42e-04,0.254,0.126,0.108,0.148,0.000,0.193,0.000,0.171
2758,3483.00,3254.70,0,1.667,628.4,self-play,2.42e-04,0.212,0.140,0.122,0.113,0.000,0.176,0.000,0.239
2759,5433.50,3279.41,0,1.701,629.2,self-play,2.42e-04,0.265,0.139,0.086,0.086,0.000,0.194,0.000,0.228
2760,5222.00,3251.18,326,1.732,630.3,self-play,2.42e-04,0.241,0.148,0.096,0.093,0.000,0.212,0.000,0.210
2761,2145.50,3245.64,143,1.540,630.7,self-play,2.42e-04,0.152,0.232,0.086,0.093,0.000,0.238,0.000,0.199
2762,2208.50,3212.74,0,1.101,631.4,self-play,2.42e-04,0.041,0.069,0.057,0.089,0.000,0.634,0.000,0.110
2763,2664.50,3220.14,685,0.955,631.8,self-play,2.42e-04,0.008,0.076,0.053,0.076,0.000,0.725,0.000,0.061
2764,2997.50,3219.38,616,1.182,632.2,self-play,2.42e-04,0.018,0.076,0.059,0.035,0.000,0.706,0.000,0.106
2765,2834.50,3154.41,13,1.507,633.1,self-play,2.42e-04,0.039,0.071,0.169,0.065,0.000,0.549,0.000,0.107
2766,2149.00,3152.28,59,1.646,633.6,self-play,2.42e-04,0.044,0.087,0.219,0.153,0.000,0.366,0.000,0.131
2767,7823.00,3207.49,427,1.737,635.9,self-play,2.42e-04,0.137,0.140,0.126,0.148,0.000,0.288,0.000,0.161
2768,3665.50,3208.36,141,1.753,636.7,self-play,2.42e-04,0.113,0.152,0.134,0.180,0.000,0.247,0.000,0.173
2769,3454.50,3205.28,0,1.716,637.6,self-play,2.42e-04,0.092,0.214,0.205,0.116,0.000,0.250,0.000,0.122
2770,2179.50,3201.38,0,1.754,638.4,self-play,2.42e-04,0.221,0.170,0.155,0.136,0.000,0.182,0.000,0.136
2771,4949.00,3211.97,14,1.756,641.2,self-play,2.42e-04,0.204,0.152,0.139,0.149,0.000,0.222,0.000,0.134
2772,3127.00,3198.47,0,1.747,642.2,self-play,2.42e-04,0.199,0.213,0.117,0.167,0.000,0.145,0.000,0.158
2773,4191.00,3209.61,22,1.776,643.2,self-play,2.42e-04,0.205,0.132,0.132,0.144,0.000,0.167,0.000,0.220
2774,2487.00,3208.14,55,1.758,644.1,self-play,2.42e-04,0.221,0.165,0.136,0.186,0.000,0.147,0.000,0.145
2775,3486.00,3220.50,151,1.757,644.9,self-play,2.42e-04,0.237,0.127,0.124,0.201,0.000,0.130,0.000,0.181
2776,2884.50,3224.38,29,1.737,645.5,self-play,2.42e-04,0.208,0.164,0.075,0.235,0.000,0.124,0.000,0.195
2777,7742.50,3277.30,220,1.749,648.8,self-play,2.42e-04,0.231,0.158,0.152,0.125,0.000,0.170,0.000,0.162
2778,5504.00,3309.29,686,1.641,650.3,self-play,2.42e-04,0.087,0.100,0.173,0.167,0.000,0.280,0.000,0.193
2779,2424.00,3302.76,79,1.609,651.1,self-play,2.42e-04,0.010,0.131,0.204,0.225,0.000,0.152,0.000,0.277
2780,2507.50,3309.58,372,1.644,651.9,self-play,2.42e-04,0.017,0.113,0.177,0.237,0.000,0.217,0.000,0.240
2781,2972.00,3317.76,29,1.707,652.9,self-play,2.42e-04,0.060,0.181,0.162,0.181,0.000,0.181,0.000,0.234
2782,2368.50,3311.45,149,1.667,653.3,self-play,2.42e-04,0.051,0.210,0.255,0.185,0.000,0.070,0.000,0.229
2783,2433.00,3318.53,51,1.726,654.0,self-play,2.42e-04,0.060,0.142,0.201,0.269,0.000,0.127,0.000,0.201
2784,2492.00,3304.62,46,1.742,654.5,self-play,2.42e-04,0.026,0.123,0.227,0.247,0.000,0.136,0.000,0.240
2785,4214.50,3318.91,26,1.771,655.9,self-play,2.42e-04,0.122,0.184,0.143,0.150,0.000,0.231,0.000,0.170
2786,3856.00,3329.84,43,1.743,656.4,self-play,2.42e-04,0.175,0.263,0.144,0.138,0.000,0.150,0.000,0.131
2787,4979.00,3359.97,63,1.764,658.2,self-play,2.42e-04,0.157,0.178,0.181,0.150,0.000,0.204,0.000,0.130
2788,2172.00,3365.97,0,1.680,658.7,self-play,2.42e-04,0.160,0.154,0.254,0.118,0.000,0.195,0.000,0.118
2789,1584.00,3357.14,53,1.659,659.5,self-play,2.42e-04,0.182,0.179,0.263,0.084,0.000,0.197,0.000,0.095
2790,2540.00,3362.86,23,1.662,660.2,self-play,2.42e-04,0.163,0.166,0.302,0.061,0.000,0.207,0.000,0.102
2791,2572.50,3370.57,102,1.610,660.7,self-play,2.42e-04,0.147,0.107,0.340,0.040,0.000,0.187,0.000,0.180
2792,2446.00,3367.45,0,1.687,661.2,self-play,2.42e-04,0.161,0.156,0.297,0.052,0.000,0.172,0.000,0.161
2793,3432.50,3378.82,22,1.716,662.6,self-play,2.42e-04,0.162,0.113,0.246,0.094,0.000,0.240,0.000,0.145
2794,2244.50,3379.45,10,1.739,663.2,self-play,2.42e-04,0.137,0.161,0.234,0.089,0.000,0.173,0.000,0.206
2795,2925.00,3384.07,0,1.720,663.6,self-play,2.42e-04,0.192,0.109,0.212,0.064,0.000,0.179,0.000,0.244
2796,3231.00,3392.80,0,1.738,664.2,self-play,2.42e-04,0.209,0.146,0.141,0.078,0.000,0.209,0.000,0.218
2797,1961.50,3392.75,53,1.754,665.5,self-play,2.42e-04,0.274,0.110,0.120,0.128,0.000,0.227,0.000,0.142
2798,2762.50,3387.91,0,1.757,667.4,self-play,2.42e-04,0.240,0.135,0.168,0.134,0.000,0.206,0.000,0.117
2799,2540.00,3385.09,0,1.715,667.8,self-play,2.42e-04,0.101,0.217,0.159,0.196,0.000,0.181,0.000,0.145
2800,2090.00,3393.30,21,1.708,668.5,self-play,2.35e-04,0.116,0.266,0.174,0.087,0.000,0.203,0.000,0.154
2801,2612.00,3399.20,15,1.735,669.1,self-play,2.35e-04,0.106,0.202,0.217,0.121,0.000,0.187,0.000,0.167
2802,2344.00,3388.32,44,1.727,669.4,self-play,2.35e-04,0.089,0.071,0.277,0.161,0.000,0.205,0.000,0.196
2803,2582.00,3403.80,72,1.749,670.3,self-play,2.35e-04,0.123,0.104,0.243,0.142,0.000,0.217,0.000,0.172
2804,2249.50,3401.80,0,1.731,671.0,self-play,2.35e-04,0.111,0.126,0.206,0.172,0.000,0.183,0.000,0.202
2805,1760.50,3394.56,339,1.661,671.4,self-play,2.35e-04,0.050,0.291,0.106,0.227,0.000,0.113,0.000,0.213
2806,2246.50,3389.76,91,1.635,671.9,self-play,2.35e-04,0.090,0.292,0.071,0.184,0.000,0.217,0.000,0.146
2807,2790.50,3398.52,369,1.613,672.5,self-play,2.35e-04,0.086,0.259,0.119,0.205,0.000,0.205,0.000,0.124
2808,2429.00,3386.12,73,1.654,673.3,self-play,2.35e-04,0.088,0.296,0.082,0.177,0.000,0.214,0.000,0.143
2809,2670.00,3369.81,120,1.704,673.8,self-play,2.35e-04,0.089,0.227,0.148,0.133,0.000,0.187,0.000,0.217
2810,2180.50,3362.86,144,1.702,674.3,self-play,2.35e-04,0.121,0.220,0.148,0.220,0.000,0.137,0.000,0.154
2811,5574.50,3403.58,142,1.766,676.1,self-play,2.35e-04,0.163,0.186,0.162,0.172,0.000,0.160,0.001,0.156
2812,2808.50,3410.91,15,1.767,677.5,self-play,2.35e-04,0.173,0.175,0.150,0.187,0.000,0.152,0.000,0.162
2813,2391.50,3405.30,0,1.532,677.9,self-play,2.35e-04,0.128,0.378,0.061,0.128,0.000,0.068,0.000,0.236
2814,3409.50,3423.22,0,1.542,678.8,self-play,2.35e-04,0.182,0.253,0.314,0.095,0.000,0.051,0.000,0.105
2815,1635.00,3416.62,60,1.618,679.2,self-play,2.35e-04,0.273,0.240,0.240,0.091,0.000,0.078,0.000,0.078
2816,2528.50,3396.70,67,1.695,679.9,self-play,2.35e-04,0.261,0.183,0.237,0.120,0.000,0.041,0.000,0.158
2817,2196.50,3371.53,50,1.712,680.3,self-play,2.35e-04,0.181,0.275,0.200,0.138,0.000,0.037,0.000,0.169
2818,1644.50,3347.14,0,1.753,681.1,self-play,2.35e-04,0.197,0.142,0.249,0.166,0.000,0.149,0.000,0.097
2819,1636.00,3302.12,0,1.751,681.6,self-play,2.35e-04,0.104,0.218,0.287,0.139,0.000,0.124,0.000,0.129
2820,2517.50,3302.14,0,1.741,683.1,self-play,2.35e-04,0.175,0.129,0.263,0.132,0.000,0.125,0.000,0.177
2821,2990.00,3275.78,0,1.759,684.1,self-play,2.35e-04,0.178,0.202,0.223,0.102,0.000,0.089,0.000,0.207
2822,4355.00,3268.68,19,1.739,685.7,self-play,2.35e-04,0.182,0.130,0.191,0.166,0.000,0.124,0.000,0.207
2823,3058.00,3237.73,63,1.741,686.3,self-play,2.35e-04,0.165,0.199,0.165,0.126,0.000,0.141,0.000,0.204
2824,3264.00,3230.66,26,1.696,687.5,self-play,2.35e-04,0.306,0.086,0.224,0.099,0.000,0.103,0.000,0.182
2825,3573.50,3238.21,51,1.735,688.5,self-play,2.35e-04,0.213,0.165,0.199,0.136,0.000,0.093,0.000,0.194
2826,4558.00,3248.49,619,1.727,689.2,self-play,2.35e-04,0.208,0.155,0.125,0.177,0.000,0.147,0.000,0.189
2827,1716.00,3228.05,73,1.496,689.6,self-play,2.35e-04,0.063,0.331,0.102,0.228,0.000,0.016,0.000,0.260
2828,6044.50,3266.27,998,1.691,690.7,self-play,2.35e-04,0.249,0.172,0.213,0.114,0.000,0.058,0.000,0.194
2829,3596.00,3253.49,5,1.743,691.6,self-play,2.35e-04,0.212,0.142,0.165,0.134,0.000,0.067,0.000,0.279
2830,2733.50,3267.49,40,1.720,692.2,self-play,2.35e-04,0.146,0.245,0.150,0.150,0.000,0.075,0.000,0.233
2831,3673.50,3285.24,69,1.746,693.1,self-play,2.35e-04,0.207,0.114,0.207,0.090,0.000,0.140,0.000,0.241
2832,2725.50,3275.00,77,1.736,693.8,self-play,2.35e-04,0.108,0.202,0.143,0.192,0.000,0.125,0.000,0.230
2833,4284.00,3271.41,116,1.696,694.8,self-play,2.35e-04,0.129,0.319,0.132,0.140,0.000,0.090,0.000,0.190
2834,4378.00,3287.62,31,1.742,696.0,self-play,2.35e-04,0.166,0.179,0.136,0.166,0.000,0.140,0.000,0.213
2835,3959.00,3291.79,430,1.746,696.4,self-play,2.35e-04,0.178,0.184,0.098,0.121,0.000,0.178,0.000,0.241
2836,4287.50,3322.73,0,1.739,697.3,self-play,2.35e-04,0.158,0.102,0.173,0.142,0.000,0.257,0.000,0.167
2837,1840.50,3307.97,0,1.726,697.9,self-play,2.35e-04,0.097,0.179,0.153,0.107,0.000,0.230,0.000,0.235
2838,3690.50,3317.16,299,1.740,698.7,self-play,2.35e-04,0.115,0.125,0.199,0.111,0.000,0.240,0.000,0.209
2839,2616.00,3299.88,0,1.737,699.5,self-play,2.35e-04,0.028,0.177,0.223,0.177,0.000,0.227,0.000,0.167
2840,4261.50,3276.66,0,1.735,701.1,self-play,2.35e-04,0.171,0.142,0.255,0.106,0.000,0.192,0.000,0.133
2841,1961.00,3262.49,68,1.769,701.7,self-play,2.35e-04,0.128,0.161,0.190,0.156,0.000,0.194,0.000,0.171
2842,1685.00,3255.06,0,1.748,702.2,self-play,2.35e-04,0.140,0.135,0.242,0.124,0.000,0.185,0.000,0.174
2843,1637.00,3239.05,39,1.736,702.8,self-play,2.35e-04,0.222,0.126,0.213,0.057,0.000,0.178,0.000,0.204
2844,3608.50,3245.11,0,1.727,703.4,self-play,2.35e-04,0.285,0.157,0.161,0.066,0.000,0.202,0.000,0.128
2845,4096.00,3256.11,891,1.746,703.9,self-play,2.35e-04,0.254,0.155,0.122,0.127,0.000,0.171,0.000,0.171
2846,4237.00,3276.89,642,1.718,704.7,self-play,2.35e-04,0.364,0.080,0.164,0.084,0.000,0.185,0.000,0.124
2847,3143.00,3265.22,185,1.711,705.2,self-play,2.35e-04,0.284,0.224,0.071,0.158,0.000,0.087,0.000,0.175
2848,2583.00,3267.85,13,1.680,706.0,self-play,2.35e-04,0.281,0.115,0.163,0.097,0.000,0.122,0.000,0.222
2849,3077.00,3257.75,0,1.696,706.6,self-play,2.35e-04,0.188,0.272,0.131,0.103,0.000,0.094,0.000,0.211
2850,2785.50,3237.67,0,1.702,707.0,self-play,2.35e-04,0.199,0.287,0.147,0.081,0.000,0.154,0.000,0.132
2851,2685.00,3231.76,424,1.703,707.6,self-play,2.35e-04,0.204,0.218,0.120,0.111,0.000,0.167,0.000,0.181
2852,3453.50,3231.33,0,1.672,708.3,self-play,2.35e-04,0.148,0.311,0.082,0.148,0.000,0.078,0.000,0.233
2853,3736.50,3190.00,60,1.726,709.3,self-play,2.35e-04,0.234,0.240,0.159,0.076,0.000,0.107,0.000,0.185
2854,3968.00,3200.59,13,1.748,710.6,self-play,2.35e-04,0.284,0.226,0.154,0.102,0.000,0.100,0.000,0.134
2855,2094.50,3194.12,23,1.729,711.7,self-play,2.35e-04,0.233,0.188,0.178,0.124,0.000,0.134,0.000,0.144
2856,3814.50,3182.55,15,1.719,712.8,self-play,2.35e-04,0.181,0.254,0.191,0.142,0.000,0.120,0.000,0.112
2857,1957.50,3137.13,91,1.707,713.3,self-play,2.35e-04,0.246,0.145,0.222,0.150,0.000,0.082,0.000,0.155
2858,1537.50,3117.68,0,1.515,713.7,self-play,2.35e-04,0.181,0.417,0.126,0.134,0.000,0.024,0.000,0.118
2859,2795.50,3091.30,47,1.742,714.4,self-play,2.35e-04,0.242,0.260,0.119,0.112,0.000,0.090,0.000,0.177
2860,3078.50,3069.86,325,1.685,714.8,self-play,2.35e-04,0.145,0.268,0.123,0.167,0.000,0.080,0.000,0.217
2861,1418.00,3062.59,0,1.512,715.2,self-play,2.35e-04,0.181,0.333,0.116,0.058,0.000,0.167,0.000,0.145
2862,3564.50,3076.14,0,1.556,716.4,self-play,2.35e-04,0.228,0.412,0.050,0.078,0.000,0.132,0.000,0.100
2863,3686.00,3086.36,52,1.450,716.9,self-play,2.35e-04,0.185,0.468,0.058,0.098,0.000,0.058,0.000,0.133
2864,2897.00,3085.36,15,1.687,717.6,self-play,2.35e-04,0.272,0.210,0.043,0.105,0.000,0.152,0.000,0.218
2865,6176.00,3118.77,3,1.658,718.7,self-play,2.35e-04,0.229,0.232,0.048,0.147,0.000,0.121,0.000,0.222
2866,2824.50,3125.53,58,1.497,719.2,self-play,2.35e-04,0.254,0.395,0.062,0.051,0.000,0.073,0.000,0.164
2867,4058.00,3087.88,73,1.687,720.2,self-play,2.35e-04,0.242,0.220,0.139,0.064,0.000,0.156,0.000,0.178
2868,2727.50,3078.49,0,1.444,720.7,self-play,2.35e-04,0.163,0.389,0.047,0.042,0.000,0.126,0.000,0.232
2869,1182.50,3055.78,0,1.609,721.2,self-play,2.35e-04,0.177,0.323,0.091,0.079,0.000,0.195,0.000,0.134
2870,3601.00,3069.99,13,1.710,722.0,self-play,2.35e-04,0.218,0.265,0.078,0.065,0.000,0.197,0.000,0.177
2871,2372.00,3044.22,73,1.696,722.4,self-play,2.35e-04,0.250,0.250,0.047,0.135,0.000,0.142,0.000,0.176
2872,4117.50,3054.12,92,1.709,723.8,self-play,2.35e-04,0.264,0.169,0.097,0.128,0.000,0.174,0.000,0.169
2873,5137.00,3063.59,16,1.544,724.8,self-play,2.35e-04,0.209,0.171,0.065,0.209,0.000,0.191,0.000,0.155
2874,3863.00,3077.34,325,1.392,725.6,self-play,2.35e-04,0.325,0.007,0.000,0.223,0.000,0.244,0.000,0.201
2875,4684.50,3089.33,527,1.387,726.0,self-play,2.35e-04,0.311,0.000,0.007,0.259,0.000,0.207,0.000,0.215
2876,3477.50,3095.26,0,1.400,726.4,self-play,2.35e-04,0.279,0.000,0.016,0.302,0.000,0.202,0.000,0.202
2877,2864.50,3046.48,0,1.448,727.4,self-play,2.35e-04,0.332,0.008,0.018,0.205,0.000,0.259,0.000,0.179
2878,4666.00,3038.10,592,1.250,727.8,self-play,2.35e-04,0.340,0.020,0.048,0.293,0.000,0.163,0.000,0.136
2879,3074.00,3044.60,320,1.004,728.7,self-play,2.35e-04,0.259,0.000,0.000,0.641,0.000,0.010,0.000,0.091
2880,5268.50,3072.21,580,1.220,730.6,self-play,2.35e-04,0.322,0.018,0.028,0.382,0.000,0.018,0.000,0.232
2881,1213.50,3054.62,0,0.990,730.9,self-play,2.35e-04,0.235,0.008,0.008,0.629,0.000,0.000,0.000,0.121
2882,1398.50,3044.93,0,1.043,731.3,self-play,2.35e-04,0.167,0.000,0.008,0.484,0.000,0.000,0.000,0.341
2883,3691.50,3057.51,0,1.221,732.1,self-play,2.35e-04,0.244,0.029,0.016,0.375,0.000,0.003,0.000,0.332
2884,5867.00,3091.26,966,1.335,733.1,self-play,2.35e-04,0.286,0.021,0.049,0.310,0.000,0.008,0.000,0.326
2885,1947.50,3068.59,0,1.229,733.7,self-play,2.35e-04,0.272,0.000,0.019,0.399,0.000,0.005,0.000,0.305
2886,4444.50,3074.47,341,1.308,734.4,self-play,2.35e-04,0.299,0.011,0.052,0.257,0.000,0.007,0.000,0.373
2887,3502.50,3059.71,0,1.386,735.1,self-play,2.35e-04,0.270,0.035,0.129,0.238,0.000,0.000,0.000,0.328
2888,3297.50,3070.97,218,1.509,736.2,self-play,2.35e-04,0.270,0.026,0.210,0.242,0.000,0.021,0.000,0.231
2889,1995.50,3075.08,0,1.498,737.0,self-play,2.35e-04,0.247,0.035,0.208,0.251,0.000,0.004,0.000,0.254
2890,2537.50,3075.05,0,1.547,737.4,self-play,2.35e-04,0.302,0.074,0.167,0.154,0.000,0.012,0.000,0.290
2891,3151.00,3080.84,596,1.591,738.3,self-play,2.35e-04,0.208,0.084,0.175,0.205,0.000,0.023,0.000,0.305
2892,4400.00,3100.38,11,1.649,739.0,self-play,2.35e-04,0.291,0.105,0.145,0.222,0.000,0.047,0.000,0.189
2893,2140.00,3087.45,84,1.609,739.6,self-play,2.35e-04,0.282,0.149,0.141,0.166,0.000,0.017,0.000,0.245
2894,3278.50,3097.80,0,1.586,740.0,self-play,2.35e-04,0.310,0.218,0.148,0.176,0.000,0.014,0.000,0.134
2895,2353.50,3092.08,287,1.499,740.3,self-play,2.35e-04,0.330,0.151,0.189,0.236,0.000,0.009,0.000,0.085
2896,3233.00,3092.10,0,1.584,740.9,self-play,2.35e-04,0.347,0.100,0.188,0.238,0.000,0.021,0.000,0.105
2897,3036.50,3102.85,0,1.578,741.6,self-play,2.35e-04,0.276,0.125,0.177,0.211,0.000,0.065,0.000,0.147
2898,1684.50,3092.07,28,1.503,742.1,self-play,2.35e-04,0.304,0.120,0.225,0.293,0.000,0.010,0.000,0.047
2899,4116.50,3107.84,912,1.490,742.3,self-play,2.35e-04,0.444,0.111,0.081,0.202,0.000,0.030,0.000,0.131
2900,3338.50,3120.32,0,1.650,743.0,self-play,2.28e-04,0.303,0.134,0.155,0.206,0.000,0.063,0.000,0.139
2901,3060.50,3124.80,157,1.636,743.5,self-play,2.28e-04,0.312,0.168,0.116,0.243,0.000,0.052,0.000,0.110
2902,2479.00,3126.16,68,1.698,744.4,self-play,2.28e-04,0.259,0.163,0.145,0.186,0.000,0.122,0.000,0.125
2903,3528.50,3135.62,41,1.568,745.2,self-play,2.28e-04,0.266,0.210,0.107,0.172,0.000,0.107,0.000,0.138
2904,2872.50,3141.85,26,1.462,745.7,self-play,2.28e-04,0.293,0.346,0.115,0.068,0.000,0.052,0.000,0.126
2905,3463.50,3158.88,0,1.583,746.7,self-play,2.28e-04,0.273,0.276,0.108,0.077,0.000,0.052,0.000,0.213
2906,3063.00,3167.05,14,1.688,748.4,self-play,2.28e-04,0.223,0.235,0.233,0.112,0.000,0.032,0.000,0.165
2907,2863.50,3167.78,216,1.629,748.8,self-play,2.28e-04,0.216,0.148,0.296,0.123,0.000,0.025,0.000,0.191
2908,2833.00,3171.82,10,1.677,749.8,self-play,2.28e-04,0.209,0.239,0.185,0.081,0.000,0.048,0.000,0.239
2909,1966.50,3164.78,83,1.478,750.1,self-play,2.28e-04,0.187,0.415,0.073,0.081,0.000,0.041,0.000,0.203
2910,2277.00,3165.74,81,1.525,750.5,self-play,2.28e-04,0.235,0.347,0.094,0.059,0.000,0.059,0.000,0.206
2911,4239.00,3152.39,943,1.508,750.9,self-play,2.28e-04,0.275,0.326,0.029,0.065,0.000,0.036,0.000,0.268
2912,4483.50,3169.14,656,1.598,751.7,self-play,2.28e-04,0.207,0.286,0.079,0.136,0.000,0.068,0.000,0.225
2913,4305.00,3188.28,662,1.530,752.4,self-play,2.28e-04,0.254,0.312,0.033,0.147,0.000,0.044,0.000,0.210
2914,4144.00,3195.62,57,1.577,753.3,self-play,2.28e-04,0.263,0.195,0.041,0.192,0.000,0.041,0.000,0.266
2915,4764.50,3226.91,281,1.685,754.1,self-play,2.28e-04,0.347,0.154,0.060,0.144,0.000,0.081,0.000,0.214
2916,2888.50,3230.51,318,1.534,754.4,self-play,2.28e-04,0.276,0.214,0.071,0.092,0.000,0.061,0.000,0.286
2917,4658.50,3255.14,629,1.462,754.9,self-play,2.28e-04,0.381,0.103,0.077,0.071,0.000,0.026,0.000,0.342
2918,6290.00,3301.59,377,1.539,755.7,self-play,2.28e-04,0.342,0.084,0.087,0.100,0.000,0.052,0.000,0.335
2919,9076.00,3375.99,1338,1.672,757.4,self-play,2.28e-04,0.214,0.085,0.129,0.147,0.000,0.106,0.000,0.319
2920,3548.00,3386.30,699,1.551,758.0,self-play,2.28e-04,0.284,0.106,0.051,0.123,0.000,0.114,0.000,0.322
2921,5158.00,3407.97,656,1.636,759.1,self-play,2.28e-04,0.353,0.087,0.096,0.083,0.000,0.128,0.000,0.252
2922,6031.50,3424.74,1030,1.551,759.7,self-play,2.28e-04,0.291,0.136,0.032,0.155,0.000,0.027,0.000,0.359
2923,3555.50,3429.72,18,1.734,761.0,self-play,2.28e-04,0.217,0.083,0.174,0.142,0.000,0.231,0.000,0.152
2924,3697.00,3434.05,494,1.656,761.4,self-play,2.28e-04,0.229,0.133,0.000,0.267,0.000,0.152,0.000,0.219
2925,2753.00,3425.84,15,1.697,762.4,self-play,2.28e-04,0.170,0.074,0.101,0.204,0.000,0.302,0.000,0.149
2926,5338.00,3433.64,651,1.728,763.5,self-play,2.28e-04,0.180,0.180,0.076,0.106,0.000,0.218,0.000,0.240
2927,3717.50,3453.66,7,1.726,764.2,self-play,2.28e-04,0.207,0.218,0.077,0.096,0.000,0.195,0.000,0.207
2928,1608.50,3409.30,179,1.598,764.7,self-play,2.28e-04,0.094,0.081,0.138,0.100,0.000,0.419,0.000,0.169
2929,3514.50,3408.48,17,1.700,765.6,self-play,2.28e-04,0.114,0.107,0.120,0.175,0.000,0.276,0.000,0.208
2930,2958.00,3410.72,529,1.642,766.1,self-play,2.28e-04,0.069,0.300,0.062,0.154,0.000,0.223,0.000,0.192
2931,3093.50,3404.93,188,1.449,766.7,self-play,2.28e-04,0.072,0.081,0.120,0.091,0.000,0.388,0.000,0.249
2932,2180.50,3399.47,265,1.497,767.0,self-play,2.28e-04,0.018,0.080,0.035,0.088,0.000,0.513,0.000,0.265
2933,4731.50,3403.95,789,1.656,767.5,self-play,2.28e-04,0.107,0.114,0.081,0.101,0.000,0.262,0.000,0.336
2934,3952.00,3399.69,49,1.709,768.3,self-play,2.28e-04,0.136,0.132,0.136,0.108,0.000,0.178,0.000,0.310
2935,2386.50,3383.97,275,1.681,768.8,self-play,2.28e-04,0.172,0.239,0.090,0.112,0.000,0.075,0.000,0.313
2936,8096.00,3422.05,706,1.756,771.1,self-play,2.28e-04,0.283,0.194,0.153,0.100,0.000,0.107,0.000,0.162
2937,2175.00,3425.39,0,1.726,771.7,self-play,2.28e-04,0.216,0.287,0.082,0.076,0.000,0.152,0.000,0.187
2938,3720.00,3425.69,17,1.743,772.7,self-play,2.28e-04,0.159,0.210,0.144,0.112,0.000,0.115,0.000,0.259
2939,3423.00,3433.76,19,1.735,773.6,self-play,2.28e-04,0.132,0.203,0.122,0.145,0.000,0.119,0.000,0.280
2940,2515.50,3416.30,0,1.730,774.8,self-play,2.28e-04,0.144,0.208,0.193,0.106,0.000,0.104,0.000,0.245
2941,1799.00,3414.68,122,1.699,775.4,self-play,2.28e-04,0.151,0.178,0.173,0.084,0.000,0.116,0.000,0.298
2942,4132.50,3439.16,233,1.692,776.1,self-play,2.28e-04,0.135,0.266,0.106,0.135,0.000,0.072,0.000,0.285
2943,4166.00,3464.45,84,1.726,777.1,self-play,2.28e-04,0.193,0.199,0.104,0.199,0.000,0.098,0.000,0.205
2944,4940.50,3477.76,990,1.744,778.1,self-play,2.28e-04,0.193,0.178,0.129,0.149,0.000,0.138,0.000,0.213
2945,4390.00,3480.70,965,1.674,778.5,self-play,2.28e-04,0.252,0.122,0.109,0.190,0.000,0.095,0.000,0.231
2946,4276.00,3481.09,10,1.742,779.4,self-play,2.28e-04,0.283,0.118,0.083,0.162,0.000,0.134,0.000,0.220
2947,3406.50,3483.73,69,1.747,780.9,self-play,2.28e-04,0.239,0.127,0.145,0.171,0.000,0.204,0.000,0.114
2948,1462.00,3472.52,142,1.456,781.2,self-play,2.28e-04,0.195,0.448,0.011,0.195,0.000,0.046,0.000,0.103
2949,3303.50,3474.78,308,1.523,781.7,self-play,2.28e-04,0.382,0.118,0.099,0.270,0.000,0.092,0.000,0.039
2950,2700.00,3473.93,0,1.637,782.8,self-play,2.28e-04,0.309,0.103,0.159,0.259,0.000,0.103,0.000,0.067
2951,3257.50,3479.66,291,1.494,783.3,self-play,2.28e-04,0.364,0.093,0.148,0.235,0.000,0.117,0.000,0.043
2952,2352.50,3468.64,50,1.592,784.0,self-play,2.28e-04,0.247,0.169,0.233,0.237,0.000,0.105,0.000,0.009
2953,3538.50,3466.66,14,1.584,784.8,self-play,2.28e-04,0.189,0.280,0.208,0.212,0.000,0.091,0.000,0.019
2954,1999.50,3446.98,0,1.555,785.5,self-play,2.28e-04,0.170,0.314,0.184,0.188,0.000,0.126,0.000,0.018
2955,2135.50,3447.39,0,1.418,786.0,self-play,2.28e-04,0.128,0.455,0.231,0.058,0.000,0.109,0.000,0.019
2956,1902.00,3428.26,0,1.656,786.8,self-play,2.28e-04,0.212,0.182,0.277,0.065,0.000,0.219,0.000,0.045
2957,2290.50,3431.59,0,1.606,787.3,self-play,2.28e-04,0.147,0.338,0.199,0.081,0.000,0.162,0.000,0.074
2958,3123.00,3447.45,30,1.656,788.2,self-play,2.28e-04,0.115,0.222,0.143,0.108,0.000,0.326,0.000,0.086
2959,2017.00,3439.66,0,1.664,788.5,self-play,2.28e-04,0.099,0.333,0.117,0.117,0.000,0.243,0.000,0.090
2960,2358.50,3432.47,5,1.752,789.8,self-play,2.28e-04,0.122,0.156,0.161,0.183,0.000,0.283,0.000,0.095
2961,3295.00,3451.24,177,1.700,790.5,self-play,2.28e-04,0.103,0.236,0.172,0.159,0.000,0.215,0.000,0.116
2962,1939.50,3434.99,158,1.680,791.1,self-play,2.28e-04,0.055,0.246,0.131,0.131,0.000,0.273,0.000,0.164
2963,7012.00,3468.24,687,1.737,793.3,self-play,2.28e-04,0.113,0.171,0.186,0.133,0.000,0.258,0.000,0.138
2964,3947.00,3478.74,16,1.729,794.1,self-play,2.28e-04,0.109,0.218,0.169,0.109,0.000,0.262,0.000,0.133
2965,3224.00,3449.22,128,1.710,794.8,self-play,2.28e-04,0.112,0.190,0.185,0.103,0.000,0.276,0.000,0.134
2966,3523.50,3456.22,3,1.737,795.8,self-play,2.28e-04,0.132,0.084,0.264,0.099,0.000,0.225,0.000,0.195
2967,3160.50,3447.24,29,1.689,796.4,self-play,2.28e-04,0.196,0.084,0.187,0.124,0.000,0.271,0.000,0.138
2968,2907.00,3449.03,200,1.739,797.1,self-play,2.28e-04,0.200,0.043,0.190,0.114,0.000,0.219,0.000,0.233
2969,2855.50,3465.76,293,1.757,797.4,self-play,2.28e-04,0.151,0.085,0.142,0.236,0.000,0.189,0.000,0.198
2970,3230.50,3462.06,0,1.757,799.3,self-play,2.28e-04,0.206,0.105,0.178,0.146,0.000,0.222,0.000,0.143
2971,2374.50,3462.09,0,1.513,800.2,self-play,2.28e-04,0.102,0.207,0.404,0.051,0.000,0.127,0.000,0.108
2972,4867.50,3469.59,191,1.629,801.5,self-play,2.28e-04,0.227,0.146,0.196,0.126,0.000,0.227,0.000,0.078
2973,1573.50,3433.95,0,1.508,802.0,self-play,2.28e-04,0.182,0.015,0.311,0.227,0.000,0.182,0.000,0.083
2974,2422.00,3419.54,0,1.517,802.8,self-play,2.28e-04,0.233,0.014,0.338,0.169,0.000,0.115,0.000,0.132
2975,1463.00,3387.32,86,1.329,803.1,self-play,2.28e-04,0.150,0.008,0.475,0.175,0.000,0.133,0.000,0.058
2976,1342.00,3365.97,0,1.386,804.0,self-play,2.28e-04,0.105,0.011,0.518,0.120,0.000,0.174,0.000,0.072
2977,1809.50,3355.42,0,1.576,804.8,self-play,2.28e-04,0.073,0.027,0.410,0.188,0.000,0.222,0.000,0.080
2978,3954.50,3348.30,12,1.583,805.2,self-play,2.28e-04,0.120,0.042,0.338,0.120,0.000,0.183,0.000,0.197
2979,1631.00,3333.88,176,1.552,805.7,self-play,2.28e-04,0.172,0.032,0.287,0.115,0.000,0.197,0.000,0.197
2980,1581.00,3297.00,29,1.628,806.4,self-play,2.28e-04,0.163,0.027,0.319,0.091,0.000,0.163,0.000,0.236
2981,4112.50,3325.99,78,1.680,807.5,self-play,2.28e-04,0.178,0.040,0.243,0.139,0.000,0.198,0.000,0.203
2982,3170.50,3343.71,39,1.632,808.2,self-play,2.28e-04,0.147,0.025,0.245,0.191,0.000,0.250,0.000,0.142
2983,1740.50,3324.20,242,1.620,808.8,self-play,2.28e-04,0.167,0.015,0.241,0.148,0.000,0.320,0.000,0.108
2984,2381.50,3289.34,124,1.644,809.5,self-play,2.28e-04,0.192,0.032,0.224,0.208,0.000,0.228,0.000,0.116
2985,2442.50,3294.30,0,1.650,810.1,self-play,2.28e-04,0.215,0.038,0.194,0.183,0.000,0.253,0.000,0.118
2986,1441.50,3264.26,56,1.669,810.9,self-play,2.28e-04,0.221,0.049,0.169,0.147,0.000,0.300,0.000,0.114
2987,2991.50,3259.16,36,1.658,811.8,self-play,2.28e-04,0.193,0.092,0.136,0.152,0.000,0.307,0.000,0.120
2988,2819.00,3254.37,569,1.625,812.2,self-play,2.28e-04,0.304,0.094,0.101,0.109,0.000,0.254,0.000,0.138
2989,5021.50,3284.63,844,1.594,812.9,self-play,2.28e-04,0.273,0.059,0.119,0.134,0.000,0.316,0.000,0.099
2990,1849.50,3277.75,68,1.597,813.9,self-play,2.28e-04,0.197,0.032,0.154,0.146,0.000,0.356,0.000,0.116
2991,7278.00,3319.02,624,1.704,815.4,self-play,2.28e-04,0.193,0.062,0.137,0.165,0.000,0.273,0.000,0.170
2992,8030.50,3355.32,925,1.710,817.4,self-play,2.28e-04,0.229,0.065,0.174,0.145,0.000,0.234,0.000,0.153
2993,4310.00,3377.03,11,1.698,818.8,self-play,2.28e-04,0.221,0.054,0.155,0.140,0.000,0.302,0.000,0.128
2994,2801.50,3372.26,16,1.703,820.2,self-play,2.28e-04,0.120,0.080,0.133,0.183,0.000,0.331,0.000,0.152
2995,2925.50,3377.97,65,1.595,820.9,self-play,2.28e-04,0.148,0.160,0.086,0.198,0.000,0.354,0.000,0.053
2996,3015.00,3375.80,298,1.686,821.9,self-play,2.28e-04,0.151,0.104,0.091,0.217,0.000,0.363,0.000,0.074
2997,2931.00,3374.74,402,1.623,822.4,self-play,2.28e-04,0.118,0.156,0.108,0.108,0.000,0.387,0.000,0.124
2998,2472.50,3382.62,228,1.693,822.9,self-play,2.28e-04,0.228,0.141,0.054,0.161,0.000,0.282,0.000,0.134
2999,4021.00,3381.66,407,1.725,823.5,self-play,2.28e-04,0.244,0.153,0.067,0.206,0.000,0.187,0.000,0.144
3000,3410.50,3382.39,487,1.653,823.9,self-play,2.21e-04,0.331,0.226,0.045,0.180,0.000,0.135,0.000,0.083
3001,2856.00,3380.34,40,1.749,824.7,self-play,2.21e-04,0.233,0.151,0.116,0.209,0.000,0.159,0.000,0.132
3002,2529.00,3380.84,22,1.727,825.3,self-play,2.21e-04,0.210,0.174,0.076,0.085,0.000,0.228,0.000,0.228
3003,2906.50,3374.62,581,1.581,825.5,self-play,2.21e-04,0.261,0.250,0.045,0.034,0.000,0.170,0.000,0.239
3004,3234.50,3378.24,39,1.715,826.3,self-play,2.21e-04,0.184,0.118,0.107,0.107,0.000,0.228,0.000,0.257
3005,4611.50,3389.72,912,1.698,826.9,self-play,2.21e-04,0.285,0.118,0.113,0.113,0.000,0.118,0.000,0.253
3006,6014.00,3419.23,0,1.760,828.3,self-play,2.21e-04,0.193,0.126,0.180,0.140,0.000,0.165,0.000,0.195
3007,2299.00,3413.59,67,1.648,828.9,self-play,2.21e-04,0.196,0.196,0.126,0.112,0.000,0.107,0.000,0.262
3008,1890.50,3404.16,0,1.552,829.3,self-play,2.21e-04,0.193,0.326,0.074,0.089,0.000,0.067,0.000,0.252
3009,3882.00,3423.32,56,1.657,830.0,self-play,2.21e-04,0.196,0.225,0.146,0.075,0.000,0.104,0.000,0.254
3010,2557.50,3426.12,254,1.667,830.4,self-play,2.21e-04,0.193,0.185,0.148,0.074,0.000,0.111,0.000,0.289
3011,2465.50,3408.39,0,1.634,831.0,self-play,2.21e-04,0.188,0.135,0.150,0.072,0.000,0.130,0.000,0.324
3012,5981.50,3423.36,611,1.659,832.3,self-play,2.21e-04,0.200,0.080,0.200,0.088,0.000,0.133,0.000,0.299
3013,10448.50,3484.80,2127,1.700,834.3,self-play,2.21e-04,0.233,0.094,0.202,0.095,0.000,0.135,0.000,0.240
3014,1867.00,3462.03,60,1.654,835.1,self-play,2.21e-04,0.194,0.080,0.221,0.055,0.000,0.159,0.000,0.291
3015,3367.50,3448.06,13,1.703,836.3,self-play,2.21e-04,0.174,0.102,0.194,0.099,0.000,0.146,0.000,0.285
3016,4409.50,3463.27,742,1.660,837.0,self-play,2.21e-04,0.179,0.139,0.194,0.048,0.000,0.147,0.000,0.294
3017,2533.00,3442.01,0,1.571,837.3,self-play,2.21e-04,0.143,0.238,0.067,0.067,0.000,0.076,0.000,0.410
3018,3871.00,3417.82,27,1.737,838.2,self-play,2.21e-04,0.173,0.186,0.110,0.053,0.000,0.189,0.000,0.289
3019,2976.00,3356.82,111,1.764,839.4,self-play,2.21e-04,0.213,0.095,0.181,0.086,0.000,0.253,0.000,0.172
3020,3938.00,3360.72,254,1.754,840.2,self-play,2.21e-04,0.226,0.165,0.133,0.161,0.000,0.194,0.000,0.122
3021,4479.00,3353.93,678,1.753,840.7,self-play,2.21e-04,0.207,0.067,0.183,0.207,0.000,0.154,0.000,0.183
3022,3068.50,3324.30,0,1.754,841.7,self-play,2.21e-04,0.199,0.125,0.196,0.146,0.000,0.182,0.000,0.152
3023,2354.00,3312.29,285,1.611,842.2,self-play,2.21e-04,0.187,0.228,0.088,0.146,0.000,0.094,0.000,0.257
3024,4379.50,3319.11,7,1.651,843.2,self-play,2.21e-04,0.141,0.144,0.125,0.108,0.000,0.083,0.000,0.399
3025,2460.50,3316.19,0,1.470,843.7,self-play,2.21e-04,0.107,0.387,0.065,0.095,0.000,0.065,0.000,0.280
3026,2731.00,3290.12,247,1.691,844.4,self-play,2.21e-04,0.144,0.252,0.180,0.092,0.000,0.068,0.000,0.264
3027,2308.00,3276.03,0,1.623,844.7,self-play,2.21e-04,0.205,0.299,0.154,0.111,0.000,0.043,0.000,0.188
3028,1696.50,3276.91,0,1.757,845.5,self-play,2.21e-04,0.147,0.185,0.199,0.122,0.000,0.129,0.000,0.217
3029,3420.50,3275.97,52,1.758,846.1,self-play,2.21e-04,0.192,0.110,0.087,0.145,0.000,0.140,0.000,0.326
3030,2482.00,3271.20,55,1.739,846.4,self-play,2.21e-04,0.167,0.242,0.098,0.121,0.000,0.152,0.000,0.220
3031,2300.50,3263.28,3,1.765,847.2,self-play,2.21e-04,0.169,0.132,0.165,0.176,0.000,0.191,0.000,0.165
3032,2094.00,3262.41,0,1.755,848.2,self-play,2.21e-04,0.152,0.155,0.227,0.099,0.000,0.146,0.000,0.221
3033,3790.50,3253.00,29,1.761,849.2,self-play,2.21e-04,0.143,0.152,0.225,0.108,0.000,0.170,0.000,0.202
3034,3749.50,3250.97,9,1.779,850.5,self-play,2.21e-04,0.157,0.128,0.178,0.124,0.000,0.198,0.000,0.215
3035,2482.00,3251.93,90,1.777,852.1,self-play,2.21e-04,0.204,0.133,0.128,0.164,0.000,0.206,0.000,0.164
3036,4902.00,3219.99,676,1.233,852.9,self-play,2.21e-04,0.290,0.158,0.114,0.138,0.000,0.138,0.000,0.162
3037,21.00,3198.45,0,0.272,853.2,self-play,2.21e-04,0.987,0.000,0.000,0.000,0.000,0.000,0.000,0.013
3038,0.00,3161.25,0,0.143,853.4,self-play,2.21e-04,1.000,0.000,0.000,0.000,0.000,0.000,0.000,0.000
3039,861.50,3135.64,0,0.513,853.8,self-play,2.21e-04,0.839,0.016,0.065,0.016,0.000,0.008,0.000,0.056
3040,2443.50,3134.91,717,0.671,854.2,self-play,2.21e-04,0.799,0.013,0.054,0.013,0.000,0.013,0.000,0.107
3041,0.00,3116.93,0,0.041,854.4,self-play,2.21e-04,1.000,0.000,0.000,0.000,0.000,0.000,0.000,0.000
3042,3619.00,3111.79,774,0.869,854.9,self-play,2.21e-04,0.738,0.017,0.110,0.017,0.000,0.012,0.000,0.105
3043,1192.00,3082.05,6,0.798,855.2,self-play,2.21e-04,0.840,0.019,0.085,0.000,0.000,0.000,0.000,0.057
3044,4274.50,3075.39,705,1.165,855.8,self-play,2.21e-04,0.604,0.050,0.158,0.005,0.000,0.009,0.000,0.176
3045,8848.50,3119.97,1972,1.443,857.7,self-play,2.21e-04,0.439,0.084,0.195,0.065,0.000,0.029,0.000,0.188
3046,5293.00,3130.14,1398,1.321,858.4,self-play,2.21e-04,0.536,0.028,0.157,0.024,0.000,0.008,0.000,0.246
3047,8731.50,3183.39,1509,1.557,859.8,self-play,2.21e-04,0.399,0.088,0.187,0.060,0.000,0.027,0.000,0.239
3048,3946.50,3208.24,0,1.592,860.9,self-play,2.21e-04,0.285,0.156,0.220,0.083,0.000,0.024,0.000,0.232
3049,5350.50,3228.71,403,1.657,862.3,self-play,2.21e-04,0.253,0.155,0.246,0.092,0.000,0.029,0.000,0.226
3050,3322.50,3234.93,804,1.627,862.8,self-play,2.21e-04,0.276,0.154,0.186,0.141,0.000,0.032,0.000,0.212
3051,3515.50,3237.51,0,1.643,863.5,self-play,2.21e-04,0.283,0.121,0.215,0.069,0.000,0.036,0.000,0.275
3052,3414.50,3248.14,446,1.641,863.9,self-play,2.21e-04,0.343,0.168,0.140,0.098,0.000,0.056,0.000,0.196
3053,3887.00,3251.62,713,1.684,864.4,self-play,2.21e-04,0.209,0.092,0.203,0.111,0.000,0.078,0.000,0.307
3054,8019.00,3311.82,1508,1.724,866.6,self-play,2.21e-04,0.246,0.109,0.150,0.157,0.000,0.113,0.000,0.226
3055,4205.50,3332.51,8,1.706,867.6,self-play,2.21e-04,0.228,0.095,0.168,0.185,0.000,0.098,0.000,0.226
3056,6043.50,3373.93,680,1.719,868.6,self-play,2.21e-04,0.216,0.155,0.118,0.155,0.000,0.089,0.000,0.267
3057,2410.00,3375.12,0,1.716,869.4,self-play,2.21e-04,0.196,0.098,0.145,0.247,0.000,0.062,0.000,0.251
3058,2230.00,3366.20,0,1.589,869.7,self-play,2.21e-04,0.082,0.245,0.055,0.227,0.000,0.100,0.000,0.291
3059,2987.00,3375.89,5,1.763,871.1,self-play,2.21e-04,0.153,0.107,0.176,0.182,0.000,0.143,0.000,0.240
3060,2672.00,3379.03,66,1.713,871.6,self-play,2.21e-04,0.171,0.235,0.076,0.153,0.000,0.106,0.000,0.259
3061,3084.00,3376.92,32,1.766,872.5,self-play,2.21e-04,0.167,0.211,0.146,0.201,0.000,0.146,0.000,0.130
3062,2476.00,3382.28,22,1.701,873.2,self-play,2.21e-04,0.174,0.190,0.105,0.235,0.000,0.085,0.000,0.211
3063,1815.50,3330.32,9,1.722,874.0,self-play,2.21e-04,0.331,0.109,0.130,0.225,0.000,0.077,0.000,0.127
3064,5312.50,3343.97,98,1.740,875.1,self-play,2.21e-04,0.246,0.096,0.139,0.243,0.000,0.127,0.000,0.149
3065,3005.50,3341.79,181,1.676,875.5,self-play,2.21e-04,0.328,0.328,0.040,0.136,0.000,0.096,0.000,0.072
3066,1899.50,3325.55,62,1.711,876.0,self-play,2.21e-04,0.296,0.153,0.133,0.189,0.000,0.102,0.000,0.128
3067,8262.50,3376.57,1398,1.695,877.6,self-play,2.21e-04,0.284,0.086,0.155,0.232,0.000,0.088,0.000,0.155
3068,4075.50,3388.26,715,1.679,878.0,self-play,2.21e-04,0.301,0.068,0.173,0.180,0.000,0.083,0.000,0.195
3069,4465.50,3404.36,0,1.719,878.9,self-play,2.21e-04,0.264,0.102,0.188,0.182,0.000,0.083,0.000,0.182
3070,2262.50,3394.68,436,1.711,879.2,self-play,2.21e-04,0.225,0.162,0.162,0.243,0.000,0.054,0.000,0.153
3071,5663.50,3427.57,37,1.723,880.6,self-play,2.21e-04,0.240,0.127,0.152,0.208,0.000,0.095,0.000,0.178
3072,5521.00,3434.10,740,1.733,882.6,self-play,2.21e-04,0.266,0.129,0.134,0.184,0.000,0.117,0.000,0.169
3073,3284.00,3451.20,359,1.691,883.0,self-play,2.21e-04,0.213,0.156,0.090,0.279,0.000,0.107,0.000,0.156
3074,3085.00,3457.84,87,1.748,883.8,self-play,2.21e-04,0.171,0.171,0.095,0.214,0.000,0.095,0.000,0.253
3075,4082.50,3484.03,0,1.743,884.7,self-play,2.21e-04,0.187,0.197,0.113,0.153,0.000,0.107,0.000,0.243
3076,2752.00,3498.13,39,1.775,885.7,self-play,2.21e-04,0.146,0.169,0.160,0.201,0.000,0.146,0.000,0.178
3077,2076.00,3500.80,0,1.760,886.5,self-play,2.21e-04,0.109,0.142,0.215,0.245,0.000,0.139,0.000,0.149
3078,1894.50,3480.20,0,1.761,887.1,self-play,2.21e-04,0.137,0.153,0.195,0.179,0.000,0.121,0.000,0.216
3079,2242.00,3486.30,31,1.765,887.8,self-play,2.21e-04,0.100,0.142,0.208,0.258,0.000,0.188,0.000,0.104
3080,2256.00,3493.05,18,1.734,888.7,self-play,2.21e-04,0.149,0.122,0.146,0.261,0.000,0.156,0.000,0.166
3081,2514.50,3477.07,36,1.765,890.2,self-play,2.21e-04,0.186,0.119,0.152,0.216,0.000,0.173,0.000,0.154
3082,4081.00,3486.18,144,1.706,891.8,self-play,2.21e-04,0.152,0.123,0.104,0.146,0.000,0.214,0.000,0.261
3083,3049.00,3499.26,215,1.694,892.1,self-play,2.21e-04,0.157,0.181,0.063,0.110,0.000,0.173,0.000,0.315
3084,1595.50,3491.41,48,1.671,892.6,self-play,2.21e-04,0.117,0.080,0.282,0.101,0.000,0.207,0.000,0.213
3085,2292.50,3489.91,60,1.732,893.9,self-play,2.21e-04,0.122,0.081,0.309,0.111,0.000,0.208,0.000,0.169
3086,2813.00,3503.62,88,1.654,894.8,self-play,2.21e-04,0.155,0.124,0.267,0.100,0.000,0.245,0.000,0.109
3087,2885.00,3502.55,13,1.668,895.2,self-play,2.21e-04,0.212,0.099,0.245,0.053,0.000,0.278,0.000,0.113
3088,4083.50,3515.20,218,1.643,895.9,self-play,2.21e-04,0.296,0.116,0.296,0.060,0.000,0.144,0.000,0.088
3089,6018.00,3525.16,323,1.678,897.7,self-play,2.21e-04,0.268,0.083,0.290,0.132,0.000,0.127,0.000,0.100
3090,3855.00,3545.22,40,1.709,898.8,self-play,2.21e-04,0.222,0.093,0.287,0.130,0.000,0.148,0.000,0.120
3091,5430.50,3526.74,442,1.663,899.9,self-play,2.21e-04,0.185,0.096,0.263,0.154,0.000,0.161,0.000,0.141
3092,4055.00,3486.99,491,1.683,900.5,self-play,2.21e-04,0.264,0.088,0.347,0.145,0.000,0.078,0.000,0.078
3093,4544.00,3489.33,517,1.743,901.7,self-play,2.21e-04,0.258,0.067,0.276,0.137,0.000,0.152,0.000,0.111
3094,2642.00,3487.74,248,1.589,902.5,self-play,2.21e-04,0.239,0.091,0.189,0.123,0.000,0.218,0.000,0.140
3095,6196.50,3520.45,762,1.597,903.8,self-play,2.21e-04,0.334,0.014,0.176,0.090,0.000,0.203,0.000,0.183
3096,6175.50,3552.05,981,1.480,904.2,self-play,2.21e-04,0.279,0.015,0.059,0.096,0.000,0.316,0.000,0.235
3097,2129.50,3544.03,99,1.535,904.8,self-play,2.21e-04,0.154,0.005,0.101,0.139,0.000,0.404,0.000,0.197
3098,3132.50,3550.64,101,1.585,905.7,self-play,2.21e-04,0.177,0.013,0.084,0.181,0.000,0.265,0.000,0.281
3099,5670.50,3567.13,1290,1.547,906.0,self-play,2.21e-04,0.348,0.011,0.087,0.163,0.000,0.087,0.000,0.304
3100,1755.00,3550.57,0,1.548,906.9,self-play,2.15e-04,0.131,0.015,0.146,0.128,0.000,0.394,0.000,0.186
3101,1971.00,3541.72,284,1.542,907.2,self-play,2.15e-04,0.148,0.019,0.037,0.259,0.000,0.361,0.000,0.176
3102,2229.00,3538.72,19,1.579,907.9,self-play,2.15e-04,0.141,0.028,0.121,0.173,0.000,0.367,0.000,0.169
3103,4887.00,3558.53,0,1.650,909.1,self-play,2.15e-04,0.178,0.053,0.164,0.123,0.000,0.294,0.000,0.188
3104,2462.50,3550.81,61,1.641,909.7,self-play,2.15e-04,0.204,0.036,0.194,0.071,0.000,0.255,0.000,0.240
3105,3698.00,3541.68,128,1.641,910.1,self-play,2.15e-04,0.244,0.016,0.106,0.073,0.000,0.260,0.000,0.301
3106,4955.00,3531.09,1193,1.585,910.3,self-play,2.15e-04,0.347,0.000,0.107,0.160,0.000,0.187,0.000,0.200
3107,6126.50,3569.36,589,1.657,911.6,self-play,2.15e-04,0.302,0.039,0.143,0.115,0.000,0.189,0.000,0.211
3108,4885.00,3599.30,277,1.697,912.4,self-play,2.15e-04,0.351,0.067,0.206,0.145,0.000,0.149,0.000,0.082
3109,2961.00,3590.09,7,1.750,913.3,self-play,2.15e-04,0.196,0.044,0.212,0.177,0.000,0.193,0.000,0.177
3110,4432.50,3608.84,0,1.728,915.2,self-play,2.15e-04,0.187,0.121,0.186,0.171,0.000,0.149,0.000,0.186
3111,3905.50,3623.24,145,1.564,915.6,self-play,2.15e-04,0.267,0.288,0.014,0.103,0.000,0.205,0.000,0.123
3112,4715.00,3610.58,0,1.561,916.8,self-play,2.15e-04,0.356,0.100,0.040,0.058,0.000,0.231,0.000,0.216
3113,4807.00,3554.16,0,1.524,917.4,self-play,2.15e-04,0.225,0.309,0.025,0.025,0.000,0.176,0.000,0.240
3114,2982.50,3565.32,509,1.528,917.9,self-play,2.15e-04,0.223,0.230,0.029,0.029,0.000,0.237,0.000,0.252
3115,3596.50,3567.61,228,1.598,918.4,self-play,2.15e-04,0.239,0.221,0.055,0.074,0.000,0.153,0.000,0.258
3116,4622.50,3569.74,12,1.722,919.4,self-play,2.15e-04,0.259,0.155,0.087,0.101,0.000,0.087,0.000,0.311
3117,2888.50,3573.30,109,1.717,920.2,self-play,2.15e-04,0.189,0.185,0.092,0.161,0.000,0.137,0.000,0.237
3118,3224.50,3566.83,85,1.741,921.3,self-play,2.15e-04,0.170,0.193,0.102,0.165,0.000,0.150,0.000,0.219
3119,3588.00,3572.95,25,1.518,922.3,self-play,2.15e-04,0.082,0.287,0.114,0.085,0.000,0.120,0.000,0.313
3120,4963.00,3583.20,0,1.630,924.2,self-play,2.15e-04,0.077,0.290,0.169,0.064,0.000,0.120,0.000,0.281
3121,1994.50,3558.36,0,0.972,924.7,self-play,2.15e-04,0.062,0.047,0.292,0.031,0.000,0.073,0.000,0.495
3122,3261.00,3560.28,0,1.017,925.2,self-play,2.15e-04,0.048,0.065,0.607,0.065,0.000,0.012,0.000,0.202
3123,2486.00,3561.60,0,0.834,926.5,self-play,2.15e-04,0.009,0.011,0.688,0.009,0.000,0.002,0.000,0.280
3124,2922.50,3547.03,36,0.937,927.3,self-play,2.15e-04,0.030,0.023,0.549,0.041,0.000,0.008,0.000,0.350
3125,1681.50,3539.24,158,0.951,927.7,self-play,2.15e-04,0.006,0.000,0.416,0.045,0.000,0.000,0.000,0.532
3126,1757.50,3529.51,0,1.131,928.2,self-play,2.15e-04,0.033,0.033,0.388,0.066,0.000,0.007,0.000,0.474
3127,3901.50,3545.44,0,1.339,929.2,self-play,2.15e-04,0.050,0.036,0.430,0.163,0.000,0.006,0.000,0.315
3128,2579.00,3554.26,0,1.326,929.8,self-play,2.15e-04,0.067,0.034,0.375,0.130,0.000,0.005,0.000,0.389
3129,2217.50,3542.24,16,1.312,930.5,self-play,2.15e-04,0.022,0.022,0.339,0.179,0.000,0.004,0.000,0.433
3130,2853.00,3545.95,550,1.307,930.8,self-play,2.15e-04,0.048,0.000,0.363,0.218,0.000,0.000,0.000,0.371
3131,5595.00,3578.89,5,1.504,932.0,self-play,2.15e-04,0.136,0.086,0.307,0.221,0.000,0.017,0.000,0.233
3132,2939.50,3587.34,406,1.359,932.3,self-play,2.15e-04,0.070,0.062,0.219,0.211,0.000,0.008,0.000,0.430
3133,2064.50,3570.09,0,1.406,933.0,self-play,2.15e-04,0.091,0.026,0.251,0.320,0.000,0.000,0.000,0.312
3134,1306.00,3545.65,0,1.450,933.5,self-play,2.15e-04,0.142,0.034,0.250,0.284,0.000,0.000,0.000,0.290
3135,1597.00,3536.80,0,1.516,933.9,self-play,2.15e-04,0.196,0.041,0.264,0.270,0.000,0.000,0.000,0.230
3136,3333.00,3521.11,0,1.514,935.2,self-play,2.15e-04,0.237,0.075,0.217,0.347,0.000,0.021,0.000,0.103
3137,11160.50,3632.51,1890,1.570,937.5,self-play,2.15e-04,0.284,0.152,0.145,0.264,0.000,0.023,0.000,0.133
3138,8655.00,3719.05,2222,1.496,938.3,self-play,2.15e-04,0.322,0.068,0.174,0.235,0.000,0.000,0.000,0.203
3139,4344.00,3753.88,560,1.467,938.9,self-play,2.15e-04,0.308,0.034,0.139,0.279,0.000,0.000,0.000,0.240
3140,5144.50,3780.89,737,1.442,939.6,self-play,2.15e-04,0.301,0.055,0.125,0.266,0.000,0.000,0.000,0.254
3141,2910.00,3809.99,0,1.408,940.2,self-play,2.15e-04,0.200,0.048,0.081,0.438,0.000,0.000,0.000,0.233
3142,4234.50,3816.14,94,1.453,941.0,self-play,2.15e-04,0.280,0.056,0.120,0.300,0.000,0.004,0.000,0.240
3143,13719.50,3941.42,1772,1.565,944.7,self-play,2.15e-04,0.306,0.112,0.186,0.228,0.000,0.024,0.000,0.144
3144,4102.00,3939.70,917,1.439,945.3,self-play,2.15e-04,0.277,0.162,0.073,0.330,0.000,0.000,0.000,0.157
3145,4601.00,3897.22,686,1.514,946.1,self-play,2.15e-04,0.366,0.118,0.094,0.237,0.000,0.000,0.000,0.185
3146,4410.00,3888.39,0,1.566,948.0,self-play,2.15e-04,0.226,0.141,0.088,0.303,0.000,0.007,0.000,0.236
3147,5279.00,3853.86,139,1.559,950.1,self-play,2.15e-04,0.127,0.358,0.127,0.181,0.000,0.039,0.000,0.167
3148,3156.50,3845.97,265,1.053,950.6,self-play,2.15e-04,0.037,0.267,0.037,0.267,0.000,0.007,0.000,0.385
3149,4376.00,3836.22,432,0.860,951.2,self-play,2.15e-04,0.051,0.021,0.034,0.106,0.000,0.017,0.000,0.771
3150,5486.00,3857.86,563,1.306,952.2,self-play,2.15e-04,0.108,0.035,0.070,0.108,0.000,0.038,0.000,0.641
3151,3715.50,3859.86,0,1.338,952.8,self-play,2.15e-04,0.061,0.057,0.061,0.278,0.000,0.038,0.000,0.505
3152,2518.00,3850.89,95,1.479,953.5,self-play,2.15e-04,0.101,0.020,0.057,0.287,0.000,0.061,0.000,0.474
3153,2587.50,3837.89,37,1.599,954.1,self-play,2.15e-04,0.176,0.014,0.134,0.296,0.000,0.083,0.000,0.296
3154,3523.50,3792.94,0,1.678,954.7,self-play,2.15e-04,0.134,0.062,0.175,0.201,0.000,0.093,0.000,0.335
3155,3913.50,3790.02,0,1.732,955.6,self-play,2.15e-04,0.245,0.058,0.118,0.196,0.000,0.161,0.000,0.222
3156,5201.00,3781.59,57,1.734,958.4,self-play,2.15e-04,0.168,0.188,0.160,0.190,0.000,0.156,0.000,0.138
3157,7240.50,3829.90,1200,1.656,960.2,self-play,2.15e-04,0.270,0.051,0.141,0.155,0.000,0.152,0.000,0.230
3158,3457.50,3842.18,0,1.642,960.7,self-play,2.15e-04,0.302,0.032,0.159,0.201,0.000,0.053,0.000,0.254
3159,2359.00,3835.89,58,1.734,962.2,self-play,2.15e-04,0.219,0.096,0.246,0.138,0.000,0.090,0.000,0.210
3160,1713.00,3826.30,112,1.667,962.9,self-play,2.15e-04,0.198,0.026,0.259,0.203,0.000,0.095,0.000,0.220
3161,3238.50,3827.85,0,1.673,963.8,self-play,2.15e-04,0.217,0.072,0.172,0.234,0.000,0.086,0.000,0.217
3162,3229.50,3835.39,321,1.656,964.3,self-play,2.15e-04,0.146,0.058,0.175,0.233,0.000,0.078,0.000,0.311
3163,2202.50,3839.26,202,1.713,965.3,self-play,2.15e-04,0.174,0.060,0.237,0.184,0.000,0.111,0.000,0.234
3164,2633.50,3812.47,0,1.739,966.0,self-play,2.15e-04,0.217,0.096,0.204,0.174,0.000,0.096,0.000,0.213
3165,2755.50,3809.97,5,1.745,966.9,self-play,2.15e-04,0.201,0.094,0.188,0.146,0.000,0.133,0.000,0.239
3166,3868.50,3829.66,0,1.749,967.9,self-play,2.15e-04,0.178,0.136,0.149,0.157,0.000,0.167,0.000,0.214
3167,2209.50,3769.12,77,1.734,968.4,self-play,2.15e-04,0.185,0.101,0.149,0.161,0.000,0.161,0.000,0.244
3168,1593.50,3744.30,79,1.696,969.3,self-play,2.15e-04,0.120,0.120,0.244,0.066,0.000,0.266,0.000,0.184
3169,3948.50,3739.14,27,1.723,970.0,self-play,2.15e-04,0.122,0.122,0.198,0.115,0.000,0.279,0.000,0.164
3170,1450.50,3731.01,24,1.727,970.6,self-play,2.15e-04,0.175,0.107,0.205,0.158,0.000,0.184,0.000,0.171
3171,1739.00,3691.77,53,1.746,970.9,self-play,2.15e-04,0.190,0.105,0.219,0.133,0.000,0.219,0.000,0.133
3172,2834.00,3664.90,3,1.742,971.5,self-play,2.15e-04,0.163,0.124,0.239,0.177,0.000,0.144,0.000,0.153
3173,1924.50,3651.30,39,1.745,972.2,self-play,2.15e-04,0.155,0.099,0.250,0.194,0.000,0.143,0.000,0.159
3174,1915.00,3639.61,141,1.733,972.9,self-play,2.15e-04,0.144,0.199,0.218,0.140,0.000,0.125,0.000,0.173
3175,2139.00,3620.17,110,1.721,973.5,self-play,2.15e-04,0.148,0.224,0.190,0.167,0.000,0.114,0.000,0.157
3176,1995.00,3612.60,176,1.724,974.0,self-play,2.15e-04,0.187,0.148,0.206,0.142,0.000,0.142,0.000,0.174
3177,1599.00,3607.83,2,1.686,975.0,self-play,2.15e-04,0.176,0.181,0.192,0.119,0.000,0.189,0.000,0.143
3178,1962.00,3608.51,0,1.688,976.2,self-play,2.15e-04,0.145,0.324,0.199,0.058,0.000,0.157,0.000,0.116
3179,3368.50,3619.77,0,1.674,977.0,self-play,2.15e-04,0.190,0.236,0.167,0.102,0.000,0.157,0.000,0.148
3180,1811.50,3615.32,48,1.692,977.6,self-play,2.15e-04,0.244,0.222,0.181,0.131,0.000,0.122,0.000,0.100
3181,3864.00,3628.82,656,1.739,978.2,self-play,2.15e-04,0.214,0.248,0.129,0.100,0.000,0.124,0.000,0.186
3182,1350.00,3601.51,9,1.751,978.9,self-play,2.15e-04,0.156,0.202,0.195,0.134,0.000,0.153,0.000,0.160
3183,2563.00,3596.65,0,1.757,979.7,self-play,2.15e-04,0.113,0.184,0.177,0.206,0.000,0.124,0.000,0.195
3184,3688.50,3617.58,78,1.755,981.5,self-play,2.15e-04,0.134,0.207,0.171,0.135,0.000,0.185,0.000,0.168
3185,3216.00,3626.82,0,1.761,982.1,self-play,2.15e-04,0.194,0.164,0.181,0.116,0.000,0.164,0.000,0.181
3186,3511.00,3633.80,101,1.733,983.0,self-play,2.15e-04,0.136,0.187,0.133,0.127,0.000,0.281,0.000,0.136
3187,2749.00,3632.43,19,1.757,983.8,self-play,2.15e-04,0.137,0.163,0.197,0.133,0.000,0.260,0.000,0.110
3188,1885.50,3610.45,158,1.756,984.3,self-play,2.15e-04,0.181,0.115,0.236,0.121,0.000,0.203,0.000,0.143
3189,2590.00,3576.18,4,1.741,985.5,self-play,2.15e-04,0.188,0.207,0.185,0.095,0.000,0.188,0.000,0.138
3190,2487.00,3562.49,387,1.691,985.8,self-play,2.15e-04,0.116,0.151,0.267,0.116,0.000,0.163,0.000,0.186
3191,3265.00,3540.84,11,1.587,986.7,self-play,2.15e-04,0.086,0.195,0.198,0.107,0.000,0.222,0.000,0.192
3192,1913.50,3519.43,0,1.529,987.3,self-play,2.15e-04,0.000,0.201,0.205,0.082,0.000,0.210,0.000,0.301
3193,2930.00,3503.28,0,1.577,988.1,self-play,2.15e-04,0.007,0.243,0.264,0.055,0.000,0.164,0.000,0.267
3194,2062.50,3497.49,0,1.594,988.6,self-play,2.15e-04,0.019,0.255,0.245,0.154,0.000,0.111,0.000,0.216
3195,1703.00,3452.55,56,1.614,989.2,self-play,2.15e-04,0.028,0.171,0.327,0.134,0.000,0.175,0.000,0.166
3196,3207.00,3422.87,30,1.664,990.1,self-play,2.15e-04,0.039,0.239,0.171,0.206,0.000,0.168,0.000,0.177
3197,2749.50,3429.07,387,1.527,990.5,self-play,2.15e-04,0.000,0.353,0.172,0.207,0.000,0.095,0.000,0.172
3198,2821.50,3425.96,21,1.654,991.4,self-play,2.15e-04,0.026,0.242,0.184,0.177,0.000,0.152,0.000,0.219
3199,2772.50,3396.98,178,1.650,992.0,self-play,2.15e-04,0.028,0.123,0.163,0.210,0.000,0.206,0.000,0.270
3200,2449.50,3403.93,416,1.483,992.3,self-play,2.08e-04,0.000,0.267,0.056,0.311,0.000,0.189,0.000,0.178
3201,1399.50,3398.21,234,1.647,992.9,self-play,2.08e-04,0.033,0.148,0.195,0.200,0.000,0.271,0.000,0.152
3202,2304.00,3398.96,262,1.619,993.4,self-play,2.08e-04,0.031,0.149,0.118,0.205,0.000,0.329,0.000,0.168
3203,2733.00,3377.42,0,1.696,994.0,self-play,2.08e-04,0.109,0.135,0.139,0.152,0.000,0.304,0.000,0.161
3204,2224.00,3375.03,57,1.714,994.5,self-play,2.08e-04,0.073,0.200,0.127,0.212,0.000,0.248,0.000,0.139
3205,2441.00,3362.47,6,1.699,995.0,self-play,2.08e-04,0.106,0.139,0.194,0.171,0.000,0.167,0.000,0.222
3206,2776.50,3340.68,141,1.710,995.9,self-play,2.08e-04,0.146,0.162,0.127,0.146,0.000,0.206,0.000,0.213
3207,4182.00,3321.24,36,1.736,996.9,self-play,2.08e-04,0.161,0.134,0.142,0.150,0.000,0.240,0.000,0.172
3208,2743.00,3299.82,38,1.751,997.2,self-play,2.08e-04,0.187,0.172,0.239,0.134,0.000,0.127,0.000,0.142
3209,3698.00,3307.18,0,1.724,998.4,self-play,2.08e-04,0.276,0.132,0.147,0.082,0.000,0.185,0.000,0.178
3210,2503.00,3287.89,241,1.762,999.2,self-play,2.08e-04,0.232,0.096,0.248,0.109,0.000,0.116,0.000,0.199
3211,4162.50,3290.46,1220,1.726,999.6,self-play,2.08e-04,0.171,0.140,0.140,0.147,0.000,0.140,0.000,0.264
3212,4667.50,3289.99,0,1.707,1000.2,self-play,2.08e-04,0.215,0.132,0.169,0.078,0.000,0.119,0.000,0.288
3213,3087.00,3272.78,0,1.733,1001.2,self-play,2.08e-04,0.234,0.160,0.113,0.100,0.000,0.113,0.000,0.281
3214,5206.50,3295.03,0,1.709,1002.6,self-play,2.08e-04,0.229,0.151,0.136,0.086,0.000,0.163,0.000,0.235
3215,2559.50,3284.66,0,1.662,1002.9,self-play,2.08e-04,0.202,0.266,0.121,0.105,0.000,0.113,0.000,0.194
3216,4735.00,3285.78,625,1.686,1003.2,self-play,2.08e-04,0.220,0.186,0.127,0.119,0.000,0.127,0.000,0.220
3217,1629.50,3273.19,0,1.764,1004.5,self-play,2.08e-04,0.179,0.159,0.171,0.111,0.000,0.241,0.000,0.139
3218,2679.50,3267.74,110,1.766,1005.5,self-play,2.08e-04,0.178,0.181,0.132,0.167,0.000,0.198,0.000,0.144
3219,2455.00,3256.41,293,1.765,1006.1,self-play,2.08e-04,0.272,0.156,0.086,0.136,0.000,0.235,0.000,0.115
3220,2411.00,3230.89,22,1.725,1006.8,self-play,2.08e-04,0.174,0.206,0.126,0.126,0.000,0.223,0.000,0.146
3221,2461.00,3235.55,0,1.541,1007.2,self-play,2.08e-04,0.193,0.370,0.067,0.074,0.000,0.193,0.000,0.104
3222,2213.00,3225.07,335,1.754,1007.9,self-play,2.08e-04,0.156,0.213,0.090,0.168,0.000,0.209,0.000,0.164
3223,2743.00,3227.64,90,1.764,1008.5,self-play,2.08e-04,0.125,0.198,0.125,0.161,0.000,0.173,0.000,0.218
3224,2862.50,3227.05,0,1.758,1009.2,self-play,2.08e-04,0.190,0.174,0.101,0.227,0.000,0.138,0.000,0.170
3225,3140.50,3241.64,567,1.723,1009.7,self-play,2.08e-04,0.163,0.122,0.138,0.199,0.000,0.112,0.000,0.265
3226,4362.50,3267.68,3,1.752,1010.5,self-play,2.08e-04,0.208,0.115,0.121,0.166,0.000,0.102,0.000,0.288
3227,2991.50,3258.59,432,1.749,1010.9,self-play,2.08e-04,0.238,0.092,0.108,0.200,0.000,0.185,0.000,0.177
3228,4971.00,3282.51,28,1.755,1012.0,self-play,2.08e-04,0.240,0.131,0.160,0.116,0.000,0.170,0.000,0.183
3229,1272.00,3273.05,148,1.660,1012.4,self-play,2.08e-04,0.175,0.307,0.168,0.109,0.000,0.102,0.000,0.139
3230,3644.50,3280.97,45,1.748,1013.3,self-play,2.08e-04,0.176,0.182,0.119,0.155,0.000,0.170,0.000,0.199
3231,2591.50,3250.93,171,1.716,1013.9,self-play,2.08e-04,0.179,0.196,0.117,0.158,0.000,0.146,0.000,0.204
3232,2905.00,3250.59,69,1.731,1014.6,self-play,2.08e-04,0.275,0.168,0.132,0.117,0.000,0.121,0.000,0.187
3233,4136.50,3271.30,8,1.697,1015.3,self-play,2.08e-04,0.316,0.135,0.160,0.131,0.000,0.090,0.000,0.168
3234,5860.50,3316.85,760,1.566,1016.0,self-play,2.08e-04,0.283,0.287,0.075,0.174,0.000,0.075,0.000,0.106
3235,4720.50,3348.09,6,1.662,1017.5,self-play,2.08e-04,0.360,0.168,0.070,0.160,0.000,0.132,0.000,0.111
3236,2433.50,3339.09,729,1.126,1017.6,self-play,2.08e-04,0.646,0.125,0.000,0.167,0.000,0.062,0.000,0.000
3237,4933.00,3276.82,908,1.559,1018.4,self-play,2.08e-04,0.317,0.107,0.023,0.269,0.000,0.139,0.000,0.146
3238,3679.50,3227.06,624,1.424,1018.8,self-play,2.08e-04,0.254,0.317,0.000,0.239,0.000,0.063,0.000,0.127
3239,4821.00,3231.83,46,1.595,1019.7,self-play,2.08e-04,0.268,0.278,0.025,0.134,0.000,0.116,0.000,0.180
3240,3212.50,3212.51,9,1.637,1020.6,self-play,2.08e-04,0.290,0.216,0.033,0.138,0.000,0.178,0.000,0.145
3241,3788.50,3221.30,100,1.492,1021.4,self-play,2.08e-04,0.241,0.154,0.024,0.189,0.000,0.119,0.000,0.273
3242,2516.50,3204.11,13,1.349,1022.1,self-play,2.08e-04,0.011,0.282,0.018,0.370,0.000,0.055,0.000,0.264
3243,1506.00,3081.98,69,1.414,1022.7,self-play,2.08e-04,0.018,0.345,0.027,0.236,0.000,0.100,0.000,0.273
3244,2387.00,3064.83,0,1.471,1023.4,self-play,2.08e-04,0.017,0.212,0.025,0.297,0.000,0.110,0.000,0.339
3245,2289.00,3041.71,252,1.494,1024.0,self-play,2.08e-04,0.017,0.134,0.017,0.276,0.000,0.181,0.000,0.375
3246,1551.50,3013.12,52,1.561,1024.9,self-play,2.08e-04,0.044,0.143,0.038,0.238,0.000,0.200,0.000,0.337
3247,2345.50,2983.79,70,1.549,1025.4,self-play,2.08e-04,0.049,0.258,0.006,0.178,0.000,0.227,0.000,0.282
3248,6181.50,3014.04,11,1.706,1026.4,self-play,2.08e-04,0.107,0.165,0.055,0.228,0.000,0.170,0.000,0.275
3249,2171.00,2991.99,130,1.693,1026.9,self-play,2.08e-04,0.056,0.117,0.077,0.240,0.000,0.219,0.000,0.291
3250,2871.50,2965.84,524,1.699,1027.3,self-play,2.08e-04,0.075,0.185,0.096,0.226,0.000,0.281,0.000,0.137
3251,2873.00,2957.42,303,1.669,1027.7,self-play,2.08e-04,0.088,0.289,0.149,0.193,0.000,0.167,0.000,0.114
3252,3283.50,2965.07,46,1.775,1028.3,self-play,2.08e-04,0.157,0.217,0.111,0.166,0.000,0.175,0.000,0.175
3253,2915.00,2968.35,181,1.722,1028.7,self-play,2.08e-04,0.157,0.224,0.187,0.209,0.000,0.097,0.000,0.127
3254,4972.50,2982.84,286,1.747,1029.8,self-play,2.08e-04,0.270,0.135,0.181,0.151,0.000,0.133,0.000,0.130
3255,4726.00,2990.97,602,1.739,1030.6,self-play,2.08e-04,0.310,0.149,0.189,0.107,0.000,0.135,0.000,0.110
3256,3447.50,2973.43,165,1.731,1031.0,self-play,2.08e-04,0.309,0.122,0.137,0.201,0.000,0.129,0.000,0.101
3257,2308.50,2924.11,47,1.721,1031.6,self-play,2.08e-04,0.237,0.086,0.197,0.192,0.000,0.126,0.000,0.162
3258,3500.50,2924.54,84,1.691,1032.3,self-play,2.08e-04,0.244,0.051,0.173,0.136,0.000,0.217,0.000,0.180
3259,3457.00,2935.52,95,1.660,1032.8,self-play,2.08e-04,0.252,0.006,0.138,0.075,0.000,0.214,0.000,0.314
3260,3966.00,2958.05,0,1.664,1033.7,self-play,2.08e-04,0.182,0.062,0.119,0.102,0.000,0.213,0.000,0.321
3261,4185.00,2967.51,0,1.693,1034.3,self-play,2.08e-04,0.283,0.063,0.101,0.186,0.000,0.169,0.000,0.198
3262,3153.00,2966.75,698,1.701,1034.6,self-play,2.08e-04,0.181,0.193,0.036,0.120,0.000,0.253,0.000,0.217
3263,2372.00,2968.45,0,1.672,1035.1,self-play,2.08e-04,0.103,0.121,0.086,0.138,0.000,0.270,0.000,0.282
3264,3532.50,2977.43,41,1.702,1036.2,self-play,2.08e-04,0.072,0.124,0.136,0.136,0.000,0.258,0.000,0.273
3265,2853.50,2978.41,101,1.652,1036.7,self-play,2.08e-04,0.041,0.129,0.108,0.201,0.000,0.216,0.000,0.304
3266,6674.50,3006.47,38,1.745,1038.8,self-play,2.08e-04,0.151,0.161,0.155,0.192,0.000,0.101,0.000,0.240
3267,1888.50,3003.26,0,1.658,1039.3,self-play,2.08e-04,0.106,0.225,0.119,0.181,0.000,0.131,0.000,0.237
3268,1791.00,3005.24,75,1.642,1039.7,self-play,2.08e-04,0.073,0.247,0.093,0.167,0.000,0.200,0.000,0.220
3269,4719.50,3012.95,0,1.645,1040.5,self-play,2.08e-04,0.076,0.268,0.047,0.152,0.000,0.272,0.000,0.185
3270,3423.50,3032.68,28,1.734,1041.5,self-play,2.08e-04,0.144,0.134,0.164,0.144,0.000,0.268,0.000,0.146
3271,2491.00,3040.20,24,1.592,1042.1,self-play,2.08e-04,0.082,0.179,0.133,0.148,0.000,0.281,0.000,0.179
3272,3798.00,3049.84,29,1.654,1043.0,self-play,2.08e-04,0.086,0.102,0.188,0.122,0.000,0.293,0.000,0.210
3273,2081.00,3051.41,0,1.672,1043.8,self-play,2.08e-04,0.079,0.133,0.247,0.104,0.000,0.176,0.000,0.262
3274,1691.00,3049.16,68,1.646,1044.4,self-play,2.08e-04,0.057,0.114,0.237,0.081,0.000,0.232,0.000,0.280
3275,2656.50,3054.34,48,1.714,1045.0,self-play,2.08e-04,0.064,0.154,0.329,0.077,0.000,0.188,0.000,0.188
3276,925.50,3043.64,7,1.758,1045.6,self-play,2.08e-04,0.091,0.157,0.212,0.096,0.000,0.283,0.000,0.162
3277,3266.00,3060.32,16,1.737,1046.2,self-play,2.08e-04,0.160,0.133,0.191,0.218,0.000,0.209,0.000,0.089
3278,4694.00,3087.64,0,1.736,1047.0,self-play,2.08e-04,0.168,0.125,0.202,0.239,0.000,0.135,0.000,0.131
3279,3945.50,3093.41,821,1.711,1047.4,self-play,2.08e-04,0.221,0.081,0.125,0.206,0.000,0.162,0.000,0.206
3280,2438.50,3099.68,218,1.640,1048.0,self-play,2.08e-04,0.184,0.067,0.126,0.265,0.000,0.247,0.000,0.112
3281,3541.00,3096.45,144,1.669,1048.8,self-play,2.08e-04,0.259,0.072,0.116,0.188,0.000,0.215,0.000,0.150
3282,3494.50,3117.89,56,1.596,1049.3,self-play,2.08e-04,0.316,0.062,0.119,0.266,0.000,0.181,0.000,0.056
3283,1974.50,3112.01,226,1.450,1049.6,self-play,2.08e-04,0.257,0.119,0.089,0.416,0.000,0.059,0.000,0.059
3284,2850.00,3103.62,259,1.539,1049.8,self-play,2.08e-04,0.346,0.125,0.096,0.327,0.000,0.048,0.000,0.058
3285,4410.50,3115.57,586,1.562,1050.5,self-play,2.08e-04,0.309,0.159,0.129,0.253,0.000,0.094,0.000,0.056
3286,4326.50,3123.72,177,1.533,1051.1,self-play,2.08e-04,0.404,0.213,0.107,0.169,0.000,0.067,0.000,0.040
3287,2183.00,3118.06,100,1.416,1051.4,self-play,2.08e-04,0.355,0.280,0.065,0.215,0.000,0.065,0.000,0.019
3288,6074.00,3159.95,852,1.530,1051.7,self-play,2.08e-04,0.417,0.165,0.118,0.197,0.000,0.055,0.000,0.047
3289,2639.50,3160.44,157,1.511,1052.3,self-play,2.08e-04,0.359,0.210,0.114,0.228,0.000,0.042,0.000,0.048
3290,4152.00,3177.09,992,1.479,1052.6,self-play,2.08e-04,0.436,0.129,0.149,0.228,0.000,0.030,0.000,0.030
3291,3746.50,3181.91,17,1.630,1053.3,self-play,2.08e-04,0.332,0.158,0.141,0.212,0.000,0.091,0.000,0.066
3292,4691.00,3209.68,99,1.574,1054.1,self-play,2.08e-04,0.351,0.125,0.166,0.186,0.000,0.084,0.000,0.088
3293,3479.50,3215.18,260,1.536,1054.7,self-play,2.08e-04,0.476,0.026,0.061,0.197,0.000,0.118,0.000,0.122
3294,6022.00,3254.77,994,1.563,1055.6,self-play,2.08e-04,0.330,0.024,0.072,0.192,0.000,0.168,0.000,0.213
3295,4784.00,3285.58,634,1.445,1055.9,self-play,2.08e-04,0.430,0.053,0.061,0.175,0.000,0.096,0.000,0.184
3296,6198.00,3315.49,1094,1.687,1057.4,self-play,2.08e-04,0.296,0.043,0.091,0.136,0.000,0.184,0.000,0.251
3297,4078.50,3328.78,104,1.655,1058.2,self-play,2.08e-04,0.201,0.083,0.073,0.156,0.000,0.304,0.000,0.183
3298,4174.00,3342.30,802,1.699,1058.8,self-play,2.08e-04,0.226,0.109,0.121,0.093,0.000,0.202,0.000,0.250
3299,3671.00,3351.29,387,1.738,1059.6,self-play,2.08e-04,0.215,0.201,0.073,0.112,0.000,0.129,0.000,0.271
3300,4857.00,3375.36,9,1.739,1060.6,self-play,2.02e-04,0.173,0.202,0.128,0.128,0.000,0.134,0.000,0.236
3301,2461.50,3385.99,49,1.755,1061.2,self-play,2.02e-04,0.172,0.167,0.097,0.233,0.000,0.189,0.000,0.141
3302,2542.00,3388.36,12,1.753,1062.0,self-play,2.02e-04,0.156,0.134,0.149,0.112,0.000,0.188,0.000,0.261
3303,3620.00,3397.24,38,1.749,1062.6,self-play,2.02e-04,0.204,0.119,0.133,0.106,0.000,0.195,0.000,0.243
3304,3978.50,3414.78,199,1.738,1063.5,self-play,2.02e-04,0.157,0.137,0.172,0.108,0.000,0.166,0.000,0.259
3305,3017.50,3420.55,762,1.698,1063.9,self-play,2.02e-04,0.171,0.178,0.185,0.144,0.000,0.137,0.000,0.185
3306,4546.00,3438.24,593,1.720,1065.0,self-play,2.02e-04,0.238,0.123,0.161,0.075,0.000,0.183,0.000,0.221
3307,3887.00,3435.29,8,1.716,1066.0,self-play,2.02e-04,0.182,0.188,0.113,0.072,0.000,0.180,0.000,0.265
3308,2787.50,3435.74,156,1.696,1066.6,self-play,2.02e-04,0.137,0.176,0.073,0.159,0.000,0.167,0.000,0.288
3309,4801.00,3446.76,24,1.714,1067.7,self-play,2.02e-04,0.149,0.171,0.098,0.176,0.000,0.191,0.000,0.214
3310,2838.00,3450.11,38,1.734,1068.3,self-play,2.02e-04,0.167,0.202,0.064,0.099,0.000,0.266,0.000,0.202
3311,2294.00,3431.43,93,1.766,1069.0,self-play,2.02e-04,0.139,0.184,0.124,0.157,0.000,0.247,0.000,0.150
3312,1935.00,3404.11,69,1.546,1069.4,self-play,2.02e-04,0.129,0.395,0.113,0.121,0.000,0.089,0.000,0.153
3313,4085.50,3414.09,3,1.760,1070.5,self-play,2.02e-04,0.158,0.212,0.187,0.128,0.000,0.131,0.000,0.185
3314,3854.00,3400.57,84,1.769,1071.4,self-play,2.02e-04,0.215,0.133,0.170,0.204,0.000,0.091,0.000,0.187
3315,2268.00,3397.65,42,1.709,1071.8,self-play,2.02e-04,0.234,0.226,0.137,0.113,0.000,0.153,0.000,0.137
3316,2337.00,3373.67,172,1.625,1072.1,self-play,2.02e-04,0.210,0.294,0.101,0.109,0.000,0.118,0.000,0.168
3317,3528.00,3392.66,0,1.734,1073.0,self-play,2.02e-04,0.215,0.230,0.168,0.080,0.000,0.094,0.000,0.212
3318,2358.00,3389.44,29,1.737,1073.4,self-play,2.02e-04,0.219,0.271,0.090,0.129,0.000,0.103,0.000,0.187
3319,2747.00,3392.36,350,1.733,1074.0,self-play,2.02e-04,0.302,0.102,0.144,0.191,0.000,0.074,0.000,0.186
3320,2951.00,3397.76,0,1.746,1074.7,self-play,2.02e-04,0.263,0.102,0.173,0.211,0.000,0.117,0.000,0.135
3321,5907.00,3432.22,246,1.737,1076.5,self-play,2.02e-04,0.245,0.115,0.118,0.201,0.000,0.187,0.000,0.134
3322,3740.00,3447.49,750,1.751,1077.3,self-play,2.02e-04,0.237,0.142,0.070,0.241,0.000,0.174,0.000,0.136
3323,4713.00,3467.19,1043,1.730,1077.7,self-play,2.02e-04,0.212,0.153,0.066,0.175,0.000,0.212,0.000,0.182
3324,2081.50,3459.38,4,1.713,1078.5,self-play,2.02e-04,0.202,0.092,0.113,0.191,0.000,0.199,0.000,0.202
3325,2230.50,3450.28,493,1.719,1078.9,self-play,2.02e-04,0.208,0.056,0.125,0.264,0.000,0.132,0.000,0.215
3326,5269.50,3459.35,738,1.738,1079.5,self-play,2.02e-04,0.189,0.046,0.129,0.203,0.000,0.203,0.000,0.230
3327,2784.50,3457.28,92,1.745,1080.0,self-play,2.02e-04,0.242,0.084,0.116,0.168,0.000,0.174,0.000,0.216
3328,4856.00,3456.13,1244,1.699,1080.3,self-play,2.02e-04,0.277,0.128,0.202,0.043,0.000,0.117,0.000,0.234
3329,2421.50,3467.62,29,1.718,1081.0,self-play,2.02e-04,0.153,0.095,0.206,0.099,0.000,0.164,0.000,0.282
3330,6393.50,3495.11,748,1.706,1081.8,self-play,2.02e-04,0.207,0.155,0.172,0.094,0.000,0.217,0.000,0.155
3331,2460.00,3493.80,10,1.650,1082.5,self-play,2.02e-04,0.245,0.087,0.340,0.075,0.000,0.183,0.000,0.071
3332,2985.00,3494.60,34,1.729,1083.2,self-play,2.02e-04,0.268,0.092,0.238,0.119,0.000,0.192,0.000,0.092
3333,2610.00,3479.34,100,1.713,1084.0,self-play,2.02e-04,0.183,0.126,0.317,0.156,0.000,0.156,0.000,0.061
3334,3833.50,3459.07,0,1.704,1084.8,self-play,2.02e-04,0.152,0.145,0.271,0.191,0.000,0.125,0.000,0.116
3335,5615.50,3468.01,662,1.700,1085.7,self-play,2.02e-04,0.089,0.187,0.312,0.177,0.000,0.119,0.000,0.116
3336,2427.50,3467.95,0,1.692,1086.5,self-play,2.02e-04,0.074,0.173,0.290,0.201,0.000,0.106,0.000,0.155
3337,2582.50,3444.45,0,1.646,1087.0,self-play,2.02e-04,0.068,0.240,0.219,0.224,0.000,0.083,0.000,0.167
3338,892.00,3416.57,8,1.702,1087.6,self-play,2.02e-04,0.069,0.174,0.291,0.130,0.000,0.126,0.000,0.211
3339,3430.00,3402.66,10,1.733,1088.4,self-play,2.02e-04,0.105,0.204,0.225,0.133,0.000,0.137,0.000,0.196
3340,3499.50,3405.53,4,1.730,1089.2,self-play,2.02e-04,0.105,0.227,0.119,0.171,0.000,0.182,0.000,0.196
3341,2099.50,3388.64,0,1.630,1089.6,self-play,2.02e-04,0.084,0.308,0.049,0.161,0.000,0.168,0.000,0.231
3342,5119.50,3414.68,33,1.762,1091.4,self-play,2.02e-04,0.190,0.159,0.133,0.188,0.000,0.181,0.000,0.148
3343,4890.50,3448.52,0,1.752,1092.8,self-play,2.02e-04,0.183,0.185,0.093,0.164,0.000,0.215,0.000,0.160
3344,3376.00,3458.41,4,1.758,1093.7,self-play,2.02e-04,0.140,0.184,0.131,0.198,0.000,0.198,0.000,0.149
3345,3034.50,3465.86,298,1.608,1094.1,self-play,2.02e-04,0.188,0.271,0.120,0.173,0.000,0.158,0.000,0.090
3346,3079.00,3481.14,147,1.545,1094.6,self-play,2.02e-04,0.058,0.351,0.135,0.240,0.000,0.170,0.000,0.047
3347,2577.00,3483.45,175,1.563,1095.1,self-play,2.02e-04,0.026,0.240,0.169,0.247,0.000,0.286,0.000,0.032
3348,1042.50,3432.07,63,1.666,1095.7,self-play,2.02e-04,0.050,0.178,0.228,0.228,0.000,0.201,0.000,0.114
3349,1384.50,3424.20,8,1.713,1096.6,self-play,2.02e-04,0.040,0.168,0.214,0.211,0.000,0.234,0.000,0.133
3350,5747.50,3452.96,342,1.755,1099.3,self-play,2.02e-04,0.098,0.174,0.145,0.162,0.000,0.235,0.000,0.186
3351,2525.00,3449.48,53,1.715,1100.9,self-play,2.02e-04,0.070,0.173,0.133,0.129,0.000,0.290,0.000,0.205
3352,2324.00,3439.89,165,1.659,1101.2,self-play,2.02e-04,0.124,0.150,0.168,0.097,0.000,0.327,0.000,0.133
3353,2797.00,3438.70,0,1.635,1101.9,self-play,2.02e-04,0.091,0.201,0.273,0.064,0.000,0.167,0.000,0.205
3354,4128.50,3430.26,0,1.729,1103.9,self-play,2.02e-04,0.164,0.199,0.190,0.058,0.000,0.196,0.000,0.193
3355,3488.00,3417.89,143,1.664,1104.5,self-play,2.02e-04,0.163,0.320,0.157,0.056,0.000,0.180,0.000,0.124
3356,1271.50,3396.12,61,1.692,1105.3,self-play,2.02e-04,0.197,0.182,0.245,0.041,0.000,0.150,0.000,0.185
3357,4017.00,3413.21,28,1.711,1106.3,self-play,2.02e-04,0.191,0.189,0.162,0.054,0.000,0.197,0.000,0.208
3358,2560.00,3403.80,0,1.735,1107.0,self-play,2.02e-04,0.156,0.142,0.189,0.069,0.000,0.240,0.000,0.204
3359,2455.50,3393.79,262,1.723,1107.5,self-play,2.02e-04,0.246,0.135,0.158,0.058,0.000,0.205,0.000,0.199
3360,2299.00,3377.12,182,1.699,1108.0,self-play,2.02e-04,0.222,0.100,0.156,0.056,0.000,0.222,0.000,0.244
3361,3578.00,3371.05,567,1.706,1108.8,self-play,2.02e-04,0.231,0.154,0.136,0.042,0.000,0.287,0.000,0.150
3362,2441.00,3363.93,183,1.697,1109.2,self-play,2.02e-04,0.250,0.226,0.104,0.079,0.000,0.183,0.000,0.159
3363,2256.00,3362.77,47,1.730,1109.9,self-play,2.02e-04,0.180,0.157,0.145,0.071,0.000,0.239,0.000,0.208
3364,2303.50,3350.48,39,1.745,1110.5,self-play,2.02e-04,0.142,0.083,0.260,0.088,0.000,0.201,0.000,0.225
3365,7080.00,3392.74,291,1.771,1112.6,self-play,2.02e-04,0.160,0.132,0.188,0.124,0.000,0.151,0.001,0.244
3366,2110.50,3347.11,73,1.750,1113.0,self-play,2.02e-04,0.209,0.134,0.194,0.164,0.000,0.134,0.000,0.164
3367,2717.50,3355.39,31,1.755,1113.9,self-play,2.02e-04,0.169,0.176,0.188,0.129,0.000,0.157,0.000,0.182
3368,3793.00,3375.41,241,1.746,1114.5,self-play,2.02e-04,0.211,0.158,0.081,0.268,0.000,0.134,0.000,0.148
3369,6616.00,3394.38,4,1.749,1116.0,self-play,2.02e-04,0.173,0.111,0.154,0.166,0.000,0.223,0.000,0.173
3370,7166.00,3431.80,605,1.740,1117.6,self-play,2.02e-04,0.158,0.126,0.206,0.178,0.000,0.161,0.000,0.170
3371,2841.50,3435.31,51,1.754,1118.7,self-play,2.02e-04,0.122,0.223,0.223,0.163,0.000,0.133,0.000,0.138
3372,1993.50,3417.26,57,1.711,1119.2,self-play,2.02e-04,0.130,0.194,0.153,0.250,0.000,0.116,0.000,0.157
3373,1509.00,3411.55,76,1.687,1119.7,self-play,2.02e-04,0.133,0.260,0.100,0.273,0.000,0.107,0.000,0.127
3374,3085.50,3425.49,68,1.755,1120.8,self-play,2.02e-04,0.187,0.171,0.142,0.175,0.000,0.171,0.000,0.154
3375,3053.00,3429.45,65,1.736,1121.3,self-play,2.02e-04,0.194,0.151,0.102,0.258,0.000,0.145,0.000,0.151
3376,4097.50,3461.18,81,1.759,1122.1,self-play,2.02e-04,0.215,0.100,0.131,0.145,0.000,0.159,0.000,0.249
3377,6475.50,3493.27,647,1.739,1123.3,self-play,2.02e-04,0.233,0.141,0.131,0.153,0.000,0.143,0.000,0.198
3378,6702.00,3513.35,1172,1.756,1124.4,self-play,2.02e-04,0.256,0.108,0.106,0.168,0.000,0.156,0.000,0.206
3379,6267.50,3536.57,4,1.766,1125.7,self-play,2.02e-04,0.210,0.117,0.160,0.172,0.000,0.150,0.000,0.190
3380,1982.50,3532.01,318,1.766,1126.7,self-play,2.02e-04,0.191,0.083,0.150,0.202,0.000,0.188,0.000,0.186
3381,1899.00,3515.59,64,1.773,1127.5,self-play,2.02e-04,0.165,0.158,0.123,0.147,0.000,0.193,0.000,0.214
3382,8028.00,3560.93,488,1.760,1130.0,self-play,2.02e-04,0.172,0.135,0.142,0.135,0.000,0.194,0.000,0.222
3383,4521.00,3586.39,20,1.754,1131.1,self-play,2.02e-04,0.197,0.188,0.135,0.119,0.000,0.150,0.000,0.210
3384,1617.50,3574.07,0,1.755,1131.8,self-play,2.02e-04,0.176,0.206,0.113,0.139,0.000,0.139,0.000,0.227
3385,2893.00,3558.89,59,1.628,1132.2,self-play,2.02e-04,0.212,0.319,0.138,0.081,0.000,0.156,0.000,0.094
3386,6569.00,3581.32,571,1.728,1134.3,self-play,2.02e-04,0.186,0.151,0.242,0.066,0.000,0.205,0.000,0.150
3387,2440.50,3583.89,0,1.657,1135.1,self-play,2.02e-04,0.138,0.157,0.324,0.154,0.000,0.144,0.000,0.083
3388,2503.50,3548.18,194,1.657,1135.4,self-play,2.02e-04,0.208,0.069,0.188,0.347,0.000,0.069,0.000,0.119
3389,1899.00,3540.78,0,1.731,1135.8,self-play,2.02e-04,0.222,0.129,0.222,0.181,0.000,0.070,0.000,0.175
3390,2848.00,3527.74,72,1.755,1137.2,self-play,2.02e-04,0.188,0.109,0.271,0.107,0.000,0.127,0.000,0.198
3391,3398.00,3524.26,35,1.746,1138.0,self-play,2.02e-04,0.219,0.127,0.133,0.154,0.000,0.167,0.000,0.201
3392,3690.00,3514.24,737,1.762,1138.6,self-play,2.02e-04,0.220,0.154,0.145,0.150,0.000,0.119,0.000,0.211
3393,1723.50,3496.68,244,1.750,1139.3,self-play,2.02e-04,0.197,0.105,0.138,0.205,0.000,0.180,0.000,0.176
3394,2783.50,3464.30,52,1.735,1140.0,self-play,2.02e-04,0.262,0.093,0.086,0.124,0.000,0.238,0.000,0.197
3395,3536.00,3451.82,83,1.733,1141.2,self-play,2.02e-04,0.197,0.087,0.169,0.137,0.000,0.202,0.000,0.208
3396,2733.00,3417.17,98,1.760,1142.5,self-play,2.02e-04,0.194,0.073,0.147,0.164,0.000,0.213,0.000,0.209
3397,3155.50,3407.94,415,1.711,1142.9,self-play,2.02e-04,0.229,0.147,0.082,0.159,0.000,0.224,0.000,0.159
3398,4319.00,3409.39,635,1.691,1143.2,self-play,2.02e-04,0.324,0.124,0.095,0.181,0.000,0.143,0.000,0.133
3399,3921.00,3411.89,0,1.747,1144.4,self-play,2.02e-04,0.167,0.102,0.154,0.147,0.000,0.258,0.000,0.171
3400,2613.50,3389.45,46,1.728,1145.2,self-play,1.96e-04,0.133,0.142,0.152,0.162,0.000,0.246,0.000,0.165
3401,2299.00,3387.83,235,1.729,1145.9,self-play,1.96e-04,0.152,0.071,0.152,0.183,0.000,0.299,0.000,0.143
3402,1373.50,3376.14,85,1.758,1146.4,self-play,1.96e-04,0.167,0.118,0.183,0.134,0.000,0.194,0.000,0.204
3403,3201.00,3371.95,21,1.757,1147.2,self-play,1.96e-04,0.145,0.165,0.158,0.119,0.000,0.197,0.000,0.216
3404,2609.50,3358.26,0,1.756,1148.1,self-play,1.96e-04,0.132,0.153,0.123,0.159,0.000,0.153,0.000,0.279
3405,4326.00,3371.35,1157,1.640,1148.4,self-play,1.96e-04,0.230,0.260,0.060,0.170,0.000,0.060,0.000,0.220
3406,5657.00,3382.46,910,1.721,1149.1,self-play,1.96e-04,0.238,0.134,0.114,0.144,0.000,0.119,0.000,0.252
3407,4460.00,3388.19,634,1.697,1149.6,self-play,1.96e-04,0.220,0.085,0.130,0.164,0.000,0.102,0.000,0.299
3408,2179.00,3382.11,176,1.741,1150.3,self-play,1.96e-04,0.189,0.083,0.149,0.145,0.000,0.167,0.000,0.268
3409,5351.00,3387.61,36,1.747,1151.4,self-play,1.96e-04,0.201,0.141,0.145,0.099,0.000,0.178,0.000,0.236
3410,3398.50,3393.21,173,1.757,1152.3,self-play,1.96e-04,0.271,0.099,0.163,0.093,0.000,0.163,0.000,0.210
3411,2459.00,3394.86,0,1.701,1152.8,self-play,1.96e-04,0.308,0.186,0.147,0.077,0.000,0.109,0.000,0.173
3412,3823.00,3413.74,638,1.773,1153.7,self-play,1.96e-04,0.201,0.148,0.125,0.142,0.000,0.212,0.000,0.172
3413,3550.50,3408.39,678,1.736,1154.3,self-play,1.96e-04,0.198,0.144,0.089,0.272,0.000,0.153,0.000,0.144
3414,2699.00,3396.84,103,1.727,1154.9,self-play,1.96e-04,0.112,0.209,0.092,0.257,0.000,0.165,0.000,0.165
3415,2646.50,3400.62,2,1.703,1155.5,self-play,1.96e-04,0.063,0.152,0.105,0.291,0.000,0.215,0.000,0.173
3416,2394.50,3401.20,148,1.723,1156.4,self-play,1.96e-04,0.066,0.130,0.151,0.253,0.000,0.214,0.000,0.187
3417,3845.50,3404.38,185,1.754,1157.0,self-play,1.96e-04,0.142,0.150,0.107,0.232,0.000,0.215,0.000,0.155
3418,2125.00,3402.05,156,1.663,1157.4,self-play,1.96e-04,0.129,0.220,0.061,0.258,0.000,0.121,0.000,0.212
3419,2794.00,3402.51,61,1.646,1157.7,self-play,1.96e-04,0.112,0.304,0.104,0.112,0.000,0.192,0.000,0.176
3420,2280.50,3395.81,0,1.538,1158.2,self-play,1.96e-04,0.092,0.336,0.084,0.153,0.000,0.107,0.000,0.229
3421,3347.00,3370.21,56,1.628,1158.9,self-play,1.96e-04,0.132,0.247,0.091,0.101,0.000,0.135,0.000,0.294
3422,3904.50,3371.86,0,1.676,1159.7,self-play,1.96e-04,0.109,0.269,0.095,0.095,0.000,0.098,0.000,0.335
3423,3307.50,3357.80,37,1.649,1160.3,self-play,1.96e-04,0.116,0.257,0.083,0.170,0.000,0.091,0.000,0.282
3424,6209.00,3399.07,27,1.764,1161.9,self-play,1.96e-04,0.170,0.190,0.115,0.159,0.000,0.128,0.000,0.238
3425,3135.00,3408.12,379,1.661,1162.3,self-play,1.96e-04,0.206,0.206,0.053,0.160,0.000,0.137,0.000,0.237
3426,2997.00,3385.39,0,1.652,1162.9,self-play,1.96e-04,0.246,0.102,0.107,0.254,0.000,0.148,0.000,0.143
3427,6024.00,3417.79,339,1.715,1163.7,self-play,1.96e-04,0.274,0.106,0.065,0.223,0.000,0.161,0.000,0.171
3428,4323.00,3412.46,654,1.714,1164.1,self-play,1.96e-04,0.172,0.090,0.057,0.139,0.000,0.352,0.000,0.189
3429,2683.00,3415.07,603,1.749,1164.3,self-play,1.96e-04,0.168,0.168,0.105,0.137,0.000,0.221,0.000,0.200
3430,2151.50,3372.66,190,1.736,1164.8,self-play,1.96e-04,0.200,0.080,0.153,0.187,0.000,0.133,0.000,0.247
3431,2175.50,3369.81,123,1.685,1165.1,self-play,1.96e-04,0.242,0.117,0.208,0.083,0.000,0.100,0.000,0.250
3432,4120.50,3381.16,32,1.707,1165.9,self-play,1.96e-04,0.231,0.126,0.245,0.126,0.000,0.054,0.000,0.217
3433,2507.00,3380.14,0,1.683,1166.4,self-play,1.96e-04,0.195,0.164,0.210,0.174,0.000,0.036,0.000,0.221
3434,6676.50,3408.57,500,1.749,1168.9,self-play,1.96e-04,0.212,0.181,0.180,0.109,0.000,0.082,0.000,0.236
3435,2003.50,3372.45,155,1.685,1169.4,self-play,1.96e-04,0.170,0.194,0.242,0.145,0.000,0.061,0.000,0.188
3436,1951.00,3367.68,0,1.665,1170.0,self-play,1.96e-04,0.118,0.241,0.311,0.110,0.000,0.075,0.000,0.145
3437,2117.50,3363.03,79,1.559,1170.4,self-play,1.96e-04,0.109,0.327,0.238,0.088,0.000,0.095,0.000,0.143
3438,1962.50,3373.74,0,1.696,1170.9,self-play,1.96e-04,0.159,0.256,0.301,0.057,0.000,0.074,0.000,0.153
3439,2890.00,3368.34,0,1.742,1171.5,self-play,1.96e-04,0.139,0.209,0.248,0.083,0.000,0.087,0.000,0.235
3440,3291.00,3366.25,0,1.752,1172.0,self-play,1.96e-04,0.184,0.184,0.190,0.155,0.000,0.098,0.000,0.190
3441,3527.50,3380.53,700,1.741,1172.7,self-play,1.96e-04,0.237,0.169,0.155,0.112,0.000,0.108,0.000,0.219
3442,5227.50,3381.61,71,1.736,1174.2,self-play,1.96e-04,0.208,0.170,0.134,0.118,0.000,0.121,0.000,0.250
3443,3114.50,3363.85,0,1.750,1174.9,self-play,1.96e-04,0.184,0.184,0.132,0.150,0.000,0.139,0.000,0.211
3444,4652.50,3376.61,12,1.717,1176.1,self-play,1.96e-04,0.137,0.189,0.089,0.173,0.000,0.165,0.000,0.247
3445,3405.00,3380.32,0,1.758,1177.6,self-play,1.96e-04,0.191,0.189,0.078,0.163,0.000,0.168,0.000,0.212
3446,2712.50,3376.66,173,1.606,1177.9,self-play,1.96e-04,0.194,0.324,0.093,0.130,0.000,0.111,0.000,0.148
3447,2079.50,3371.68,27,1.491,1178.8,self-play,1.96e-04,0.254,0.284,0.070,0.102,0.000,0.058,0.000,0.231
3448,10487.50,3466.13,2283,1.599,1181.4,self-play,1.96e-04,0.309,0.227,0.089,0.077,0.000,0.032,0.000,0.267
3449,3011.50,3482.40,0,1.581,1182.1,self-play,1.96e-04,0.209,0.308,0.103,0.092,0.000,0.044,0.000,0.245
3450,4466.00,3469.59,579,1.600,1182.8,self-play,1.96e-04,0.208,0.263,0.068,0.123,0.000,0.042,0.000,0.297
3451,7365.00,3517.99,1255,1.642,1183.7,self-play,1.96e-04,0.249,0.166,0.099,0.149,0.000,0.047,0.000,0.290
3452,5828.50,3553.03,647,1.673,1184.5,self-play,1.96e-04,0.296,0.165,0.084,0.152,0.000,0.047,0.000,0.256
3453,2421.50,3549.28,0,1.557,1184.9,self-play,1.96e-04,0.181,0.397,0.026,0.155,0.000,0.043,0.000,0.198
3454,5483.00,3562.82,11,1.684,1186.1,self-play,1.96e-04,0.226,0.199,0.066,0.181,0.000,0.095,0.000,0.232
3455,5351.00,3581.45,573,1.701,1187.1,self-play,1.96e-04,0.251,0.086,0.107,0.178,0.000,0.099,0.000,0.277
3456,5746.50,3626.20,720,1.601,1187.5,self-play,1.96e-04,0.297,0.133,0.076,0.209,0.000,0.082,0.000,0.203
3457,2609.50,3612.12,86,1.706,1188.1,self-play,1.96e-04,0.372,0.076,0.081,0.175,0.000,0.126,0.000,0.170
3458,3642.50,3622.95,374,1.734,1188.7,self-play,1.96e-04,0.239,0.128,0.147,0.096,0.000,0.147,0.000,0.243
3459,5421.00,3652.61,60,1.742,1189.9,self-play,1.96e-04,0.239,0.124,0.178,0.098,0.000,0.197,0.000,0.165
3460,2468.50,3654.30,250,1.718,1190.5,self-play,1.96e-04,0.187,0.102,0.218,0.080,0.000,0.240,0.000,0.173
3461,4308.50,3661.61,138,1.723,1191.4,self-play,1.96e-04,0.283,0.127,0.100,0.121,0.000,0.271,0.000,0.097
3462,4328.50,3680.48,22,1.738,1192.4,self-play,1.96e-04,0.191,0.139,0.136,0.139,0.000,0.280,0.000,0.115
3463,3182.00,3689.74,45,1.752,1193.0,self-play,1.96e-04,0.167,0.176,0.137,0.146,0.000,0.223,0.000,0.150
3464,7535.50,3742.06,130,1.754,1195.0,self-play,1.96e-04,0.179,0.150,0.126,0.129,0.000,0.235,0.000,0.181
3465,6263.50,3733.89,452,1.745,1196.5,self-play,1.96e-04,0.216,0.171,0.144,0.105,0.000,0.218,0.000,0.147
3466,2994.00,3742.73,421,1.614,1196.8,self-play,1.96e-04,0.347,0.215,0.083,0.116,0.000,0.124,0.000,0.116
3467,3700.00,3752.55,79,1.693,1197.7,self-play,1.96e-04,0.346,0.101,0.072,0.072,0.000,0.267,0.000,0.142
3468,3099.00,3745.61,323,1.635,1198.0,self-play,1.96e-04,0.268,0.236,0.081,0.122,0.000,0.211,0.000,0.081
3469,3508.50,3714.54,632,1.610,1198.4,self-play,1.96e-04,0.331,0.250,0.097,0.048,0.000,0.218,0.000,0.056
3470,4418.50,3687.07,947,1.579,1198.6,self-play,1.96e-04,0.305,0.219,0.086,0.057,0.000,0.219,0.000,0.114
3471,2657.50,3685.22,153,1.694,1199.5,self-play,1.96e-04,0.206,0.159,0.130,0.063,0.000,0.311,0.000,0.130
3472,5035.00,3715.64,0,1.664,1200.6,self-play,1.96e-04,0.183,0.110,0.143,0.084,0.000,0.389,0.000,0.091
3473,1642.50,3716.97,97,1.687,1201.2,self-play,1.96e-04,0.152,0.100,0.169,0.108,0.000,0.325,0.000,0.147
3474,2971.00,3715.83,682,1.718,1201.5,self-play,1.96e-04,0.233,0.140,0.233,0.070,0.000,0.221,0.000,0.105
3475,1957.50,3704.88,66,1.739,1202.6,self-play,1.96e-04,0.132,0.120,0.259,0.079,0.000,0.285,0.000,0.125
3476,3431.00,3698.21,162,1.778,1203.4,self-play,1.96e-04,0.209,0.126,0.180,0.129,0.000,0.216,0.000,0.140
3477,3043.50,3663.89,0,1.757,1204.3,self-play,1.96e-04,0.171,0.156,0.194,0.144,0.000,0.174,0.000,0.162
3478,2101.50,3617.89,0,1.745,1205.0,self-play,1.96e-04,0.181,0.105,0.218,0.130,0.000,0.143,0.000,0.223
3479,3063.00,3585.84,430,1.722,1205.6,self-play,1.96e-04,0.272,0.131,0.127,0.221,0.000,0.174,0.000,0.075
3480,2614.50,3592.16,427,1.665,1205.8,self-play,1.96e-04,0.239,0.239,0.098,0.141,0.000,0.239,0.000,0.043
3481,3071.00,3603.88,10,1.741,1206.8,self-play,1.96e-04,0.214,0.123,0.203,0.155,0.000,0.217,0.000,0.088
3482,4973.00,3573.33,955,1.715,1207.2,self-play,1.96e-04,0.331,0.090,0.090,0.143,0.000,0.173,0.000,0.173
3483,3030.50,3558.43,87,1.698,1207.8,self-play,1.96e-04,0.117,0.175,0.054,0.278,0.000,0.211,0.000,0.166
3484,2234.50,3564.59,135,1.708,1208.3,self-play,1.96e-04,0.120,0.147,0.109,0.255,0.000,0.261,0.000,0.109
3485,4481.50,3580.48,17,1.759,1209.6,self-play,1.96e-04,0.198,0.120,0.080,0.245,0.000,0.204,0.000,0.153
3486,2818.50,3542.97,294,1.685,1210.0,self-play,1.96e-04,0.168,0.101,0.107,0.295,0.000,0.208,0.000,0.121
3487,3152.50,3550.09,71,1.646,1210.5,self-play,1.96e-04,0.094,0.111,0.078,0.256,0.000,0.300,0.000,0.161
3488,1786.00,3542.92,37,1.732,1211.1,self-play,1.96e-04,0.136,0.114,0.136,0.239,0.000,0.266,0.000,0.109
3489,2371.00,3547.64,0,1.771,1212.0,self-play,1.96e-04,0.153,0.142,0.151,0.202,0.000,0.202,0.000,0.151
3490,3470.50,3553.86,7,1.746,1213.0,self-play,1.96e-04,0.204,0.120,0.133,0.172,0.000,0.241,0.000,0.130
3491,1735.50,3537.24,0,1.632,1213.6,self-play,1.96e-04,0.201,0.139,0.165,0.227,0.000,0.211,0.000,0.057
3492,2044.50,3520.78,113,1.553,1214.1,self-play,1.96e-04,0.054,0.088,0.102,0.229,0.000,0.468,0.000,0.059
3493,2368.50,3527.24,56,1.614,1214.7,self-play,1.96e-04,0.061,0.105,0.171,0.197,0.000,0.421,0.000,0.044
3494,2415.00,3523.55,36,1.713,1215.6,self-play,1.96e-04,0.068,0.159,0.223,0.243,0.000,0.236,0.000,0.071
3495,1618.00,3504.37,63,1.692,1215.9,self-play,1.96e-04,0.104,0.176,0.168,0.192,0.000,0.240,0.000,0.120
3496,2650.50,3503.55,18,1.713,1216.7,self-play,1.96e-04,0.105,0.125,0.204,0.220,0.000,0.260,0.000,0.086
3497,2844.00,3500.43,412,1.705,1217.1,self-play,1.96e-04,0.161,0.204,0.124,0.182,0.000,0.226,0.000,0.102
3498,2955.50,3486.80,36,1.708,1217.9,self-play,1.96e-04,0.132,0.057,0.260,0.209,0.000,0.196,0.000,0.145
3499,2979.50,3477.38,189,1.723,1218.5,self-play,1.96e-04,0.237,0.088,0.197,0.221,0.000,0.137,0.000,0.120
3500,3237.50,3483.62,701,1.632,1218.8,self-play,1.90e-04,0.144,0.271,0.085,0.237,0.000,0.169,0.000,0.093
3501,2697.50,3487.61,124,1.741,1219.4,self-play,1.90e-04,0.181,0.170,0.096,0.245,0.000,0.149,0.000,0.160
3502,2112.00,3494.99,334,1.736,1219.8,self-play,1.90e-04,0.148,0.155,0.190,0.120,0.000,0.225,0.000,0.162
3503,3572.50,3498.70,54,1.737,1220.6,self-play,1.90e-04,0.214,0.156,0.070,0.105,0.000,0.296,0.000,0.160
3504,3943.50,3512.05,981,1.689,1221.1,self-play,1.90e-04,0.299,0.146,0.073,0.122,0.000,0.201,0.000,0.159
3505,3791.00,3506.70,74,1.623,1221.5,self-play,1.90e-04,0.313,0.231,0.090,0.119,0.000,0.112,0.000,0.134
3506,2966.50,3479.79,116,1.691,1222.2,self-play,1.90e-04,0.329,0.189,0.099,0.140,0.000,0.107,0.000,0.136
3507,3642.50,3471.61,22,1.732,1223.0,self-play,1.90e-04,0.258,0.153,0.164,0.150,0.000,0.150,0.000,0.125
3508,2464.00,3474.47,39,1.662,1223.3,self-play,1.90e-04,0.273,0.240,0.140,0.099,0.000,0.116,0.000,0.132
3509,2484.50,3445.80,158,1.714,1223.8,self-play,1.90e-04,0.293,0.155,0.138,0.110,0.000,0.177,0.000,0.127
3510,3951.00,3451.32,817,1.739,1224.5,self-play,1.90e-04,0.308,0.113,0.113,0.165,0.000,0.195,0.000,0.105
3511,3219.50,3458.93,24,1.750,1225.7,self-play,1.90e-04,0.080,0.177,0.147,0.179,0.000,0.218,0.000,0.198
3512,3104.50,3451.74,29,1.742,1227.0,self-play,1.90e-04,0.113,0.173,0.167,0.165,0.000,0.214,0.000,0.167
3513,2092.00,3437.16,207,1.599,1227.3,self-play,1.90e-04,0.153,0.306,0.137,0.169,0.000,0.185,0.000,0.048
3514,2819.00,3438.36,0,1.666,1227.7,self-play,1.90e-04,0.189,0.276,0.102,0.126,0.000,0.213,0.000,0.094
3515,1528.00,3427.18,38,1.674,1228.7,self-play,1.90e-04,0.077,0.138,0.178,0.114,0.000,0.401,0.000,0.093
3516,3230.50,3435.53,11,1.754,1229.6,self-play,1.90e-04,0.164,0.161,0.161,0.110,0.000,0.277,0.000,0.127
3517,4544.00,3442.52,526,1.739,1231.3,self-play,1.90e-04,0.186,0.170,0.128,0.142,0.000,0.211,0.000,0.164
3518,2728.50,3448.55,177,1.579,1232.2,self-play,1.90e-04,0.244,0.204,0.173,0.182,0.000,0.000,0.000,0.198
3519,2715.50,3447.77,24,1.585,1233.1,self-play,1.90e-04,0.283,0.255,0.127,0.187,0.000,0.000,0.000,0.147
3520,2538.00,3450.34,112,1.523,1233.4,self-play,1.90e-04,0.244,0.260,0.098,0.203,0.000,0.000,0.000,0.195
3521,2083.50,3437.71,21,1.564,1234.3,self-play,1.90e-04,0.221,0.312,0.140,0.174,0.000,0.000,0.000,0.153
3522,2584.50,3424.51,21,1.584,1235.1,self-play,1.90e-04,0.225,0.241,0.244,0.169,0.000,0.000,0.000,0.121
3523,2689.00,3418.32,0,1.570,1235.8,self-play,1.90e-04,0.213,0.258,0.240,0.200,0.000,0.000,0.000,0.089
3524,2040.50,3376.64,39,1.551,1236.3,self-play,1.90e-04,0.188,0.177,0.276,0.210,0.000,0.000,0.000,0.149
3525,3583.50,3381.12,415,1.530,1236.5,self-play,1.90e-04,0.413,0.098,0.163,0.228,0.000,0.000,0.000,0.098
3526,3309.50,3384.25,0,1.556,1237.4,self-play,1.90e-04,0.298,0.157,0.221,0.218,0.000,0.000,0.000,0.106
3527,3472.00,3358.73,0,1.524,1238.1,self-play,1.90e-04,0.316,0.123,0.211,0.204,0.000,0.000,0.000,0.147
3528,4194.00,3357.44,0,1.497,1238.7,self-play,1.90e-04,0.386,0.082,0.202,0.210,0.000,0.000,0.000,0.120
3529,2505.50,3355.66,0,1.453,1239.1,self-play,1.90e-04,0.293,0.057,0.214,0.279,0.000,0.000,0.000,0.157
3530,6150.00,3395.65,0,1.534,1240.3,self-play,1.90e-04,0.259,0.079,0.226,0.281,0.000,0.000,0.000,0.154
3531,2757.00,3401.47,11,1.538,1241.2,self-play,1.90e-04,0.199,0.073,0.205,0.254,0.000,0.000,0.000,0.269
3532,4397.00,3404.23,226,1.547,1242.1,self-play,1.90e-04,0.249,0.066,0.298,0.193,0.000,0.000,0.000,0.193
3533,5286.00,3432.02,541,1.576,1243.1,self-play,1.90e-04,0.263,0.117,0.212,0.181,0.000,0.000,0.000,0.227
3534,2189.00,3387.14,52,1.454,1243.4,self-play,1.90e-04,0.360,0.254,0.184,0.140,0.000,0.000,0.000,0.061
3535,1869.50,3385.80,177,1.339,1243.8,self-play,1.90e-04,0.371,0.203,0.245,0.084,0.000,0.000,0.000,0.098
3536,5912.50,3425.42,1146,1.412,1244.9,self-play,1.90e-04,0.385,0.154,0.274,0.062,0.000,0.000,0.000,0.125
3537,2998.00,3434.22,57,1.407,1245.7,self-play,1.90e-04,0.332,0.243,0.265,0.019,0.000,0.000,0.000,0.142
3538,6069.00,3475.29,983,1.512,1247.4,self-play,1.90e-04,0.242,0.194,0.315,0.074,0.000,0.000,0.000,0.175
3539,3948.50,3485.88,0,1.509,1248.2,self-play,1.90e-04,0.283,0.219,0.270,0.070,0.000,0.000,0.000,0.159
3540,2696.00,3479.93,0,1.532,1249.2,self-play,1.90e-04,0.287,0.186,0.239,0.091,0.000,0.000,0.000,0.196
3541,2469.50,3469.34,0,1.488,1249.8,self-play,1.90e-04,0.254,0.365,0.102,0.086,0.000,0.000,0.000,0.193
3542,2610.50,3443.18,26,1.549,1250.6,self-play,1.90e-04,0.144,0.317,0.216,0.114,0.000,0.000,0.000,0.209
3543,1294.50,3424.97,125,1.547,1251.2,self-play,1.90e-04,0.212,0.230,0.288,0.072,0.000,0.000,0.000,0.198
3544,1652.50,3394.97,293,1.475,1251.5,self-play,1.90e-04,0.151,0.365,0.190,0.175,0.000,0.000,0.000,0.119
3545,1801.00,3378.93,0,1.541,1252.0,self-play,1.90e-04,0.156,0.245,0.302,0.208,0.000,0.000,0.000,0.089
3546,2205.00,3373.86,0,1.511,1252.3,self-play,1.90e-04,0.172,0.295,0.213,0.172,0.000,0.000,0.000,0.148
3547,1971.00,3372.78,0,1.574,1252.9,self-play,1.90e-04,0.141,0.283,0.250,0.207,0.000,0.000,0.000,0.120
3548,5109.00,3318.99,326,1.599,1253.9,self-play,1.90e-04,0.223,0.189,0.228,0.226,0.000,0.003,0.000,0.131
3549,3450.50,3323.38,3,1.599,1254.6,self-play,1.90e-04,0.173,0.177,0.273,0.188,0.000,0.004,0.000,0.185
3550,4038.00,3319.10,37,1.587,1256.5,self-play,1.90e-04,0.178,0.172,0.255,0.208,0.000,0.001,0.000,0.185
3551,2222.50,3267.68,72,1.591,1257.2,self-play,1.90e-04,0.156,0.230,0.193,0.214,0.000,0.000,0.000,0.206
3552,5745.50,3266.84,704,1.575,1258.0,self-play,1.90e-04,0.271,0.132,0.170,0.194,0.000,0.000,0.000,0.233
3553,4546.50,3288.09,11,1.554,1258.9,self-play,1.90e-04,0.210,0.094,0.185,0.224,0.000,0.000,0.000,0.287
3554,2108.50,3254.35,0,1.511,1259.4,self-play,1.90e-04,0.140,0.065,0.172,0.280,0.000,0.000,0.000,0.344
3555,4823.50,3249.07,0,1.566,1261.3,self-play,1.90e-04,0.232,0.131,0.187,0.199,0.000,0.001,0.000,0.249
3556,6591.50,3257.53,1257,1.538,1262.6,self-play,1.90e-04,0.312,0.132,0.160,0.174,0.000,0.000,0.000,0.223
3557,2534.50,3256.78,22,1.552,1263.2,self-play,1.90e-04,0.265,0.120,0.145,0.261,0.000,0.000,0.000,0.209
3558,4002.00,3260.37,6,1.572,1264.0,self-play,1.90e-04,0.264,0.135,0.145,0.213,0.000,0.000,0.000,0.243
3559,1966.00,3225.82,0,1.365,1264.8,self-play,1.90e-04,0.308,0.121,0.164,0.216,0.000,0.000,0.000,0.190
3560,2154.50,3222.68,198,1.213,1265.3,self-play,1.90e-04,0.307,0.017,0.017,0.408,0.000,0.000,0.000,0.251
3561,4711.00,3226.70,567,1.231,1266.0,self-play,1.90e-04,0.355,0.024,0.028,0.275,0.000,0.000,0.000,0.319
3562,3494.00,3218.36,870,1.109,1266.2,self-play,1.90e-04,0.493,0.029,0.000,0.261,0.000,0.000,0.000,0.217
3563,6564.00,3252.18,630,1.211,1267.0,self-play,1.90e-04,0.487,0.048,0.037,0.179,0.000,0.000,0.000,0.249
3564,6205.00,3238.88,1659,1.206,1267.9,self-play,1.90e-04,0.501,0.029,0.026,0.243,0.000,0.000,0.000,0.199
3565,6810.50,3244.34,785,1.260,1268.8,self-play,1.90e-04,0.453,0.034,0.028,0.284,0.000,0.000,0.000,0.202
3566,3806.50,3252.47,68,1.259,1269.2,self-play,1.90e-04,0.403,0.019,0.013,0.377,0.000,0.000,0.000,0.189
3567,4421.50,3259.68,65,1.417,1270.2,self-play,1.90e-04,0.351,0.048,0.043,0.274,0.000,0.000,0.000,0.285
3568,4184.50,3270.54,1244,1.380,1270.4,self-play,1.90e-04,0.260,0.205,0.068,0.205,0.000,0.000,0.000,0.260
3569,5605.50,3291.51,385,1.382,1271.4,self-play,1.90e-04,0.420,0.080,0.256,0.116,0.000,0.000,0.000,0.128
3570,3235.00,3279.68,0,1.493,1271.8,self-play,1.90e-04,0.407,0.156,0.204,0.114,0.000,0.000,0.000,0.120
3571,4449.50,3297.59,719,1.526,1272.4,self-play,1.90e-04,0.361,0.167,0.133,0.150,0.000,0.000,0.000,0.189
3572,5697.00,3304.22,594,1.556,1273.2,self-play,1.90e-04,0.361,0.170,0.139,0.112,0.000,0.000,0.000,0.218
3573,1870.00,3306.49,51,1.541,1274.0,self-play,1.90e-04,0.216,0.169,0.173,0.173,0.000,0.000,0.000,0.270
3574,7102.00,3347.80,818,1.511,1274.9,self-play,1.90e-04,0.269,0.093,0.107,0.269,0.000,0.000,0.000,0.261
3575,3228.00,3360.51,182,1.528,1275.4,self-play,1.90e-04,0.211,0.126,0.121,0.253,0.000,0.000,0.000,0.289
3576,3115.50,3357.35,19,1.523,1276.0,self-play,1.90e-04,0.264,0.087,0.130,0.240,0.000,0.000,0.000,0.279
3577,4712.00,3374.03,83,1.532,1276.6,self-play,1.90e-04,0.309,0.136,0.169,0.106,0.000,0.000,0.000,0.280
3578,3010.50,3383.12,0,1.526,1277.1,self-play,1.90e-04,0.283,0.161,0.122,0.161,0.000,0.000,0.000,0.272
3579,5267.00,3405.16,953,1.514,1277.6,self-play,1.90e-04,0.280,0.161,0.125,0.107,0.000,0.000,0.000,0.327
3580,3685.00,3415.87,545,1.551,1278.1,self-play,1.90e-04,0.274,0.137,0.131,0.190,0.000,0.000,0.000,0.268
3581,3589.00,3421.05,0,1.558,1278.8,self-play,1.90e-04,0.268,0.116,0.156,0.181,0.000,0.000,0.000,0.279
3582,3780.50,3409.12,581,1.569,1279.4,self-play,1.90e-04,0.271,0.200,0.167,0.152,0.000,0.000,0.000,0.210
3583,3459.00,3413.41,0,1.581,1280.0,self-play,1.90e-04,0.234,0.209,0.217,0.166,0.000,0.000,0.000,0.174
3584,4292.00,3433.99,163,1.580,1281.0,self-play,1.90e-04,0.295,0.149,0.158,0.152,0.000,0.000,0.000,0.246
3585,3478.00,3423.95,6,1.588,1281.8,self-play,1.90e-04,0.318,0.171,0.174,0.165,0.000,0.000,0.000,0.171
3586,2519.00,3420.95,23,1.579,1282.9,self-play,1.90e-04,0.225,0.169,0.215,0.192,0.000,0.000,0.000,0.199
3587,2911.00,3418.54,3,1.234,1283.7,self-play,1.90e-04,0.134,0.138,0.078,0.420,0.000,0.000,0.000,0.230
3588,4694.50,3447.62,0,1.382,1284.6,self-play,1.90e-04,0.115,0.205,0.022,0.351,0.000,0.000,0.000,0.306
3589,4510.50,3469.02,45,1.428,1285.2,self-play,1.90e-04,0.216,0.237,0.015,0.196,0.000,0.000,0.000,0.335
3590,2725.50,3461.57,46,1.435,1286.1,self-play,1.90e-04,0.211,0.246,0.021,0.257,0.000,0.000,0.000,0.264
3591,3333.50,3477.55,940,1.423,1286.6,self-play,1.90e-04,0.294,0.213,0.000,0.274,0.000,0.000,0.000,0.218
3592,3735.00,3494.45,26,1.427,1287.0,self-play,1.90e-04,0.293,0.195,0.053,0.218,0.000,0.000,0.000,0.241
3593,5572.00,3526.49,1215,1.428,1287.6,self-play,1.90e-04,0.265,0.175,0.021,0.244,0.000,0.000,0.000,0.295
3594,7030.00,3572.64,1632,1.400,1288.3,self-play,1.90e-04,0.345,0.187,0.012,0.147,0.000,0.000,0.000,0.310
3595,4346.00,3599.92,789,1.323,1288.7,self-play,1.90e-04,0.268,0.268,0.007,0.094,0.000,0.000,0.000,0.362
3596,3528.00,3608.70,126,1.429,1289.8,self-play,1.90e-04,0.318,0.211,0.026,0.193,0.000,0.000,0.000,0.253
3597,4914.50,3629.40,56,1.260,1290.4,self-play,1.90e-04,0.373,0.218,0.018,0.159,0.000,0.000,0.000,0.232
3598,5075.50,3650.60,333,1.244,1291.7,self-play,1.90e-04,0.374,0.396,0.036,0.108,0.000,0.000,0.000,0.086
3599,2505.00,3645.86,23,1.229,1292.1,self-play,1.90e-04,0.265,0.519,0.000,0.173,0.000,0.000,0.000,0.043
3600,2915.00,3642.63,99,1.340,1292.8,self-play,1.84e-04,0.118,0.307,0.004,0.290,0.000,0.000,0.000,0.282
3601,1482.00,3630.47,301,1.258,1293.0,self-play,1.84e-04,0.032,0.309,0.000,0.532,0.000,0.000,0.000,0.128
3602,2003.50,3629.39,0,1.328,1293.6,self-play,1.84e-04,0.107,0.173,0.004,0.493,0.000,0.000,0.000,0.222
3603,4697.50,3640.64,22,1.456,1295.1,self-play,1.84e-04,0.187,0.249,0.044,0.320,0.000,0.000,0.000,0.199
3604,3591.50,3637.12,0,1.389,1296.4,self-play,1.84e-04,0.201,0.163,0.045,0.368,0.000,0.000,0.000,0.223
3605,3710.50,3636.32,39,1.503,1297.3,self-play,1.84e-04,0.193,0.225,0.057,0.329,0.000,0.000,0.000,0.196
3606,2709.50,3633.74,512,1.283,1297.6,self-play,1.84e-04,0.138,0.293,0.043,0.422,0.000,0.000,0.000,0.103
3607,1664.00,3613.96,331,1.311,1297.8,self-play,1.84e-04,0.155,0.258,0.072,0.485,0.000,0.000,0.000,0.031
3608,4217.50,3631.49,289,1.336,1298.5,self-play,1.84e-04,0.179,0.279,0.062,0.433,0.000,0.000,0.000,0.046
3609,2507.00,3631.72,42,1.543,1299.6,self-play,1.84e-04,0.190,0.260,0.102,0.360,0.000,0.000,0.000,0.088
3610,3243.00,3624.64,160,1.309,1300.0,self-play,1.84e-04,0.242,0.417,0.045,0.235,0.000,0.000,0.000,0.061
3611,2745.50,3619.90,6,1.528,1301.2,self-play,1.84e-04,0.208,0.214,0.159,0.352,0.000,0.000,0.000,0.068
3612,2006.00,3608.91,107,1.471,1301.8,self-play,1.84e-04,0.091,0.219,0.091,0.497,0.000,0.000,0.000,0.102
3613,2146.50,3609.46,365,1.435,1302.1,self-play,1.84e-04,0.171,0.137,0.248,0.410,0.000,0.000,0.000,0.034
3614,2332.50,3604.59,8,1.529,1303.4,self-play,1.84e-04,0.190,0.127,0.305,0.313,0.000,0.000,0.000,0.065
3615,4003.50,3629.35,0,1.583,1304.4,self-play,1.84e-04,0.134,0.161,0.294,0.202,0.000,0.003,0.000,0.207
3616,2558.50,3622.63,216,1.585,1304.8,self-play,1.84e-04,0.144,0.101,0.259,0.194,0.000,0.000,0.000,0.302
3617,2690.00,3604.09,0,1.601,1305.6,self-play,1.84e-04,0.203,0.131,0.234,0.172,0.000,0.000,0.000,0.259
3618,3083.50,3607.64,0,1.588,1306.0,self-play,1.84e-04,0.183,0.099,0.282,0.225,0.000,0.000,0.000,0.211
3619,5672.50,3637.21,0,1.586,1307.6,self-play,1.84e-04,0.201,0.127,0.254,0.237,0.000,0.000,0.000,0.181
3620,4644.50,3658.28,78,1.582,1308.8,self-play,1.84e-04,0.247,0.140,0.239,0.188,0.000,0.000,0.000,0.186
3621,2954.00,3666.98,59,1.543,1309.4,self-play,1.84e-04,0.254,0.130,0.238,0.259,0.000,0.000,0.000,0.119
3622,2456.00,3665.70,0,1.549,1309.9,self-play,1.84e-04,0.170,0.117,0.218,0.335,0.000,0.000,0.000,0.160
3623,2760.00,3666.41,611,1.541,1310.2,self-play,1.84e-04,0.183,0.083,0.248,0.294,0.000,0.000,0.000,0.193
3624,5485.50,3700.86,566,1.593,1312.0,self-play,1.84e-04,0.271,0.128,0.247,0.199,0.000,0.000,0.000,0.155
3625,6051.50,3725.53,8,1.589,1313.6,self-play,1.84e-04,0.224,0.157,0.189,0.232,0.000,0.000,0.000,0.199
3626,1603.50,3708.47,96,1.589,1314.1,self-play,1.84e-04,0.110,0.185,0.215,0.245,0.000,0.000,0.000,0.245
3627,2210.00,3695.86,159,1.571,1315.1,self-play,1.84e-04,0.263,0.204,0.165,0.261,0.000,0.000,0.000,0.106
3628,3204.00,3685.95,0,1.544,1315.5,self-play,1.84e-04,0.222,0.243,0.153,0.194,0.000,0.000,0.000,0.188
3629,3086.50,3691.76,97,1.555,1316.2,self-play,1.84e-04,0.195,0.272,0.103,0.202,0.000,0.000,0.000,0.228
3630,4034.00,3670.61,349,1.487,1316.6,self-play,1.84e-04,0.174,0.318,0.083,0.235,0.000,0.000,0.000,0.189
3631,2704.00,3670.07,114,1.479,1317.0,self-play,1.84e-04,0.292,0.262,0.054,0.177,0.000,0.000,0.000,0.215
3632,7740.00,3703.51,2104,1.113,1318.1,self-play,1.84e-04,0.422,0.182,0.066,0.176,0.000,0.000,0.000,0.153
3633,2466.50,3675.31,780,0.814,1318.4,self-play,1.84e-04,0.758,0.033,0.033,0.092,0.000,0.000,0.000,0.083
3634,0.00,3653.42,0,0.041,1318.5,self-play,1.84e-04,1.000,0.000,0.000,0.000,0.000,0.000,0.000,0.000
3635,744.00,3642.16,100,0.318,1318.7,self-play,1.84e-04,0.936,0.043,0.000,0.021,0.000,0.000,0.000,0.000
3636,1394.00,3596.98,125,1.252,1319.1,self-play,1.84e-04,0.692,0.057,0.044,0.132,0.000,0.000,0.000,0.075
3637,6049.50,3627.49,1072,1.479,1320.0,self-play,1.84e-04,0.429,0.110,0.082,0.243,0.000,0.000,0.000,0.136
3638,2878.00,3595.59,18,1.542,1320.8,self-play,1.84e-04,0.315,0.106,0.109,0.232,0.000,0.000,0.000,0.238
3639,3066.00,3586.76,590,1.504,1321.1,self-play,1.84e-04,0.225,0.167,0.075,0.200,0.000,0.000,0.000,0.333
3640,6172.50,3621.53,535,1.562,1322.5,self-play,1.84e-04,0.274,0.173,0.141,0.191,0.000,0.000,0.000,0.220
3641,2951.50,3626.34,146,1.547,1323.0,self-play,1.84e-04,0.269,0.131,0.131,0.234,0.000,0.000,0.000,0.234
3642,3993.00,3640.17,563,1.567,1323.7,self-play,1.84e-04,0.305,0.147,0.165,0.124,0.000,0.000,0.000,0.259
3643,6998.00,3697.20,1304,1.527,1324.8,self-play,1.84e-04,0.282,0.194,0.123,0.166,0.000,0.000,0.000,0.234
3644,4246.50,3723.14,63,1.506,1325.3,self-play,1.84e-04,0.300,0.256,0.092,0.145,0.000,0.000,0.000,0.208
3645,3547.00,3740.61,266,1.522,1325.8,self-play,1.84e-04,0.286,0.286,0.129,0.088,0.000,0.000,0.000,0.211
3646,2480.00,3743.36,0,1.534,1326.1,self-play,1.84e-04,0.219,0.242,0.133,0.086,0.000,0.000,0.000,0.320
3647,1253.00,3736.18,0,1.547,1326.7,self-play,1.84e-04,0.272,0.169,0.235,0.095,0.000,0.000,0.000,0.230
3648,3767.50,3722.76,44,1.567,1327.6,self-play,1.84e-04,0.210,0.125,0.269,0.113,0.000,0.000,0.000,0.283
3649,3065.00,3718.91,57,1.463,1328.4,self-play,1.84e-04,0.181,0.139,0.220,0.154,0.000,0.000,0.000,0.305
3650,2055.00,3699.07,356,1.009,1328.6,self-play,1.84e-04,0.677,0.065,0.113,0.081,0.000,0.000,0.000,0.065
3651,5098.00,3727.83,603,1.516,1329.5,self-play,1.84e-04,0.407,0.143,0.198,0.049,0.000,0.000,0.000,0.204
3652,5483.00,3725.20,0,1.567,1330.7,self-play,1.84e-04,0.308,0.204,0.178,0.095,0.000,0.000,0.000,0.216
3653,2284.00,3702.58,76,1.461,1331.0,self-play,1.84e-04,0.322,0.243,0.096,0.165,0.000,0.000,0.000,0.174
3654,7975.50,3761.25,661,1.591,1333.6,self-play,1.84e-04,0.211,0.188,0.200,0.187,0.000,0.000,0.000,0.214
3655,4295.00,3755.97,49,1.583,1334.5,self-play,1.84e-04,0.201,0.175,0.120,0.223,0.000,0.000,0.000,0.281
3656,5338.50,3743.43,779,1.514,1335.4,self-play,1.84e-04,0.248,0.145,0.160,0.125,0.000,0.000,0.000,0.322
3657,2310.50,3741.20,0,1.502,1335.8,self-play,1.84e-04,0.211,0.146,0.122,0.130,0.000,0.000,0.000,0.390
3658,4307.00,3744.24,334,1.560,1336.6,self-play,1.84e-04,0.229,0.171,0.133,0.143,0.000,0.000,0.000,0.324
3659,3292.00,3757.51,0,1.562,1337.5,self-play,1.84e-04,0.226,0.154,0.191,0.128,0.000,0.000,0.000,0.301
3660,4030.50,3776.26,458,1.508,1338.0,self-play,1.84e-04,0.286,0.153,0.148,0.168,0.000,0.000,0.000,0.245
3661,5038.00,3779.53,0,1.540,1339.1,self-play,1.84e-04,0.246,0.181,0.153,0.179,0.000,0.000,0.000,0.241
3662,3078.50,3775.38,233,1.513,1339.6,self-play,1.84e-04,0.219,0.253,0.041,0.185,0.000,0.000,0.000,0.301
3663,1966.50,3729.41,30,1.577,1340.3,self-play,1.84e-04,0.244,0.153,0.220,0.139,0.000,0.000,0.000,0.244
3664,3438.50,3701.74,0,1.572,1341.1,self-play,1.84e-04,0.276,0.150,0.231,0.115,0.000,0.000,0.000,0.227
3665,3427.00,3667.91,0,1.582,1342.2,self-play,1.84e-04,0.298,0.196,0.217,0.135,0.000,0.000,0.000,0.153
3666,1980.50,3649.64,24,1.571,1343.0,self-play,1.84e-04,0.278,0.142,0.198,0.191,0.000,0.000,0.000,0.191
3667,4227.00,3647.70,779,1.427,1343.4,self-play,1.84e-04,0.470,0.104,0.097,0.209,0.000,0.000,0.000,0.119
3668,4798.00,3653.84,852,1.452,1343.7,self-play,1.84e-04,0.415,0.136,0.169,0.144,0.000,0.000,0.000,0.136
3669,2294.00,3620.72,568,1.521,1344.6,self-play,1.84e-04,0.354,0.152,0.193,0.161,0.000,0.000,0.000,0.140
3670,4071.00,3629.08,684,1.549,1345.5,self-play,1.84e-04,0.305,0.145,0.186,0.157,0.000,0.000,0.000,0.208
3671,2353.50,3608.12,176,1.547,1346.0,self-play,1.84e-04,0.349,0.189,0.118,0.178,0.000,0.000,0.000,0.166
3672,2754.00,3578.69,52,1.537,1346.4,self-play,1.84e-04,0.253,0.253,0.130,0.178,0.000,0.000,0.000,0.185
3673,3859.50,3598.59,7,1.547,1347.8,self-play,1.84e-04,0.226,0.097,0.199,0.232,0.000,0.000,0.000,0.247
3674,4817.50,3575.74,503,1.428,1348.5,self-play,1.84e-04,0.193,0.197,0.152,0.076,0.000,0.000,0.000,0.383
3675,3809.00,3581.55,0,1.552,1349.6,self-play,1.84e-04,0.218,0.134,0.184,0.149,0.000,0.000,0.000,0.315
3676,4005.00,3590.45,102,1.413,1350.4,self-play,1.84e-04,0.277,0.112,0.135,0.138,0.000,0.000,0.000,0.338
3677,3698.50,3580.31,144,1.428,1351.0,self-play,1.84e-04,0.278,0.099,0.135,0.108,0.000,0.000,0.000,0.381
3678,4652.50,3596.73,456,1.474,1351.8,self-play,1.84e-04,0.264,0.092,0.149,0.136,0.000,0.000,0.000,0.359
3679,5401.00,3598.07,659,1.341,1352.5,self-play,1.84e-04,0.331,0.091,0.065,0.163,0.000,0.000,0.000,0.350
3680,7939.00,3640.61,2007,1.293,1353.4,self-play,1.84e-04,0.324,0.087,0.105,0.085,0.000,0.000,0.000,0.399
3681,7696.50,3681.68,2162,1.249,1354.0,self-play,1.84e-04,0.414,0.127,0.023,0.045,0.000,0.000,0.000,0.391
3682,3431.00,3678.19,74,1.461,1354.6,self-play,1.84e-04,0.370,0.135,0.096,0.122,0.000,0.000,0.000,0.278
3683,3000.50,3673.61,13,1.482,1355.2,self-play,1.84e-04,0.288,0.124,0.106,0.128,0.000,0.000,0.000,0.354
3684,4744.00,3678.12,0,1.571,1356.5,self-play,1.84e-04,0.246,0.213,0.140,0.144,0.000,0.000,0.000,0.256
3685,3166.50,3675.01,0,1.301,1357.1,self-play,1.84e-04,0.186,0.133,0.075,0.173,0.000,0.000,0.000,0.434
3686,2407.50,3673.89,8,1.216,1358.2,self-play,1.84e-04,0.067,0.041,0.235,0.142,0.000,0.000,0.000,0.515
3687,1801.00,3662.80,0,1.006,1358.9,self-play,1.84e-04,0.016,0.043,0.215,0.160,0.000,0.000,0.000,0.566
3688,5023.00,3666.08,481,1.222,1360.0,self-play,1.84e-04,0.037,0.052,0.172,0.145,0.000,0.000,0.000,0.593
3689,4993.00,3670.91,0,1.473,1361.9,self-play,1.84e-04,0.063,0.127,0.202,0.183,0.000,0.000,0.000,0.424
3690,1913.00,3662.78,0,1.448,1362.4,self-play,1.84e-04,0.134,0.120,0.218,0.218,0.000,0.000,0.000,0.310
3691,2629.00,3655.74,0,1.160,1362.8,self-play,1.84e-04,0.044,0.353,0.140,0.044,0.000,0.000,0.000,0.419
3692,1981.00,3638.20,132,1.292,1363.5,self-play,1.84e-04,0.036,0.466,0.173,0.040,0.000,0.000,0.000,0.285
3693,3721.00,3619.68,0,1.433,1365.1,self-play,1.84e-04,0.084,0.379,0.207,0.073,0.000,0.002,0.000,0.255
3694,1608.00,3565.47,153,1.283,1365.5,self-play,1.84e-04,0.045,0.413,0.200,0.032,0.000,0.000,0.000,0.310
3695,2727.00,3549.28,0,1.454,1367.1,self-play,1.84e-04,0.111,0.328,0.246,0.060,0.000,0.000,0.000,0.255
3696,1393.50,3527.93,170,1.321,1367.6,self-play,1.84e-04,0.061,0.341,0.274,0.037,0.000,0.000,0.000,0.287
3697,3031.50,3509.10,9,1.321,1368.2,self-play,1.84e-04,0.031,0.199,0.332,0.027,0.000,0.000,0.000,0.410
3698,2972.50,3488.07,3,1.445,1369.1,self-play,1.84e-04,0.073,0.293,0.237,0.060,0.000,0.000,0.000,0.338
3699,4906.00,3512.08,5,1.471,1370.0,self-play,1.84e-04,0.126,0.265,0.239,0.075,0.000,0.000,0.000,0.295
3700,4789.50,3530.82,0,1.498,1371.7,self-play,1.79e-04,0.134,0.294,0.225,0.110,0.000,0.000,0.000,0.237
3701,2978.50,3545.79,797,1.281,1372.2,self-play,1.79e-04,0.120,0.180,0.147,0.060,0.000,0.000,0.000,0.493
3702,4301.00,3568.76,0,1.356,1372.8,self-play,1.79e-04,0.188,0.235,0.081,0.051,0.000,0.000,0.000,0.444
3703,3147.50,3553.26,0,1.402,1373.4,self-play,1.79e-04,0.167,0.236,0.052,0.077,0.000,0.000,0.000,0.468
3704,2186.00,3539.21,205,1.495,1374.0,self-play,1.79e-04,0.195,0.258,0.058,0.158,0.000,0.000,0.000,0.332
3705,5843.00,3560.53,8,1.570,1375.5,self-play,1.79e-04,0.238,0.233,0.097,0.175,0.000,0.003,0.000,0.254
3706,4910.50,3582.55,898,1.506,1375.9,self-play,1.79e-04,0.271,0.194,0.161,0.142,0.000,0.000,0.000,0.232
3707,4248.50,3608.39,857,1.489,1376.3,self-play,1.79e-04,0.328,0.189,0.049,0.221,0.000,0.000,0.000,0.213
3708,4286.00,3609.07,2,1.526,1377.8,self-play,1.79e-04,0.264,0.163,0.106,0.189,0.000,0.000,0.000,0.279
3709,3143.50,3615.44,16,1.280,1378.4,self-play,1.79e-04,0.178,0.243,0.045,0.149,0.000,0.000,0.000,0.386
3710,5115.00,3634.16,0,1.417,1379.2,self-play,1.79e-04,0.200,0.142,0.062,0.108,0.000,0.000,0.000,0.489
3711,2366.00,3630.36,114,1.543,1379.9,self-play,1.79e-04,0.245,0.245,0.112,0.137,0.000,0.000,0.000,0.261
3712,7885.50,3689.16,1102,1.582,1381.3,self-play,1.79e-04,0.271,0.187,0.096,0.197,0.000,0.000,0.000,0.249
3713,4121.50,3708.91,34,1.570,1382.1,self-play,1.79e-04,0.250,0.162,0.165,0.188,0.000,0.000,0.000,0.235
3714,2883.00,3714.41,409,1.485,1382.3,self-play,1.79e-04,0.212,0.333,0.111,0.242,0.000,0.000,0.000,0.101
3715,2898.50,3703.36,310,1.521,1382.8,self-play,1.79e-04,0.273,0.217,0.084,0.210,0.000,0.000,0.000,0.217
3716,4142.50,3719.20,858,1.504,1383.1,self-play,1.79e-04,0.339,0.220,0.110,0.195,0.000,0.000,0.000,0.136
3717,5071.00,3743.01,666,1.543,1383.6,self-play,1.79e-04,0.283,0.255,0.114,0.201,0.000,0.000,0.000,0.147
3718,3017.00,3742.35,26,1.553,1384.4,self-play,1.79e-04,0.319,0.135,0.104,0.201,0.000,0.000,0.000,0.240
3719,2934.50,3714.97,57,1.580,1385.0,self-play,1.79e-04,0.245,0.120,0.120,0.290,0.000,0.000,0.000,0.224
3720,2033.00,3688.86,195,1.574,1385.8,self-play,1.79e-04,0.224,0.188,0.112,0.272,0.000,0.000,0.000,0.204
3721,5232.50,3711.64,6,1.580,1387.4,self-play,1.79e-04,0.205,0.197,0.119,0.234,0.000,0.000,0.000,0.245
3722,3946.00,3726.54,167,1.568,1388.2,self-play,1.79e-04,0.147,0.175,0.168,0.290,0.000,0.000,0.000,0.220
3723,1631.00,3715.25,56,1.577,1388.9,self-play,1.79e-04,0.162,0.129,0.158,0.261,0.000,0.000,0.000,0.290
3724,2889.00,3689.28,597,1.505,1389.3,self-play,1.79e-04,0.072,0.151,0.223,0.187,0.000,0.000,0.000,0.367
3725,3825.00,3667.02,720,1.529,1389.9,self-play,1.79e-04,0.164,0.150,0.141,0.123,0.000,0.000,0.000,0.423
3726,5353.00,3704.51,676,1.554,1391.0,self-play,1.79e-04,0.222,0.170,0.153,0.153,0.000,0.000,0.000,0.303
3727,4425.50,3726.67,89,1.566,1391.6,self-play,1.79e-04,0.272,0.191,0.119,0.128,0.000,0.000,0.000,0.289
3728,3735.00,3731.98,210,1.545,1392.0,self-play,1.79e-04,0.224,0.256,0.064,0.184,0.000,0.000,0.000,0.272
3729,4287.00,3743.99,606,1.583,1392.9,self-play,1.79e-04,0.247,0.194,0.130,0.170,0.000,0.000,0.000,0.260
3730,3855.50,3742.20,703,1.493,1393.3,self-play,1.79e-04,0.269,0.154,0.146,0.200,0.000,0.000,0.000,0.231
3731,5039.50,3765.55,990,1.345,1393.8,self-play,1.79e-04,0.425,0.196,0.078,0.105,0.000,0.000,0.000,0.196
3732,5014.50,3738.30,790,1.358,1394.1,self-play,1.79e-04,0.434,0.208,0.028,0.113,0.000,0.000,0.000,0.217
3733,5155.50,3765.19,717,1.460,1394.7,self-play,1.79e-04,0.383,0.234,0.062,0.141,0.000,0.000,0.000,0.180
3734,11279.00,3877.98,2023,1.532,1398.5,self-play,1.79e-04,0.389,0.174,0.081,0.165,0.000,0.025,0.000,0.166
3735,3183.00,3902.37,502,1.564,1399.2,self-play,1.79e-04,0.333,0.206,0.086,0.230,0.000,0.000,0.000,0.144
3736,4751.50,3935.95,180,1.586,1400.4,self-play,1.79e-04,0.259,0.213,0.157,0.177,0.000,0.000,0.000,0.194
3737,3827.00,3913.72,79,1.586,1401.3,self-play,1.79e-04,0.227,0.156,0.187,0.184,0.000,0.000,0.000,0.246
3738,2307.00,3908.01,0,1.543,1401.9,self-play,1.79e-04,0.154,0.206,0.196,0.206,0.000,0.000,0.000,0.238
3739,3277.00,3910.12,7,1.518,1402.8,self-play,1.79e-04,0.135,0.163,0.132,0.249,0.000,0.000,0.003,0.318
3740,4357.00,3891.97,0,1.543,1404.2,self-play,1.79e-04,0.153,0.209,0.164,0.151,0.000,0.000,0.000,0.323
3741,3336.00,3895.81,820,1.526,1404.5,self-play,1.79e-04,0.252,0.288,0.099,0.207,0.000,0.000,0.000,0.153
3742,3472.00,3890.60,0,1.495,1405.3,self-play,1.79e-04,0.319,0.188,0.201,0.076,0.000,0.000,0.000,0.215
3743,3612.50,3856.74,234,1.564,1406.2,self-play,1.79e-04,0.305,0.243,0.192,0.093,0.000,0.000,0.000,0.168
3744,4402.00,3858.30,639,1.539,1406.8,self-play,1.79e-04,0.256,0.283,0.128,0.164,0.000,0.000,0.000,0.169
3745,4400.50,3866.84,397,1.569,1407.3,self-play,1.79e-04,0.291,0.225,0.155,0.113,0.000,0.000,0.009,0.207
3746,3115.00,3873.18,1041,1.458,1407.5,self-play,1.79e-04,0.286,0.273,0.026,0.260,0.000,0.000,0.052,0.104
3747,3084.00,3891.49,976,1.581,1408.0,self-play,1.79e-04,0.316,0.103,0.110,0.200,0.000,0.000,0.123,0.148
3748,3818.00,3892.00,1042,1.666,1409.2,self-play,1.79e-04,0.305,0.094,0.086,0.187,0.000,0.000,0.122,0.206
3749,3689.50,3898.24,522,1.547,1409.4,self-play,1.79e-04,0.260,0.125,0.062,0.312,0.000,0.000,0.010,0.229
3750,3156.00,3909.26,939,1.632,1409.8,self-play,1.79e-04,0.223,0.123,0.108,0.246,0.000,0.000,0.038,0.262
3751,3885.50,3897.13,849,1.688,1411.6,self-play,1.79e-04,0.191,0.133,0.104,0.128,0.000,0.000,0.192,0.252
3752,4241.00,3884.71,1258,1.670,1412.4,self-play,1.79e-04,0.209,0.157,0.108,0.160,0.000,0.000,0.056,0.310
3753,2640.00,3888.27,812,1.692,1413.6,self-play,1.79e-04,0.197,0.166,0.166,0.111,0.000,0.000,0.098,0.263
3754,2517.50,3833.69,503,1.737,1414.5,self-play,1.79e-04,0.222,0.132,0.148,0.153,0.000,0.000,0.140,0.204
3755,1280.50,3803.55,353,1.743,1415.0,self-play,1.79e-04,0.231,0.181,0.131,0.119,0.000,0.000,0.163,0.175
3756,2224.50,3772.41,516,1.691,1415.5,self-play,1.79e-04,0.205,0.273,0.170,0.136,0.000,0.000,0.057,0.159
3757,3800.50,3787.30,1110,1.682,1415.8,self-play,1.79e-04,0.180,0.289,0.109,0.164,0.000,0.000,0.055,0.203
3758,2141.00,3765.64,256,1.729,1416.6,self-play,1.79e-04,0.220,0.213,0.142,0.142,0.000,0.000,0.044,0.240
3759,2609.00,3758.82,776,1.787,1417.7,self-play,1.79e-04,0.189,0.132,0.163,0.147,0.000,0.044,0.132,0.194
3760,1140.00,3729.91,394,1.762,1418.4,self-play,1.79e-04,0.254,0.106,0.117,0.170,0.000,0.007,0.187,0.159
3761,2102.00,3700.55,591,1.798,1419.1,self-play,1.79e-04,0.156,0.089,0.160,0.067,0.004,0.049,0.249,0.227
3762,3649.50,3706.26,1011,1.737,1419.9,self-play,1.79e-04,0.154,0.118,0.136,0.169,0.000,0.000,0.140,0.283
3763,1801.00,3704.61,521,1.763,1421.0,self-play,1.79e-04,0.151,0.146,0.162,0.188,0.000,0.000,0.143,0.210
3764,1626.50,3686.49,375,1.697,1421.8,self-play,1.79e-04,0.113,0.147,0.197,0.240,0.000,0.000,0.117,0.187
3765,2493.00,3677.14,884,1.655,1422.4,self-play,1.79e-04,0.087,0.078,0.110,0.202,0.000,0.000,0.275,0.248
3766,2014.50,3677.49,651,1.274,1422.6,self-play,1.79e-04,0.014,0.029,0.043,0.400,0.000,0.000,0.414,0.100
3767,1625.00,3651.47,566,1.598,1423.4,self-play,1.79e-04,0.072,0.111,0.090,0.254,0.000,0.000,0.262,0.211
3768,1719.50,3620.68,609,1.538,1423.8,self-play,1.79e-04,0.015,0.092,0.069,0.215,0.000,0.000,0.392,0.215
3769,1801.50,3615.76,517,1.662,1424.1,self-play,1.79e-04,0.063,0.094,0.213,0.268,0.000,0.000,0.205,0.157
3770,3751.50,3612.56,1042,1.608,1424.6,self-play,1.79e-04,0.058,0.092,0.283,0.254,0.000,0.000,0.150,0.162
3771,3409.00,3623.11,738,1.587,1425.0,self-play,1.79e-04,0.046,0.033,0.276,0.342,0.000,0.000,0.072,0.230
3772,2893.00,3624.51,813,1.653,1425.6,self-play,1.79e-04,0.064,0.030,0.231,0.214,0.000,0.000,0.120,0.342
3773,3752.00,3623.43,1147,1.700,1426.1,self-play,1.79e-04,0.226,0.061,0.122,0.146,0.000,0.000,0.171,0.274
3774,2751.00,3602.76,849,1.877,1428.0,self-play,1.79e-04,0.189,0.105,0.131,0.171,0.029,0.059,0.128,0.188
3775,4018.00,3604.86,874,1.597,1428.4,self-play,1.79e-04,0.138,0.355,0.138,0.118,0.000,0.000,0.079,0.171
3776,2209.50,3586.90,654,1.737,1429.2,self-play,1.79e-04,0.207,0.233,0.120,0.140,0.000,0.000,0.123,0.177
3777,1734.00,3567.26,453,1.835,1430.8,self-play,1.79e-04,0.140,0.188,0.164,0.154,0.015,0.044,0.109,0.186
3778,2687.00,3547.60,771,1.817,1432.5,self-play,1.79e-04,0.146,0.131,0.128,0.169,0.030,0.021,0.113,0.263
3779,2766.00,3521.25,423,1.584,1433.0,self-play,1.79e-04,0.014,0.264,0.153,0.319,0.000,0.000,0.069,0.181
3780,2663.50,3468.49,984,1.608,1433.2,self-play,1.79e-04,0.050,0.130,0.100,0.160,0.010,0.000,0.340,0.210
3781,1084.00,3402.37,374,1.687,1433.9,self-play,1.79e-04,0.036,0.096,0.168,0.124,0.004,0.000,0.308,0.264
3782,5058.50,3418.64,1620,1.592,1434.3,self-play,1.79e-04,0.022,0.066,0.228,0.154,0.000,0.000,0.213,0.316
3783,2011.00,3408.75,524,1.680,1434.9,self-play,1.79e-04,0.069,0.103,0.176,0.159,0.004,0.000,0.189,0.300
3784,2093.50,3382.24,594,1.857,1436.1,self-play,1.79e-04,0.082,0.122,0.184,0.192,0.042,0.018,0.133,0.228
3785,4459.00,3395.17,1075,1.669,1436.5,self-play,1.79e-04,0.014,0.129,0.086,0.321,0.050,0.000,0.143,0.257
3786,2624.50,3397.34,737,1.729,1436.8,self-play,1.79e-04,0.037,0.084,0.159,0.252,0.065,0.000,0.121,0.280
3787,1476.50,3394.09,466,1.898,1437.8,self-play,1.79e-04,0.084,0.140,0.171,0.112,0.090,0.028,0.174,0.199
3788,2417.50,3368.04,812,1.875,1439.1,self-play,1.79e-04,0.149,0.124,0.125,0.141,0.076,0.030,0.155,0.199
3789,776.00,3325.87,237,1.756,1439.8,self-play,1.79e-04,0.114,0.196,0.132,0.118,0.021,0.000,0.175,0.243
3790,1546.50,3322.20,316,1.637,1440.5,self-play,1.79e-04,0.081,0.213,0.022,0.287,0.000,0.000,0.143,0.254
3791,1359.00,3309.51,424,1.859,1441.5,self-play,1.79e-04,0.164,0.162,0.055,0.225,0.027,0.025,0.140,0.203
3792,1393.00,3303.62,420,1.847,1442.2,self-play,1.79e-04,0.177,0.162,0.059,0.170,0.030,0.030,0.162,0.210
3793,2865.00,3295.07,274,1.320,1442.8,self-play,1.79e-04,0.092,0.060,0.022,0.587,0.043,0.000,0.060,0.136
3794,3451.50,3313.50,751,1.440,1443.1,self-play,1.79e-04,0.112,0.072,0.024,0.408,0.024,0.008,0.080,0.272
3795,2303.50,3309.26,396,1.749,1444.0,self-play,1.79e-04,0.225,0.123,0.059,0.289,0.048,0.019,0.048,0.190
3796,4147.50,3336.80,925,1.835,1445.6,self-play,1.79e-04,0.163,0.110,0.090,0.206,0.106,0.100,0.065,0.161
3797,4638.50,3352.88,1108,1.703,1446.1,self-play,1.79e-04,0.276,0.138,0.039,0.204,0.072,0.000,0.046,0.224
3798,2176.50,3344.91,251,1.698,1446.5,self-play,1.79e-04,0.146,0.115,0.023,0.300,0.077,0.000,0.023,0.315
3799,3612.00,3331.97,1096,1.789,1447.4,self-play,1.79e-04,0.165,0.195,0.043,0.103,0.192,0.003,0.095,0.205
3800,2681.00,3310.89,536,1.692,1447.7,self-play,1.73e-04,0.088,0.136,0.024,0.176,0.136,0.000,0.096,0.344
3801,1445.50,3295.56,164,1.777,1448.4,self-play,1.73e-04,0.099,0.241,0.020,0.158,0.128,0.000,0.079,0.276
3802,1524.00,3267.79,427,1.914,1449.9,self-play,1.73e-04,0.163,0.234,0.065,0.106,0.140,0.019,0.126,0.147
3803,2230.50,3258.62,268,1.686,1450.5,self-play,1.73e-04,0.115,0.124,0.038,0.278,0.201,0.000,0.048,0.196
3804,2000.00,3256.76,411,1.871,1451.6,self-play,1.73e-04,0.169,0.162,0.074,0.107,0.239,0.005,0.084,0.160
3805,3565.50,3233.99,1023,1.806,1452.4,self-play,1.73e-04,0.213,0.154,0.037,0.184,0.110,0.000,0.118,0.184
3806,2835.50,3213.24,447,1.757,1453.3,self-play,1.73e-04,0.164,0.136,0.040,0.306,0.091,0.000,0.071,0.193
3807,3164.50,3202.39,597,1.742,1453.7,self-play,1.73e-04,0.197,0.141,0.021,0.338,0.077,0.000,0.049,0.176
3808,1834.50,3177.88,492,1.911,1454.9,self-play,1.73e-04,0.126,0.237,0.085,0.164,0.138,0.010,0.111,0.130
3809,2952.50,3175.97,799,1.796,1455.5,self-play,1.73e-04,0.129,0.146,0.092,0.329,0.108,0.000,0.104,0.092
3810,2536.00,3150.18,633,1.916,1456.1,self-play,1.73e-04,0.145,0.096,0.140,0.162,0.118,0.000,0.145,0.193
3811,1389.50,3140.41,472,1.908,1456.4,self-play,1.73e-04,0.177,0.142,0.115,0.088,0.124,0.000,0.177,0.177
3812,2952.00,3091.08,871,1.920,1457.1,self-play,1.73e-04,0.159,0.155,0.125,0.133,0.117,0.000,0.152,0.159
3813,2184.00,3071.70,612,1.726,1457.5,self-play,1.73e-04,0.116,0.123,0.145,0.174,0.101,0.000,0.210,0.130
3814,3417.00,3077.05,1252,1.267,1457.7,self-play,1.73e-04,0.109,0.091,0.036,0.273,0.109,0.000,0.364,0.018
3815,3836.00,3086.42,1082,1.314,1458.0,self-play,1.73e-04,0.074,0.011,0.021,0.432,0.116,0.000,0.305,0.042
3816,1598.00,3060.97,563,1.557,1458.2,self-play,1.73e-04,0.066,0.113,0.028,0.245,0.151,0.000,0.340,0.057
3817,861.00,3018.88,314,1.747,1458.7,self-play,1.73e-04,0.093,0.100,0.040,0.247,0.120,0.007,0.333,0.060
3818,1214.50,3000.85,383,1.952,1459.9,self-play,1.73e-04,0.096,0.138,0.074,0.188,0.157,0.066,0.177,0.105
3819,1536.50,2986.87,503,1.723,1460.3,self-play,1.73e-04,0.147,0.078,0.008,0.209,0.054,0.000,0.341,0.163
3820,3067.50,2997.22,874,1.395,1460.9,self-play,1.73e-04,0.113,0.070,0.030,0.452,0.048,0.000,0.196,0.091
3821,1555.00,2960.44,486,1.482,1461.6,self-play,1.73e-04,0.165,0.074,0.037,0.382,0.004,0.004,0.254,0.081
3822,3060.50,2951.59,1011,1.066,1461.9,self-play,1.73e-04,0.152,0.020,0.010,0.616,0.000,0.000,0.152,0.051
3823,1422.50,2949.50,512,1.619,1462.5,self-play,1.73e-04,0.246,0.099,0.017,0.280,0.004,0.000,0.246,0.108
3824,1202.00,2932.63,419,1.798,1463.4,self-play,1.73e-04,0.210,0.119,0.068,0.252,0.013,0.032,0.187,0.119
3825,1261.00,2906.99,342,1.761,1464.0,self-play,1.73e-04,0.210,0.077,0.062,0.200,0.015,0.036,0.215,0.185
3826,2420.00,2877.66,843,1.766,1465.0,self-play,1.73e-04,0.156,0.115,0.049,0.246,0.023,0.038,0.141,0.233
3827,3600.50,2869.41,1114,1.260,1465.5,self-play,1.73e-04,0.169,0.032,0.013,0.377,0.000,0.000,0.136,0.273
3828,1800.50,2850.07,335,0.885,1465.9,self-play,1.73e-04,0.103,0.026,0.019,0.686,0.000,0.000,0.103,0.064
3829,2182.00,2829.01,200,1.139,1466.6,self-play,1.73e-04,0.077,0.098,0.016,0.642,0.000,0.000,0.098,0.069
3830,3095.50,2821.41,771,1.293,1467.2,self-play,1.73e-04,0.086,0.107,0.045,0.570,0.000,0.000,0.119,0.074
3831,2439.00,2795.41,781,1.311,1467.6,self-play,1.73e-04,0.184,0.061,0.014,0.524,0.000,0.000,0.156,0.061
3832,711.50,2752.38,236,1.657,1468.4,self-play,1.73e-04,0.158,0.220,0.059,0.245,0.000,0.007,0.245,0.066
3833,2671.00,2727.53,876,1.350,1468.6,self-play,1.73e-04,0.188,0.212,0.013,0.375,0.000,0.000,0.188,0.025
3834,3013.00,2644.88,1115,1.489,1468.9,self-play,1.73e-04,0.232,0.205,0.009,0.277,0.000,0.000,0.241,0.036
3835,1219.00,2625.24,454,1.679,1469.6,self-play,1.73e-04,0.220,0.243,0.054,0.178,0.015,0.004,0.216,0.069
3836,1393.50,2591.66,402,1.820,1471.4,self-play,1.73e-04,0.138,0.254,0.072,0.245,0.036,0.085,0.105,0.065
3837,1748.50,2570.87,652,1.581,1471.6,self-play,1.73e-04,0.195,0.134,0.037,0.329,0.000,0.000,0.183,0.122
3838,2760.00,2575.40,353,1.241,1471.9,self-play,1.73e-04,0.130,0.270,0.000,0.490,0.000,0.000,0.070,0.040
3839,3421.50,2576.84,1018,1.289,1472.1,self-play,1.73e-04,0.255,0.191,0.011,0.426,0.000,0.000,0.064,0.053
3840,1138.50,2544.66,283,1.661,1472.8,self-play,1.73e-04,0.157,0.236,0.051,0.303,0.020,0.004,0.083,0.146
3841,3602.50,2547.32,1102,1.634,1473.4,self-play,1.73e-04,0.253,0.142,0.049,0.267,0.004,0.000,0.089,0.196
3842,3951.50,2552.12,548,1.580,1474.2,self-play,1.73e-04,0.357,0.153,0.071,0.116,0.014,0.010,0.058,0.221
3843,930.00,2525.30,316,1.724,1475.1,self-play,1.73e-04,0.250,0.116,0.128,0.173,0.014,0.011,0.099,0.207
3844,4191.50,2523.19,1179,1.657,1476.5,self-play,1.73e-04,0.221,0.083,0.090,0.138,0.027,0.017,0.073,0.350
3845,3206.50,2511.25,826,1.612,1477.8,self-play,1.73e-04,0.303,0.086,0.094,0.117,0.006,0.006,0.059,0.328
3846,3595.00,2516.05,193,1.506,1478.4,self-play,1.73e-04,0.248,0.136,0.039,0.189,0.000,0.000,0.019,0.369
3847,2964.50,2514.86,841,1.652,1479.1,self-play,1.73e-04,0.226,0.126,0.070,0.167,0.000,0.000,0.044,0.367
3848,2509.50,2501.77,265,1.683,1479.6,self-play,1.73e-04,0.234,0.160,0.131,0.194,0.000,0.000,0.051,0.229
3849,2521.00,2490.09,641,1.723,1480.5,self-play,1.73e-04,0.277,0.087,0.117,0.199,0.006,0.000,0.084,0.229
3850,2705.50,2485.58,255,1.523,1480.9,self-play,1.73e-04,0.228,0.114,0.041,0.398,0.000,0.000,0.057,0.163
3851,2133.00,2468.05,604,1.729,1481.5,self-play,1.73e-04,0.264,0.123,0.127,0.200,0.000,0.000,0.100,0.186
3852,1033.50,2435.98,188,1.768,1482.1,self-play,1.73e-04,0.176,0.122,0.131,0.199,0.000,0.000,0.136,0.235
3853,2355.00,2433.13,682,1.751,1482.6,self-play,1.73e-04,0.192,0.068,0.130,0.203,0.000,0.000,0.169,0.237
3854,3356.50,2441.52,992,1.672,1482.9,self-play,1.73e-04,0.139,0.139,0.065,0.306,0.000,0.000,0.157,0.194
3855,1890.50,2447.62,578,1.793,1483.7,self-play,1.73e-04,0.155,0.168,0.165,0.165,0.017,0.000,0.145,0.185
3856,2139.50,2446.77,728,1.774,1484.3,self-play,1.73e-04,0.203,0.179,0.104,0.203,0.008,0.000,0.139,0.163
3857,774.00,2416.51,229,1.819,1484.9,self-play,1.73e-04,0.146,0.195,0.180,0.180,0.015,0.005,0.171,0.107
3858,1874.00,2413.84,516,1.926,1486.9,self-play,1.73e-04,0.138,0.109,0.186,0.201,0.077,0.055,0.122,0.112
3859,2471.50,2412.46,778,1.477,1487.2,self-play,1.73e-04,0.062,0.185,0.025,0.259,0.000,0.000,0.370,0.099
3860,480.00,2405.86,173,1.149,1487.3,self-play,1.73e-04,0.037,0.148,0.000,0.222,0.000,0.000,0.556,0.037
3861,425.50,2389.09,149,1.633,1487.8,self-play,1.73e-04,0.114,0.109,0.086,0.183,0.011,0.000,0.411,0.086
3862,204.00,2354.64,70,1.321,1488.0,self-play,1.73e-04,0.075,0.075,0.038,0.113,0.000,0.000,0.698,0.000
3863,579.00,2342.42,204,1.729,1488.4,self-play,1.73e-04,0.180,0.133,0.055,0.250,0.008,0.000,0.328,0.047
3864,801.00,2334.16,239,1.815,1488.9,self-play,1.73e-04,0.126,0.137,0.116,0.174,0.021,0.011,0.337,0.079
3865,3401.00,2343.24,1192,1.683,1489.2,self-play,1.73e-04,0.121,0.172,0.121,0.259,0.009,0.009,0.259,0.052
3866,1567.50,2338.78,530,1.101,1489.4,self-play,1.73e-04,0.016,0.081,0.048,0.565,0.000,0.000,0.290,0.000
3867,1233.00,2334.86,453,1.775,1489.9,self-play,1.73e-04,0.161,0.128,0.094,0.211,0.028,0.011,0.300,0.067
3868,693.50,2324.59,239,1.835,1490.4,self-play,1.73e-04,0.156,0.083,0.156,0.233,0.011,0.022,0.283,0.056
3869,1775.00,2324.33,622,1.636,1490.6,self-play,1.73e-04,0.052,0.130,0.104,0.273,0.000,0.000,0.273,0.169
3870,2056.50,2307.38,716,1.759,1491.1,self-play,1.73e-04,0.159,0.183,0.165,0.104,0.018,0.012,0.207,0.152
3871,2251.50,2295.80,759,1.764,1492.0,self-play,1.73e-04,0.168,0.201,0.198,0.051,0.042,0.009,0.090,0.243
3872,2312.50,2290.00,708,1.790,1493.1,self-play,1.73e-04,0.191,0.201,0.128,0.063,0.058,0.015,0.107,0.237
3873,4138.50,2293.86,720,1.242,1493.5,self-play,1.73e-04,0.069,0.113,0.069,0.544,0.000,0.000,0.125,0.081
3874,3550.50,2301.86,927,1.698,1494.1,self-play,1.73e-04,0.179,0.211,0.119,0.188,0.005,0.000,0.092,0.206
3875,1658.00,2278.26,511,1.741,1494.9,self-play,1.73e-04,0.234,0.194,0.158,0.073,0.018,0.007,0.106,0.209
3876,2030.00,2276.47,428,1.787,1495.8,self-play,1.73e-04,0.182,0.116,0.159,0.099,0.057,0.009,0.136,0.241
3877,1960.50,2278.73,600,1.806,1496.8,self-play,1.73e-04,0.220,0.165,0.139,0.084,0.024,0.005,0.129,0.234
3878,1925.50,2271.11,554,1.630,1497.1,self-play,1.73e-04,0.137,0.097,0.105,0.331,0.000,0.000,0.226,0.105
3879,1640.00,2259.86,573,1.824,1498.0,self-play,1.73e-04,0.223,0.164,0.110,0.060,0.057,0.012,0.182,0.193
3880,2987.50,2263.09,898,1.638,1498.5,self-play,1.73e-04,0.103,0.121,0.109,0.270,0.011,0.000,0.172,0.213
3881,3036.50,2282.62,699,1.485,1498.9,self-play,1.73e-04,0.036,0.088,0.124,0.416,0.000,0.000,0.131,0.204
3882,1447.00,2246.51,431,1.825,1499.8,self-play,1.73e-04,0.155,0.155,0.152,0.109,0.026,0.000,0.141,0.261
3883,3192.00,2258.32,968,1.008,1500.1,self-play,1.73e-04,0.011,0.011,0.065,0.591,0.000,0.000,0.183,0.140
3884,1982.50,2257.20,630,1.820,1501.0,self-play,1.73e-04,0.124,0.135,0.110,0.144,0.075,0.011,0.171,0.229
3885,1416.00,2226.78,390,1.840,1502.4,self-play,1.73e-04,0.134,0.086,0.073,0.099,0.147,0.017,0.200,0.244
3886,3869.50,2239.22,1253,1.745,1503.2,self-play,1.73e-04,0.128,0.189,0.105,0.128,0.064,0.000,0.152,0.233
3887,2146.50,2245.93,430,1.308,1503.7,self-play,1.73e-04,0.013,0.046,0.059,0.375,0.000,0.000,0.059,0.447
3888,1925.00,2241.00,549,1.717,1504.6,self-play,1.73e-04,0.056,0.131,0.134,0.139,0.019,0.006,0.148,0.368
3889,2787.50,2261.11,642,1.776,1506.1,self-play,1.73e-04,0.117,0.180,0.109,0.171,0.039,0.008,0.104,0.272
3890,2867.00,2274.32,849,1.601,1506.4,self-play,1.73e-04,0.053,0.212,0.106,0.336,0.000,0.000,0.124,0.168
3891,1538.50,2276.11,481,1.803,1507.6,self-play,1.73e-04,0.119,0.186,0.130,0.116,0.037,0.002,0.135,0.274
3892,2647.50,2288.66,285,1.610,1508.2,self-play,1.73e-04,0.087,0.113,0.104,0.242,0.000,0.000,0.071,0.383
3893,2624.50,2286.26,557,1.665,1508.6,self-play,1.73e-04,0.060,0.119,0.090,0.246,0.000,0.000,0.097,0.388
3894,2019.00,2271.93,611,1.837,1510.1,self-play,1.73e-04,0.196,0.188,0.143,0.085,0.035,0.010,0.145,0.198
3895,3682.50,2285.72,1314,1.758,1510.4,self-play,1.73e-04,0.156,0.156,0.229,0.128,0.009,0.000,0.202,0.119
3896,1878.50,2263.03,531,1.811,1511.2,self-play,1.73e-04,0.222,0.144,0.181,0.122,0.011,0.007,0.189,0.122
3897,3050.00,2247.14,941,1.652,1511.5,self-play,1.73e-04,0.122,0.168,0.237,0.229,0.015,0.000,0.153,0.076
3898,1944.00,2244.82,668,1.220,1511.7,self-play,1.73e-04,0.070,0.018,0.105,0.298,0.000,0.000,0.509,0.000
3899,1350.00,2222.20,431,1.486,1512.1,self-play,1.73e-04,0.117,0.167,0.092,0.183,0.008,0.000,0.392,0.042
3900,1281.50,2208.20,473,0.860,1512.2,self-play,1.68e-04,0.026,0.103,0.000,0.103,0.000,0.000,0.769,0.000
3901,604.50,2199.80,227,1.094,1512.4,self-play,1.68e-04,0.048,0.119,0.000,0.119,0.000,0.000,0.714,0.000
3902,928.50,2193.84,311,1.793,1513.0,self-play,1.68e-04,0.209,0.109,0.095,0.171,0.033,0.009,0.284,0.090
3903,1932.50,2190.86,692,1.713,1513.4,self-play,1.68e-04,0.123,0.196,0.130,0.138,0.014,0.000,0.312,0.087
3904,1432.50,2185.18,370,1.773,1514.1,self-play,1.68e-04,0.120,0.232,0.123,0.156,0.018,0.004,0.232,0.116
3905,1191.00,2161.44,339,1.487,1514.7,self-play,1.68e-04,0.031,0.107,0.224,0.143,0.031,0.010,0.398,0.056
3906,1065.50,2143.74,303,1.605,1515.1,self-play,1.68e-04,0.022,0.115,0.072,0.302,0.065,0.000,0.374,0.050
3907,2235.50,2134.45,584,1.512,1515.4,self-play,1.68e-04,0.000,0.237,0.132,0.342,0.026,0.000,0.171,0.092
3908,2457.50,2140.68,588,1.631,1515.6,self-play,1.68e-04,0.020,0.255,0.196,0.304,0.020,0.000,0.157,0.049
3909,1581.00,2126.97,509,1.835,1516.2,self-play,1.68e-04,0.069,0.155,0.116,0.107,0.137,0.030,0.206,0.180
3910,2202.00,2123.62,598,1.734,1516.8,self-play,1.68e-04,0.021,0.232,0.165,0.170,0.088,0.000,0.160,0.165
3911,1324.00,2122.97,403,1.785,1517.3,self-play,1.68e-04,0.028,0.206,0.168,0.089,0.103,0.005,0.182,0.220
3912,4431.50,2137.76,1353,1.682,1517.8,self-play,1.68e-04,0.013,0.270,0.178,0.125,0.105,0.000,0.217,0.092
3913,1782.50,2133.75,535,1.791,1518.5,self-play,1.68e-04,0.044,0.258,0.135,0.107,0.135,0.016,0.187,0.119
3914,1975.50,2119.34,493,1.911,1520.2,self-play,1.68e-04,0.054,0.124,0.095,0.075,0.249,0.124,0.169,0.109
3915,2515.00,2106.12,818,1.750,1520.7,self-play,1.68e-04,0.074,0.185,0.173,0.173,0.130,0.006,0.198,0.062
3916,2347.00,2113.61,601,1.703,1521.5,self-play,1.68e-04,0.051,0.260,0.188,0.162,0.083,0.018,0.173,0.065
3917,1963.00,2124.64,501,1.754,1522.2,self-play,1.68e-04,0.066,0.263,0.166,0.154,0.019,0.008,0.216,0.108
3918,836.00,2120.85,277,1.927,1522.9,self-play,1.68e-04,0.074,0.195,0.057,0.142,0.121,0.082,0.152,0.177
3919,3509.50,2140.58,1137,1.780,1523.6,self-play,1.68e-04,0.081,0.289,0.106,0.089,0.038,0.026,0.183,0.187
3920,2650.00,2136.41,766,1.778,1524.4,self-play,1.68e-04,0.059,0.238,0.143,0.130,0.039,0.016,0.153,0.221
3921,1471.00,2135.57,447,1.879,1525.9,self-play,1.68e-04,0.089,0.216,0.118,0.134,0.050,0.072,0.152,0.168
3922,2615.50,2131.11,887,1.768,1526.5,self-play,1.68e-04,0.079,0.203,0.163,0.176,0.022,0.000,0.216,0.141
3923,3789.00,2154.78,1234,1.645,1526.8,self-play,1.68e-04,0.052,0.267,0.310,0.190,0.009,0.000,0.138,0.034
3924,1191.00,2154.67,404,1.818,1527.5,self-play,1.68e-04,0.103,0.281,0.103,0.107,0.032,0.008,0.182,0.186
3925,2141.00,2163.47,659,1.929,1529.1,self-play,1.68e-04,0.111,0.216,0.087,0.092,0.076,0.090,0.142,0.185
3926,1492.50,2154.20,460,1.908,1530.9,self-play,1.68e-04,0.089,0.150,0.120,0.120,0.065,0.129,0.174,0.153
3927,1041.00,2128.60,361,1.863,1531.6,self-play,1.68e-04,0.129,0.171,0.150,0.077,0.017,0.028,0.178,0.251
3928,2115.00,2131.74,533,1.780,1532.3,self-play,1.68e-04,0.113,0.133,0.306,0.133,0.016,0.004,0.137,0.157
3929,2673.50,2136.66,775,1.833,1533.1,self-play,1.68e-04,0.140,0.140,0.251,0.134,0.036,0.003,0.147,0.150
3930,1474.50,2120.45,488,1.885,1533.7,self-play,1.68e-04,0.177,0.168,0.146,0.133,0.058,0.000,0.164,0.155
3931,2739.00,2123.45,696,1.811,1534.3,self-play,1.68e-04,0.231,0.186,0.136,0.186,0.040,0.000,0.106,0.116
3932,1050.00,2126.84,261,1.922,1535.1,self-play,1.68e-04,0.129,0.209,0.122,0.188,0.098,0.031,0.101,0.122
3933,2691.00,2127.03,736,1.843,1535.6,self-play,1.68e-04,0.162,0.205,0.189,0.195,0.070,0.000,0.135,0.043
3934,1542.00,2112.32,436,1.908,1536.3,self-play,1.68e-04,0.201,0.178,0.138,0.145,0.126,0.015,0.100,0.097
3935,4415.00,2144.28,1604,1.806,1536.6,self-play,1.68e-04,0.216,0.168,0.112,0.184,0.048,0.000,0.224,0.048
3936,2096.00,2151.31,679,1.953,1537.6,self-play,1.68e-04,0.134,0.158,0.082,0.104,0.210,0.060,0.131,0.120
3937,1664.50,2150.47,554,1.927,1538.1,self-play,1.68e-04,0.166,0.161,0.081,0.147,0.133,0.033,0.128,0.152
3938,985.00,2132.72,253,1.907,1538.7,self-play,1.68e-04,0.155,0.169,0.070,0.141,0.164,0.005,0.136,0.160
3939,1142.50,2109.93,340,1.910,1539.2,self-play,1.68e-04,0.210,0.138,0.060,0.192,0.132,0.018,0.120,0.132
3940,1583.50,2114.38,451,1.925,1539.9,self-play,1.68e-04,0.129,0.125,0.077,0.206,0.154,0.018,0.110,0.180
3941,1708.00,2095.43,453,1.887,1540.4,self-play,1.68e-04,0.085,0.142,0.062,0.256,0.131,0.034,0.159,0.131
3942,1353.50,2069.45,334,1.935,1541.0,self-play,1.68e-04,0.096,0.231,0.039,0.231,0.118,0.026,0.109,0.148
3943,2439.00,2084.55,616,1.698,1541.3,self-play,1.68e-04,0.118,0.059,0.127,0.324,0.039,0.000,0.245,0.088
3944,1870.00,2061.33,488,1.956,1542.1,self-play,1.68e-04,0.138,0.104,0.090,0.187,0.173,0.042,0.104,0.163
3945,1473.00,2043.99,499,1.330,1542.3,self-play,1.68e-04,0.064,0.000,0.128,0.191,0.000,0.000,0.596,0.021
3946,1236.50,2020.41,390,1.940,1542.9,self-play,1.68e-04,0.156,0.076,0.107,0.156,0.138,0.009,0.147,0.213
3947,1923.50,2010.00,597,1.928,1543.6,self-play,1.68e-04,0.122,0.122,0.119,0.154,0.168,0.028,0.147,0.140
3948,2294.00,2007.85,629,1.923,1544.3,self-play,1.68e-04,0.172,0.098,0.156,0.141,0.172,0.004,0.133,0.125
3949,3077.50,2013.41,883,1.903,1544.8,self-play,1.68e-04,0.095,0.136,0.189,0.101,0.172,0.000,0.154,0.154
3950,2816.50,2014.52,980,1.870,1545.3,self-play,1.68e-04,0.115,0.079,0.218,0.109,0.212,0.006,0.145,0.115
3951,3010.50,2023.30,991,1.856,1545.8,self-play,1.68e-04,0.073,0.134,0.207,0.152,0.171,0.000,0.220,0.043
3952,2018.00,2033.14,582,1.905,1546.3,self-play,1.68e-04,0.137,0.104,0.191,0.131,0.208,0.000,0.148,0.082
3953,1609.00,2025.68,433,1.969,1547.0,self-play,1.68e-04,0.131,0.142,0.090,0.135,0.225,0.034,0.127,0.116
3954,1855.50,2010.67,407,1.948,1547.8,self-play,1.68e-04,0.171,0.122,0.087,0.194,0.103,0.011,0.152,0.160
3955,1368.00,2005.44,277,1.992,1548.7,self-play,1.68e-04,0.119,0.130,0.088,0.122,0.166,0.097,0.088,0.191
3956,1135.50,1995.40,319,1.938,1549.2,self-play,1.68e-04,0.145,0.169,0.099,0.110,0.134,0.012,0.174,0.157
3957,3015.00,2017.82,958,1.952,1549.8,self-play,1.68e-04,0.170,0.214,0.114,0.083,0.092,0.039,0.135,0.153
3958,2911.50,2028.19,937,1.812,1550.1,self-play,1.68e-04,0.188,0.198,0.104,0.156,0.042,0.000,0.240,0.073
3959,3186.50,2035.34,926,1.774,1550.3,self-play,1.68e-04,0.262,0.143,0.131,0.131,0.048,0.000,0.238,0.048
3960,3189.50,2062.43,944,1.889,1550.8,self-play,1.68e-04,0.219,0.181,0.106,0.119,0.087,0.000,0.113,0.175
3961,1796.50,2076.14,493,1.931,1551.4,self-play,1.68e-04,0.220,0.188,0.063,0.170,0.108,0.040,0.085,0.126
3962,5432.00,2128.43,1685,1.665,1551.7,self-play,1.68e-04,0.404,0.180,0.090,0.146,0.034,0.000,0.112,0.034
3963,2250.00,2145.14,767,1.596,1551.9,self-play,1.68e-04,0.347,0.160,0.093,0.173,0.000,0.000,0.200,0.027
3964,2192.00,2159.05,651,1.976,1552.7,self-play,1.68e-04,0.170,0.138,0.109,0.125,0.122,0.042,0.106,0.186
3965,1788.50,2142.92,519,1.741,1553.0,self-play,1.68e-04,0.269,0.269,0.154,0.154,0.026,0.000,0.115,0.013
3966,2982.50,2157.07,837,1.945,1553.8,self-play,1.68e-04,0.158,0.198,0.137,0.116,0.116,0.040,0.085,0.152
3967,1722.50,2161.97,330,1.909,1554.4,self-play,1.68e-04,0.161,0.216,0.171,0.106,0.075,0.000,0.111,0.161
3968,993.00,2164.96,213,1.934,1555.0,self-play,1.68e-04,0.197,0.231,0.135,0.066,0.100,0.022,0.061,0.188
3969,2746.50,2174.68,780,1.978,1555.7,self-play,1.68e-04,0.133,0.161,0.100,0.172,0.143,0.039,0.065,0.186
3970,3519.50,2189.30,670,1.912,1556.3,self-play,1.68e-04,0.144,0.223,0.165,0.122,0.154,0.005,0.053,0.133
3971,1533.50,2182.12,439,1.974,1556.9,self-play,1.68e-04,0.167,0.184,0.107,0.085,0.145,0.051,0.085,0.175
3972,3150.00,2190.50,747,1.929,1557.2,self-play,1.68e-04,0.203,0.110,0.119,0.102,0.178,0.008,0.119,0.161
3973,917.00,2158.28,201,1.942,1557.6,self-play,1.68e-04,0.167,0.087,0.120,0.147,0.153,0.013,0.153,0.160
3974,1462.50,2137.41,413,1.952,1558.1,self-play,1.68e-04,0.265,0.102,0.078,0.120,0.163,0.000,0.127,0.145
3975,1679.50,2137.62,540,1.958,1559.3,self-play,1.68e-04,0.169,0.097,0.082,0.066,0.163,0.165,0.091,0.167
3976,2280.50,2140.12,797,1.616,1559.5,self-play,1.68e-04,0.161,0.000,0.194,0.194,0.065,0.000,0.355,0.032
3977,1075.00,2131.27,278,1.977,1560.1,self-play,1.68e-04,0.181,0.151,0.095,0.090,0.106,0.080,0.131,0.166
3978,2517.00,2137.18,746,1.498,1560.3,self-play,1.68e-04,0.458,0.017,0.051,0.153,0.136,0.000,0.136,0.051
3979,3600.50,2156.79,1136,1.943,1560.8,self-play,1.68e-04,0.259,0.065,0.109,0.134,0.194,0.040,0.090,0.109
3980,1982.00,2146.74,412,2.004,1561.7,self-play,1.68e-04,0.199,0.110,0.101,0.124,0.152,0.062,0.073,0.180
3981,2507.00,2141.44,588,1.985,1562.5,self-play,1.68e-04,0.099,0.132,0.158,0.136,0.158,0.070,0.103,0.143
3982,2189.50,2148.86,638,1.985,1563.3,self-play,1.68e-04,0.168,0.104,0.162,0.097,0.120,0.091,0.071,0.188
3983,2746.50,2144.41,498,1.787,1563.6,self-play,1.68e-04,0.128,0.053,0.319,0.074,0.223,0.000,0.032,0.170
3984,1966.00,2144.24,576,1.954,1564.3,self-play,1.68e-04,0.167,0.159,0.223,0.057,0.121,0.034,0.053,0.186
3985,2716.00,2157.24,518,2.008,1566.0,self-play,1.68e-04,0.143,0.113,0.158,0.106,0.124,0.129,0.061,0.166
3986,1226.00,2130.81,466,1.563,1566.1,self-play,1.68e-04,0.191,0.085,0.085,0.106,0.106,0.000,0.426,0.000
3987,1474.00,2124.09,455,1.407,1566.3,self-play,1.68e-04,0.146,0.000,0.293,0.049,0.146,0.000,0.341,0.024
3988,1420.00,2119.03,438,1.913,1566.8,self-play,1.68e-04,0.113,0.113,0.245,0.119,0.138,0.031,0.157,0.082
3989,2560.50,2116.76,722,1.936,1567.3,self-play,1.68e-04,0.155,0.070,0.190,0.095,0.195,0.015,0.165,0.115
3990,3517.00,2123.26,985,1.986,1568.8,self-play,1.68e-04,0.138,0.103,0.161,0.110,0.164,0.108,0.086,0.129
3991,1593.00,2123.81,422,1.970,1569.4,self-play,1.68e-04,0.165,0.120,0.169,0.120,0.161,0.041,0.087,0.136
3992,2005.00,2117.39,560,1.995,1570.5,self-play,1.68e-04,0.146,0.113,0.199,0.082,0.211,0.046,0.096,0.108
3993,1123.50,2102.38,270,1.947,1571.5,self-play,1.68e-04,0.090,0.180,0.177,0.154,0.113,0.061,0.102,0.122
3994,1179.00,2093.97,283,1.915,1572.2,self-play,1.68e-04,0.133,0.193,0.229,0.161,0.092,0.052,0.028,0.112
3995,2063.50,2077.78,266,1.698,1572.6,self-play,1.68e-04,0.065,0.209,0.237,0.302,0.101,0.000,0.022,0.065
3996,2159.50,2080.59,75,1.886,1573.1,self-play,1.68e-04,0.148,0.143,0.165,0.236,0.170,0.038,0.016,0.082
3997,2359.00,2073.68,309,1.650,1573.4,self-play,1.68e-04,0.122,0.224,0.214,0.265,0.102,0.010,0.000,0.061
3998,2801.50,2082.26,462,1.905,1574.2,self-play,1.68e-04,0.142,0.174,0.135,0.195,0.156,0.043,0.021,0.135
3999,2795.50,2096.72,377,1.903,1575.0,self-play,1.68e-04,0.150,0.191,0.113,0.215,0.123,0.058,0.024,0.126
4000,1238.50,2096.28,128,1.949,1576.0,self-play,1.63e-04,0.135,0.167,0.111,0.227,0.135,0.071,0.022,0.131
4001,2049.50,2110.74,336,1.942,1576.7,self-play,1.63e-04,0.155,0.190,0.116,0.211,0.147,0.065,0.026,0.091
4002,2947.00,2130.92,357,1.935,1577.3,self-play,1.63e-04,0.224,0.162,0.104,0.187,0.162,0.062,0.008,0.091
4003,3975.00,2151.34,880,1.743,1577.6,self-play,1.63e-04,0.272,0.214,0.194,0.107,0.087,0.010,0.010,0.107
4004,2594.50,2162.97,440,1.919,1578.3,self-play,1.63e-04,0.246,0.175,0.138,0.104,0.131,0.052,0.030,0.123
4005,3712.00,2188.18,604,1.975,1580.4,self-play,1.63e-04,0.172,0.151,0.097,0.112,0.135,0.129,0.056,0.147
4006,2915.00,2206.67,288,1.849,1581.1,self-play,1.63e-04,0.215,0.158,0.192,0.100,0.131,0.088,0.012,0.104
4007,2815.50,2212.47,27,1.382,1581.4,self-play,1.63e-04,0.530,0.061,0.165,0.070,0.061,0.026,0.000,0.087
4008,2270.00,2210.59,353,1.555,1581.7,self-play,1.63e-04,0.392,0.033,0.233,0.083,0.100,0.075,0.017,0.067
4009,3046.50,2225.25,675,1.869,1582.7,self-play,1.63e-04,0.348,0.063,0.147,0.084,0.084,0.152,0.034,0.089
4010,2756.00,2230.79,0,1.695,1583.1,self-play,1.63e-04,0.298,0.033,0.149,0.182,0.058,0.215,0.000,0.066
4011,2140.50,2238.95,228,1.917,1584.0,self-play,1.63e-04,0.203,0.058,0.214,0.148,0.097,0.167,0.022,0.089
4012,2238.50,2217.03,224,1.955,1585.1,self-play,1.63e-04,0.142,0.048,0.193,0.170,0.140,0.158,0.031,0.117
4013,2990.00,2229.10,606,1.973,1585.8,self-play,1.63e-04,0.227,0.076,0.148,0.136,0.121,0.140,0.053,0.098
4014,1561.00,2224.95,259,1.999,1586.4,self-play,1.63e-04,0.230,0.138,0.171,0.111,0.124,0.101,0.032,0.092
4015,3348.00,2233.28,617,1.987,1587.4,self-play,1.63e-04,0.147,0.152,0.160,0.184,0.120,0.075,0.053,0.109
4016,2915.00,2238.97,787,1.992,1587.8,self-play,1.63e-04,0.205,0.090,0.231,0.128,0.109,0.103,0.083,0.051
4017,2372.50,2243.06,625,1.970,1588.1,self-play,1.63e-04,0.152,0.076,0.207,0.228,0.130,0.098,0.054,0.054
4018,2681.00,2261.51,628,2.016,1588.5,self-play,1.63e-04,0.136,0.102,0.211,0.129,0.184,0.109,0.054,0.075
4019,1780.00,2244.22,327,2.031,1589.6,self-play,1.63e-04,0.134,0.127,0.109,0.092,0.201,0.166,0.065,0.107
4020,1626.00,2233.97,430,2.033,1590.3,self-play,1.63e-04,0.103,0.130,0.095,0.178,0.142,0.150,0.099,0.103
4021,2973.50,2249.00,759,2.039,1591.1,self-play,1.63e-04,0.102,0.186,0.117,0.179,0.146,0.131,0.099,0.040
4022,2369.00,2246.53,773,1.869,1591.3,self-play,1.63e-04,0.136,0.136,0.085,0.136,0.085,0.119,0.271,0.034
4023,1541.50,2224.06,463,1.993,1592.4,self-play,1.63e-04,0.099,0.183,0.075,0.094,0.118,0.252,0.108,0.072
4024,1841.00,2230.56,475,1.985,1594.1,self-play,1.63e-04,0.095,0.149,0.068,0.084,0.155,0.262,0.096,0.092
4025,1620.50,2225.36,526,1.936,1594.4,self-play,1.63e-04,0.120,0.098,0.163,0.152,0.141,0.054,0.196,0.076
4026,4752.50,2257.95,1728,1.920,1594.7,self-play,1.63e-04,0.186,0.108,0.098,0.118,0.118,0.069,0.245,0.059
4027,968.00,2257.22,212,1.730,1594.8,self-play,1.63e-04,0.148,0.074,0.093,0.167,0.093,0.037,0.333,0.056
4028,1952.00,2255.59,686,1.994,1595.5,self-play,1.63e-04,0.126,0.247,0.105,0.073,0.109,0.085,0.154,0.101
4029,1762.00,2246.48,514,2.008,1596.6,self-play,1.63e-04,0.119,0.213,0.079,0.114,0.141,0.126,0.106,0.101
4030,2395.50,2255.69,715,1.934,1596.8,self-play,1.63e-04,0.103,0.294,0.074,0.147,0.147,0.044,0.191,0.000
4031,1292.50,2241.22,310,2.019,1597.7,self-play,1.63e-04,0.119,0.227,0.085,0.127,0.122,0.136,0.085,0.099
4032,2660.00,2257.32,838,2.023,1598.2,self-play,1.63e-04,0.159,0.174,0.070,0.169,0.144,0.065,0.109,0.109
4033,1814.50,2248.56,470,2.039,1599.3,self-play,1.63e-04,0.137,0.182,0.087,0.146,0.146,0.104,0.087,0.111
4034,670.00,2239.84,233,1.990,1599.6,self-play,1.63e-04,0.134,0.196,0.152,0.098,0.125,0.009,0.179,0.107
4035,1632.00,2212.01,333,2.015,1600.5,self-play,1.63e-04,0.123,0.184,0.117,0.158,0.152,0.089,0.098,0.079
4036,1516.50,2206.22,387,2.029,1601.8,self-play,1.63e-04,0.142,0.193,0.081,0.175,0.124,0.104,0.071,0.110
4037,2835.00,2217.92,937,1.903,1602.1,self-play,1.63e-04,0.219,0.102,0.133,0.227,0.039,0.094,0.148,0.039
4038,3247.50,2240.55,1075,1.834,1602.4,self-play,1.63e-04,0.270,0.135,0.124,0.270,0.022,0.045,0.079,0.056
4039,3812.00,2267.24,1194,1.864,1602.7,self-play,1.63e-04,0.197,0.085,0.103,0.308,0.103,0.103,0.051,0.051
4040,3517.00,2286.57,870,1.837,1603.1,self-play,1.63e-04,0.228,0.117,0.167,0.198,0.080,0.093,0.056,0.062
4041,3916.00,2308.66,864,1.929,1604.0,self-play,1.63e-04,0.246,0.147,0.087,0.186,0.081,0.120,0.042,0.093
4042,2739.50,2322.51,588,1.947,1605.3,self-play,1.63e-04,0.217,0.180,0.077,0.200,0.082,0.150,0.041,0.054
4043,3058.00,2328.70,768,1.626,1605.5,self-play,1.63e-04,0.217,0.066,0.094,0.283,0.009,0.236,0.057,0.038
4044,1984.00,2329.84,454,2.004,1606.4,self-play,1.63e-04,0.127,0.193,0.100,0.227,0.067,0.113,0.060,0.113
4045,2126.00,2336.38,686,1.943,1607.1,self-play,1.63e-04,0.156,0.208,0.071,0.201,0.033,0.175,0.074,0.082
4046,1580.50,2339.82,320,1.958,1607.7,self-play,1.63e-04,0.216,0.150,0.101,0.207,0.044,0.137,0.084,0.062
4047,1617.50,2336.76,431,1.992,1608.6,self-play,1.63e-04,0.153,0.203,0.082,0.191,0.050,0.103,0.097,0.121
4048,2873.00,2342.55,614,1.974,1611.7,self-play,1.63e-04,0.096,0.173,0.119,0.174,0.098,0.138,0.053,0.149
4049,2523.00,2337.00,513,1.358,1612.4,self-play,1.63e-04,0.020,0.206,0.073,0.105,0.020,0.368,0.069,0.138
4050,2014.00,2328.97,413,1.824,1613.8,self-play,1.63e-04,0.036,0.105,0.108,0.121,0.105,0.332,0.052,0.142
4051,2991.00,2328.78,687,1.116,1614.3,self-play,1.63e-04,0.008,0.038,0.068,0.227,0.015,0.561,0.030,0.053
4052,1646.50,2325.07,207,1.704,1615.2,self-play,1.63e-04,0.014,0.084,0.092,0.240,0.039,0.401,0.031,0.100
4053,1884.00,2327.82,299,1.849,1616.0,self-play,1.63e-04,0.013,0.132,0.109,0.174,0.106,0.293,0.042,0.132
4054,2825.00,2337.51,383,1.602,1616.6,self-play,1.63e-04,0.006,0.067,0.096,0.242,0.062,0.410,0.045,0.073
4055,1595.00,2339.78,192,1.934,1618.0,self-play,1.63e-04,0.047,0.088,0.119,0.154,0.154,0.236,0.049,0.154
4056,1948.00,2347.91,422,1.937,1618.9,self-play,1.63e-04,0.024,0.130,0.097,0.185,0.167,0.194,0.070,0.133
4057,2111.00,2338.86,487,1.989,1619.5,self-play,1.63e-04,0.061,0.154,0.130,0.158,0.146,0.182,0.085,0.085
4058,1723.50,2326.99,397,2.003,1620.4,self-play,1.63e-04,0.077,0.191,0.154,0.162,0.111,0.108,0.091,0.105
4059,4118.50,2336.30,1125,1.876,1620.7,self-play,1.63e-04,0.008,0.208,0.192,0.250,0.150,0.042,0.067,0.083
4060,3280.50,2337.22,670,1.934,1621.1,self-play,1.63e-04,0.091,0.129,0.174,0.242,0.129,0.083,0.083,0.068
4061,2240.50,2341.66,649,2.010,1622.5,self-play,1.63e-04,0.107,0.092,0.177,0.109,0.184,0.131,0.098,0.102
4062,2937.50,2316.71,1061,1.817,1622.7,self-play,1.63e-04,0.063,0.095,0.349,0.111,0.016,0.063,0.238,0.063
4063,2479.50,2319.01,722,1.985,1623.3,self-play,1.63e-04,0.156,0.107,0.192,0.121,0.067,0.027,0.129,0.201
4064,1635.00,2313.43,520,1.981,1623.8,self-play,1.63e-04,0.147,0.115,0.128,0.122,0.071,0.051,0.205,0.160
4065,3177.00,2327.32,1052,2.006,1624.3,self-play,1.63e-04,0.154,0.107,0.182,0.136,0.070,0.070,0.103,0.178
4066,1264.50,2310.14,407,1.999,1624.9,self-play,1.63e-04,0.217,0.126,0.121,0.097,0.068,0.053,0.150,0.169
4067,2418.00,2317.09,711,2.004,1625.8,self-play,1.63e-04,0.223,0.100,0.147,0.076,0.062,0.050,0.167,0.176
4068,451.00,2311.68,130,1.988,1626.4,self-play,1.63e-04,0.219,0.109,0.169,0.080,0.055,0.035,0.189,0.144
4069,2871.50,2312.93,994,1.986,1626.8,self-play,1.63e-04,0.172,0.109,0.138,0.121,0.103,0.029,0.138,0.190
4070,3250.50,2310.24,1058,1.946,1627.0,self-play,1.63e-04,0.080,0.187,0.147,0.187,0.027,0.067,0.147,0.160
4071,2623.00,2321.13,616,2.022,1628.2,self-play,1.63e-04,0.168,0.163,0.103,0.139,0.079,0.082,0.118,0.149
4072,3795.00,2327.58,988,1.848,1628.5,self-play,1.63e-04,0.074,0.213,0.148,0.066,0.041,0.189,0.139,0.131
4073,2366.00,2342.07,646,1.942,1628.9,self-play,1.63e-04,0.109,0.269,0.076,0.109,0.025,0.050,0.126,0.235
4074,1588.00,2343.32,446,1.893,1629.4,self-play,1.63e-04,0.085,0.153,0.127,0.069,0.021,0.164,0.085,0.296
4075,2195.00,2348.48,740,1.938,1630.3,self-play,1.63e-04,0.156,0.156,0.108,0.048,0.051,0.181,0.089,0.213
4076,1580.50,2341.48,422,2.022,1631.5,self-play,1.63e-04,0.136,0.138,0.126,0.058,0.084,0.160,0.114,0.184
4077,1085.00,2341.58,386,2.007,1632.2,self-play,1.63e-04,0.092,0.144,0.109,0.092,0.052,0.175,0.153,0.183
4078,2795.50,2344.36,901,1.886,1632.4,self-play,1.63e-04,0.052,0.093,0.082,0.103,0.093,0.124,0.268,0.186
4079,892.50,2317.28,243,1.983,1634.0,self-play,1.63e-04,0.105,0.105,0.102,0.096,0.089,0.262,0.104,0.137
4080,2200.00,2319.47,651,1.854,1634.5,self-play,1.63e-04,0.264,0.055,0.098,0.043,0.061,0.190,0.196,0.092
4081,2375.50,2318.15,791,1.346,1634.7,self-play,1.63e-04,0.288,0.000,0.068,0.041,0.055,0.288,0.247,0.014
4082,3782.00,2334.07,1420,1.363,1634.9,self-play,1.63e-04,0.398,0.011,0.043,0.011,0.097,0.204,0.194,0.043
4083,1747.50,2324.09,639,1.449,1635.2,self-play,1.63e-04,0.382,0.018,0.027,0.009,0.045,0.209,0.291,0.018
4084,486.00,2309.28,178,1.763,1635.7,self-play,1.63e-04,0.363,0.032,0.051,0.051,0.038,0.159,0.229,0.076
4085,3954.50,2321.67,1487,1.188,1635.9,self-play,1.63e-04,0.222,0.012,0.025,0.025,0.037,0.395,0.272,0.012
4086,2369.50,2333.11,887,1.806,1636.5,self-play,1.63e-04,0.245,0.036,0.077,0.041,0.056,0.214,0.245,0.087
4087,1568.50,2334.05,603,1.740,1637.1,self-play,1.63e-04,0.180,0.031,0.071,0.016,0.071,0.243,0.302,0.086
4088,4455.00,2364.40,1339,1.264,1637.5,self-play,1.63e-04,0.142,0.014,0.028,0.021,0.064,0.454,0.255,0.021
4089,1557.00,2354.36,534,1.755,1638.1,self-play,1.63e-04,0.176,0.029,0.049,0.045,0.090,0.241,0.314,0.057
4090,1412.50,2333.32,441,1.960,1639.1,self-play,1.63e-04,0.226,0.071,0.074,0.082,0.109,0.135,0.209,0.094
4091,2071.00,2338.10,724,1.507,1639.4,self-play,1.63e-04,0.289,0.011,0.044,0.000,0.078,0.256,0.267,0.056
4092,4579.00,2363.84,1642,1.543,1639.7,self-play,1.63e-04,0.317,0.038,0.038,0.000,0.106,0.250,0.221,0.029
4093,3704.00,2389.64,1324,1.692,1640.0,self-play,1.63e-04,0.165,0.031,0.063,0.039,0.181,0.268,0.213,0.039
4094,3621.50,2414.07,1126,1.077,1640.3,self-play,1.63e-04,0.227,0.010,0.031,0.010,0.072,0.567,0.072,0.010
4095,1934.00,2412.78,642,1.778,1640.7,self-play,1.63e-04,0.215,0.049,0.117,0.000,0.110,0.190,0.258,0.061
4096,737.50,2398.55,259,1.921,1641.5,self-play,1.63e-04,0.214,0.064,0.093,0.053,0.110,0.206,0.174,0.085
4097,1479.00,2389.76,500,1.889,1642.0,self-play,1.63e-04,0.249,0.052,0.139,0.035,0.150,0.214,0.116,0.046
4098,6728.50,2429.03,2286,1.657,1642.5,self-play,1.63e-04,0.271,0.042,0.084,0.018,0.042,0.337,0.102,0.102
4099,3947.00,2440.54,1068,1.106,1642.8,self-play,1.63e-04,0.150,0.000,0.158,0.008,0.050,0.483,0.133,0.017
4100,3200.50,2460.16,920,1.502,1643.3,self-play,1.58e-04,0.132,0.006,0.218,0.006,0.029,0.402,0.121,0.086
4101,1533.50,2455.00,375,1.740,1643.8,self-play,1.58e-04,0.166,0.018,0.258,0.018,0.018,0.301,0.123,0.098
4102,1607.00,2441.60,552,1.823,1644.3,self-play,1.58e-04,0.241,0.019,0.175,0.028,0.071,0.184,0.165,0.118
4103,3587.50,2437.72,1167,1.638,1644.7,self-play,1.58e-04,0.296,0.032,0.240,0.024,0.032,0.200,0.120,0.056
4104,1724.00,2429.02,516,1.976,1646.0,self-play,1.58e-04,0.189,0.061,0.151,0.065,0.067,0.204,0.114,0.149
4105,2022.00,2412.12,626,1.932,1647.1,self-play,1.58e-04,0.197,0.072,0.123,0.064,0.041,0.228,0.136,0.141
4106,1478.50,2397.76,537,1.707,1647.3,self-play,1.58e-04,0.265,0.029,0.029,0.103,0.059,0.103,0.353,0.059
4107,3002.00,2399.62,952,1.543,1647.5,self-play,1.58e-04,0.275,0.000,0.058,0.029,0.014,0.304,0.304,0.014
4108,1119.00,2388.11,355,1.986,1648.4,self-play,1.58e-04,0.119,0.082,0.097,0.091,0.041,0.229,0.163,0.179
4109,1497.50,2372.62,450,1.957,1648.6,self-play,1.58e-04,0.256,0.049,0.061,0.122,0.159,0.061,0.183,0.110
4110,3150.50,2376.57,1078,1.743,1648.8,self-play,1.58e-04,0.354,0.038,0.038,0.063,0.177,0.152,0.139,0.038
4111,2399.00,2379.15,724,2.025,1649.6,self-play,1.58e-04,0.213,0.070,0.080,0.097,0.103,0.130,0.147,0.160
4112,2545.50,2382.22,789,2.051,1650.7,self-play,1.58e-04,0.176,0.093,0.078,0.111,0.156,0.148,0.090,0.148
4113,2552.50,2377.84,543,1.947,1651.3,self-play,1.58e-04,0.115,0.083,0.172,0.198,0.151,0.135,0.062,0.083
4114,2455.50,2386.79,665,1.997,1651.9,self-play,1.58e-04,0.108,0.036,0.131,0.234,0.117,0.090,0.099,0.185
4115,5401.00,2407.32,1715,1.936,1652.3,self-play,1.58e-04,0.135,0.053,0.173,0.165,0.180,0.090,0.113,0.090
4116,1385.50,2392.03,444,2.052,1653.2,self-play,1.58e-04,0.099,0.081,0.110,0.172,0.102,0.134,0.153,0.148
4117,3057.00,2398.87,676,1.971,1653.5,self-play,1.58e-04,0.142,0.115,0.071,0.248,0.204,0.071,0.062,0.088
4118,2329.00,2395.35,710,2.019,1654.2,self-play,1.58e-04,0.128,0.071,0.083,0.192,0.102,0.094,0.132,0.199
4119,1195.50,2389.51,373,2.041,1655.5,self-play,1.58e-04,0.093,0.136,0.063,0.156,0.104,0.143,0.147,0.158
4120,3810.50,2411.35,1208,1.979,1656.0,self-play,1.58e-04,0.117,0.100,0.050,0.150,0.183,0.061,0.117,0.222
4121,2111.50,2402.73,604,1.958,1656.5,self-play,1.58e-04,0.082,0.104,0.082,0.137,0.224,0.033,0.148,0.191
4122,2170.50,2400.74,587,2.038,1658.4,self-play,1.58e-04,0.117,0.137,0.059,0.159,0.116,0.148,0.105,0.160
4123,2834.00,2413.67,871,1.938,1658.9,self-play,1.58e-04,0.069,0.149,0.115,0.109,0.264,0.034,0.126,0.132
4124,1115.00,2406.41,265,2.000,1659.8,self-play,1.58e-04,0.141,0.176,0.038,0.144,0.150,0.112,0.112,0.126
4125,1987.00,2410.07,483,1.977,1660.8,self-play,1.58e-04,0.099,0.235,0.032,0.091,0.219,0.086,0.104,0.134
4126,2333.50,2385.89,208,1.673,1661.2,self-play,1.58e-04,0.157,0.307,0.000,0.131,0.248,0.020,0.046,0.092
4127,869.50,2384.90,299,1.993,1662.1,self-play,1.58e-04,0.125,0.188,0.063,0.144,0.172,0.063,0.129,0.116
4128,2410.00,2389.48,424,1.958,1663.2,self-play,1.58e-04,0.173,0.201,0.053,0.109,0.178,0.051,0.104,0.132
4129,2042.50,2392.28,614,2.022,1664.8,self-play,1.58e-04,0.137,0.182,0.076,0.119,0.125,0.081,0.104,0.177
4130,3584.50,2404.18,958,1.931,1665.5,self-play,1.58e-04,0.317,0.126,0.094,0.068,0.115,0.061,0.076,0.144
4131,3670.00,2427.95,1082,2.016,1667.5,self-play,1.58e-04,0.164,0.112,0.087,0.104,0.147,0.104,0.106,0.175
4132,2465.00,2426.00,900,1.687,1667.8,self-play,1.58e-04,0.421,0.074,0.042,0.063,0.168,0.021,0.137,0.074
4133,1246.50,2420.32,407,2.027,1668.8,self-play,1.58e-04,0.175,0.115,0.085,0.087,0.112,0.110,0.152,0.165
4134,1424.00,2427.86,440,2.049,1670.2,self-play,1.58e-04,0.152,0.092,0.143,0.122,0.114,0.150,0.148,0.079
4135,3556.50,2447.11,1078,1.942,1670.8,self-play,1.58e-04,0.187,0.122,0.043,0.109,0.122,0.078,0.130,0.209
4136,4790.00,2479.84,1752,1.848,1671.6,self-play,1.58e-04,0.235,0.161,0.084,0.077,0.018,0.095,0.193,0.137
4137,1409.00,2465.58,495,1.817,1672.3,self-play,1.58e-04,0.295,0.176,0.082,0.098,0.000,0.053,0.164,0.131
4138,1770.50,2450.81,702,0.572,1672.4,self-play,1.58e-04,0.825,0.025,0.000,0.000,0.000,0.000,0.125,0.025
4139,1386.50,2426.55,474,1.883,1673.3,self-play,1.58e-04,0.232,0.143,0.102,0.131,0.010,0.048,0.204,0.131
4140,1263.50,2404.02,402,1.718,1673.8,self-play,1.58e-04,0.435,0.167,0.095,0.065,0.012,0.042,0.119,0.065
4141,2266.50,2387.53,656,1.765,1674.3,self-play,1.58e-04,0.320,0.140,0.130,0.095,0.010,0.030,0.180,0.095
4142,1007.00,2370.20,296,0.850,1674.5,self-play,1.58e-04,0.841,0.000,0.068,0.023,0.000,0.023,0.045,0.000
4143,762.50,2347.24,236,1.894,1675.0,self-play,1.58e-04,0.204,0.156,0.180,0.095,0.014,0.071,0.185,0.095
4144,1533.00,2342.74,574,1.337,1675.2,self-play,1.58e-04,0.600,0.075,0.150,0.000,0.000,0.025,0.150,0.000
4145,1077.50,2332.25,408,1.654,1675.4,self-play,1.58e-04,0.377,0.098,0.115,0.033,0.016,0.049,0.279,0.033
4146,3271.00,2349.16,1117,1.883,1675.9,self-play,1.58e-04,0.230,0.214,0.153,0.087,0.005,0.056,0.179,0.077
4147,1559.00,2348.57,513,1.996,1677.5,self-play,1.58e-04,0.105,0.185,0.137,0.164,0.030,0.126,0.151,0.102
4148,607.00,2325.91,199,1.947,1678.0,self-play,1.58e-04,0.179,0.156,0.123,0.112,0.000,0.089,0.207,0.134
4149,3322.00,2333.90,1180,1.829,1678.6,self-play,1.58e-04,0.290,0.103,0.103,0.182,0.009,0.037,0.154,0.121
4150,945.50,2323.22,229,1.951,1679.5,self-play,1.58e-04,0.165,0.117,0.190,0.162,0.006,0.126,0.106,0.128
4151,1823.50,2311.54,537,1.831,1680.0,self-play,1.58e-04,0.348,0.054,0.158,0.147,0.000,0.065,0.109,0.120
4152,1564.00,2310.72,458,1.949,1680.9,self-play,1.58e-04,0.153,0.093,0.187,0.187,0.019,0.072,0.150,0.140
4153,2096.00,2312.84,571,1.927,1681.5,self-play,1.58e-04,0.156,0.096,0.156,0.196,0.016,0.056,0.176,0.148
4154,3583.00,2320.41,944,1.808,1681.9,self-play,1.58e-04,0.144,0.076,0.250,0.250,0.000,0.030,0.121,0.129
4155,1965.50,2324.12,525,1.928,1683.0,self-play,1.58e-04,0.156,0.132,0.195,0.151,0.016,0.057,0.119,0.174
4156,1298.00,2317.62,264,1.883,1683.5,self-play,1.58e-04,0.119,0.195,0.141,0.189,0.000,0.043,0.124,0.189
4157,2785.50,2324.36,762,1.800,1683.8,self-play,1.58e-04,0.097,0.126,0.107,0.330,0.000,0.019,0.146,0.175
4158,3847.50,2345.61,1044,1.913,1684.5,self-play,1.58e-04,0.091,0.206,0.145,0.193,0.020,0.064,0.115,0.166
4159,2368.00,2328.10,661,1.913,1685.1,self-play,1.58e-04,0.066,0.199,0.128,0.181,0.009,0.058,0.142,0.217
4160,1221.00,2307.51,309,1.848,1685.5,self-play,1.58e-04,0.082,0.201,0.104,0.149,0.000,0.037,0.172,0.254
4161,1550.00,2300.60,487,1.888,1686.2,self-play,1.58e-04,0.088,0.183,0.112,0.143,0.008,0.068,0.147,0.251
4162,3052.00,2301.74,781,1.678,1686.7,self-play,1.58e-04,0.076,0.199,0.041,0.099,0.006,0.064,0.117,0.398
4163,4355.50,2320.51,1355,1.753,1687.0,self-play,1.58e-04,0.254,0.148,0.025,0.098,0.000,0.082,0.066,0.328
4164,3905.50,2343.21,1273,1.760,1687.3,self-play,1.58e-04,0.222,0.137,0.034,0.068,0.000,0.094,0.128,0.316
4165,2645.00,2337.89,859,1.930,1687.9,self-play,1.58e-04,0.150,0.133,0.064,0.120,0.004,0.129,0.129,0.270
4166,1391.00,2339.16,366,1.900,1688.5,self-play,1.58e-04,0.179,0.208,0.071,0.107,0.006,0.065,0.167,0.196
4167,1441.50,2329.39,458,1.910,1689.0,self-play,1.58e-04,0.162,0.228,0.102,0.137,0.010,0.071,0.127,0.162
4168,2678.00,2351.66,716,1.803,1689.3,self-play,1.58e-04,0.239,0.186,0.053,0.088,0.000,0.177,0.168,0.088
4169,2543.50,2348.38,549,1.796,1689.6,self-play,1.58e-04,0.271,0.178,0.028,0.168,0.000,0.131,0.093,0.131
4170,2501.00,2340.89,726,1.959,1690.3,self-play,1.58e-04,0.117,0.175,0.054,0.138,0.033,0.092,0.188,0.204
4171,2040.50,2335.06,612,1.987,1691.4,self-play,1.58e-04,0.121,0.167,0.098,0.148,0.031,0.136,0.117,0.183
4172,1600.00,2313.11,501,1.967,1692.2,self-play,1.58e-04,0.144,0.203,0.147,0.114,0.016,0.108,0.127,0.141
4173,2681.00,2316.26,731,1.978,1693.0,self-play,1.58e-04,0.134,0.141,0.137,0.118,0.022,0.192,0.073,0.182
4174,4057.00,2340.95,1066,1.563,1693.2,self-play,1.58e-04,0.346,0.218,0.038,0.115,0.013,0.192,0.026,0.051
4175,3679.50,2355.80,993,1.788,1693.7,self-play,1.58e-04,0.255,0.229,0.026,0.111,0.013,0.144,0.052,0.170
4176,2092.50,2360.91,615,1.985,1695.1,self-play,1.58e-04,0.094,0.168,0.102,0.130,0.060,0.176,0.098,0.174
4177,4334.00,2393.41,860,1.753,1695.4,self-play,1.58e-04,0.157,0.148,0.139,0.061,0.000,0.278,0.148,0.070
4178,1850.50,2383.95,529,1.501,1695.6,self-play,1.58e-04,0.279,0.093,0.047,0.047,0.000,0.395,0.140,0.000
4179,3225.50,2407.28,1054,1.777,1695.8,self-play,1.58e-04,0.366,0.204,0.108,0.054,0.000,0.118,0.129,0.022
4180,2751.50,2412.80,993,1.441,1696.1,self-play,1.58e-04,0.473,0.073,0.055,0.073,0.000,0.218,0.091,0.018
4181,2353.00,2412.57,753,1.931,1696.7,self-play,1.58e-04,0.193,0.127,0.160,0.066,0.009,0.113,0.165,0.165
4182,2291.50,2397.67,795,1.881,1696.9,self-play,1.58e-04,0.212,0.173,0.106,0.106,0.019,0.106,0.192,0.087
4183,2223.50,2402.43,773,1.740,1697.2,self-play,1.58e-04,0.288,0.041,0.151,0.068,0.000,0.082,0.247,0.123
4184,1953.50,2417.11,480,1.958,1697.6,self-play,1.58e-04,0.157,0.099,0.110,0.134,0.006,0.041,0.192,0.262
4185,2473.00,2402.29,824,1.948,1698.0,self-play,1.58e-04,0.127,0.113,0.120,0.197,0.007,0.120,0.141,0.176
4186,3881.50,2417.41,1326,1.717,1698.3,self-play,1.58e-04,0.221,0.052,0.000,0.208,0.000,0.234,0.208,0.078
4187,1805.00,2419.78,455,1.984,1699.3,self-play,1.58e-04,0.074,0.154,0.096,0.162,0.056,0.157,0.085,0.215
4188,1459.00,2389.82,378,1.959,1699.9,self-play,1.58e-04,0.202,0.118,0.211,0.158,0.026,0.044,0.096,0.145
4189,1840.50,2392.65,686,1.464,1700.1,self-play,1.58e-04,0.435,0.000,0.058,0.275,0.000,0.014,0.217,0.000
4190,1719.00,2395.72,549,1.970,1701.3,self-play,1.58e-04,0.126,0.129,0.158,0.151,0.016,0.090,0.131,0.199
4191,3041.50,2405.42,1087,1.885,1701.6,self-play,1.58e-04,0.245,0.160,0.066,0.113,0.019,0.047,0.189,0.160
4192,1635.00,2375.98,430,1.991,1702.9,self-play,1.58e-04,0.096,0.144,0.126,0.124,0.039,0.157,0.128,0.185
4193,2420.50,2363.14,885,1.864,1703.3,self-play,1.58e-04,0.106,0.135,0.071,0.262,0.014,0.064,0.213,0.135
4194,1331.00,2340.24,381,1.955,1704.0,self-play,1.58e-04,0.129,0.192,0.055,0.162,0.022,0.081,0.177,0.181
4195,2284.50,2343.74,798,1.459,1704.3,self-play,1.58e-04,0.299,0.069,0.057,0.264,0.000,0.011,0.276,0.023
4196,1261.00,2348.98,292,2.002,1705.5,self-play,1.58e-04,0.132,0.119,0.103,0.123,0.042,0.119,0.171,0.191
4197,2074.50,2354.93,554,1.994,1706.1,self-play,1.58e-04,0.179,0.205,0.094,0.137,0.056,0.077,0.120,0.132
4198,2244.50,2310.09,724,2.007,1707.4,self-play,1.58e-04,0.098,0.122,0.136,0.138,0.061,0.155,0.145,0.145
4199,794.00,2278.57,278,2.001,1708.0,self-play,1.58e-04,0.148,0.129,0.086,0.196,0.033,0.120,0.172,0.115
4200,2128.00,2267.84,391,1.915,1708.4,self-play,1.53e-04,0.171,0.126,0.091,0.246,0.017,0.069,0.126,0.154
4201,1568.50,2268.19,311,1.993,1709.2,self-play,1.53e-04,0.165,0.157,0.103,0.180,0.023,0.126,0.088,0.157
4202,2490.50,2277.03,797,1.978,1710.0,self-play,1.53e-04,0.169,0.135,0.082,0.150,0.041,0.124,0.127,0.172
4203,2810.00,2269.25,772,2.020,1711.9,self-play,1.53e-04,0.123,0.125,0.075,0.089,0.095,0.188,0.101,0.204
4204,2750.00,2279.51,813,1.990,1713.1,self-play,1.53e-04,0.149,0.106,0.064,0.080,0.078,0.151,0.140,0.232
4205,2836.50,2287.66,647,1.986,1713.7,self-play,1.53e-04,0.181,0.102,0.056,0.111,0.056,0.139,0.139,0.218
4206,3509.50,2307.97,1212,1.793,1714.0,self-play,1.53e-04,0.339,0.119,0.034,0.136,0.059,0.068,0.136,0.110
4207,1725.50,2295.20,512,2.028,1715.2,self-play,1.53e-04,0.161,0.109,0.085,0.107,0.069,0.170,0.096,0.203
4208,1118.50,2295.20,355,2.038,1716.1,self-play,1.53e-04,0.139,0.113,0.110,0.107,0.083,0.158,0.121,0.169
4209,1712.00,2297.34,309,1.525,1716.4,self-play,1.53e-04,0.491,0.105,0.096,0.061,0.070,0.061,0.053,0.061
4210,3041.50,2296.25,907,2.014,1719.0,self-play,1.53e-04,0.123,0.097,0.168,0.116,0.122,0.175,0.078,0.123
4211,3684.50,2309.11,1217,1.651,1719.5,self-play,1.53e-04,0.376,0.108,0.108,0.124,0.081,0.059,0.070,0.075
4212,3347.00,2317.12,738,1.509,1720.1,self-play,1.53e-04,0.471,0.042,0.129,0.117,0.087,0.046,0.054,0.054
4213,0.00,2291.59,0,0.004,1720.3,self-play,1.53e-04,1.000,0.000,0.000,0.000,0.000,0.000,0.000,0.000
4214,2620.00,2293.24,798,1.745,1721.8,self-play,1.53e-04,0.393,0.027,0.112,0.139,0.060,0.119,0.081,0.069
4215,0.00,2239.23,0,0.101,1722.0,self-play,1.53e-04,1.000,0.000,0.000,0.000,0.000,0.000,0.000,0.000
4216,3586.50,2261.24,1294,1.648,1722.8,self-play,1.53e-04,0.489,0.018,0.133,0.076,0.025,0.076,0.101,0.083
4217,723.50,2237.91,207,1.778,1723.6,self-play,1.53e-04,0.368,0.024,0.132,0.081,0.039,0.201,0.084,0.072
4218,3819.00,2252.80,1153,1.203,1723.9,self-play,1.53e-04,0.579,0.009,0.061,0.088,0.061,0.079,0.088,0.035
4219,2224.00,2263.09,629,1.973,1726.2,self-play,1.53e-04,0.206,0.023,0.127,0.127,0.081,0.179,0.136,0.120
4220,1344.00,2238.43,325,1.886,1727.0,self-play,1.53e-04,0.274,0.041,0.106,0.154,0.137,0.123,0.082,0.082
4221,2501.00,2242.32,218,1.289,1727.5,self-play,1.53e-04,0.051,0.000,0.086,0.051,0.320,0.440,0.017,0.034
4222,1731.00,2237.93,282,1.799,1728.0,self-play,1.53e-04,0.071,0.027,0.170,0.060,0.220,0.302,0.044,0.104
4223,1945.50,2229.04,375,0.800,1728.2,self-play,1.53e-04,0.000,0.000,0.044,0.044,0.132,0.750,0.015,0.015
4224,2279.00,2240.68,681,1.878,1729.3,self-play,1.53e-04,0.053,0.031,0.181,0.107,0.131,0.317,0.076,0.103
4225,1564.50,2236.45,456,1.906,1729.9,self-play,1.53e-04,0.057,0.028,0.166,0.104,0.114,0.289,0.118,0.123
4226,2615.50,2239.28,665,2.009,1733.2,self-play,1.53e-04,0.080,0.052,0.177,0.098,0.120,0.195,0.103,0.176
4227,4085.00,2271.43,1099,1.712,1733.5,self-play,1.53e-04,0.065,0.047,0.075,0.047,0.168,0.393,0.168,0.037
4228,940.50,2256.74,330,1.983,1734.2,self-play,1.53e-04,0.108,0.076,0.139,0.131,0.100,0.096,0.219,0.131
4229,675.00,2243.06,236,1.959,1735.0,self-play,1.53e-04,0.104,0.064,0.140,0.124,0.124,0.050,0.274,0.120
4230,2883.50,2236.05,927,1.905,1735.5,self-play,1.53e-04,0.122,0.066,0.082,0.173,0.235,0.056,0.179,0.087
4231,1070.00,2210.05,277,2.000,1736.3,self-play,1.53e-04,0.104,0.064,0.117,0.178,0.168,0.074,0.181,0.114
4232,2078.50,2206.18,647,2.012,1736.9,self-play,1.53e-04,0.134,0.085,0.156,0.156,0.134,0.080,0.152,0.103
4233,1307.00,2206.79,213,2.029,1737.5,self-play,1.53e-04,0.214,0.057,0.182,0.151,0.156,0.073,0.115,0.052
4234,1789.50,2210.45,577,2.029,1738.0,self-play,1.53e-04,0.186,0.088,0.186,0.113,0.113,0.064,0.176,0.074
4235,3930.00,2214.18,1279,1.602,1738.3,self-play,1.53e-04,0.202,0.071,0.131,0.051,0.141,0.354,0.040,0.010
4236,1106.00,2177.34,408,2.007,1739.0,self-play,1.53e-04,0.135,0.078,0.193,0.119,0.094,0.148,0.168,0.066
4237,4966.50,2212.91,1793,1.913,1739.3,self-play,1.53e-04,0.214,0.076,0.069,0.130,0.198,0.160,0.092,0.061
4238,2622.50,2221.43,887,2.006,1739.9,self-play,1.53e-04,0.178,0.102,0.096,0.096,0.142,0.142,0.157,0.086
4239,1945.50,2227.03,547,2.034,1740.8,self-play,1.53e-04,0.203,0.109,0.101,0.139,0.136,0.096,0.093,0.123
4240,2029.00,2234.68,637,2.041,1742.3,self-play,1.53e-04,0.197,0.094,0.126,0.131,0.124,0.113,0.083,0.131
4241,2632.50,2238.34,602,1.924,1742.9,self-play,1.53e-04,0.155,0.171,0.114,0.083,0.181,0.140,0.041,0.114
4242,1894.50,2247.22,352,1.969,1743.6,self-play,1.53e-04,0.190,0.111,0.097,0.121,0.159,0.135,0.087,0.100
4243,3757.50,2277.16,1052,1.823,1744.1,self-play,1.53e-04,0.257,0.132,0.059,0.059,0.191,0.158,0.053,0.092
4244,2132.50,2283.16,559,1.992,1745.0,self-play,1.53e-04,0.187,0.100,0.089,0.108,0.209,0.098,0.100,0.108
4245,1193.00,2284.32,287,1.908,1745.6,self-play,1.53e-04,0.261,0.109,0.043,0.078,0.239,0.148,0.061,0.061
4246,1591.50,2267.52,395,2.002,1746.8,self-play,1.53e-04,0.200,0.082,0.115,0.115,0.200,0.106,0.066,0.117
4247,3229.00,2284.22,777,1.885,1747.6,self-play,1.53e-04,0.248,0.091,0.088,0.097,0.150,0.139,0.080,0.106
4248,2232.50,2300.47,659,1.879,1748.6,self-play,1.53e-04,0.289,0.109,0.057,0.117,0.160,0.126,0.046,0.095
4249,3979.00,2307.05,846,1.432,1748.9,self-play,1.53e-04,0.384,0.045,0.000,0.062,0.188,0.277,0.018,0.027
4250,2340.00,2320.99,550,1.853,1749.5,self-play,1.53e-04,0.265,0.130,0.039,0.061,0.235,0.143,0.048,0.078
4251,2827.00,2331.03,675,1.927,1750.2,self-play,1.53e-04,0.273,0.121,0.061,0.121,0.238,0.074,0.035,0.078
4252,3540.00,2350.78,912,1.931,1751.2,self-play,1.53e-04,0.174,0.177,0.054,0.083,0.211,0.146,0.057,0.097
4253,3117.50,2361.00,433,1.235,1751.4,self-play,1.53e-04,0.181,0.265,0.000,0.036,0.048,0.470,0.000,0.000
4254,3074.50,2355.91,685,1.806,1752.2,self-play,1.53e-04,0.199,0.237,0.052,0.080,0.118,0.192,0.052,0.070
4255,2302.00,2359.28,685,1.980,1753.0,self-play,1.53e-04,0.227,0.130,0.130,0.100,0.121,0.100,0.070,0.121
4256,3469.50,2380.99,630,1.826,1753.6,self-play,1.53e-04,0.179,0.266,0.145,0.040,0.121,0.156,0.029,0.064
4257,1958.50,2372.72,160,1.967,1754.1,self-play,1.53e-04,0.246,0.203,0.097,0.063,0.135,0.101,0.048,0.106
4258,2474.00,2358.99,512,1.843,1754.5,self-play,1.53e-04,0.252,0.197,0.126,0.071,0.118,0.102,0.055,0.079
4259,2245.00,2357.76,513,2.004,1755.0,self-play,1.53e-04,0.156,0.166,0.112,0.088,0.132,0.098,0.093,0.156
4260,2655.00,2372.10,562,1.995,1755.4,self-play,1.53e-04,0.192,0.146,0.200,0.092,0.085,0.092,0.077,0.115
4261,2441.00,2381.01,511,2.017,1755.9,self-play,1.53e-04,0.108,0.158,0.222,0.089,0.158,0.095,0.051,0.120
4262,3668.50,2387.18,1262,2.035,1756.5,self-play,1.53e-04,0.103,0.151,0.112,0.091,0.164,0.103,0.095,0.181
4263,3237.00,2375.99,735,2.023,1758.1,self-play,1.53e-04,0.117,0.092,0.124,0.145,0.140,0.042,0.093,0.248
4264,2883.00,2365.76,654,2.005,1758.4,self-play,1.53e-04,0.205,0.103,0.103,0.154,0.128,0.103,0.085,0.120
4265,4014.00,2379.45,949,1.999,1758.8,self-play,1.53e-04,0.200,0.108,0.142,0.083,0.183,0.075,0.050,0.158
4266,1933.00,2384.88,443,2.024,1759.5,self-play,1.53e-04,0.119,0.100,0.119,0.115,0.223,0.082,0.104,0.138
4267,1987.50,2390.34,452,2.034,1760.4,self-play,1.53e-04,0.114,0.087,0.114,0.174,0.183,0.081,0.123,0.123
4268,2559.50,2389.15,737,2.037,1761.9,self-play,1.53e-04,0.113,0.099,0.117,0.179,0.146,0.087,0.108,0.150
4269,719.00,2370.91,245,2.039,1763.0,self-play,1.53e-04,0.105,0.103,0.128,0.163,0.118,0.133,0.143,0.108
4270,1526.50,2361.16,477,2.045,1763.7,self-play,1.53e-04,0.089,0.081,0.154,0.139,0.178,0.085,0.131,0.143
4271,1899.50,2359.75,505,2.039,1764.7,self-play,1.53e-04,0.102,0.099,0.107,0.172,0.157,0.073,0.133,0.157
4272,2315.00,2366.90,461,1.961,1765.0,self-play,1.53e-04,0.085,0.102,0.153,0.136,0.297,0.076,0.068,0.085
4273,2086.50,2360.95,569,2.038,1766.1,self-play,1.53e-04,0.117,0.096,0.114,0.172,0.177,0.082,0.110,0.133
4274,1717.50,2337.56,265,2.027,1766.7,self-play,1.53e-04,0.097,0.150,0.068,0.141,0.233,0.150,0.063,0.097
4275,3238.00,2333.14,287,1.990,1767.1,self-play,1.53e-04,0.133,0.127,0.093,0.140,0.140,0.240,0.033,0.093
4276,2640.00,2338.62,565,2.021,1767.7,self-play,1.53e-04,0.186,0.124,0.110,0.114,0.114,0.157,0.067,0.129
4277,3261.50,2327.89,922,1.974,1768.1,self-play,1.53e-04,0.168,0.141,0.087,0.168,0.054,0.201,0.040,0.141
4278,3725.00,2346.64,973,1.947,1768.5,self-play,1.53e-04,0.234,0.161,0.088,0.153,0.066,0.168,0.058,0.073
4279,2169.50,2336.08,663,2.037,1769.3,self-play,1.53e-04,0.126,0.120,0.110,0.091,0.129,0.191,0.104,0.129
4280,1707.00,2325.64,319,2.049,1770.5,self-play,1.53e-04,0.149,0.114,0.132,0.116,0.121,0.136,0.110,0.121
4281,4192.00,2344.03,1429,1.979,1771.1,self-play,1.53e-04,0.230,0.108,0.089,0.066,0.127,0.160,0.131,0.089
4282,1363.50,2334.74,458,1.967,1771.6,self-play,1.53e-04,0.238,0.081,0.116,0.093,0.099,0.116,0.163,0.093
4283,947.00,2321.98,356,2.038,1772.4,self-play,1.53e-04,0.182,0.098,0.124,0.085,0.078,0.101,0.192,0.140
4284,1428.50,2316.73,470,2.020,1773.4,self-play,1.53e-04,0.123,0.084,0.099,0.120,0.170,0.141,0.152,0.110
4285,2955.00,2321.55,869,2.022,1775.6,self-play,1.53e-04,0.129,0.063,0.171,0.102,0.151,0.117,0.123,0.142
4286,2964.50,2312.38,943,1.996,1777.2,self-play,1.53e-04,0.131,0.070,0.132,0.116,0.233,0.121,0.124,0.073
4287,1917.00,2313.50,591,1.950,1778.0,self-play,1.53e-04,0.200,0.090,0.100,0.083,0.187,0.200,0.097,0.043
4288,2534.50,2324.26,754,1.857,1778.6,self-play,1.53e-04,0.255,0.065,0.057,0.117,0.283,0.113,0.077,0.032
4289,2981.50,2335.66,722,1.898,1779.2,self-play,1.53e-04,0.207,0.099,0.062,0.103,0.211,0.169,0.091,0.058
4290,1293.50,2331.41,315,2.047,1780.0,self-play,1.53e-04,0.134,0.110,0.089,0.103,0.182,0.140,0.116,0.127
4291,1607.50,2317.07,491,2.038,1780.9,self-play,1.53e-04,0.179,0.159,0.071,0.098,0.159,0.088,0.111,0.135
4292,1939.00,2320.11,392,2.019,1781.5,self-play,1.53e-04,0.177,0.215,0.101,0.122,0.127,0.101,0.055,0.101
4293,3525.00,2331.16,1103,2.045,1784.1,self-play,1.53e-04,0.134,0.203,0.099,0.110,0.126,0.086,0.099,0.143
4294,2673.00,2344.57,767,1.979,1784.4,self-play,1.53e-04,0.158,0.133,0.125,0.183,0.083,0.108,0.075,0.133
4295,2460.50,2346.34,645,2.039,1785.6,self-play,1.53e-04,0.164,0.114,0.078,0.149,0.116,0.126,0.116,0.136
4296,3197.00,2365.70,853,2.016,1786.2,self-play,1.53e-04,0.180,0.090,0.105,0.090,0.180,0.105,0.055,0.195
4297,3373.50,2378.68,653,1.949,1786.8,self-play,1.53e-04,0.279,0.114,0.122,0.074,0.166,0.070,0.052,0.122
4298,7599.50,2432.24,2362,1.774,1787.1,self-play,1.53e-04,0.422,0.070,0.117,0.109,0.094,0.055,0.055,0.078
4299,2890.50,2453.20,815,1.934,1787.7,self-play,1.53e-04,0.218,0.112,0.146,0.063,0.155,0.102,0.068,0.136
4300,2919.00,2461.11,339,1.737,1787.9,self-play,1.49e-04,0.240,0.062,0.302,0.062,0.167,0.042,0.021,0.104
4301,3391.50,2479.34,749,2.018,1789.2,self-play,1.49e-04,0.196,0.104,0.143,0.102,0.146,0.093,0.067,0.148
4302,3357.00,2488.01,653,1.935,1789.7,self-play,1.49e-04,0.123,0.056,0.221,0.072,0.149,0.082,0.036,0.262
4303,2639.00,2486.30,555,1.970,1790.2,self-play,1.49e-04,0.169,0.045,0.143,0.071,0.162,0.117,0.039,0.253
4304,2851.00,2487.30,718,1.995,1790.6,self-play,1.49e-04,0.196,0.092,0.098,0.065,0.196,0.065,0.085,0.203
4305,2189.00,2480.83,619,2.034,1791.3,self-play,1.49e-04,0.190,0.123,0.067,0.052,0.159,0.135,0.103,0.171
4306,1629.50,2462.03,480,2.043,1792.7,self-play,1.49e-04,0.156,0.174,0.083,0.084,0.139,0.116,0.108,0.139
4307,2788.00,2472.66,817,1.952,1792.9,self-play,1.49e-04,0.316,0.079,0.053,0.039,0.092,0.092,0.197,0.132
4308,3697.50,2498.45,1169,2.047,1793.9,self-play,1.49e-04,0.190,0.095,0.104,0.087,0.120,0.157,0.109,0.137
4309,1896.00,2500.28,341,2.038,1794.4,self-play,1.49e-04,0.146,0.176,0.141,0.088,0.112,0.151,0.068,0.117
4310,1864.00,2488.51,586,2.043,1795.3,self-play,1.49e-04,0.123,0.131,0.106,0.071,0.120,0.231,0.089,0.129
4311,3009.00,2481.76,670,1.972,1795.8,self-play,1.49e-04,0.177,0.048,0.116,0.184,0.122,0.184,0.054,0.116
4312,2507.50,2473.36,702,2.056,1796.6,self-play,1.49e-04,0.127,0.127,0.111,0.114,0.142,0.151,0.099,0.130
4313,2121.50,2494.57,487,2.039,1797.3,self-play,1.49e-04,0.095,0.080,0.133,0.152,0.160,0.148,0.087,0.144
4314,927.50,2477.65,224,2.064,1798.0,self-play,1.49e-04,0.113,0.109,0.149,0.121,0.137,0.153,0.081,0.137
4315,1997.50,2497.62,588,2.066,1798.6,self-play,1.49e-04,0.126,0.144,0.108,0.122,0.126,0.099,0.117,0.158
4316,2487.50,2486.64,691,2.059,1799.3,self-play,1.49e-04,0.179,0.128,0.109,0.097,0.125,0.113,0.121,0.128
4317,2517.50,2504.57,844,2.042,1800.1,self-play,1.49e-04,0.159,0.113,0.120,0.106,0.134,0.088,0.159,0.120
4318,1790.50,2484.29,551,2.039,1801.0,self-play,1.49e-04,0.178,0.100,0.095,0.106,0.106,0.120,0.132,0.163
4319,2316.00,2485.21,615,2.035,1801.7,self-play,1.49e-04,0.121,0.178,0.098,0.080,0.087,0.182,0.072,0.182
4320,3166.50,2503.43,667,1.910,1802.1,self-play,1.49e-04,0.140,0.163,0.109,0.062,0.101,0.171,0.070,0.186
4321,1875.50,2497.18,357,2.005,1802.9,self-play,1.49e-04,0.092,0.145,0.181,0.106,0.103,0.131,0.096,0.145
4322,3072.50,2510.59,700,2.016,1803.5,self-play,1.49e-04,0.141,0.060,0.185,0.153,0.133,0.121,0.048,0.157
4323,2414.50,2515.28,684,2.009,1804.2,self-play,1.49e-04,0.077,0.097,0.198,0.113,0.109,0.134,0.089,0.182
4324,2392.50,2516.42,413,2.002,1805.0,self-play,1.49e-04,0.113,0.092,0.117,0.131,0.163,0.095,0.071,0.219
4325,1347.50,2514.25,254,2.014,1805.6,self-play,1.49e-04,0.100,0.074,0.187,0.096,0.130,0.143,0.087,0.183
4326,2820.50,2516.30,557,1.957,1805.9,self-play,1.49e-04,0.107,0.025,0.107,0.124,0.223,0.107,0.058,0.248
4327,1954.00,2494.99,548,2.047,1807.4,self-play,1.49e-04,0.126,0.103,0.137,0.137,0.109,0.144,0.086,0.159
4328,1841.50,2504.00,362,2.046,1808.6,self-play,1.49e-04,0.138,0.069,0.148,0.148,0.193,0.081,0.079,0.143
4329,1554.00,2512.79,402,2.059,1809.5,self-play,1.49e-04,0.132,0.086,0.166,0.135,0.126,0.103,0.123,0.129
4330,1241.50,2496.37,330,2.054,1810.5,self-play,1.49e-04,0.141,0.114,0.122,0.114,0.143,0.103,0.124,0.141
4331,2498.50,2510.66,468,2.007,1811.0,self-play,1.49e-04,0.101,0.072,0.111,0.130,0.242,0.092,0.077,0.174
4332,2296.50,2512.84,504,1.957,1811.4,self-play,1.49e-04,0.079,0.129,0.064,0.129,0.293,0.071,0.086,0.150
4333,3081.50,2530.58,862,1.972,1811.8,self-play,1.49e-04,0.149,0.121,0.043,0.163,0.227,0.092,0.078,0.128
4334,1055.00,2523.24,325,2.057,1812.8,self-play,1.49e-04,0.121,0.126,0.111,0.121,0.137,0.147,0.082,0.155
4335,3250.50,2516.44,1004,1.986,1813.3,self-play,1.49e-04,0.083,0.139,0.072,0.178,0.194,0.111,0.094,0.128
4336,1818.00,2523.56,549,2.051,1814.1,self-play,1.49e-04,0.139,0.115,0.068,0.162,0.142,0.128,0.098,0.149
4337,1857.00,2492.47,398,2.022,1814.8,self-play,1.49e-04,0.096,0.156,0.072,0.096,0.148,0.140,0.096,0.196
4338,3057.00,2496.81,752,2.004,1815.6,self-play,1.49e-04,0.158,0.131,0.052,0.093,0.158,0.141,0.082,0.186
4339,3209.00,2509.45,871,1.960,1816.2,self-play,1.49e-04,0.115,0.130,0.065,0.065,0.180,0.125,0.090,0.230
4340,2838.50,2517.54,407,1.921,1816.4,self-play,1.49e-04,0.176,0.082,0.000,0.141,0.235,0.129,0.094,0.141
4341,5300.00,2544.22,1807,2.027,1817.5,self-play,1.49e-04,0.224,0.130,0.054,0.099,0.151,0.120,0.077,0.145
4342,2136.00,2546.63,561,1.933,1817.7,self-play,1.49e-04,0.343,0.098,0.039,0.059,0.137,0.069,0.127,0.127
4343,2340.00,2532.45,507,2.016,1818.5,self-play,1.49e-04,0.205,0.099,0.062,0.092,0.161,0.117,0.117,0.147
4344,3458.00,2545.71,1072,1.898,1818.9,self-play,1.49e-04,0.232,0.048,0.072,0.232,0.040,0.128,0.144,0.104
4345,1620.00,2549.98,349,2.016,1819.7,self-play,1.49e-04,0.220,0.085,0.119,0.195,0.079,0.131,0.070,0.101
4346,1884.00,2552.91,533,2.021,1820.3,self-play,1.49e-04,0.201,0.070,0.116,0.211,0.106,0.090,0.085,0.121
4347,2424.50,2544.86,517,2.055,1820.8,self-play,1.49e-04,0.105,0.131,0.170,0.190,0.105,0.144,0.092,0.065
4348,2736.00,2549.89,855,1.924,1821.0,self-play,1.49e-04,0.067,0.187,0.080,0.080,0.147,0.160,0.213,0.067
4349,1974.50,2529.85,471,2.052,1821.5,self-play,1.49e-04,0.122,0.145,0.087,0.122,0.180,0.087,0.110,0.145
4350,2494.50,2531.39,589,2.055,1822.6,self-play,1.49e-04,0.159,0.107,0.095,0.105,0.166,0.133,0.105,0.130
4351,3219.00,2535.32,858,2.023,1823.2,self-play,1.49e-04,0.194,0.147,0.101,0.120,0.129,0.152,0.074,0.083
4352,2467.50,2524.59,534,1.991,1823.6,self-play,1.49e-04,0.232,0.070,0.063,0.183,0.169,0.141,0.106,0.035
4353,2747.50,2520.89,730,1.990,1824.0,self-play,1.49e-04,0.257,0.069,0.118,0.160,0.083,0.118,0.118,0.076
4354,1147.00,2501.61,211,2.024,1824.6,self-play,1.49e-04,0.163,0.123,0.099,0.143,0.133,0.232,0.074,0.034
4355,2304.00,2501.64,787,2.013,1825.2,self-play,1.49e-04,0.141,0.150,0.050,0.177,0.155,0.118,0.145,0.064
4356,710.50,2474.05,246,1.987,1825.5,self-play,1.49e-04,0.138,0.128,0.096,0.138,0.149,0.128,0.213,0.011
4357,1080.00,2465.26,392,2.015,1826.0,self-play,1.49e-04,0.214,0.082,0.077,0.168,0.128,0.153,0.133,0.046
4358,1086.00,2451.38,315,2.040,1827.1,self-play,1.49e-04,0.147,0.086,0.112,0.183,0.150,0.164,0.086,0.074
4359,2612.50,2455.05,321,1.906,1828.0,self-play,1.49e-04,0.087,0.093,0.067,0.327,0.224,0.061,0.054,0.087
4360,2351.00,2452.01,508,1.822,1828.4,self-play,1.49e-04,0.140,0.100,0.100,0.360,0.107,0.060,0.073,0.060
4361,2954.50,2457.15,799,1.738,1828.8,self-play,1.49e-04,0.135,0.074,0.027,0.473,0.061,0.054,0.142,0.034
4362,1386.00,2434.32,352,2.051,1829.8,self-play,1.49e-04,0.154,0.115,0.154,0.168,0.063,0.154,0.104,0.088
4363,1768.00,2419.64,485,2.052,1830.9,self-play,1.49e-04,0.127,0.149,0.100,0.149,0.084,0.111,0.140,0.140
4364,2790.50,2418.71,923,1.402,1831.2,self-play,1.49e-04,0.051,0.038,0.141,0.346,0.000,0.064,0.295,0.064
4365,2550.00,2404.07,930,1.744,1831.5,self-play,1.49e-04,0.094,0.052,0.156,0.292,0.083,0.052,0.219,0.052
4366,2270.00,2407.44,737,1.997,1832.1,self-play,1.49e-04,0.142,0.089,0.126,0.223,0.057,0.101,0.130,0.134
4367,2306.00,2410.62,561,1.779,1832.4,self-play,1.49e-04,0.073,0.045,0.173,0.336,0.045,0.055,0.236,0.036
4368,2481.00,2409.84,801,1.735,1832.7,self-play,1.49e-04,0.066,0.033,0.198,0.253,0.022,0.044,0.308,0.077
4369,1837.50,2421.03,629,1.574,1832.8,self-play,1.49e-04,0.062,0.016,0.234,0.125,0.000,0.031,0.500,0.031
4370,2466.50,2430.43,660,2.005,1833.5,self-play,1.49e-04,0.143,0.138,0.121,0.170,0.076,0.103,0.129,0.121
4371,916.00,2420.59,319,1.253,1833.6,self-play,1.49e-04,0.059,0.000,0.206,0.000,0.000,0.059,0.647,0.029
4372,2745.50,2424.89,691,2.032,1836.7,self-play,1.49e-04,0.143,0.110,0.157,0.097,0.109,0.131,0.100,0.154
4373,1811.00,2422.14,353,1.948,1837.3,self-play,1.49e-04,0.078,0.219,0.192,0.078,0.087,0.151,0.123,0.073
4374,2213.00,2427.09,495,1.964,1838.4,self-play,1.49e-04,0.136,0.118,0.182,0.067,0.150,0.145,0.095,0.106
4375,2580.00,2420.51,342,1.880,1839.0,self-play,1.49e-04,0.167,0.066,0.189,0.022,0.232,0.154,0.044,0.127
4376,3766.50,2431.78,1078,1.845,1839.5,self-play,1.49e-04,0.168,0.108,0.216,0.000,0.168,0.174,0.078,0.090
4377,2700.50,2426.17,479,1.862,1840.0,self-play,1.49e-04,0.225,0.071,0.213,0.024,0.172,0.148,0.024,0.124
4378,2002.50,2408.95,488,1.903,1840.8,self-play,1.49e-04,0.154,0.102,0.221,0.011,0.140,0.239,0.060,0.074
4379,2567.50,2412.93,665,1.925,1841.5,self-play,1.49e-04,0.172,0.141,0.176,0.000,0.202,0.084,0.107,0.118
4380,1366.50,2409.52,349,1.945,1842.8,self-play,1.49e-04,0.181,0.116,0.181,0.022,0.130,0.155,0.077,0.136
4381,2063.00,2388.23,474,1.922,1843.4,self-play,1.49e-04,0.197,0.157,0.085,0.018,0.220,0.103,0.108,0.112
4382,1970.00,2394.30,552,1.706,1843.6,self-play,1.49e-04,0.058,0.244,0.070,0.000,0.256,0.000,0.267,0.105
4383,3745.00,2422.28,1296,1.769,1843.9,self-play,1.49e-04,0.168,0.187,0.075,0.009,0.271,0.019,0.234,0.037
4384,2369.00,2431.68,777,1.924,1844.4,self-play,1.49e-04,0.273,0.163,0.072,0.024,0.129,0.067,0.120,0.153
4385,2586.00,2427.99,754,1.911,1845.1,self-play,1.49e-04,0.167,0.154,0.096,0.008,0.250,0.079,0.133,0.113
4386,1834.00,2416.68,460,1.964,1846.0,self-play,1.49e-04,0.248,0.135,0.081,0.029,0.161,0.095,0.124,0.127
4387,2255.50,2420.07,584,1.863,1846.3,self-play,1.49e-04,0.160,0.117,0.170,0.000,0.149,0.064,0.149,0.191
4388,1435.00,2409.07,324,1.959,1847.3,self-play,1.49e-04,0.185,0.091,0.125,0.044,0.129,0.097,0.113,0.216
4389,1081.00,2390.07,240,1.994,1848.4,self-play,1.49e-04,0.158,0.096,0.118,0.030,0.096,0.150,0.135,0.217
4390,3620.00,2413.34,1232,1.964,1848.9,self-play,1.49e-04,0.231,0.126,0.146,0.050,0.055,0.111,0.121,0.161
4391,1650.00,2413.76,512,1.901,1849.3,self-play,1.49e-04,0.237,0.111,0.230,0.067,0.096,0.081,0.067,0.111
4392,2397.50,2418.34,651,2.027,1850.9,self-play,1.49e-04,0.172,0.119,0.141,0.085,0.124,0.093,0.103,0.163
4393,1800.50,2401.10,364,1.925,1851.5,self-play,1.49e-04,0.247,0.104,0.177,0.078,0.165,0.082,0.061,0.087
4394,4105.50,2415.43,1080,1.972,1852.0,self-play,1.49e-04,0.320,0.088,0.160,0.066,0.122,0.072,0.077,0.094
4395,2498.00,2415.80,760,2.042,1852.9,self-play,1.49e-04,0.197,0.111,0.133,0.100,0.133,0.122,0.086,0.119
4396,1486.50,2398.70,310,2.012,1853.7,self-play,1.49e-04,0.226,0.107,0.144,0.089,0.122,0.122,0.067,0.122
4397,3551.00,2400.47,1232,1.928,1854.1,self-play,1.49e-04,0.333,0.085,0.119,0.062,0.124,0.079,0.068,0.130
4398,1934.50,2343.82,371,2.019,1854.9,self-play,1.49e-04,0.268,0.113,0.101,0.121,0.128,0.101,0.058,0.109
4399,2336.00,2338.28,577,2.027,1855.7,self-play,1.49e-04,0.188,0.134,0.134,0.111,0.124,0.102,0.089,0.118
4400,3238.50,2341.47,974,2.004,1856.3,self-play,1.44e-04,0.149,0.114,0.144,0.094,0.084,0.104,0.089,0.223
4401,2280.00,2330.36,764,1.593,1856.5,self-play,1.44e-04,0.538,0.096,0.058,0.000,0.038,0.058,0.115,0.096
4402,2490.50,2321.69,768,2.026,1857.3,self-play,1.44e-04,0.201,0.138,0.135,0.083,0.066,0.114,0.100,0.163
4403,2297.00,2318.27,639,2.005,1857.9,self-play,1.44e-04,0.161,0.048,0.143,0.078,0.200,0.065,0.100,0.204
4404,2366.50,2313.43,574,1.965,1858.4,self-play,1.44e-04,0.227,0.006,0.122,0.088,0.204,0.077,0.116,0.160
4405,3036.50,2321.90,560,1.977,1859.0,self-play,1.44e-04,0.166,0.034,0.156,0.127,0.161,0.161,0.088,0.107
4406,3927.50,2344.88,1200,1.816,1859.2,self-play,1.44e-04,0.074,0.000,0.181,0.117,0.223,0.170,0.170,0.064
4407,3696.00,2353.96,1000,1.770,1859.5,self-play,1.44e-04,0.099,0.022,0.077,0.132,0.231,0.198,0.176,0.066
4408,2717.50,2344.16,930,1.859,1859.7,self-play,1.44e-04,0.029,0.039,0.078,0.118,0.245,0.206,0.186,0.098
4409,2692.50,2352.12,465,1.997,1860.4,self-play,1.44e-04,0.100,0.048,0.156,0.152,0.176,0.184,0.092,0.092
4410,2389.00,2357.38,421,2.027,1861.1,self-play,1.44e-04,0.111,0.079,0.190,0.131,0.099,0.127,0.067,0.194
4411,2011.50,2347.40,584,1.901,1861.3,self-play,1.44e-04,0.078,0.031,0.156,0.109,0.203,0.141,0.188,0.094
4412,2899.50,2351.32,867,2.032,1861.8,self-play,1.44e-04,0.126,0.073,0.157,0.089,0.204,0.079,0.099,0.173
4413,1700.00,2347.11,401,2.048,1862.9,self-play,1.44e-04,0.164,0.109,0.135,0.164,0.114,0.111,0.083,0.121
4414,1556.00,2353.39,464,2.034,1863.5,self-play,1.44e-04,0.176,0.085,0.090,0.201,0.121,0.141,0.065,0.121
4415,684.50,2340.26,170,2.031,1864.0,self-play,1.44e-04,0.100,0.067,0.138,0.195,0.110,0.167,0.119,0.105
4416,1476.00,2330.14,436,1.900,1864.2,self-play,1.44e-04,0.172,0.017,0.138,0.241,0.207,0.052,0.138,0.034
4417,1951.00,2324.48,273,2.034,1865.5,self-play,1.44e-04,0.158,0.049,0.096,0.186,0.128,0.148,0.096,0.137
4418,3376.00,2340.34,939,2.007,1865.7,self-play,1.44e-04,0.138,0.050,0.212,0.062,0.125,0.100,0.163,0.150
4419,1119.50,2328.37,347,2.051,1866.3,self-play,1.44e-04,0.150,0.081,0.190,0.077,0.109,0.166,0.081,0.146
4420,2924.50,2325.95,644,2.059,1866.7,self-play,1.44e-04,0.172,0.090,0.189,0.082,0.115,0.115,0.107,0.131
4421,1732.00,2324.51,533,2.045,1867.9,self-play,1.44e-04,0.111,0.095,0.131,0.160,0.082,0.164,0.120,0.137
4422,2572.50,2319.51,752,1.949,1868.1,self-play,1.44e-04,0.171,0.092,0.066,0.118,0.158,0.158,0.184,0.053
4423,1694.00,2312.31,456,2.037,1868.6,self-play,1.44e-04,0.165,0.062,0.108,0.103,0.108,0.155,0.113,0.186
4424,2279.00,2311.18,851,1.685,1868.8,self-play,1.44e-04,0.362,0.043,0.000,0.064,0.043,0.255,0.191,0.043
4425,2858.00,2326.28,951,2.024,1870.4,self-play,1.44e-04,0.179,0.090,0.089,0.142,0.103,0.116,0.128,0.152
4426,3508.50,2333.16,1068,2.041,1871.1,self-play,1.44e-04,0.176,0.092,0.107,0.165,0.054,0.111,0.107,0.188
4427,2767.00,2341.29,685,1.939,1871.4,self-play,1.44e-04,0.088,0.123,0.079,0.070,0.079,0.263,0.140,0.158
4428,3467.50,2357.55,1018,2.020,1872.4,self-play,1.44e-04,0.103,0.128,0.125,0.084,0.068,0.160,0.120,0.212
4429,2253.00,2364.54,569,1.997,1872.7,self-play,1.44e-04,0.112,0.086,0.224,0.052,0.086,0.147,0.147,0.147
4430,5326.50,2405.39,1321,2.030,1874.5,self-play,1.44e-04,0.115,0.135,0.127,0.118,0.086,0.108,0.098,0.212
4431,3516.50,2415.57,1022,1.966,1874.8,self-play,1.44e-04,0.104,0.208,0.083,0.083,0.135,0.062,0.104,0.219
4432,2216.00,2414.76,481,2.012,1875.4,self-play,1.44e-04,0.093,0.177,0.106,0.084,0.062,0.199,0.097,0.181
4433,1629.50,2400.24,386,2.031,1875.9,self-play,1.44e-04,0.069,0.098,0.104,0.150,0.116,0.121,0.104,0.237
4434,4384.50,2433.54,1213,2.024,1877.5,self-play,1.44e-04,0.115,0.126,0.130,0.143,0.089,0.128,0.102,0.167
4435,2837.50,2429.41,834,2.030,1879.0,self-play,1.44e-04,0.091,0.152,0.115,0.112,0.068,0.208,0.086,0.168
4436,2872.50,2439.95,729,2.048,1880.2,self-play,1.44e-04,0.105,0.134,0.103,0.103,0.123,0.139,0.103,0.191
4437,3494.00,2456.32,1014,2.043,1881.7,self-play,1.44e-04,0.131,0.141,0.126,0.156,0.139,0.083,0.104,0.121
4438,1649.50,2442.25,483,1.859,1881.9,self-play,1.44e-04,0.291,0.101,0.076,0.165,0.152,0.025,0.165,0.025
4439,3325.00,2443.41,1050,1.894,1882.2,self-play,1.44e-04,0.235,0.078,0.139,0.113,0.183,0.026,0.139,0.087
4440,1060.50,2425.63,299,2.028,1883.0,self-play,1.44e-04,0.194,0.065,0.104,0.186,0.090,0.122,0.168,0.072
4441,3020.00,2402.83,1043,1.905,1883.4,self-play,1.44e-04,0.183,0.067,0.073,0.189,0.171,0.030,0.207,0.079
4442,860.00,2390.07,240,1.993,1884.2,self-play,1.44e-04,0.140,0.086,0.171,0.206,0.082,0.086,0.191,0.039
4443,722.50,2373.89,267,1.198,1884.3,self-play,1.44e-04,0.073,0.000,0.000,0.268,0.024,0.000,0.634,0.000
4444,974.50,2349.06,336,2.040,1885.5,self-play,1.44e-04,0.149,0.100,0.155,0.164,0.089,0.069,0.206,0.069
4445,1065.00,2343.51,336,2.025,1886.1,self-play,1.44e-04,0.157,0.097,0.181,0.139,0.116,0.037,0.176,0.097
4446,3203.00,2356.70,788,1.941,1886.5,self-play,1.44e-04,0.212,0.088,0.088,0.204,0.197,0.029,0.117,0.066
4447,1346.50,2345.92,462,1.620,1886.7,self-play,1.44e-04,0.061,0.041,0.061,0.367,0.102,0.020,0.347,0.000
4448,1269.00,2331.25,431,1.979,1887.0,self-play,1.44e-04,0.145,0.111,0.137,0.162,0.137,0.043,0.179,0.085
4449,1690.00,2328.41,548,2.051,1887.8,self-play,1.44e-04,0.121,0.103,0.188,0.160,0.113,0.085,0.149,0.082
4450,1269.00,2316.15,352,2.032,1888.3,self-play,1.44e-04,0.102,0.156,0.107,0.171,0.112,0.049,0.171,0.132
4451,3306.00,2317.02,871,1.798,1888.6,self-play,1.44e-04,0.131,0.036,0.238,0.107,0.298,0.036,0.095,0.060
4452,2954.50,2321.89,884,2.044,1890.2,self-play,1.44e-04,0.140,0.102,0.138,0.123,0.135,0.078,0.108,0.176
4453,3356.50,2327.98,954,2.021,1890.8,self-play,1.44e-04,0.126,0.084,0.218,0.130,0.180,0.054,0.117,0.092
4454,1312.00,2329.63,304,1.654,1891.1,self-play,1.44e-04,0.093,0.013,0.120,0.200,0.373,0.027,0.147,0.027
4455,1628.50,2322.88,491,2.052,1892.2,self-play,1.44e-04,0.070,0.146,0.135,0.140,0.155,0.126,0.083,0.144
4456,2383.00,2339.60,754,1.585,1892.4,self-play,1.44e-04,0.060,0.048,0.131,0.107,0.488,0.012,0.119,0.036
4457,1986.00,2348.66,565,1.950,1892.9,self-play,1.44e-04,0.064,0.164,0.158,0.058,0.292,0.082,0.076,0.105
4458,1217.00,2349.97,384,2.023,1893.8,self-play,1.44e-04,0.116,0.162,0.092,0.090,0.147,0.171,0.101,0.121
4459,2785.00,2351.70,650,2.034,1894.4,self-play,1.44e-04,0.091,0.199,0.087,0.069,0.165,0.152,0.082,0.156
4460,2304.50,2351.23,597,2.050,1895.4,self-play,1.44e-04,0.093,0.175,0.111,0.117,0.167,0.109,0.088,0.141
4461,3011.00,2351.80,906,1.967,1895.7,self-play,1.44e-04,0.100,0.144,0.111,0.078,0.178,0.156,0.178,0.056
4462,1964.00,2357.57,487,2.011,1896.3,self-play,1.44e-04,0.040,0.157,0.157,0.108,0.135,0.179,0.126,0.099
4463,2771.50,2367.61,782,1.988,1896.9,self-play,1.44e-04,0.078,0.168,0.168,0.082,0.168,0.138,0.147,0.052
4464,960.00,2349.30,255,2.008,1897.5,self-play,1.44e-04,0.071,0.126,0.160,0.088,0.172,0.143,0.151,0.088
4465,1146.50,2335.27,324,2.018,1898.1,self-play,1.44e-04,0.076,0.123,0.119,0.072,0.169,0.199,0.153,0.089
4466,1658.00,2329.15,372,1.987,1898.6,self-play,1.44e-04,0.084,0.078,0.114,0.090,0.246,0.126,0.192,0.072
4467,1470.00,2320.79,460,1.102,1898.7,self-play,1.44e-04,0.029,0.000,0.029,0.029,0.343,0.029,0.543,0.000
4468,2125.00,2317.23,644,2.033,1899.4,self-play,1.44e-04,0.074,0.104,0.148,0.122,0.178,0.135,0.170,0.070
4469,2881.50,2327.67,807,1.908,1899.7,self-play,1.44e-04,0.077,0.128,0.051,0.128,0.231,0.085,0.231,0.068
4470,2431.50,2327.32,722,2.056,1900.6,self-play,1.44e-04,0.102,0.102,0.119,0.150,0.142,0.136,0.142,0.108
4471,1121.50,2329.38,411,1.809,1900.8,self-play,1.44e-04,0.138,0.092,0.062,0.123,0.108,0.046,0.323,0.108
4472,2557.50,2327.49,819,2.046,1901.4,self-play,1.44e-04,0.115,0.115,0.123,0.149,0.145,0.085,0.174,0.094
4473,1582.00,2325.20,362,2.066,1901.9,self-play,1.44e-04,0.094,0.123,0.135,0.117,0.135,0.135,0.111,0.152
4474,2490.50,2327.98,788,1.861,1902.2,self-play,1.44e-04,0.165,0.077,0.121,0.154,0.066,0.099,0.231,0.088
4475,2115.00,2323.33,792,2.020,1902.5,self-play,1.44e-04,0.153,0.105,0.105,0.153,0.073,0.097,0.161,0.153
4476,1717.50,2302.84,646,1.753,1902.7,self-play,1.44e-04,0.091,0.091,0.091,0.182,0.045,0.136,0.364,0.000
4477,2646.50,2302.30,835,1.957,1902.9,self-play,1.44e-04,0.135,0.112,0.079,0.135,0.022,0.124,0.225,0.169
4478,2465.00,2306.93,569,2.017,1903.7,self-play,1.44e-04,0.084,0.095,0.200,0.080,0.098,0.145,0.095,0.204
4479,1775.50,2299.01,419,2.045,1904.4,self-play,1.44e-04,0.093,0.165,0.147,0.108,0.039,0.158,0.122,0.168
4480,1548.00,2300.82,552,1.302,1904.6,self-play,1.44e-04,0.184,0.132,0.000,0.026,0.000,0.053,0.579,0.026
4481,1067.00,2290.86,330,2.040,1904.9,self-play,1.44e-04,0.120,0.144,0.080,0.144,0.080,0.128,0.160,0.144
4482,1915.00,2290.31,606,2.050,1905.8,self-play,1.44e-04,0.142,0.116,0.134,0.102,0.084,0.122,0.134,0.166
4483,2445.50,2277.32,831,1.992,1906.3,self-play,1.44e-04,0.211,0.130,0.056,0.155,0.068,0.075,0.168,0.137
4484,2317.00,2276.80,786,1.939,1906.8,self-play,1.44e-04,0.251,0.053,0.058,0.216,0.070,0.088,0.158,0.105
4485,1382.00,2264.76,470,2.006,1907.4,self-play,1.44e-04,0.146,0.101,0.097,0.150,0.057,0.146,0.198,0.105
4486,2292.50,2269.34,583,2.015,1908.9,self-play,1.44e-04,0.164,0.107,0.083,0.197,0.088,0.112,0.123,0.125
4487,2848.50,2275.27,838,1.437,1909.1,self-play,1.44e-04,0.487,0.000,0.000,0.197,0.039,0.039,0.184,0.053
4488,2408.50,2285.01,774,2.008,1909.7,self-play,1.44e-04,0.177,0.089,0.139,0.143,0.093,0.122,0.152,0.084
4489,326.50,2277.46,127,0.906,1909.9,self-play,1.44e-04,0.696,0.000,0.000,0.000,0.000,0.022,0.283,0.000
4490,1658.50,2257.84,564,1.936,1910.3,self-play,1.44e-04,0.239,0.039,0.090,0.123,0.148,0.129,0.161,0.071
4491,2786.50,2269.21,968,1.763,1910.6,self-play,1.44e-04,0.306,0.071,0.112,0.041,0.071,0.133,0.224,0.041
4492,1152.00,2256.76,289,1.529,1910.8,self-play,1.44e-04,0.339,0.018,0.000,0.036,0.036,0.107,0.411,0.054
4493,1822.50,2256.97,653,1.861,1911.1,self-play,1.44e-04,0.210,0.060,0.060,0.060,0.110,0.180,0.270,0.050
4494,1638.50,2232.30,600,1.429,1911.3,self-play,1.44e-04,0.250,0.047,0.000,0.000,0.016,0.219,0.469,0.000
4495,1608.00,2223.41,427,1.988,1912.2,self-play,1.44e-04,0.132,0.120,0.081,0.096,0.111,0.293,0.102,0.066
4496,1713.00,2225.67,549,2.029,1913.9,self-play,1.44e-04,0.112,0.110,0.120,0.075,0.137,0.203,0.135,0.109
4497,2875.00,2218.91,626,1.491,1914.2,self-play,1.44e-04,0.143,0.032,0.024,0.492,0.103,0.063,0.127,0.016
4498,1838.00,2217.95,96,1.789,1915.0,self-play,1.44e-04,0.125,0.070,0.070,0.346,0.176,0.066,0.048,0.099
4499,1867.00,2213.26,280,1.567,1915.4,self-play,1.44e-04,0.079,0.050,0.021,0.464,0.286,0.014,0.057,0.029
4500,2064.00,2201.51,134,1.645,1915.7,self-play,1.40e-04,0.179,0.111,0.017,0.316,0.299,0.026,0.026,0.026
4501,1969.50,2198.41,574,1.999,1916.5,self-play,1.40e-04,0.154,0.173,0.120,0.120,0.150,0.068,0.090,0.124
4502,2914.00,2202.64,804,2.029,1917.7,self-play,1.40e-04,0.156,0.167,0.109,0.125,0.136,0.098,0.076,0.132
4503,2958.00,2209.25,778,1.857,1918.1,self-play,1.40e-04,0.192,0.100,0.023,0.277,0.154,0.069,0.100,0.085
4504,2727.50,2212.86,717,1.486,1918.2,self-play,1.40e-04,0.093,0.019,0.000,0.481,0.130,0.000,0.241,0.037
4505,1968.50,2202.18,519,1.962,1918.8,self-play,1.40e-04,0.111,0.116,0.077,0.217,0.159,0.077,0.116,0.126
4506,2257.50,2185.48,661,1.981,1919.3,self-play,1.40e-04,0.081,0.134,0.099,0.227,0.157,0.099,0.151,0.052
4507,2822.50,2176.74,651,2.021,1920.3,self-play,1.40e-04,0.107,0.191,0.092,0.176,0.094,0.153,0.122,0.064
4508,2865.00,2178.22,599,1.873,1920.8,self-play,1.40e-04,0.180,0.106,0.048,0.243,0.159,0.053,0.079,0.132
4509,2845.50,2179.75,679,1.607,1921.3,self-play,1.40e-04,0.147,0.090,0.077,0.372,0.122,0.051,0.064,0.077
4510,2213.00,2177.99,537,1.711,1921.7,self-play,1.40e-04,0.107,0.053,0.053,0.453,0.100,0.027,0.120,0.087
4511,2445.00,2182.32,566,1.964,1922.4,self-play,1.40e-04,0.108,0.083,0.125,0.304,0.133,0.058,0.117,0.071
4512,2076.50,2174.09,661,1.677,1922.6,self-play,1.40e-04,0.239,0.060,0.060,0.149,0.194,0.030,0.269,0.000
4513,2006.50,2177.16,460,2.036,1924.3,self-play,1.40e-04,0.119,0.158,0.187,0.122,0.101,0.081,0.089,0.143
4514,1991.50,2181.51,626,1.970,1925.1,self-play,1.40e-04,0.092,0.109,0.250,0.123,0.085,0.095,0.130,0.116
4515,1777.50,2192.45,409,1.999,1925.5,self-play,1.40e-04,0.205,0.133,0.102,0.181,0.066,0.114,0.066,0.133
4516,2268.00,2200.36,675,1.831,1925.8,self-play,1.40e-04,0.263,0.087,0.050,0.275,0.087,0.087,0.113,0.037
4517,1594.00,2196.80,468,1.541,1925.9,self-play,1.40e-04,0.225,0.100,0.025,0.325,0.050,0.025,0.200,0.050
4518,2360.50,2186.64,544,2.008,1927.6,self-play,1.40e-04,0.184,0.147,0.135,0.125,0.099,0.098,0.065,0.147
4519,2482.00,2200.26,651,1.981,1928.9,self-play,1.40e-04,0.168,0.151,0.183,0.084,0.088,0.157,0.050,0.119
4520,1514.00,2186.16,492,1.989,1929.5,self-play,1.40e-04,0.185,0.164,0.154,0.087,0.185,0.082,0.097,0.046
4521,1922.00,2188.06,497,2.022,1930.6,self-play,1.40e-04,0.162,0.176,0.165,0.074,0.138,0.077,0.090,0.117
4522,295.00,2165.28,109,0.766,1930.7,self-play,1.40e-04,0.024,0.000,0.000,0.024,0.071,0.000,0.881,0.000
4523,2013.50,2168.48,653,1.917,1931.2,self-play,1.40e-04,0.149,0.074,0.041,0.074,0.257,0.054,0.230,0.122
4524,2367.00,2169.36,757,1.886,1931.6,self-play,1.40e-04,0.266,0.072,0.065,0.108,0.158,0.036,0.173,0.122
4525,3343.00,2174.21,782,1.858,1932.1,self-play,1.40e-04,0.255,0.081,0.020,0.094,0.228,0.007,0.181,0.134
4526,2158.50,2160.71,649,1.679,1932.3,self-play,1.40e-04,0.261,0.101,0.000,0.116,0.203,0.029,0.159,0.130
4527,1828.00,2151.32,438,1.844,1932.5,self-play,1.40e-04,0.316,0.137,0.053,0.095,0.158,0.011,0.095,0.137
4528,2928.50,2145.93,897,1.622,1932.7,self-play,1.40e-04,0.448,0.052,0.000,0.103,0.155,0.000,0.190,0.052
4529,3364.00,2157.04,616,2.018,1935.2,self-play,1.40e-04,0.179,0.148,0.126,0.105,0.130,0.074,0.073,0.164
4530,2437.50,2128.15,683,1.989,1936.4,self-play,1.40e-04,0.194,0.132,0.099,0.149,0.078,0.095,0.086,0.166
4531,2935.50,2122.34,842,1.936,1937.6,self-play,1.40e-04,0.225,0.091,0.052,0.128,0.121,0.128,0.078,0.177
4532,6796.00,2168.14,1714,1.944,1940.1,self-play,1.40e-04,0.188,0.067,0.094,0.119,0.118,0.138,0.042,0.234
4533,649.00,2158.34,240,1.050,1940.2,self-play,1.40e-04,0.089,0.000,0.000,0.000,0.156,0.000,0.756,0.000
4534,1008.00,2124.57,350,1.076,1940.4,self-play,1.40e-04,0.093,0.000,0.000,0.000,0.302,0.000,0.605,0.000
4535,1387.00,2110.07,515,1.128,1940.5,self-play,1.40e-04,0.075,0.000,0.000,0.025,0.275,0.000,0.600,0.025
4536,2733.50,2108.68,547,1.732,1940.9,self-play,1.40e-04,0.119,0.052,0.015,0.104,0.407,0.022,0.111,0.170
4537,1698.50,2090.72,367,1.946,1941.4,self-play,1.40e-04,0.208,0.089,0.074,0.104,0.257,0.089,0.059,0.119
4538,3332.00,2107.55,837,1.854,1941.8,self-play,1.40e-04,0.144,0.119,0.034,0.059,0.263,0.051,0.136,0.195
4539,2180.50,2096.10,415,2.019,1942.4,self-play,1.40e-04,0.145,0.140,0.045,0.118,0.222,0.104,0.054,0.172
4540,1789.50,2103.39,366,2.036,1943.3,self-play,1.40e-04,0.151,0.183,0.134,0.084,0.093,0.157,0.047,0.151
4541,1769.50,2090.89,349,1.480,1943.5,self-play,1.40e-04,0.167,0.017,0.017,0.067,0.133,0.017,0.500,0.083
4542,2898.50,2111.27,814,2.042,1944.2,self-play,1.40e-04,0.152,0.152,0.111,0.128,0.107,0.152,0.082,0.115
4543,1228.00,2116.32,236,2.036,1944.9,self-play,1.40e-04,0.119,0.161,0.107,0.146,0.119,0.149,0.107,0.092
4544,4543.50,2152.01,1274,2.023,1946.4,self-play,1.40e-04,0.178,0.169,0.118,0.111,0.125,0.103,0.085,0.111
4545,2971.50,2171.08,598,2.010,1947.6,self-play,1.40e-04,0.183,0.155,0.138,0.129,0.100,0.166,0.057,0.072
4546,1220.50,2151.26,59,1.983,1948.0,self-play,1.40e-04,0.233,0.109,0.047,0.093,0.178,0.085,0.109,0.147
4547,2183.00,2159.62,654,1.959,1949.1,self-play,1.40e-04,0.273,0.182,0.123,0.091,0.069,0.120,0.052,0.091
4548,2262.50,2169.55,745,1.641,1949.4,self-play,1.40e-04,0.278,0.114,0.013,0.177,0.025,0.051,0.241,0.101
4549,1256.00,2165.22,294,1.951,1949.8,self-play,1.40e-04,0.199,0.177,0.078,0.092,0.057,0.050,0.213,0.135
4550,2123.50,2173.76,732,1.711,1950.0,self-play,1.40e-04,0.141,0.056,0.014,0.127,0.127,0.056,0.366,0.113
4551,1753.00,2158.23,429,2.026,1950.8,self-play,1.40e-04,0.172,0.113,0.082,0.120,0.113,0.055,0.120,0.223
4552,3606.50,2164.75,844,2.035,1951.5,self-play,1.40e-04,0.133,0.157,0.067,0.133,0.165,0.071,0.086,0.188
4553,1709.50,2148.28,428,2.049,1952.3,self-play,1.40e-04,0.143,0.150,0.082,0.123,0.137,0.099,0.099,0.167
4554,1396.50,2149.12,400,2.057,1952.9,self-play,1.40e-04,0.139,0.162,0.093,0.143,0.147,0.108,0.112,0.097
4555,1576.50,2148.61,592,1.131,1953.1,self-play,1.40e-04,0.087,0.087,0.000,0.109,0.065,0.065,0.587,0.000
4556,1085.50,2135.63,190,2.024,1953.9,self-play,1.40e-04,0.098,0.217,0.095,0.115,0.095,0.153,0.125,0.102
4557,2168.50,2137.45,615,1.600,1954.1,self-play,1.40e-04,0.042,0.111,0.028,0.125,0.167,0.111,0.375,0.042
4558,980.50,2135.09,297,2.045,1955.0,self-play,1.40e-04,0.119,0.158,0.086,0.089,0.122,0.152,0.139,0.135
4559,1914.00,2126.38,557,2.044,1955.7,self-play,1.40e-04,0.115,0.148,0.127,0.135,0.066,0.148,0.123,0.139
4560,1589.00,2119.22,161,1.961,1955.9,self-play,1.40e-04,0.212,0.094,0.129,0.118,0.094,0.024,0.188,0.141
4561,2758.00,2116.70,529,2.032,1956.5,self-play,1.40e-04,0.140,0.126,0.173,0.084,0.093,0.075,0.117,0.192
4562,2046.50,2117.52,349,2.036,1957.2,self-play,1.40e-04,0.121,0.190,0.173,0.083,0.069,0.083,0.080,0.201
4563,3061.00,2120.41,569,2.031,1958.3,self-play,1.40e-04,0.118,0.187,0.138,0.110,0.069,0.133,0.056,0.187
4564,4130.00,2152.11,1282,1.950,1958.6,self-play,1.40e-04,0.120,0.308,0.034,0.051,0.145,0.145,0.103,0.094
4565,2940.00,2170.05,859,2.030,1959.2,self-play,1.40e-04,0.140,0.198,0.123,0.099,0.111,0.152,0.078,0.099
4566,3656.50,2190.03,701,2.039,1961.3,self-play,1.40e-04,0.157,0.160,0.112,0.128,0.092,0.132,0.077,0.141
4567,1480.00,2190.14,487,1.859,1961.6,self-play,1.40e-04,0.120,0.173,0.040,0.067,0.093,0.080,0.360,0.067
4568,1774.00,2186.62,536,1.983,1962.0,self-play,1.40e-04,0.114,0.204,0.066,0.102,0.090,0.090,0.210,0.126
4569,1389.00,2171.70,500,1.364,1962.2,self-play,1.40e-04,0.067,0.133,0.000,0.000,0.222,0.022,0.511,0.044
4570,2790.00,2175.28,895,2.027,1963.3,self-play,1.40e-04,0.102,0.150,0.147,0.095,0.093,0.121,0.121,0.171
4571,875.50,2172.82,294,1.993,1963.8,self-play,1.40e-04,0.079,0.236,0.051,0.062,0.174,0.079,0.202,0.118
4572,1605.00,2163.30,435,2.020,1964.4,self-play,1.40e-04,0.151,0.211,0.110,0.101,0.124,0.050,0.142,0.110
4573,2621.00,2173.69,604,2.033,1965.1,self-play,1.40e-04,0.153,0.172,0.092,0.096,0.138,0.092,0.119,0.138
4574,716.00,2155.95,241,1.308,1965.2,self-play,1.40e-04,0.119,0.095,0.000,0.000,0.119,0.000,0.667,0.000
4575,1242.00,2147.22,268,2.016,1965.8,self-play,1.40e-04,0.152,0.152,0.105,0.123,0.082,0.058,0.181,0.146
4576,2262.50,2152.66,602,2.018,1966.4,self-play,1.40e-04,0.221,0.171,0.067,0.104,0.092,0.104,0.133,0.108
4577,2093.50,2147.14,570,1.868,1966.7,self-play,1.40e-04,0.140,0.198,0.000,0.174,0.256,0.105,0.116,0.012
4578,3213.50,2154.62,857,2.004,1967.8,self-play,1.40e-04,0.118,0.175,0.101,0.116,0.113,0.180,0.086,0.111
4579,1768.00,2154.55,391,2.018,1968.3,self-play,1.40e-04,0.070,0.216,0.080,0.155,0.103,0.155,0.066,0.155
4580,3145.00,2170.51,849,1.988,1968.8,self-play,1.40e-04,0.101,0.182,0.054,0.155,0.108,0.149,0.068,0.182
4581,2402.00,2183.86,583,2.007,1969.9,self-play,1.40e-04,0.120,0.170,0.062,0.177,0.053,0.090,0.110,0.218
4582,1525.00,2179.97,464,2.026,1970.5,self-play,1.40e-04,0.065,0.185,0.106,0.116,0.171,0.083,0.176,0.097
4583,2341.00,2178.92,424,2.039,1971.4,self-play,1.40e-04,0.062,0.196,0.101,0.148,0.122,0.145,0.089,0.136
4584,2213.00,2177.88,669,1.693,1971.6,self-play,1.40e-04,0.037,0.085,0.061,0.098,0.415,0.049,0.122,0.134
4585,4818.00,2212.24,923,2.034,1973.4,self-play,1.40e-04,0.140,0.109,0.100,0.154,0.123,0.093,0.114,0.167
4586,2950.00,2218.82,737,1.899,1973.8,self-play,1.40e-04,0.125,0.154,0.044,0.081,0.368,0.088,0.066,0.074
4587,1779.50,2208.12,510,2.051,1974.4,self-play,1.40e-04,0.123,0.144,0.070,0.095,0.132,0.152,0.115,0.169
4588,2457.00,2208.61,548,1.936,1974.7,self-play,1.40e-04,0.132,0.132,0.018,0.114,0.211,0.061,0.140,0.193
4589,1684.50,2222.19,467,2.043,1975.6,self-play,1.40e-04,0.126,0.189,0.126,0.117,0.079,0.107,0.110,0.145
4590,2122.00,2226.82,661,1.971,1975.9,self-play,1.40e-04,0.178,0.103,0.056,0.140,0.187,0.056,0.206,0.075
4591,2003.50,2218.99,608,2.026,1976.6,self-play,1.40e-04,0.166,0.136,0.125,0.147,0.094,0.094,0.151,0.087
4592,1040.00,2217.88,322,2.034,1977.3,self-play,1.40e-04,0.123,0.112,0.149,0.119,0.097,0.104,0.172,0.123
4593,1702.00,2216.67,436,2.035,1977.8,self-play,1.40e-04,0.065,0.108,0.151,0.130,0.141,0.049,0.157,0.200
4594,2948.50,2229.77,648,2.023,1979.5,self-play,1.40e-04,0.109,0.126,0.160,0.129,0.146,0.070,0.109,0.151
4595,2558.50,2239.28,603,1.993,1980.2,self-play,1.40e-04,0.126,0.092,0.134,0.248,0.155,0.050,0.076,0.118
4596,1572.00,2237.86,421,1.968,1980.7,self-play,1.40e-04,0.176,0.112,0.112,0.239,0.112,0.037,0.080,0.133
4597,2776.00,2236.88,662,2.002,1981.3,self-play,1.40e-04,0.223,0.178,0.112,0.186,0.062,0.054,0.070,0.116
4598,2697.50,2245.47,702,2.010,1981.9,self-play,1.40e-04,0.215,0.215,0.124,0.180,0.064,0.026,0.086,0.090
4599,4043.00,2267.23,1208,2.012,1982.5,self-play,1.40e-04,0.151,0.205,0.070,0.103,0.103,0.092,0.108,0.168
4600,1721.50,2263.80,384,2.038,1983.4,self-play,1.36e-04,0.134,0.198,0.137,0.128,0.093,0.076,0.117,0.117
4601,1937.50,2263.49,480,2.041,1984.2,self-play,1.36e-04,0.142,0.205,0.094,0.132,0.101,0.097,0.090,0.139
4602,2756.00,2261.91,495,2.036,1985.0,self-play,1.36e-04,0.164,0.164,0.148,0.088,0.126,0.129,0.044,0.138
4603,1248.50,2244.81,295,2.019,1986.1,self-play,1.36e-04,0.128,0.176,0.166,0.153,0.105,0.140,0.061,0.071
4604,2261.50,2240.15,298,1.995,1986.7,self-play,1.36e-04,0.109,0.095,0.104,0.147,0.114,0.109,0.057,0.265
4605,2609.50,2246.56,522,2.031,1987.5,self-play,1.36e-04,0.150,0.120,0.107,0.160,0.123,0.100,0.053,0.187
4606,2575.50,2249.74,681,2.034,1988.2,self-play,1.36e-04,0.167,0.101,0.105,0.186,0.120,0.085,0.089,0.147
4607,2286.00,2244.38,668,1.985,1988.7,self-play,1.36e-04,0.183,0.131,0.097,0.126,0.091,0.086,0.103,0.183
4608,2023.00,2235.95,565,1.982,1989.4,self-play,1.36e-04,0.229,0.111,0.099,0.162,0.119,0.095,0.091,0.095
4609,4595.00,2253.45,1523,1.656,1989.6,self-play,1.36e-04,0.516,0.011,0.011,0.055,0.077,0.055,0.121,0.154
4610,2439.00,2255.71,720,1.897,1990.2,self-play,1.36e-04,0.212,0.064,0.059,0.177,0.113,0.108,0.094,0.172
4611,3119.00,2262.45,698,1.819,1990.5,self-play,1.36e-04,0.364,0.045,0.000,0.136,0.055,0.082,0.109,0.209
4612,1973.00,2261.41,553,1.957,1991.0,self-play,1.36e-04,0.312,0.079,0.037,0.148,0.079,0.106,0.122,0.116
4613,2263.00,2263.98,626,1.841,1991.2,self-play,1.36e-04,0.299,0.034,0.011,0.138,0.138,0.057,0.218,0.103
4614,2454.00,2268.61,819,2.050,1992.9,self-play,1.36e-04,0.180,0.130,0.125,0.158,0.086,0.092,0.115,0.115
4615,2797.00,2278.80,685,2.009,1993.5,self-play,1.36e-04,0.198,0.165,0.044,0.104,0.110,0.165,0.082,0.132
4616,2891.00,2285.03,984,1.909,1993.8,self-play,1.36e-04,0.222,0.120,0.028,0.167,0.083,0.111,0.120,0.148
4617,2179.00,2290.88,416,2.037,1994.5,self-play,1.36e-04,0.188,0.114,0.077,0.114,0.118,0.185,0.107,0.096
4618,2009.50,2287.37,568,2.022,1995.4,self-play,1.36e-04,0.155,0.163,0.129,0.140,0.089,0.166,0.083,0.074
4619,1020.50,2272.76,348,2.002,1996.2,self-play,1.36e-04,0.169,0.132,0.078,0.197,0.061,0.203,0.088,0.071
4620,1393.00,2271.55,377,2.018,1997.3,self-play,1.36e-04,0.177,0.088,0.091,0.182,0.120,0.150,0.079,0.113
4621,2028.50,2272.61,474,2.018,1997.8,self-play,1.36e-04,0.122,0.093,0.083,0.229,0.176,0.102,0.088,0.107
4622,1984.00,2289.50,561,1.988,1998.3,self-play,1.36e-04,0.169,0.106,0.085,0.218,0.120,0.077,0.148,0.077
4623,1632.00,2285.68,602,1.170,1998.4,self-play,1.36e-04,0.000,0.031,0.000,0.062,0.000,0.281,0.625,0.000
4624,2798.50,2290.00,747,1.980,1998.9,self-play,1.36e-04,0.112,0.117,0.095,0.184,0.134,0.145,0.134,0.078
4625,1816.00,2274.73,493,2.032,1999.8,self-play,1.36e-04,0.155,0.109,0.124,0.158,0.142,0.118,0.103,0.091
4626,1549.50,2268.64,494,1.986,2000.2,self-play,1.36e-04,0.173,0.115,0.065,0.165,0.079,0.094,0.237,0.072
4627,1797.00,2268.33,583,2.026,2001.0,self-play,1.36e-04,0.194,0.067,0.111,0.171,0.146,0.098,0.130,0.083
4628,1647.00,2255.51,367,1.991,2001.9,self-play,1.36e-04,0.149,0.055,0.119,0.247,0.070,0.131,0.110,0.119
4629,1185.00,2233.72,333,1.833,2002.1,self-play,1.36e-04,0.098,0.059,0.039,0.314,0.078,0.206,0.137,0.069
4630,2411.50,2233.47,829,1.607,2002.3,self-play,1.36e-04,0.051,0.038,0.026,0.295,0.026,0.218,0.295,0.051
4631,2429.50,2228.41,701,2.012,2003.6,self-play,1.36e-04,0.138,0.060,0.123,0.190,0.129,0.152,0.081,0.127
4632,2300.00,2183.45,685,2.032,2004.5,self-play,1.36e-04,0.108,0.062,0.132,0.188,0.142,0.126,0.114,0.129
4633,1083.50,2187.79,280,2.022,2005.1,self-play,1.36e-04,0.119,0.070,0.102,0.225,0.082,0.184,0.102,0.115
4634,1762.50,2195.34,512,1.623,2005.3,self-play,1.36e-04,0.092,0.013,0.013,0.158,0.039,0.079,0.355,0.250
4635,1151.50,2192.98,425,1.034,2005.5,self-play,1.36e-04,0.024,0.000,0.000,0.024,0.000,0.098,0.780,0.073
4636,1126.50,2176.91,416,1.188,2005.6,self-play,1.36e-04,0.029,0.029,0.000,0.088,0.000,0.088,0.559,0.206
4637,2635.00,2186.28,893,1.955,2006.0,self-play,1.36e-04,0.141,0.081,0.074,0.141,0.094,0.107,0.161,0.201
4638,2150.50,2174.46,533,1.741,2006.3,self-play,1.36e-04,0.089,0.114,0.051,0.152,0.038,0.076,0.203,0.278
4639,2076.50,2173.42,578,2.016,2006.8,self-play,1.36e-04,0.136,0.063,0.072,0.186,0.122,0.122,0.131,0.167
4640,2099.00,2176.51,513,2.044,2007.9,self-play,1.36e-04,0.147,0.085,0.097,0.144,0.095,0.169,0.119,0.144
4641,2887.50,2187.70,867,1.781,2008.2,self-play,1.36e-04,0.165,0.228,0.025,0.177,0.038,0.076,0.127,0.165
4642,2845.00,2187.16,868,1.881,2008.6,self-play,1.36e-04,0.162,0.142,0.115,0.068,0.054,0.068,0.162,0.230
4643,1736.00,2192.24,554,2.010,2009.4,self-play,1.36e-04,0.130,0.147,0.080,0.097,0.127,0.067,0.130,0.221
4644,1604.00,2162.84,477,2.026,2011.0,self-play,1.36e-04,0.128,0.140,0.077,0.077,0.150,0.118,0.117,0.193
4645,3231.50,2165.45,830,1.971,2012.2,self-play,1.36e-04,0.120,0.173,0.043,0.105,0.139,0.079,0.099,0.242
4646,3555.50,2188.80,961,1.854,2012.8,self-play,1.36e-04,0.069,0.273,0.035,0.069,0.130,0.091,0.117,0.216
4647,1874.50,2185.71,439,1.991,2013.7,self-play,1.36e-04,0.071,0.199,0.059,0.074,0.136,0.151,0.125,0.184
4648,2486.50,2187.95,640,1.797,2013.9,self-play,1.36e-04,0.034,0.213,0.000,0.045,0.034,0.124,0.213,0.337
4649,2210.50,2197.49,695,1.890,2014.2,self-play,1.36e-04,0.122,0.122,0.010,0.102,0.204,0.051,0.153,0.235
4650,963.50,2185.89,263,2.041,2015.5,self-play,1.36e-04,0.118,0.149,0.089,0.079,0.134,0.165,0.145,0.122
4651,1358.00,2181.95,416,2.042,2016.4,self-play,1.36e-04,0.140,0.113,0.090,0.110,0.160,0.140,0.097,0.150
4652,1991.50,2165.80,574,2.015,2017.2,self-play,1.36e-04,0.174,0.113,0.074,0.174,0.106,0.077,0.110,0.171
4653,1318.00,2161.88,340,1.995,2017.7,self-play,1.36e-04,0.176,0.080,0.074,0.182,0.131,0.062,0.131,0.165
4654,1557.50,2163.49,445,2.012,2018.3,self-play,1.36e-04,0.173,0.091,0.069,0.199,0.134,0.091,0.143,0.100
4655,2024.00,2167.97,634,2.039,2019.1,self-play,1.36e-04,0.188,0.096,0.081,0.185,0.170,0.084,0.110,0.087
4656,3294.50,2190.05,676,1.894,2019.4,self-play,1.36e-04,0.163,0.076,0.022,0.120,0.130,0.141,0.141,0.207
4657,2501.00,2193.38,674,1.968,2019.8,self-play,1.36e-04,0.154,0.106,0.065,0.122,0.138,0.098,0.122,0.195
4658,2098.50,2204.56,564,2.050,2020.5,self-play,1.36e-04,0.149,0.111,0.073,0.104,0.125,0.149,0.128,0.163
4659,1765.00,2203.07,345,2.043,2021.7,self-play,1.36e-04,0.119,0.153,0.084,0.170,0.124,0.102,0.115,0.133
4660,1281.50,2199.99,378,2.040,2022.8,self-play,1.36e-04,0.162,0.096,0.076,0.115,0.098,0.106,0.177,0.170
4661,2581.00,2198.22,958,1.259,2023.0,self-play,1.36e-04,0.087,0.000,0.000,0.130,0.022,0.000,0.435,0.326
4662,1990.50,2197.66,462,1.739,2023.3,self-play,1.36e-04,0.128,0.056,0.080,0.144,0.024,0.056,0.168,0.344
4663,3246.50,2199.52,899,1.890,2023.9,self-play,1.36e-04,0.141,0.093,0.049,0.132,0.063,0.039,0.156,0.327
4664,1422.50,2172.45,493,1.327,2024.1,self-play,1.36e-04,0.138,0.000,0.015,0.108,0.015,0.000,0.415,0.308
4665,1940.50,2162.45,701,1.646,2024.3,self-play,1.36e-04,0.188,0.035,0.047,0.165,0.035,0.000,0.294,0.235
4666,2000.00,2145.89,321,1.877,2024.8,self-play,1.36e-04,0.227,0.038,0.151,0.114,0.032,0.043,0.157,0.238
4667,795.50,2139.04,216,1.864,2025.4,self-play,1.36e-04,0.176,0.053,0.123,0.155,0.032,0.037,0.198,0.225
4668,833.00,2129.63,227,1.987,2026.4,self-play,1.36e-04,0.162,0.146,0.192,0.078,0.051,0.051,0.139,0.182
4669,3264.00,2148.38,1023,1.903,2026.9,self-play,1.36e-04,0.184,0.149,0.138,0.086,0.040,0.046,0.126,0.230
4670,1179.50,2132.28,351,1.739,2027.2,self-play,1.36e-04,0.286,0.119,0.060,0.060,0.036,0.060,0.179,0.202
4671,2196.50,2145.49,583,1.962,2028.1,self-play,1.36e-04,0.270,0.119,0.087,0.096,0.093,0.102,0.096,0.137
4672,3131.00,2160.74,923,1.792,2028.5,self-play,1.36e-04,0.371,0.132,0.025,0.050,0.031,0.057,0.094,0.239
4673,919.00,2143.72,350,1.285,2028.6,self-play,1.36e-04,0.200,0.057,0.000,0.000,0.000,0.000,0.457,0.286
4674,3185.00,2168.41,870,1.624,2028.9,self-play,1.36e-04,0.316,0.123,0.009,0.009,0.000,0.070,0.254,0.219
4675,2314.50,2179.14,606,1.851,2029.4,self-play,1.36e-04,0.232,0.167,0.054,0.036,0.077,0.060,0.113,0.262
4676,2993.00,2186.45,888,1.619,2029.6,self-play,1.36e-04,0.237,0.171,0.013,0.013,0.000,0.000,0.145,0.421
4677,3849.50,2204.01,1412,1.888,2030.4,self-play,1.36e-04,0.237,0.166,0.064,0.041,0.075,0.085,0.139,0.193
4678,1439.00,2186.26,354,1.976,2031.6,self-play,1.36e-04,0.141,0.221,0.072,0.057,0.095,0.106,0.103,0.205
4679,1867.00,2187.25,555,1.977,2032.6,self-play,1.36e-04,0.206,0.127,0.072,0.055,0.094,0.163,0.096,0.187
4680,2211.00,2177.91,617,1.986,2033.7,self-play,1.36e-04,0.154,0.161,0.083,0.064,0.108,0.171,0.120,0.139
4681,2629.00,2180.18,826,1.929,2034.2,self-play,1.36e-04,0.195,0.109,0.034,0.086,0.069,0.161,0.103,0.241
4682,3389.00,2198.82,953,2.001,2034.7,self-play,1.36e-04,0.161,0.078,0.037,0.124,0.124,0.170,0.142,0.165
4683,2525.00,2200.66,750,1.956,2035.1,self-play,1.36e-04,0.074,0.110,0.015,0.140,0.066,0.162,0.213,0.221
4684,1784.50,2196.38,481,2.050,2036.5,self-play,1.36e-04,0.171,0.145,0.089,0.145,0.102,0.141,0.109,0.099
4685,1290.50,2161.10,349,2.005,2037.3,self-play,1.36e-04,0.160,0.108,0.061,0.183,0.080,0.122,0.169,0.117
4686,4059.50,2172.20,1364,1.583,2037.6,self-play,1.36e-04,0.488,0.073,0.037,0.122,0.024,0.037,0.085,0.134
4687,1589.00,2170.29,509,1.906,2038.3,self-play,1.36e-04,0.356,0.094,0.034,0.174,0.094,0.101,0.094,0.054
4688,4411.00,2189.83,1357,1.881,2039.3,self-play,1.36e-04,0.329,0.071,0.075,0.224,0.058,0.085,0.064,0.095
4689,2784.00,2200.82,969,1.810,2039.9,self-play,1.36e-04,0.322,0.078,0.056,0.211,0.050,0.072,0.122,0.089
4690,2872.50,2208.33,965,1.914,2040.6,self-play,1.36e-04,0.281,0.081,0.059,0.222,0.059,0.077,0.086,0.136
4691,2800.00,2216.30,712,1.636,2040.9,self-play,1.36e-04,0.395,0.084,0.017,0.303,0.017,0.059,0.050,0.076
4692,2209.50,2227.99,676,1.986,2042.2,self-play,1.36e-04,0.228,0.127,0.098,0.225,0.065,0.088,0.083,0.085
4693,1638.00,2227.35,467,1.976,2042.7,self-play,1.36e-04,0.231,0.057,0.085,0.222,0.066,0.127,0.099,0.113
4694,3270.00,2230.57,1032,1.790,2043.0,self-play,1.36e-04,0.325,0.000,0.024,0.262,0.056,0.151,0.111,0.071
4695,2642.50,2231.41,715,1.991,2043.8,self-play,1.36e-04,0.188,0.053,0.128,0.160,0.096,0.177,0.113,0.085
4696,2931.00,2244.99,435,1.762,2044.1,self-play,1.36e-04,0.136,0.016,0.056,0.344,0.104,0.208,0.064,0.072
4697,2712.50,2244.36,746,1.999,2045.0,self-play,1.36e-04,0.205,0.051,0.119,0.189,0.116,0.122,0.078,0.119
4698,2385.50,2241.24,335,2.014,2045.8,self-play,1.36e-04,0.243,0.120,0.107,0.123,0.117,0.149,0.055,0.087
4699,2655.00,2227.36,644,1.767,2046.1,self-play,1.36e-04,0.225,0.042,0.028,0.085,0.085,0.141,0.169,0.225
4700,1022.00,2220.36,222,2.015,2046.6,self-play,1.32e-04,0.192,0.050,0.146,0.096,0.091,0.142,0.151,0.132
4701,1759.50,2218.59,554,2.005,2047.7,self-play,1.32e-04,0.102,0.078,0.120,0.144,0.107,0.157,0.133,0.159
4702,2882.50,2219.85,731,2.015,2049.7,self-play,1.32e-04,0.162,0.085,0.086,0.111,0.074,0.146,0.114,0.223
4703,2380.00,2231.16,619,1.890,2050.8,self-play,1.32e-04,0.128,0.038,0.046,0.060,0.357,0.063,0.142,0.166
4704,2399.50,2232.55,576,2.027,2052.3,self-play,1.32e-04,0.148,0.060,0.053,0.127,0.124,0.165,0.120,0.201
4705,2105.00,2227.50,441,1.988,2053.0,self-play,1.32e-04,0.112,0.090,0.104,0.112,0.164,0.149,0.075,0.194
4706,2997.00,2231.72,738,1.776,2053.6,self-play,1.32e-04,0.077,0.014,0.062,0.058,0.404,0.115,0.106,0.163
4707,1968.50,2228.54,470,1.989,2054.4,self-play,1.32e-04,0.124,0.080,0.090,0.090,0.177,0.157,0.110,0.171
4708,1237.50,2220.68,299,1.981,2055.1,self-play,1.32e-04,0.148,0.081,0.102,0.057,0.155,0.226,0.088,0.141
4709,3933.50,2214.07,1231,1.847,2055.5,self-play,1.32e-04,0.041,0.057,0.033,0.098,0.122,0.244,0.114,0.293
4710,1318.00,2202.86,322,2.017,2056.4,self-play,1.32e-04,0.104,0.104,0.040,0.142,0.104,0.185,0.147,0.173
4711,1767.00,2189.34,495,2.039,2057.0,self-play,1.32e-04,0.146,0.075,0.087,0.134,0.098,0.142,0.126,0.193
4712,3059.50,2200.20,692,1.995,2057.8,self-play,1.32e-04,0.144,0.070,0.100,0.096,0.144,0.167,0.081,0.196
4713,4333.00,2220.91,1257,2.024,2060.5,self-play,1.32e-04,0.210,0.084,0.090,0.137,0.112,0.112,0.083,0.172
4714,1926.50,2215.63,572,2.032,2061.3,self-play,1.32e-04,0.166,0.131,0.114,0.096,0.093,0.134,0.090,0.175
4715,2503.00,2212.69,508,2.012,2062.3,self-play,1.32e-04,0.195,0.136,0.104,0.102,0.072,0.120,0.102,0.168
4716,2328.00,2207.06,382,1.905,2062.8,self-play,1.32e-04,0.147,0.136,0.068,0.047,0.126,0.073,0.094,0.309
4717,1880.50,2204.07,603,2.029,2063.4,self-play,1.32e-04,0.199,0.111,0.106,0.065,0.093,0.097,0.116,0.213
4718,3726.50,2221.24,806,1.928,2063.9,self-play,1.32e-04,0.106,0.106,0.101,0.058,0.138,0.180,0.069,0.243
4719,2846.00,2239.50,692,1.831,2064.2,self-play,1.32e-04,0.051,0.103,0.162,0.009,0.145,0.120,0.051,0.359
4720,3144.00,2257.01,772,2.012,2065.0,self-play,1.32e-04,0.162,0.076,0.131,0.092,0.115,0.092,0.143,0.188
4721,1040.00,2247.12,327,2.042,2065.6,self-play,1.32e-04,0.152,0.112,0.099,0.081,0.148,0.081,0.188,0.139
4722,1935.50,2246.64,547,2.031,2066.1,self-play,1.32e-04,0.108,0.108,0.093,0.077,0.196,0.098,0.119,0.201
4723,2120.50,2251.53,571,2.048,2066.6,self-play,1.32e-04,0.185,0.101,0.125,0.095,0.167,0.054,0.131,0.143
4724,2524.00,2248.78,794,2.038,2067.9,self-play,1.32e-04,0.201,0.096,0.083,0.146,0.134,0.091,0.122,0.126
4725,2776.00,2258.38,614,2.026,2068.5,self-play,1.32e-04,0.214,0.092,0.097,0.146,0.121,0.165,0.063,0.102
4726,1593.00,2258.82,394,2.045,2069.2,self-play,1.32e-04,0.177,0.118,0.115,0.146,0.083,0.149,0.101,0.111
4727,1769.00,2258.53,496,2.053,2070.0,self-play,1.32e-04,0.157,0.122,0.126,0.135,0.104,0.143,0.130,0.083
4728,2653.00,2268.59,584,2.043,2070.7,self-play,1.32e-04,0.129,0.096,0.115,0.148,0.120,0.167,0.081,0.144
4729,2580.00,2282.55,736,2.001,2071.2,self-play,1.32e-04,0.117,0.084,0.058,0.123,0.227,0.097,0.130,0.162
4730,2149.00,2279.92,590,1.994,2071.6,self-play,1.32e-04,0.076,0.023,0.129,0.144,0.205,0.106,0.152,0.167
4731,2292.50,2278.55,603,1.961,2071.9,self-play,1.32e-04,0.029,0.039,0.097,0.117,0.340,0.097,0.146,0.136
4732,2296.00,2278.51,743,2.048,2072.5,self-play,1.32e-04,0.122,0.087,0.148,0.102,0.138,0.107,0.199,0.097
4733,1562.00,2283.30,500,2.017,2072.8,self-play,1.32e-04,0.130,0.057,0.130,0.146,0.179,0.106,0.163,0.089
4734,2225.50,2287.93,666,1.990,2073.2,self-play,1.32e-04,0.139,0.069,0.129,0.059,0.238,0.099,0.238,0.030
4735,979.00,2286.20,263,2.030,2073.7,self-play,1.32e-04,0.118,0.047,0.142,0.083,0.166,0.095,0.201,0.148
4736,1930.00,2294.24,486,2.010,2074.3,self-play,1.32e-04,0.148,0.055,0.202,0.126,0.142,0.082,0.164,0.082
4737,1826.50,2286.15,588,2.041,2075.2,self-play,1.32e-04,0.195,0.104,0.142,0.116,0.116,0.110,0.132,0.085
4738,2502.00,2289.66,833,2.002,2075.8,self-play,1.32e-04,0.152,0.094,0.134,0.183,0.107,0.089,0.143,0.098
4739,1772.00,2286.62,559,1.784,2076.1,self-play,1.32e-04,0.071,0.040,0.121,0.172,0.202,0.030,0.303,0.061
4740,1373.00,2279.36,451,2.028,2077.0,self-play,1.32e-04,0.141,0.119,0.097,0.181,0.130,0.076,0.173,0.083
4741,1749.50,2267.98,377,2.022,2077.9,self-play,1.32e-04,0.157,0.039,0.148,0.164,0.118,0.105,0.148,0.121
4742,2115.50,2260.68,596,2.005,2078.5,self-play,1.32e-04,0.245,0.082,0.130,0.125,0.159,0.072,0.067,0.120
4743,2330.50,2266.63,773,2.016,2079.3,self-play,1.32e-04,0.210,0.099,0.086,0.099,0.155,0.077,0.120,0.155
4744,1259.50,2263.18,280,2.023,2080.2,self-play,1.32e-04,0.194,0.100,0.075,0.122,0.172,0.079,0.122,0.136
4745,2423.50,2255.11,561,1.756,2080.5,self-play,1.32e-04,0.163,0.019,0.087,0.183,0.365,0.038,0.106,0.038
4746,2686.00,2246.41,842,2.006,2081.3,self-play,1.32e-04,0.188,0.072,0.075,0.137,0.182,0.089,0.113,0.144
4747,1444.50,2242.11,409,2.015,2082.1,self-play,1.32e-04,0.210,0.132,0.095,0.091,0.152,0.099,0.103,0.119
4748,2654.00,2243.78,802,1.976,2082.8,self-play,1.32e-04,0.227,0.081,0.061,0.141,0.167,0.121,0.101,0.101
4749,2762.00,2249.30,939,2.014,2084.0,self-play,1.32e-04,0.227,0.084,0.071,0.112,0.138,0.107,0.128,0.133
4750,4249.50,2282.16,1438,1.857,2084.4,self-play,1.32e-04,0.091,0.020,0.141,0.141,0.071,0.354,0.131,0.051
4751,2073.00,2289.31,494,1.974,2085.1,self-play,1.32e-04,0.134,0.040,0.125,0.129,0.098,0.250,0.076,0.147
4752,3668.00,2306.07,923,1.911,2085.4,self-play,1.32e-04,0.078,0.029,0.157,0.098,0.137,0.294,0.118,0.088
4753,2566.00,2318.55,326,2.008,2086.1,self-play,1.32e-04,0.169,0.078,0.140,0.115,0.099,0.206,0.049,0.144
4754,1527.00,2318.25,373,2.051,2086.8,self-play,1.32e-04,0.164,0.095,0.085,0.169,0.143,0.095,0.095,0.153
4755,1565.00,2313.66,456,2.048,2087.7,self-play,1.32e-04,0.181,0.067,0.063,0.185,0.126,0.122,0.119,0.137
4756,3853.50,2319.25,906,2.008,2089.4,self-play,1.32e-04,0.146,0.086,0.113,0.116,0.091,0.164,0.071,0.212
4757,2819.50,2322.43,589,1.953,2090.4,self-play,1.32e-04,0.069,0.054,0.264,0.181,0.101,0.116,0.072,0.141
4758,2619.00,2327.64,775,1.917,2090.7,self-play,1.32e-04,0.093,0.028,0.178,0.262,0.056,0.140,0.131,0.112
4759,3431.00,2344.30,1040,2.013,2092.3,self-play,1.32e-04,0.087,0.121,0.095,0.142,0.110,0.153,0.104,0.189
4760,1697.00,2348.45,367,2.003,2092.9,self-play,1.32e-04,0.065,0.059,0.247,0.147,0.094,0.071,0.100,0.218
4761,947.00,2332.11,285,2.034,2094.2,self-play,1.32e-04,0.079,0.145,0.130,0.137,0.079,0.160,0.102,0.168
4762,2069.00,2332.90,333,1.998,2094.5,self-play,1.32e-04,0.081,0.051,0.242,0.131,0.131,0.091,0.091,0.182
4763,2828.50,2328.72,859,1.978,2094.8,self-play,1.32e-04,0.138,0.043,0.149,0.170,0.096,0.117,0.064,0.223
4764,2911.50,2343.61,760,1.964,2095.1,self-play,1.32e-04,0.050,0.020,0.240,0.230,0.140,0.100,0.100,0.120
4765,3496.00,2359.16,972,2.020,2095.7,self-play,1.32e-04,0.143,0.065,0.077,0.167,0.137,0.155,0.107,0.149
4766,3737.00,2376.53,836,1.986,2096.0,self-play,1.32e-04,0.189,0.047,0.173,0.157,0.157,0.126,0.055,0.094
4767,3006.00,2398.64,830,2.016,2097.4,self-play,1.32e-04,0.154,0.118,0.095,0.171,0.067,0.155,0.069,0.170
4768,2009.50,2410.41,450,1.980,2097.8,self-play,1.32e-04,0.085,0.033,0.190,0.183,0.150,0.150,0.065,0.144
4769,3098.50,2408.75,824,2.019,2098.9,self-play,1.32e-04,0.116,0.086,0.120,0.193,0.092,0.157,0.073,0.163
4770,4692.00,2443.88,1492,1.987,2099.4,self-play,1.32e-04,0.096,0.032,0.135,0.199,0.154,0.103,0.109,0.173
4771,3118.00,2453.09,903,1.923,2099.7,self-play,1.32e-04,0.088,0.056,0.168,0.272,0.056,0.152,0.072,0.136
4772,2341.00,2445.19,380,1.977,2100.6,self-play,1.32e-04,0.125,0.080,0.187,0.199,0.086,0.116,0.050,0.157
4773,2790.50,2463.91,674,2.028,2101.3,self-play,1.32e-04,0.118,0.066,0.170,0.173,0.070,0.177,0.089,0.137
4774,2516.00,2457.22,735,2.035,2101.8,self-play,1.32e-04,0.106,0.121,0.182,0.086,0.121,0.136,0.136,0.111
4775,2360.50,2457.68,617,2.042,2102.6,self-play,1.32e-04,0.126,0.120,0.135,0.111,0.102,0.120,0.120,0.168
4776,3159.00,2459.34,993,1.953,2102.9,self-play,1.32e-04,0.155,0.064,0.118,0.073,0.200,0.145,0.118,0.127
4777,2011.50,2440.95,712,2.028,2103.4,self-play,1.32e-04,0.173,0.048,0.149,0.101,0.159,0.096,0.130,0.144
4778,2157.50,2448.14,559,1.987,2103.8,self-play,1.32e-04,0.223,0.068,0.108,0.068,0.176,0.088,0.122,0.149
4779,2751.00,2456.98,642,1.834,2104.0,self-play,1.32e-04,0.267,0.178,0.111,0.000,0.089,0.067,0.267,0.022
4780,2962.50,2464.49,965,2.005,2104.8,self-play,1.32e-04,0.190,0.101,0.112,0.095,0.144,0.086,0.121,0.152
4781,2325.50,2461.46,703,1.684,2105.0,self-play,1.32e-04,0.209,0.093,0.116,0.023,0.047,0.116,0.349,0.047
4782,3543.00,2463.00,1191,2.022,2106.7,self-play,1.32e-04,0.220,0.075,0.088,0.126,0.101,0.098,0.124,0.167
4783,2655.00,2464.30,844,1.977,2107.1,self-play,1.32e-04,0.096,0.191,0.146,0.064,0.115,0.096,0.172,0.121
4784,1845.00,2464.91,592,2.039,2108.2,self-play,1.32e-04,0.112,0.122,0.142,0.048,0.129,0.119,0.178,0.150
4785,2682.50,2478.82,841,2.043,2109.5,self-play,1.32e-04,0.196,0.096,0.115,0.111,0.133,0.100,0.122,0.127
4786,2562.00,2463.85,609,2.031,2109.9,self-play,1.32e-04,0.122,0.088,0.162,0.101,0.169,0.135,0.115,0.108
4787,1475.00,2462.71,379,2.025,2111.1,self-play,1.32e-04,0.173,0.082,0.112,0.125,0.147,0.136,0.099,0.125
4788,1896.50,2437.57,399,2.019,2112.3,self-play,1.32e-04,0.211,0.073,0.092,0.077,0.174,0.148,0.077,0.148
4789,3220.50,2441.93,982,1.914,2112.6,self-play,1.32e-04,0.202,0.048,0.135,0.077,0.115,0.144,0.067,0.212
4790,2403.50,2437.24,653,1.993,2113.2,self-play,1.32e-04,0.144,0.044,0.116,0.080,0.184,0.144,0.108,0.180
4791,3639.50,2445.64,1060,1.948,2113.7,self-play,1.32e-04,0.236,0.034,0.061,0.122,0.196,0.088,0.047,0.216
4792,3865.50,2462.20,1224,2.002,2114.7,self-play,1.32e-04,0.171,0.069,0.084,0.094,0.186,0.099,0.125,0.171
4793,3042.50,2476.24,879,2.002,2115.4,self-play,1.32e-04,0.177,0.076,0.097,0.131,0.177,0.089,0.080,0.173
4794,4601.50,2489.55,1180,2.014,2116.2,self-play,1.32e-04,0.162,0.105,0.115,0.121,0.182,0.102,0.073,0.140
4795,1036.00,2473.49,254,1.928,2116.6,self-play,1.32e-04,0.165,0.041,0.215,0.149,0.107,0.140,0.066,0.116
4796,4839.50,2492.57,1543,2.001,2117.5,self-play,1.32e-04,0.203,0.086,0.089,0.106,0.136,0.114,0.092,0.175
4797,1851.50,2483.97,489,2.018,2118.5,self-play,1.32e-04,0.191,0.084,0.124,0.103,0.124,0.126,0.100,0.149
4798,4374.00,2503.85,1405,1.879,2118.9,self-play,1.32e-04,0.422,0.110,0.110,0.123,0.039,0.039,0.097,0.058
4799,1922.00,2496.52,520,2.040,2119.7,self-play,1.32e-04,0.164,0.109,0.130,0.140,0.150,0.078,0.099,0.130
4800,3360.50,2519.91,851,2.029,2120.5,self-play,1.28e-04,0.148,0.127,0.102,0.225,0.160,0.037,0.082,0.119
4801,3941.50,2541.72,1205,2.015,2121.9,self-play,1.28e-04,0.139,0.109,0.081,0.137,0.170,0.078,0.124,0.163
4802,2230.00,2535.20,350,2.020,2122.4,self-play,1.28e-04,0.139,0.150,0.133,0.083,0.161,0.139,0.056,0.139
4803,3352.50,2544.93,1022,2.019,2122.9,self-play,1.28e-04,0.131,0.153,0.120,0.104,0.087,0.180,0.055,0.169
4804,4359.00,2564.52,1371,2.040,2124.0,self-play,1.28e-04,0.142,0.098,0.108,0.096,0.160,0.114,0.112,0.169
4805,1742.00,2560.89,546,2.040,2124.6,self-play,1.28e-04,0.179,0.123,0.090,0.104,0.189,0.038,0.165,0.113
4806,1010.00,2541.02,298,2.053,2125.3,self-play,1.28e-04,0.121,0.074,0.097,0.117,0.191,0.109,0.167,0.125
4807,2438.50,2545.72,719,1.883,2125.9,self-play,1.28e-04,0.127,0.277,0.103,0.103,0.150,0.085,0.094,0.061
4808,939.50,2542.74,271,2.014,2127.1,self-play,1.28e-04,0.123,0.232,0.112,0.107,0.131,0.126,0.098,0.071
4809,3454.00,2537.95,992,1.886,2127.8,self-play,1.28e-04,0.143,0.348,0.043,0.105,0.095,0.086,0.090,0.090
4810,2817.00,2552.93,855,1.959,2128.3,self-play,1.28e-04,0.145,0.226,0.075,0.170,0.138,0.082,0.094,0.069
4811,2842.00,2563.68,972,1.971,2128.8,self-play,1.28e-04,0.174,0.162,0.078,0.240,0.084,0.060,0.138,0.066
4812,3074.00,2563.83,742,1.940,2129.2,self-play,1.28e-04,0.190,0.231,0.082,0.156,0.102,0.041,0.109,0.088
4813,1750.00,2538.00,575,2.027,2130.5,self-play,1.28e-04,0.171,0.130,0.083,0.139,0.122,0.059,0.181,0.115
4814,2848.00,2547.22,924,2.024,2131.1,self-play,1.28e-04,0.209,0.095,0.132,0.105,0.127,0.059,0.164,0.109
4815,2755.50,2549.74,952,2.029,2132.9,self-play,1.28e-04,0.132,0.089,0.061,0.132,0.145,0.125,0.175,0.141
4816,2438.50,2550.84,635,2.048,2133.7,self-play,1.28e-04,0.154,0.087,0.091,0.134,0.150,0.095,0.162,0.126
4817,3045.00,2562.49,883,2.030,2135.8,self-play,1.28e-04,0.170,0.094,0.088,0.131,0.185,0.090,0.128,0.113
4818,1720.50,2542.43,394,2.045,2137.7,self-play,1.28e-04,0.178,0.136,0.107,0.139,0.141,0.096,0.118,0.085
4819,2875.00,2542.72,786,1.720,2138.2,self-play,1.28e-04,0.217,0.182,0.056,0.280,0.077,0.049,0.091,0.049
4820,2527.00,2536.55,639,1.792,2138.9,self-play,1.28e-04,0.178,0.100,0.074,0.316,0.104,0.041,0.145,0.041
4821,2318.50,2549.34,560,1.350,2139.2,self-play,1.28e-04,0.230,0.040,0.070,0.500,0.050,0.010,0.080,0.020
4822,522.00,2535.20,189,1.874,2140.3,self-play,1.28e-04,0.123,0.070,0.120,0.277,0.109,0.034,0.226,0.042
4823,4431.50,2558.31,1356,1.629,2140.7,self-play,1.28e-04,0.192,0.033,0.150,0.433,0.033,0.017,0.108,0.033
4824,1973.50,2552.80,653,1.875,2141.2,self-play,1.28e-04,0.198,0.052,0.145,0.250,0.110,0.006,0.192,0.047
4825,3290.50,2557.95,743,1.828,2141.6,self-play,1.28e-04,0.244,0.053,0.145,0.145,0.115,0.038,0.191,0.069
4826,2044.00,2562.46,680,1.942,2143.3,self-play,1.28e-04,0.243,0.108,0.082,0.153,0.119,0.035,0.215,0.045
4827,1434.50,2559.11,485,1.806,2143.7,self-play,1.28e-04,0.418,0.118,0.100,0.045,0.136,0.000,0.155,0.027
4828,4933.00,2581.91,1709,1.718,2144.1,self-play,1.28e-04,0.382,0.187,0.089,0.057,0.130,0.000,0.122,0.033
4829,1189.00,2568.01,396,1.905,2144.7,self-play,1.28e-04,0.305,0.175,0.085,0.072,0.135,0.040,0.179,0.009
4830,1365.00,2560.16,453,1.934,2145.3,self-play,1.28e-04,0.220,0.156,0.064,0.145,0.139,0.040,0.208,0.029
4831,2882.00,2566.06,945,1.954,2146.2,self-play,1.28e-04,0.179,0.133,0.110,0.106,0.224,0.019,0.167,0.061
4832,3959.00,2582.69,883,1.817,2146.7,self-play,1.28e-04,0.218,0.079,0.129,0.069,0.297,0.000,0.149,0.059
4833,3042.50,2597.49,995,1.934,2147.3,self-play,1.28e-04,0.247,0.089,0.116,0.130,0.164,0.014,0.137,0.103
4834,1130.50,2586.55,298,1.964,2148.1,self-play,1.28e-04,0.197,0.114,0.087,0.114,0.188,0.022,0.179,0.100
4835,4154.00,2618.30,1067,1.801,2148.4,self-play,1.28e-04,0.225,0.118,0.088,0.098,0.225,0.000,0.098,0.147
4836,1835.00,2617.34,614,1.947,2149.0,self-play,1.28e-04,0.241,0.126,0.080,0.098,0.132,0.011,0.149,0.161
4837,3221.50,2631.30,960,1.877,2149.3,self-play,1.28e-04,0.179,0.090,0.179,0.038,0.218,0.000,0.128,0.167
4838,2526.00,2631.53,821,1.959,2150.0,self-play,1.28e-04,0.184,0.150,0.048,0.092,0.184,0.024,0.188,0.130
4839,1233.00,2626.14,403,1.981,2151.2,self-play,1.28e-04,0.152,0.117,0.121,0.113,0.191,0.043,0.148,0.117
4840,2943.50,2641.85,743,1.764,2152.0,self-play,1.28e-04,0.081,0.145,0.116,0.349,0.093,0.012,0.140,0.064
4841,2764.50,2652.00,728,1.813,2152.7,self-play,1.28e-04,0.088,0.135,0.095,0.466,0.061,0.000,0.068,0.088
4842,4078.50,2671.63,1091,1.876,2153.3,self-play,1.28e-04,0.096,0.199,0.191,0.228,0.074,0.000,0.088,0.125
4843,2424.00,2672.57,477,1.888,2153.6,self-play,1.28e-04,0.183,0.202,0.135,0.212,0.135,0.000,0.087,0.048
4844,1166.00,2671.63,381,1.976,2154.7,self-play,1.28e-04,0.124,0.144,0.080,0.251,0.160,0.028,0.138,0.075
4845,2041.50,2667.81,316,1.903,2155.1,self-play,1.28e-04,0.224,0.075,0.179,0.194,0.112,0.022,0.037,0.157
4846,3029.50,2671.24,525,1.860,2155.4,self-play,1.28e-04,0.100,0.133,0.222,0.233,0.156,0.000,0.056,0.100
4847,1162.00,2668.42,349,2.013,2156.3,self-play,1.28e-04,0.168,0.099,0.125,0.220,0.136,0.048,0.114,0.092
4848,1872.00,2660.60,477,2.007,2157.7,self-play,1.28e-04,0.139,0.102,0.119,0.215,0.165,0.056,0.089,0.115
4849,2110.50,2654.09,365,2.016,2158.6,self-play,1.28e-04,0.132,0.188,0.086,0.192,0.162,0.068,0.045,0.128
4850,2470.00,2636.29,412,2.025,2159.7,self-play,1.28e-04,0.142,0.122,0.128,0.133,0.151,0.096,0.067,0.162
4851,2030.00,2635.86,549,2.007,2160.3,self-play,1.28e-04,0.129,0.144,0.119,0.183,0.099,0.099,0.069,0.158
4852,2607.00,2625.25,370,1.953,2160.9,self-play,1.28e-04,0.069,0.115,0.121,0.230,0.109,0.115,0.023,0.218
4853,3136.50,2630.95,458,1.925,2161.4,self-play,1.28e-04,0.134,0.108,0.089,0.197,0.115,0.076,0.051,0.229
4854,3192.00,2647.61,481,1.886,2161.8,self-play,1.28e-04,0.132,0.199,0.081,0.191,0.125,0.051,0.037,0.184
4855,2337.00,2655.32,483,2.019,2162.7,self-play,1.28e-04,0.103,0.097,0.081,0.206,0.152,0.081,0.087,0.194
4856,2190.50,2638.70,562,1.943,2163.2,self-play,1.28e-04,0.142,0.057,0.113,0.248,0.135,0.035,0.121,0.149
4857,1299.50,2623.49,373,2.007,2164.0,self-play,1.28e-04,0.141,0.063,0.137,0.195,0.117,0.078,0.132,0.137
4858,2705.50,2624.36,776,2.017,2165.4,self-play,1.28e-04,0.180,0.083,0.099,0.180,0.113,0.079,0.134,0.132
4859,2336.50,2613.41,599,1.999,2166.1,self-play,1.28e-04,0.113,0.082,0.121,0.152,0.130,0.100,0.160,0.143
4860,2330.50,2619.75,619,2.022,2167.0,self-play,1.28e-04,0.121,0.073,0.104,0.156,0.145,0.090,0.149,0.163
4861,1857.00,2628.85,425,1.899,2167.3,self-play,1.28e-04,0.132,0.132,0.118,0.132,0.066,0.105,0.184,0.132
4862,1711.00,2625.27,371,1.422,2167.5,self-play,1.28e-04,0.191,0.021,0.021,0.064,0.106,0.000,0.447,0.149
4863,1306.50,2610.05,461,1.990,2168.4,self-play,1.28e-04,0.213,0.040,0.127,0.164,0.111,0.090,0.157,0.099
4864,2393.50,2604.87,756,1.761,2168.7,self-play,1.28e-04,0.208,0.009,0.038,0.236,0.179,0.057,0.236,0.038
4865,1990.50,2589.82,552,1.932,2169.3,self-play,1.28e-04,0.274,0.034,0.074,0.194,0.097,0.137,0.131,0.057
4866,1715.00,2569.59,496,1.954,2169.9,self-play,1.28e-04,0.246,0.040,0.025,0.171,0.101,0.171,0.146,0.101
4867,1950.50,2559.04,595,1.988,2171.2,self-play,1.28e-04,0.190,0.076,0.048,0.221,0.107,0.105,0.116,0.138
4868,2715.50,2566.10,620,1.835,2171.5,self-play,1.28e-04,0.172,0.061,0.010,0.162,0.283,0.040,0.152,0.121
4869,4928.00,2584.39,1574,1.957,2172.1,self-play,1.28e-04,0.166,0.053,0.047,0.189,0.178,0.107,0.166,0.095
4870,1794.00,2555.41,561,2.021,2173.0,self-play,1.28e-04,0.189,0.074,0.074,0.144,0.144,0.102,0.147,0.126
4871,1714.50,2541.38,456,2.004,2173.8,self-play,1.28e-04,0.143,0.117,0.060,0.075,0.192,0.180,0.147,0.086
4872,3437.00,2552.34,912,1.672,2174.3,self-play,1.28e-04,0.053,0.079,0.033,0.039,0.539,0.086,0.072,0.099
4873,791.00,2532.34,280,2.038,2174.9,self-play,1.28e-04,0.134,0.055,0.109,0.129,0.154,0.119,0.189,0.109
4874,1507.00,2522.26,502,2.022,2176.1,self-play,1.28e-04,0.095,0.083,0.098,0.075,0.176,0.161,0.173,0.138
4875,1274.00,2511.39,211,1.995,2177.1,self-play,1.28e-04,0.073,0.136,0.085,0.060,0.151,0.254,0.124,0.118
4876,2173.50,2501.53,602,1.983,2177.9,self-play,1.28e-04,0.057,0.199,0.073,0.088,0.180,0.230,0.084,0.088
4877,1840.00,2499.82,22,1.719,2178.2,self-play,1.28e-04,0.054,0.198,0.000,0.045,0.360,0.162,0.063,0.117
4878,2695.00,2505.20,504,1.963,2178.8,self-play,1.28e-04,0.072,0.133,0.056,0.092,0.241,0.185,0.067,0.154
4879,1900.50,2496.69,564,2.029,2179.8,self-play,1.28e-04,0.105,0.125,0.072,0.109,0.234,0.141,0.099,0.115
4880,2413.00,2491.20,691,2.037,2180.6,self-play,1.28e-04,0.113,0.085,0.089,0.124,0.142,0.213,0.089,0.145
4881,1309.00,2481.03,355,2.043,2181.4,self-play,1.28e-04,0.169,0.098,0.047,0.150,0.150,0.150,0.118,0.118
4882,5274.50,2498.34,1411,2.021,2185.9,self-play,1.28e-04,0.156,0.113,0.099,0.126,0.107,0.158,0.085,0.156
4883,1838.50,2490.18,459,2.033,2188.1,self-play,1.28e-04,0.147,0.140,0.084,0.165,0.120,0.130,0.100,0.115
4884,3333.00,2505.06,772,1.723,2188.7,self-play,1.28e-04,0.065,0.264,0.025,0.055,0.308,0.134,0.080,0.070
4885,2135.00,2499.59,326,1.749,2189.3,self-play,1.28e-04,0.115,0.315,0.035,0.075,0.305,0.050,0.060,0.045
4886,2467.00,2498.64,461,1.877,2190.7,self-play,1.28e-04,0.171,0.242,0.114,0.173,0.166,0.024,0.058,0.052
4887,2091.00,2504.80,366,1.837,2191.5,self-play,1.28e-04,0.165,0.203,0.115,0.134,0.238,0.054,0.065,0.027
4888,1814.00,2503.97,49,1.277,2191.8,self-play,1.28e-04,0.129,0.647,0.000,0.034,0.060,0.060,0.060,0.009
4889,2093.00,2492.70,429,1.843,2192.7,self-play,1.28e-04,0.225,0.257,0.104,0.132,0.139,0.071,0.050,0.021
4890,2424.50,2492.91,714,1.830,2193.3,self-play,1.28e-04,0.164,0.340,0.080,0.101,0.130,0.088,0.080,0.017
4891,2062.00,2477.13,635,1.912,2195.1,self-play,1.28e-04,0.302,0.147,0.156,0.185,0.075,0.045,0.057,0.033
4892,3824.50,2476.72,1050,1.746,2195.5,self-play,1.28e-04,0.289,0.184,0.044,0.079,0.167,0.158,0.035,0.044
4893,2514.50,2471.44,784,1.876,2196.5,self-play,1.28e-04,0.283,0.127,0.134,0.134,0.138,0.102,0.064,0.018
4894,5192.00,2477.34,1110,1.868,2197.1,self-play,1.28e-04,0.343,0.157,0.064,0.103,0.172,0.103,0.039,0.020
4895,2959.00,2496.57,855,1.846,2197.6,self-play,1.28e-04,0.250,0.214,0.036,0.071,0.179,0.161,0.060,0.030
4896,1909.50,2467.28,403,1.934,2198.4,self-play,1.28e-04,0.224,0.147,0.085,0.085,0.166,0.201,0.073,0.019
4897,2887.00,2477.63,623,1.963,2199.3,self-play,1.28e-04,0.187,0.141,0.056,0.099,0.218,0.173,0.085,0.042
4898,2685.50,2460.74,856,1.984,2200.2,self-play,1.28e-04,0.206,0.145,0.093,0.125,0.113,0.158,0.103,0.058
4899,2280.00,2464.32,544,1.877,2200.5,self-play,1.28e-04,0.286,0.077,0.044,0.022,0.198,0.176,0.088,0.110
4900,3419.50,2464.91,1052,1.922,2200.9,self-play,1.24e-04,0.238,0.135,0.087,0.048,0.151,0.183,0.071,0.087
4901,1593.00,2441.43,521,2.016,2202.5,self-play,1.24e-04,0.217,0.095,0.112,0.118,0.142,0.120,0.136,0.059
4902,903.50,2428.16,262,2.028,2203.7,self-play,1.24e-04,0.199,0.092,0.145,0.105,0.105,0.184,0.102,0.069
4903,3705.00,2431.69,940,1.895,2204.0,self-play,1.24e-04,0.075,0.112,0.075,0.056,0.262,0.196,0.112,0.112
4904,2231.50,2410.41,593,1.915,2204.3,self-play,1.24e-04,0.136,0.096,0.096,0.048,0.272,0.176,0.120,0.056
4905,3105.00,2424.05,754,1.963,2205.0,self-play,1.24e-04,0.173,0.091,0.100,0.048,0.281,0.143,0.108,0.056
4906,1499.50,2428.94,314,2.021,2205.8,self-play,1.24e-04,0.158,0.102,0.123,0.109,0.204,0.151,0.095,0.056
4907,1353.00,2418.09,325,2.037,2206.7,self-play,1.24e-04,0.135,0.138,0.162,0.123,0.173,0.131,0.092,0.046
4908,1536.00,2424.05,433,2.026,2207.8,self-play,1.24e-04,0.121,0.107,0.210,0.140,0.132,0.110,0.114,0.066
4909,1797.50,2407.49,443,2.013,2208.6,self-play,1.24e-04,0.088,0.124,0.127,0.147,0.147,0.151,0.104,0.112
4910,2232.50,2401.64,619,1.960,2209.2,self-play,1.24e-04,0.058,0.097,0.121,0.068,0.179,0.275,0.092,0.111
4911,4054.50,2413.76,1217,1.857,2209.5,self-play,1.24e-04,0.037,0.056,0.157,0.046,0.130,0.315,0.083,0.176
4912,2790.50,2410.93,844,1.988,2209.9,self-play,1.24e-04,0.089,0.105,0.177,0.097,0.097,0.129,0.153,0.153
4913,1914.50,2412.57,496,2.024,2210.9,self-play,1.24e-04,0.084,0.084,0.184,0.184,0.175,0.075,0.099,0.114
4914,1661.00,2400.70,418,2.008,2211.4,self-play,1.24e-04,0.091,0.091,0.230,0.073,0.115,0.097,0.115,0.188
4915,2832.50,2401.47,926,1.932,2211.9,self-play,1.24e-04,0.071,0.118,0.224,0.076,0.106,0.041,0.224,0.141
4916,1957.50,2396.66,487,1.964,2212.4,self-play,1.24e-04,0.062,0.090,0.194,0.062,0.125,0.069,0.208,0.188
4917,1879.00,2385.01,587,2.047,2213.4,self-play,1.24e-04,0.112,0.127,0.178,0.127,0.109,0.112,0.124,0.109
4918,4080.00,2408.60,1263,1.893,2214.0,self-play,1.24e-04,0.034,0.188,0.120,0.048,0.130,0.091,0.087,0.303
4919,1760.50,2397.45,440,2.036,2215.0,self-play,1.24e-04,0.114,0.143,0.111,0.114,0.151,0.100,0.097,0.169
4920,4356.50,2415.75,1438,1.853,2215.4,self-play,1.24e-04,0.091,0.111,0.081,0.061,0.253,0.020,0.030,0.354
4921,2731.00,2419.88,499,1.900,2215.7,self-play,1.24e-04,0.113,0.160,0.085,0.132,0.208,0.028,0.057,0.217
4922,2691.50,2441.57,536,2.014,2216.6,self-play,1.24e-04,0.152,0.118,0.125,0.105,0.152,0.115,0.047,0.186
4923,2883.50,2426.09,685,1.969,2217.1,self-play,1.24e-04,0.123,0.080,0.193,0.064,0.187,0.112,0.059,0.182
4924,3916.00,2445.51,1200,1.998,2217.5,self-play,1.24e-04,0.141,0.094,0.156,0.062,0.180,0.086,0.062,0.219
4925,1716.00,2429.77,469,2.055,2218.4,self-play,1.24e-04,0.155,0.076,0.144,0.105,0.184,0.097,0.097,0.141
4926,3960.00,2448.93,872,1.929,2218.8,self-play,1.24e-04,0.097,0.137,0.073,0.081,0.258,0.145,0.105,0.105
4927,2532.00,2459.91,602,1.981,2219.4,self-play,1.24e-04,0.080,0.145,0.080,0.075,0.285,0.150,0.080,0.105
4928,2020.50,2430.78,583,1.805,2219.6,self-play,1.24e-04,0.047,0.188,0.016,0.109,0.297,0.031,0.203,0.109
4929,2528.50,2444.18,608,2.036,2220.3,self-play,1.24e-04,0.111,0.120,0.034,0.124,0.214,0.150,0.132,0.115
4930,2798.00,2458.51,869,2.036,2220.9,self-play,1.24e-04,0.133,0.143,0.067,0.167,0.171,0.090,0.114,0.114
4931,1699.00,2446.68,569,2.045,2221.7,self-play,1.24e-04,0.121,0.128,0.088,0.128,0.183,0.132,0.125,0.095
4932,1160.00,2418.68,327,2.035,2222.4,self-play,1.24e-04,0.098,0.083,0.067,0.119,0.202,0.130,0.155,0.145
4933,2002.00,2408.28,455,1.971,2222.8,self-play,1.24e-04,0.133,0.039,0.102,0.125,0.164,0.109,0.086,0.242
4934,1057.00,2407.55,249,1.985,2223.3,self-play,1.24e-04,0.094,0.029,0.115,0.101,0.245,0.115,0.122,0.180
4935,2398.00,2389.99,524,1.848,2223.7,self-play,1.24e-04,0.088,0.018,0.096,0.070,0.333,0.061,0.149,0.184
4936,2432.00,2395.95,631,2.036,2225.6,self-play,1.24e-04,0.160,0.096,0.107,0.140,0.162,0.123,0.097,0.115
4937,3960.00,2403.34,1004,1.878,2226.1,self-play,1.24e-04,0.073,0.073,0.093,0.033,0.238,0.159,0.132,0.199
4938,2335.50,2401.43,478,2.032,2227.1,self-play,1.24e-04,0.110,0.082,0.134,0.123,0.159,0.129,0.121,0.142
4939,2899.50,2418.10,596,1.969,2227.6,self-play,1.24e-04,0.095,0.057,0.177,0.070,0.203,0.127,0.063,0.209
4940,2887.50,2417.54,598,1.981,2228.2,self-play,1.24e-04,0.094,0.064,0.187,0.053,0.181,0.164,0.082,0.175
4941,2681.50,2416.71,300,2.028,2228.9,self-play,1.24e-04,0.116,0.062,0.164,0.093,0.209,0.129,0.084,0.142
4942,1896.50,2394.89,569,2.034,2229.4,self-play,1.24e-04,0.119,0.100,0.175,0.100,0.175,0.119,0.100,0.113
4943,2420.50,2394.86,619,2.049,2230.1,self-play,1.24e-04,0.157,0.117,0.117,0.081,0.175,0.126,0.099,0.130
4944,2764.00,2410.84,970,2.030,2230.6,self-play,1.24e-04,0.127,0.085,0.127,0.113,0.134,0.113,0.190,0.113
4945,1892.00,2409.34,445,2.048,2231.2,self-play,1.24e-04,0.138,0.125,0.156,0.147,0.179,0.085,0.121,0.049
4946,1970.00,2398.74,578,2.032,2231.9,self-play,1.24e-04,0.181,0.102,0.133,0.133,0.090,0.084,0.114,0.163
4947,2580.00,2412.93,702,1.991,2232.5,self-play,1.24e-04,0.149,0.123,0.128,0.185,0.108,0.092,0.133,0.082
4948,1207.00,2406.28,339,2.023,2233.4,self-play,1.24e-04,0.110,0.127,0.175,0.198,0.071,0.107,0.123,0.088
4949,2110.50,2406.28,402,2.027,2234.1,self-play,1.24e-04,0.134,0.134,0.173,0.186,0.061,0.091,0.091,0.130
4950,2372.00,2405.30,605,2.029,2235.2,self-play,1.24e-04,0.157,0.123,0.101,0.157,0.118,0.151,0.087,0.106
4951,2623.50,2411.23,679,1.905,2235.9,self-play,1.24e-04,0.108,0.335,0.084,0.114,0.054,0.102,0.096,0.108
4952,2435.00,2409.51,688,2.008,2236.5,self-play,1.24e-04,0.146,0.160,0.069,0.153,0.097,0.076,0.097,0.201
4953,1337.50,2391.52,324,2.054,2237.9,self-play,1.24e-04,0.133,0.151,0.125,0.153,0.090,0.120,0.095,0.133
4954,3080.50,2390.41,899,1.986,2238.8,self-play,1.24e-04,0.113,0.270,0.167,0.083,0.069,0.088,0.069,0.142
4955,2564.00,2392.68,662,2.042,2239.6,self-play,1.24e-04,0.129,0.142,0.104,0.138,0.104,0.133,0.125,0.125
4956,1355.50,2384.32,452,2.037,2240.1,self-play,1.24e-04,0.100,0.093,0.193,0.064,0.136,0.164,0.129,0.121
4957,4023.00,2411.56,1161,2.038,2242.2,self-play,1.24e-04,0.133,0.116,0.106,0.115,0.135,0.110,0.115,0.171
4958,2481.50,2409.32,676,2.017,2242.9,self-play,1.24e-04,0.171,0.075,0.105,0.075,0.096,0.254,0.096,0.127
4959,1321.00,2399.16,344,2.011,2243.8,self-play,1.24e-04,0.148,0.084,0.110,0.110,0.080,0.255,0.106,0.106
4960,203.00,2377.89,75,1.120,2243.9,self-play,1.24e-04,0.694,0.000,0.000,0.028,0.000,0.000,0.278,0.000
4961,1626.00,2375.58,568,2.039,2245.1,self-play,1.24e-04,0.180,0.073,0.170,0.120,0.125,0.159,0.112,0.060
4962,1159.00,2370.06,349,2.035,2246.0,self-play,1.24e-04,0.183,0.127,0.139,0.103,0.131,0.139,0.103,0.075
4963,2316.50,2380.16,613,2.025,2247.0,self-play,1.24e-04,0.199,0.100,0.151,0.086,0.134,0.131,0.100,0.100
4964,3253.00,2388.76,1100,2.040,2248.1,self-play,1.24e-04,0.158,0.130,0.115,0.096,0.121,0.168,0.118,0.093
4965,1753.00,2386.38,468,2.029,2249.0,self-play,1.24e-04,0.163,0.171,0.156,0.087,0.160,0.103,0.095,0.065
4966,2101.00,2390.24,510,1.991,2249.5,self-play,1.24e-04,0.258,0.121,0.165,0.104,0.143,0.044,0.088,0.077
4967,2748.50,2398.22,777,1.990,2250.2,self-play,1.24e-04,0.179,0.087,0.164,0.113,0.144,0.113,0.123,0.077
4968,2476.50,2395.83,845,1.528,2250.4,self-play,1.24e-04,0.340,0.100,0.100,0.100,0.160,0.060,0.100,0.040
4969,3476.00,2381.31,1036,1.959,2251.0,self-play,1.24e-04,0.232,0.103,0.161,0.123,0.148,0.077,0.097,0.058
4970,3988.00,2403.25,1253,1.272,2251.2,self-play,1.24e-04,0.600,0.060,0.060,0.140,0.020,0.020,0.100,0.000
4971,2798.00,2414.09,693,2.051,2252.8,self-play,1.24e-04,0.156,0.112,0.150,0.134,0.148,0.114,0.097,0.089
4972,1360.00,2393.32,471,2.059,2254.4,self-play,1.24e-04,0.147,0.145,0.109,0.162,0.105,0.105,0.135,0.091
4973,2018.50,2405.59,629,2.023,2255.4,self-play,1.24e-04,0.079,0.138,0.083,0.138,0.110,0.207,0.128,0.117
4974,1425.50,2404.78,353,2.038,2257.1,self-play,1.24e-04,0.075,0.133,0.085,0.093,0.122,0.197,0.114,0.180
4975,1892.00,2410.95,593,1.988,2258.0,self-play,1.24e-04,0.086,0.164,0.095,0.073,0.136,0.218,0.091,0.136
4976,1965.00,2408.87,571,1.910,2258.8,self-play,1.24e-04,0.063,0.086,0.099,0.081,0.126,0.347,0.086,0.113
4977,2079.50,2411.26,305,1.966,2259.5,self-play,1.24e-04,0.114,0.157,0.059,0.086,0.151,0.314,0.032,0.086
4978,2486.50,2409.18,704,2.015,2260.2,self-play,1.24e-04,0.122,0.091,0.117,0.147,0.152,0.178,0.091,0.102
4979,2420.50,2414.38,628,2.053,2261.3,self-play,1.24e-04,0.121,0.121,0.109,0.162,0.141,0.129,0.097,0.121
4980,1737.50,2407.62,389,1.979,2261.7,self-play,1.24e-04,0.179,0.134,0.045,0.205,0.107,0.143,0.134,0.054
4981,2061.50,2415.15,460,2.019,2262.5,self-play,1.24e-04,0.140,0.120,0.060,0.200,0.155,0.155,0.085,0.085
4982,1883.50,2381.24,376,2.035,2263.9,self-play,1.24e-04,0.166,0.094,0.102,0.196,0.110,0.130,0.092,0.110
4983,3042.50,2393.28,956,2.008,2268.7,self-play,1.24e-04,0.145,0.127,0.097,0.093,0.080,0.189,0.114,0.153
4984,1951.50,2379.47,456,1.615,2268.9,self-play,1.24e-04,0.056,0.112,0.011,0.180,0.326,0.112,0.191,0.011
4985,2891.00,2387.03,626,1.838,2269.6,self-play,1.24e-04,0.116,0.087,0.017,0.076,0.355,0.186,0.099,0.064
4986,1772.00,2380.07,450,1.945,2270.5,self-play,1.24e-04,0.080,0.125,0.061,0.131,0.254,0.177,0.095,0.076
4987,1839.50,2377.56,394,2.021,2271.6,self-play,1.24e-04,0.085,0.102,0.069,0.108,0.226,0.144,0.111,0.154
4988,1792.50,2377.34,492,2.011,2272.3,self-play,1.24e-04,0.111,0.132,0.060,0.120,0.209,0.120,0.124,0.124
4989,1846.00,2374.88,468,1.981,2273.0,self-play,1.24e-04,0.087,0.167,0.067,0.127,0.193,0.127,0.147,0.087
4990,1734.50,2367.97,419,1.878,2273.4,self-play,1.24e-04,0.185,0.148,0.093,0.139,0.167,0.056,0.167,0.046
4991,2558.50,2372.94,868,1.735,2273.7,self-play,1.24e-04,0.310,0.069,0.017,0.052,0.241,0.017,0.276,0.017
4992,2959.00,2364.28,726,1.998,2274.4,self-play,1.24e-04,0.153,0.113,0.102,0.130,0.215,0.090,0.124,0.073
4993,3635.50,2375.49,806,1.631,2274.6,self-play,1.24e-04,0.391,0.047,0.047,0.062,0.297,0.062,0.078,0.016
4994,2158.00,2345.16,782,1.640,2274.9,self-play,1.24e-04,0.368,0.059,0.074,0.015,0.353,0.029,0.088,0.015
4995,1919.50,2334.76,275,2.036,2275.8,self-play,1.24e-04,0.129,0.125,0.095,0.106,0.194,0.122,0.084,0.144
4996,974.00,2325.41,315,2.046,2276.4,self-play,1.24e-04,0.071,0.116,0.174,0.123,0.181,0.155,0.097,0.084
4997,1724.00,2313.78,531,1.959,2276.9,self-play,1.24e-04,0.115,0.115,0.185,0.046,0.223,0.077,0.177,0.062
4998,2469.50,2311.61,751,1.828,2277.2,self-play,1.24e-04,0.108,0.154,0.138,0.062,0.200,0.062,0.262,0.015
4999,1870.00,2307.51,375,2.010,2277.9,self-play,1.24e-04,0.049,0.217,0.159,0.066,0.181,0.159,0.075,0.093
5000,2457.00,2297.89,584,2.032,2278.7,self-play,1.20e-04,0.064,0.174,0.140,0.095,0.144,0.163,0.121,0.098
