episode,reward,avg100_reward,deposited,dropoffs_built,bank_margin,win_flag,mean_entropy,elapsed_sec,opponent,current_lr,stay,north,east,south,west,random,home,prospect,dropoff
1,10403.72,10403.72,10405,0,-1595,-1,1.077,16.3,idle(warmup),2.00e-04,0.141,0.208,0.120,0.175,0.167,0.060,0.093,0.036,0.000
2,8849.06,9626.39,8682,0,-1318,-1,1.086,30.1,idle(warmup),2.00e-04,0.136,0.212,0.187,0.145,0.144,0.056,0.081,0.039,0.000
3,12577.91,10610.23,13564,0,-2436,-1,1.095,52.9,idle(warmup),2.00e-04,0.132,0.162,0.141,0.078,0.135,0.236,0.074,0.043,0.000
4,11439.73,10817.60,11965,0,-3035,-1,1.107,72.9,idle(warmup),2.00e-04,0.111,0.133,0.164,0.133,0.165,0.175,0.077,0.043,0.000
5,15376.98,11729.48,15643,0,1643,1,1.110,93.9,idle(warmup),2.00e-04,0.174,0.183,0.203,0.098,0.139,0.068,0.090,0.045,0.000
6,14925.47,12262.14,15174,0,1174,1,1.107,112.9,idle(warmup),2.00e-04,0.171,0.125,0.132,0.130,0.259,0.059,0.073,0.052,0.000
7,15221.48,12684.90,15716,0,-284,-1,1.114,134.5,idle(warmup),2.00e-04,0.156,0.101,0.170,0.218,0.091,0.141,0.075,0.049,0.000
8,20952.00,13718.29,20969,0,4969,1,1.077,157.2,idle(warmup),2.00e-04,0.200,0.172,0.161,0.142,0.167,0.029,0.081,0.048,0.000
9,15415.97,13906.92,15409,0,409,1,1.025,178.4,idle(warmup),2.00e-04,0.187,0.114,0.142,0.232,0.172,0.043,0.067,0.043,0.000
10,13457.93,13862.02,13930,0,-2070,-1,1.057,199.6,idle(warmup),2.00e-04,0.185,0.095,0.175,0.199,0.123,0.119,0.059,0.046,0.000
11,11539.08,13650.85,11335,0,335,1,1.019,215.8,idle(warmup),2.00e-04,0.144,0.277,0.198,0.120,0.110,0.023,0.094,0.034,0.000
12,15508.98,13805.69,15594,0,-406,-1,1.050,235.4,idle(warmup),2.00e-04,0.185,0.160,0.114,0.131,0.242,0.063,0.070,0.036,0.000
13,8070.81,13364.55,8535,0,-4465,-1,1.053,252.8,idle(warmup),2.00e-04,0.135,0.134,0.102,0.144,0.206,0.182,0.061,0.036,0.000
14,10074.80,13129.56,10567,0,-3433,-1,1.052,271.0,idle(warmup),2.00e-04,0.134,0.220,0.129,0.100,0.163,0.175,0.053,0.027,0.000
15,24092.50,13860.43,24191,0,8191,1,1.007,293.3,idle(warmup),2.00e-04,0.177,0.217,0.110,0.121,0.232,0.026,0.084,0.033,0.000
16,13581.40,13842.99,13531,0,-469,-1,1.006,311.6,idle(warmup),2.00e-04,0.146,0.238,0.131,0.150,0.173,0.031,0.103,0.029,0.000
17,9583.64,13592.44,9567,0,-433,-1,1.024,326.8,idle(warmup),2.00e-04,0.119,0.182,0.145,0.231,0.140,0.068,0.081,0.034,0.000
18,16467.49,13752.16,17100,0,1100,1,1.051,351.9,idle(warmup),2.00e-04,0.169,0.114,0.204,0.141,0.182,0.099,0.057,0.034,0.000
19,12145.27,13667.59,12259,0,-2741,-1,0.971,371.7,idle(warmup),2.00e-04,0.161,0.187,0.143,0.233,0.128,0.055,0.071,0.023,0.000
20,21876.50,14078.04,22057,0,6057,1,0.952,396.2,idle(warmup),2.00e-04,0.192,0.094,0.135,0.234,0.237,0.016,0.070,0.022,0.000
21,19727.00,14347.03,19694,0,3694,1,0.987,416.1,idle(warmup),2.00e-04,0.191,0.126,0.184,0.207,0.158,0.012,0.097,0.025,0.000
22,14493.44,14353.69,14366,0,1366,1,0.979,436.7,idle(warmup),2.00e-04,0.221,0.226,0.203,0.112,0.131,0.016,0.064,0.026,0.000
23,15248.97,14392.61,15186,0,186,1,0.987,457.7,idle(warmup),2.00e-04,0.159,0.275,0.162,0.111,0.173,0.019,0.082,0.018,0.000
24,13943.42,14373.90,13872,0,-128,-1,1.004,476.8,idle(warmup),2.00e-04,0.186,0.210,0.143,0.117,0.229,0.028,0.065,0.021,0.000
25,19375.50,14573.96,19144,0,3144,1,1.018,497.0,idle(warmup),2.00e-04,0.188,0.184,0.119,0.198,0.174,0.014,0.094,0.030,0.000
26,13637.40,14537.94,13464,0,-536,-1,0.987,516.4,idle(warmup),2.00e-04,0.156,0.110,0.136,0.286,0.189,0.013,0.082,0.028,0.000
27,10926.33,14404.18,10630,0,-370,-1,0.987,533.5,idle(warmup),2.00e-04,0.175,0.147,0.173,0.249,0.155,0.018,0.056,0.028,0.000
28,13662.40,14377.68,13421,0,1421,1,1.002,549.0,idle(warmup),2.00e-04,0.146,0.204,0.176,0.223,0.133,0.012,0.079,0.026,0.000
29,21852.50,14635.44,21960,0,5960,1,1.032,574.9,idle(warmup),2.00e-04,0.171,0.118,0.189,0.212,0.203,0.018,0.060,0.029,0.000
30,16717.49,14704.84,16612,0,612,1,1.060,597.5,idle(warmup),2.00e-04,0.236,0.203,0.174,0.110,0.167,0.017,0.056,0.037,0.000
31,17729.49,14802.41,17561,0,1561,1,1.057,618.6,idle(warmup),2.00e-04,0.202,0.252,0.137,0.142,0.156,0.012,0.062,0.038,0.000
32,16037.98,14841.02,15960,0,960,1,1.033,636.2,idle(warmup),2.00e-04,0.224,0.155,0.172,0.193,0.142,0.016,0.060,0.039,0.000
33,17693.49,14927.46,17754,0,1754,1,1.078,656.2,idle(warmup),2.00e-04,0.226,0.238,0.144,0.092,0.179,0.022,0.058,0.040,0.000
34,25564.00,15240.30,25515,0,9515,1,1.118,677.8,idle(warmup),2.00e-04,0.251,0.159,0.124,0.166,0.194,0.021,0.048,0.038,0.000
35,13823.91,15199.83,13562,0,562,1,1.028,695.2,idle(warmup),2.00e-04,0.254,0.151,0.128,0.208,0.156,0.013,0.050,0.040,0.000
36,18240.50,15284.29,18169,0,2169,1,1.149,713.6,idle(warmup),2.00e-04,0.260,0.180,0.174,0.129,0.156,0.026,0.040,0.035,0.000
37,11678.62,15186.84,11481,0,-519,-1,1.128,739.3,idle(warmup),2.00e-04,0.203,0.249,0.157,0.126,0.136,0.033,0.053,0.045,0.000
38,20852.50,15335.94,20940,0,4940,1,1.139,760.0,idle(warmup),2.00e-04,0.242,0.223,0.145,0.095,0.169,0.030,0.042,0.054,0.000
39,9936.68,15197.50,10330,0,330,1,1.198,775.0,idle(warmup),2.00e-04,0.176,0.221,0.117,0.082,0.129,0.188,0.047,0.041,0.000
40,27093.50,15494.90,27176,0,11176,1,1.171,801.6,idle(warmup),2.00e-04,0.252,0.206,0.126,0.120,0.175,0.032,0.029,0.060,0.000
41,21858.50,15650.11,21864,0,5864,1,1.104,825.2,idle(warmup),2.00e-04,0.226,0.237,0.100,0.118,0.198,0.022,0.045,0.054,0.000
42,20625.50,15768.57,20750,0,4750,1,1.177,851.2,idle(warmup),2.00e-04,0.226,0.132,0.129,0.148,0.230,0.030,0.033,0.072,0.000
43,14600.95,15741.41,14411,0,411,1,1.116,873.2,idle(warmup),2.00e-04,0.228,0.147,0.116,0.183,0.211,0.024,0.045,0.046,0.000
44,12819.32,15675.00,12559,0,559,1,1.204,890.8,idle(warmup),2.00e-04,0.237,0.154,0.155,0.196,0.132,0.020,0.044,0.060,0.000
45,18833.50,15745.19,18752,0,2752,1,1.159,914.4,idle(warmup),2.00e-04,0.213,0.142,0.113,0.199,0.220,0.019,0.036,0.057,0.000
46,23668.50,15917.44,23773,0,7773,1,1.146,938.2,idle(warmup),2.00e-04,0.263,0.147,0.115,0.131,0.239,0.016,0.025,0.064,0.000
47,19643.00,15996.70,19521,0,3521,1,1.172,959.8,idle(warmup),2.00e-04,0.245,0.219,0.117,0.119,0.193,0.021,0.038,0.048,0.000
48,22537.00,16132.96,22592,0,6592,1,1.209,984.1,idle(warmup),2.00e-04,0.266,0.099,0.143,0.196,0.175,0.025,0.034,0.061,0.000
49,17633.99,16163.59,17574,0,2574,1,1.085,1003.6,idle(warmup),2.00e-04,0.239,0.197,0.114,0.116,0.213,0.021,0.045,0.055,0.000
50,24677.50,16333.87,24677,0,8677,1,1.145,1028.0,idle(warmup),2.00e-04,0.229,0.177,0.139,0.155,0.194,0.007,0.030,0.068,0.000
51,25956.50,16522.55,25907,0,9907,1,1.179,1054.2,idle(warmup),2.00e-04,0.218,0.126,0.130,0.196,0.196,0.007,0.037,0.089,0.000
52,24863.50,16682.95,24873,0,8873,1,1.148,1076.2,idle(warmup),2.00e-04,0.266,0.184,0.118,0.154,0.153,0.005,0.028,0.092,0.000
53,21796.50,16779.44,21672,0,5672,1,1.135,1097.9,idle(warmup),2.00e-04,0.242,0.163,0.117,0.175,0.158,0.007,0.058,0.080,0.000
54,17046.49,16784.38,17230,0,1230,1,1.143,1117.7,idle(warmup),2.00e-04,0.202,0.159,0.114,0.138,0.212,0.048,0.058,0.069,0.000
55,19462.50,16833.07,19412,0,3412,1,1.142,1142.8,idle(warmup),2.00e-04,0.203,0.148,0.164,0.189,0.159,0.017,0.065,0.055,0.000
56,22633.50,16936.65,22643,0,6643,1,1.115,1171.2,idle(warmup),2.00e-04,0.212,0.171,0.115,0.179,0.178,0.022,0.050,0.074,0.000
57,17979.49,16954.95,17951,0,1951,1,1.125,1192.6,idle(warmup),2.00e-04,0.237,0.094,0.149,0.240,0.151,0.018,0.057,0.055,0.000
58,12200.22,16872.97,11949,0,-51,-1,1.063,1208.2,idle(warmup),2.00e-04,0.225,0.165,0.085,0.207,0.180,0.013,0.055,0.070,0.000
59,19519.00,16917.82,19397,0,3397,1,1.156,1229.1,idle(warmup),2.00e-04,0.212,0.162,0.113,0.178,0.165,0.012,0.058,0.100,0.000
60,15944.48,16901.60,15755,0,755,1,1.100,1247.6,idle(warmup),2.00e-04,0.180,0.200,0.101,0.234,0.128,0.007,0.070,0.081,0.000
61,19595.00,16945.75,19518,0,3518,1,1.128,1268.6,idle(warmup),2.00e-04,0.224,0.173,0.155,0.166,0.148,0.009,0.057,0.067,0.000
62,22437.00,17034.32,22297,0,6297,1,1.111,1290.9,idle(warmup),2.00e-04,0.259,0.184,0.120,0.155,0.157,0.008,0.052,0.065,0.000
63,20377.50,17087.38,20342,0,4342,1,1.138,1312.7,idle(warmup),2.00e-04,0.239,0.149,0.147,0.197,0.135,0.005,0.048,0.080,0.000
64,12765.32,17019.85,12579,0,-421,-1,1.068,1331.9,idle(warmup),2.00e-04,0.223,0.171,0.112,0.189,0.191,0.008,0.052,0.053,0.000
65,18796.50,17047.19,19264,0,3264,1,1.291,1356.9,idle(warmup),2.00e-04,0.220,0.129,0.098,0.162,0.183,0.046,0.066,0.095,0.000
66,17119.49,17048.28,17217,0,1217,1,1.273,1377.3,idle(warmup),2.00e-04,0.179,0.103,0.172,0.234,0.149,0.017,0.061,0.085,0.000
67,23636.00,17146.61,23547,0,7547,1,1.189,1402.1,idle(warmup),2.00e-04,0.228,0.164,0.113,0.166,0.176,0.008,0.052,0.092,0.000
68,24188.00,17250.16,24146,0,8146,1,1.236,1425.4,idle(warmup),2.00e-04,0.256,0.143,0.113,0.134,0.184,0.010,0.045,0.113,0.000
69,15851.98,17229.89,15964,0,-36,-1,1.220,1448.3,idle(warmup),2.00e-04,0.254,0.112,0.142,0.187,0.136,0.032,0.049,0.089,0.000
70,19258.00,17258.86,19060,0,3060,1,1.170,1470.0,idle(warmup),2.00e-04,0.251,0.143,0.109,0.188,0.178,0.006,0.052,0.073,0.000
71,32373.50,17471.75,32571,0,16571,1,1.144,1495.5,idle(warmup),2.00e-04,0.324,0.151,0.079,0.130,0.191,0.008,0.024,0.094,0.000
72,16232.98,17454.54,16076,0,76,1,1.173,1514.1,idle(warmup),2.00e-04,0.209,0.172,0.108,0.198,0.170,0.015,0.066,0.062,0.000
73,20341.00,17494.08,20488,0,4488,1,1.176,1534.5,idle(warmup),2.00e-04,0.275,0.122,0.141,0.203,0.129,0.017,0.041,0.071,0.000
74,19170.50,17516.74,19049,0,4049,1,1.181,1557.1,idle(warmup),2.00e-04,0.272,0.200,0.130,0.126,0.132,0.017,0.051,0.073,0.000
75,23544.50,17597.11,23530,0,7530,1,1.201,1580.5,idle(warmup),2.00e-04,0.299,0.155,0.114,0.132,0.153,0.015,0.036,0.095,0.000
76,16083.98,17577.20,15894,0,2894,1,1.102,1598.7,idle(warmup),2.00e-04,0.261,0.207,0.078,0.163,0.147,0.018,0.047,0.078,0.000
77,26126.00,17688.22,26342,0,10342,1,1.230,1621.7,idle(warmup),2.00e-04,0.266,0.173,0.104,0.148,0.145,0.027,0.045,0.091,0.000
78,23816.00,17766.78,23967,0,7967,1,1.221,1645.0,idle(warmup),2.00e-04,0.280,0.129,0.140,0.168,0.115,0.027,0.049,0.092,0.000
79,15097.96,17733.00,15021,0,21,1,1.088,1665.9,idle(warmup),2.00e-04,0.257,0.201,0.066,0.118,0.189,0.035,0.056,0.078,0.000
80,26277.00,17839.80,26321,0,10321,1,1.179,1690.4,idle(warmup),2.00e-04,0.335,0.152,0.123,0.110,0.123,0.011,0.039,0.106,0.000
81,19542.50,17860.82,19398,0,3398,1,1.158,1710.3,idle(warmup),2.00e-04,0.295,0.154,0.143,0.146,0.118,0.012,0.048,0.084,0.000
82,16634.99,17845.87,17116,0,1116,1,1.211,1733.8,idle(warmup),2.00e-04,0.271,0.186,0.127,0.098,0.119,0.084,0.049,0.065,0.000
83,13058.91,17788.20,13618,0,-2382,-1,1.205,1756.9,idle(warmup),2.00e-04,0.276,0.124,0.142,0.123,0.120,0.086,0.041,0.088,0.000
84,31815.50,17955.19,31980,0,15980,1,1.151,1783.4,idle(warmup),2.00e-04,0.401,0.115,0.105,0.117,0.119,0.006,0.026,0.111,0.000
85,31703.00,18116.93,32008,0,16008,1,1.204,1808.0,idle(warmup),2.00e-04,0.368,0.109,0.071,0.157,0.148,0.009,0.028,0.111,0.000
86,25314.00,18200.61,25356,0,9356,1,1.247,1832.9,idle(warmup),2.00e-04,0.331,0.119,0.112,0.144,0.128,0.007,0.036,0.122,0.000
87,16229.48,18177.96,16086,0,1086,1,1.199,1852.5,idle(warmup),2.00e-04,0.265,0.174,0.089,0.184,0.129,0.014,0.054,0.089,0.000
88,24667.00,18251.70,24560,0,8560,1,1.186,1873.8,idle(warmup),2.00e-04,0.353,0.176,0.096,0.088,0.140,0.014,0.043,0.091,0.000
89,28950.50,18371.91,29134,0,13134,1,1.236,1898.7,idle(warmup),2.00e-04,0.375,0.125,0.088,0.155,0.120,0.013,0.039,0.084,0.000
90,20106.50,18391.18,20224,0,4224,1,1.179,1919.9,idle(warmup),2.00e-04,0.327,0.219,0.103,0.080,0.127,0.017,0.059,0.069,0.000
91,27584.50,18492.21,27694,0,11694,1,1.210,1943.6,idle(warmup),2.00e-04,0.394,0.151,0.098,0.097,0.128,0.010,0.036,0.087,0.000
92,19595.00,18504.19,19755,0,3755,1,1.230,1966.2,idle(warmup),2.00e-04,0.310,0.175,0.126,0.141,0.091,0.018,0.061,0.079,0.000
93,36566.50,18698.41,37487,0,21487,1,1.180,1995.9,idle(warmup),2.00e-04,0.465,0.130,0.066,0.112,0.084,0.018,0.023,0.101,0.000
94,19102.50,18702.71,19212,0,4212,1,1.265,2015.6,idle(warmup),2.00e-04,0.345,0.155,0.080,0.130,0.127,0.016,0.061,0.086,0.000
95,20716.50,18723.91,21176,0,5176,1,1.330,2039.4,idle(warmup),2.00e-04,0.353,0.089,0.096,0.170,0.110,0.027,0.054,0.101,0.000
96,19018.50,18726.98,19374,0,3374,1,1.296,2062.1,idle(warmup),2.00e-04,0.348,0.143,0.108,0.118,0.097,0.038,0.055,0.093,0.000
97,22682.50,18767.76,22811,0,6811,1,1.162,2085.3,idle(warmup),2.00e-04,0.397,0.121,0.125,0.125,0.106,0.008,0.050,0.068,0.000
98,20958.00,18790.11,20951,0,4951,1,1.214,2105.0,idle(warmup),2.00e-04,0.354,0.147,0.119,0.124,0.093,0.013,0.067,0.083,0.000
99,27838.50,18881.50,28119,0,12119,1,1.097,2127.8,idle(warmup),2.00e-04,0.467,0.098,0.088,0.124,0.123,0.004,0.034,0.061,0.000
100,26608.50,18958.77,26998,0,10998,1,1.136,2151.2,idle(warmup),2.00e-04,0.461,0.181,0.069,0.060,0.124,0.006,0.041,0.058,0.000
101,19705.47,19051.79,18804,1,6772,1,1.126,2187.1,rl_v4,2.00e-04,0.287,0.174,0.120,0.158,0.118,0.007,0.100,0.035,0.000
102,28052.00,19243.82,27084,2,5572,1,1.290,2231.0,rl_v4,2.00e-04,0.394,0.107,0.076,0.071,0.129,0.013,0.131,0.079,0.000
103,30851.50,19426.56,30811,2,11598,1,1.111,2270.6,rl_v4,2.00e-04,0.312,0.225,0.115,0.088,0.130,0.009,0.076,0.045,0.000
104,34949.00,19661.65,34128,2,16131,1,1.092,2314.4,rl_v4,2.00e-04,0.350,0.124,0.159,0.145,0.125,0.010,0.041,0.045,0.000
105,19655.98,19704.44,19736,0,7769,1,1.157,2355.4,rl_v4,2.00e-04,0.345,0.183,0.122,0.125,0.119,0.006,0.056,0.044,0.000
106,36003.50,19915.22,35085,2,14762,1,1.035,2396.7,rl_v4,2.00e-04,0.380,0.185,0.142,0.106,0.106,0.010,0.033,0.037,0.000
107,35988.50,20122.89,36163,0,24717,1,1.144,2442.0,rl_v4,2.00e-04,0.499,0.123,0.081,0.113,0.094,0.005,0.020,0.064,0.000
108,15513.76,20068.51,14783,1,3018,1,1.206,2479.4,rl_v4,2.00e-04,0.302,0.207,0.092,0.066,0.128,0.037,0.128,0.040,0.000
109,26792.50,20182.27,27061,1,10190,1,1.185,2521.4,rl_v4,2.00e-04,0.367,0.098,0.146,0.143,0.127,0.011,0.047,0.063,0.000
110,27078.00,20318.47,26736,1,10128,1,1.167,2557.8,rl_v4,2.00e-04,0.350,0.139,0.109,0.139,0.150,0.009,0.056,0.048,0.000
111,43616.00,20639.24,43088,1,26426,1,1.077,2602.8,rl_v4,2.00e-04,0.459,0.141,0.080,0.120,0.110,0.005,0.035,0.050,0.000
112,22957.50,20713.73,23095,0,10906,1,1.179,2640.5,rl_v4,2.00e-04,0.322,0.213,0.083,0.095,0.163,0.013,0.064,0.046,0.000
113,20809.48,20841.11,21670,0,10270,1,1.343,2688.5,rl_v4,2.00e-04,0.397,0.124,0.093,0.167,0.095,0.026,0.041,0.057,0.000
114,14726.45,20887.63,15942,0,2923,1,1.385,2732.6,rl_v4,2.00e-04,0.321,0.122,0.106,0.162,0.098,0.085,0.053,0.054,0.000
115,10049.21,20747.20,10871,0,4810,1,1.336,2770.1,rl_v4,2.00e-04,0.339,0.157,0.099,0.089,0.110,0.103,0.055,0.048,0.000
116,16364.76,20775.03,17202,0,6162,1,1.259,2807.8,rl_v4,2.00e-04,0.324,0.189,0.111,0.073,0.096,0.073,0.079,0.054,0.000
117,19526.96,20874.46,19702,0,6748,1,1.200,2843.1,rl_v4,2.00e-04,0.329,0.154,0.129,0.101,0.142,0.013,0.087,0.046,0.000
118,11803.27,20827.82,13023,0,944,1,1.219,2890.1,rl_v4,2.00e-04,0.285,0.205,0.054,0.073,0.105,0.126,0.107,0.045,0.000
119,21664.00,20923.01,22138,0,10369,1,1.179,2933.7,rl_v4,2.00e-04,0.347,0.163,0.091,0.125,0.138,0.050,0.045,0.042,0.000
120,15639.81,20860.64,16897,0,5593,1,1.222,2973.4,rl_v4,2.00e-04,0.357,0.159,0.077,0.069,0.075,0.135,0.077,0.052,0.000
121,6451.56,20727.89,7148,0,1124,1,1.256,3000.8,rl_v4,2.00e-04,0.339,0.141,0.066,0.062,0.106,0.160,0.081,0.044,0.000
122,11672.22,20699.68,13026,0,2840,1,1.293,3039.4,rl_v4,2.00e-04,0.363,0.139,0.064,0.071,0.073,0.128,0.107,0.055,0.000
123,8922.68,20636.41,9783,0,2635,1,1.190,3068.2,rl_v4,2.00e-04,0.436,0.217,0.042,0.047,0.073,0.069,0.058,0.059,0.000
124,9856.97,20595.55,10924,0,3039,1,1.300,3100.6,rl_v4,2.00e-04,0.443,0.105,0.030,0.090,0.135,0.086,0.057,0.053,0.000
125,25500.50,20656.80,26403,1,9406,1,1.254,3136.8,rl_v4,2.00e-04,0.405,0.107,0.083,0.182,0.096,0.033,0.056,0.039,0.000
126,15928.90,20679.71,16635,0,5488,1,1.233,3184.5,rl_v4,2.00e-04,0.352,0.140,0.069,0.117,0.118,0.045,0.104,0.055,0.000
127,14963.34,20720.08,15140,0,4738,1,1.186,3223.0,rl_v4,2.00e-04,0.323,0.145,0.069,0.178,0.147,0.013,0.074,0.051,0.000
128,20962.48,20793.08,20559,1,9632,1,1.284,3259.5,rl_v4,2.00e-04,0.358,0.162,0.119,0.102,0.093,0.043,0.067,0.056,0.000
129,22180.50,20796.36,21294,1,6080,1,1.192,3294.6,rl_v4,2.00e-04,0.302,0.220,0.121,0.105,0.125,0.013,0.061,0.051,0.000
130,29910.50,20928.29,30442,0,18938,1,1.293,3343.5,rl_v4,2.00e-04,0.444,0.102,0.062,0.141,0.121,0.020,0.033,0.078,0.000
131,11033.65,20861.34,11675,0,4999,1,1.372,3382.3,rl_v4,2.00e-04,0.365,0.088,0.086,0.118,0.128,0.114,0.040,0.061,0.000
132,18874.48,20889.70,18914,0,6785,1,1.211,3421.7,rl_v4,2.00e-04,0.328,0.207,0.084,0.138,0.110,0.019,0.052,0.061,0.000
133,20222.48,20914.99,20201,1,5735,1,1.250,3456.4,rl_v4,2.00e-04,0.347,0.101,0.077,0.192,0.120,0.030,0.077,0.056,0.000
134,37922.00,21038.57,38183,1,21394,1,1.206,3495.3,rl_v4,2.00e-04,0.462,0.159,0.072,0.085,0.089,0.011,0.031,0.090,0.000
135,42501.50,21325.35,42673,1,25615,1,1.148,3533.3,rl_v4,2.00e-04,0.487,0.168,0.068,0.067,0.089,0.014,0.032,0.075,0.000
136,19479.90,21337.74,20894,0,7538,1,1.312,3580.2,rl_v4,2.00e-04,0.476,0.166,0.041,0.084,0.061,0.061,0.033,0.077,0.000
137,11078.13,21331.74,11662,0,2085,1,1.278,3615.3,rl_v4,2.00e-04,0.309,0.174,0.044,0.091,0.151,0.093,0.084,0.054,0.000
138,17235.65,21295.57,18608,0,2588,1,1.292,3659.9,rl_v4,2.00e-04,0.472,0.150,0.028,0.105,0.073,0.039,0.030,0.103,0.000
139,22560.00,21421.80,23107,0,11468,1,1.286,3702.9,rl_v4,2.00e-04,0.376,0.174,0.086,0.136,0.099,0.023,0.042,0.063,0.000
140,19404.99,21344.92,19601,0,6738,1,1.249,3739.7,rl_v4,2.00e-04,0.361,0.189,0.092,0.083,0.127,0.014,0.054,0.080,0.000
141,16073.96,21287.07,16574,0,4776,1,1.307,3778.3,rl_v4,2.00e-04,0.323,0.136,0.069,0.144,0.143,0.058,0.049,0.078,0.000
142,25194.50,21332.76,25759,0,12692,1,1.326,3823.6,rl_v4,2.00e-04,0.390,0.178,0.048,0.146,0.098,0.019,0.025,0.097,0.000
143,17450.47,21361.26,17506,0,5437,1,1.274,3862.0,rl_v4,2.00e-04,0.306,0.193,0.086,0.129,0.115,0.020,0.060,0.090,0.000
144,28390.50,21516.97,29438,0,14312,1,1.298,3910.2,rl_v4,2.00e-04,0.471,0.159,0.017,0.105,0.060,0.012,0.015,0.160,0.000
145,20771.48,21536.35,21162,0,8935,1,1.297,3952.0,rl_v4,2.00e-04,0.392,0.160,0.042,0.136,0.088,0.019,0.041,0.121,0.000
146,37432.50,21673.99,38156,0,26164,1,1.181,3999.6,rl_v4,2.00e-04,0.486,0.164,0.027,0.061,0.052,0.005,0.013,0.191,0.000
147,10302.08,21580.58,10839,0,2176,1,1.334,4039.2,rl_v4,2.00e-04,0.344,0.142,0.056,0.098,0.100,0.080,0.072,0.109,0.000
148,24564.00,21600.85,25364,0,13771,1,1.262,4079.0,rl_v4,2.00e-04,0.468,0.134,0.042,0.090,0.058,0.008,0.018,0.182,0.000
149,7367.77,21498.19,8111,0,-184,-1,1.371,4108.2,rl_v4,2.00e-04,0.333,0.133,0.051,0.128,0.086,0.119,0.036,0.115,0.000
150,25703.50,21508.45,26639,0,11812,1,1.160,4151.1,rl_v4,2.00e-04,0.529,0.146,0.042,0.093,0.039,0.007,0.016,0.128,0.000
151,28228.50,21531.17,28882,0,17081,1,1.158,4196.1,rl_v4,2.00e-04,0.491,0.188,0.044,0.096,0.056,0.010,0.019,0.097,0.000
152,14093.71,21423.47,14644,0,2374,1,1.319,4238.0,rl_v4,2.00e-04,0.386,0.133,0.032,0.136,0.091,0.054,0.053,0.116,0.000
153,24557.00,21451.07,25061,0,11290,1,1.264,4278.0,rl_v4,2.00e-04,0.500,0.156,0.050,0.114,0.043,0.015,0.023,0.099,0.000
154,20770.00,21488.31,20938,0,8417,1,1.265,4313.9,rl_v4,2.00e-04,0.409,0.175,0.051,0.136,0.071,0.012,0.036,0.110,0.000
155,18083.98,21474.52,18396,0,6898,1,1.255,4346.9,rl_v4,2.00e-04,0.428,0.201,0.053,0.087,0.057,0.026,0.043,0.106,0.000
156,31271.00,21560.90,32244,0,19640,1,1.170,4384.1,rl_v4,2.00e-04,0.554,0.124,0.051,0.092,0.037,0.013,0.013,0.115,0.000
157,13720.42,21518.31,14882,0,1332,1,1.175,4418.1,rl_v4,2.00e-04,0.545,0.165,0.024,0.039,0.029,0.034,0.007,0.158,0.000
158,15102.90,21547.33,15038,0,3493,1,1.290,4451.2,rl_v4,2.00e-04,0.369,0.197,0.058,0.113,0.070,0.017,0.045,0.132,0.000
159,17623.48,21528.38,17800,0,5913,1,1.289,4492.3,rl_v4,2.00e-04,0.401,0.189,0.050,0.087,0.089,0.017,0.035,0.134,0.000
160,23862.00,21607.55,24238,0,10270,1,1.290,4537.2,rl_v4,2.00e-04,0.434,0.168,0.038,0.119,0.054,0.008,0.012,0.167,0.000
161,28388.00,21695.48,29004,0,17114,1,1.284,4577.6,rl_v4,2.00e-04,0.437,0.167,0.059,0.109,0.055,0.011,0.016,0.147,0.000
162,20424.99,21675.36,20580,0,9558,1,1.339,4611.3,rl_v4,2.00e-04,0.389,0.166,0.060,0.126,0.083,0.020,0.026,0.131,0.000
163,9554.82,21567.14,10267,0,-1358,-1,1.399,4646.4,rl_v4,2.00e-04,0.382,0.146,0.047,0.112,0.060,0.064,0.042,0.148,0.000
164,13468.76,21574.17,13454,0,4163,1,1.355,4675.6,rl_v4,2.00e-04,0.365,0.164,0.058,0.169,0.094,0.015,0.024,0.112,0.000
165,22174.50,21607.95,22510,0,11033,1,1.202,4712.3,rl_v4,2.00e-04,0.420,0.208,0.048,0.130,0.054,0.011,0.020,0.110,0.000
166,17460.46,21611.36,17548,0,5829,1,1.290,4744.2,rl_v4,2.00e-04,0.410,0.188,0.054,0.138,0.083,0.012,0.026,0.090,0.000
167,26955.50,21644.56,27233,1,11042,1,1.215,4780.7,rl_v4,2.00e-04,0.440,0.215,0.056,0.114,0.057,0.013,0.021,0.084,0.000
168,21012.50,21612.80,21438,0,10055,1,1.161,4817.3,rl_v4,2.00e-04,0.503,0.170,0.040,0.112,0.065,0.008,0.016,0.086,0.000
169,22386.00,21678.14,23283,0,11494,1,1.124,4852.0,rl_v4,2.00e-04,0.581,0.135,0.021,0.096,0.055,0.009,0.017,0.085,0.000
170,21483.00,21700.39,21887,0,9923,1,1.210,4886.2,rl_v4,2.00e-04,0.480,0.188,0.039,0.086,0.079,0.005,0.020,0.104,0.000
171,14904.89,21525.71,15036,0,7296,1,1.249,4913.9,rl_v4,2.00e-04,0.461,0.166,0.050,0.111,0.075,0.011,0.029,0.097,0.000
172,16804.41,21531.42,17925,0,4679,1,1.180,4951.9,rl_v4,2.00e-04,0.549,0.168,0.014,0.073,0.049,0.009,0.011,0.128,0.000
173,23917.00,21567.18,24203,0,12473,1,1.252,4988.6,rl_v4,2.00e-04,0.426,0.187,0.041,0.125,0.052,0.005,0.015,0.149,0.000
174,15085.41,21526.33,15163,0,6652,1,1.321,5019.3,rl_v4,2.00e-04,0.405,0.158,0.055,0.144,0.045,0.004,0.016,0.172,0.000
175,13649.50,21427.38,13582,0,5053,1,1.271,5050.4,rl_v4,2.00e-04,0.360,0.226,0.050,0.120,0.064,0.008,0.022,0.150,0.000
176,25897.00,21525.51,26574,0,15121,1,1.176,5097.8,rl_v4,2.00e-04,0.471,0.175,0.030,0.108,0.041,0.005,0.008,0.162,0.000
177,23112.00,21495.37,23956,0,12274,1,1.230,5141.4,rl_v4,2.00e-04,0.517,0.157,0.017,0.111,0.041,0.005,0.008,0.145,0.000
178,20066.49,21457.87,20359,0,7937,1,1.292,5186.9,rl_v4,2.00e-04,0.421,0.145,0.029,0.161,0.075,0.012,0.019,0.139,0.000
179,25337.00,21560.26,25830,0,12365,1,1.214,5233.7,rl_v4,2.00e-04,0.447,0.198,0.032,0.070,0.077,0.007,0.016,0.154,0.000
180,17468.40,21472.18,18689,0,7438,1,1.274,5285.8,rl_v4,2.00e-04,0.481,0.136,0.009,0.086,0.073,0.022,0.021,0.172,0.000
181,24462.00,21521.37,25169,0,13928,1,1.253,5335.6,rl_v4,2.00e-04,0.475,0.135,0.032,0.120,0.046,0.005,0.009,0.179,0.000
182,23142.50,21586.45,23237,0,11510,1,1.266,5374.8,rl_v4,2.00e-04,0.415,0.152,0.027,0.129,0.072,0.004,0.015,0.186,0.000
183,22553.97,21681.40,22953,0,10777,1,1.201,5416.3,rl_v4,2.00e-04,0.445,0.128,0.018,0.122,0.058,0.005,0.014,0.210,0.000
184,28538.00,21648.62,27908,1,13858,1,1.144,5458.2,rl_v4,2.00e-04,0.486,0.144,0.027,0.081,0.060,0.007,0.016,0.178,0.000
185,5187.73,21383.47,7074,0,-4002,-1,0.992,5483.8,rl_v4,2.00e-04,0.634,0.149,0.007,0.026,0.023,0.009,0.008,0.144,0.000
186,10618.77,21236.52,12219,0,1053,1,1.267,5520.2,rl_v4,2.00e-04,0.539,0.091,0.016,0.089,0.034,0.032,0.040,0.159,0.000
187,18878.49,21263.01,19511,0,7385,1,1.264,5556.9,rl_v4,2.00e-04,0.461,0.143,0.036,0.089,0.052,0.008,0.036,0.175,0.000
188,7053.80,21086.88,8162,0,4651,1,1.154,5595.1,rl_v4,2.00e-04,0.537,0.161,0.010,0.075,0.023,0.030,0.029,0.134,0.000
189,12093.96,20918.31,12526,0,2941,1,1.323,5630.9,rl_v4,2.00e-04,0.389,0.115,0.031,0.148,0.081,0.057,0.031,0.148,0.000
190,33575.00,21053.00,35081,0,23358,1,0.925,5677.4,rl_v4,2.00e-04,0.653,0.087,0.007,0.058,0.036,0.004,0.003,0.153,0.000
191,17970.98,20956.86,18240,0,7009,1,1.240,5710.0,rl_v4,2.00e-04,0.443,0.143,0.032,0.112,0.056,0.011,0.042,0.161,0.000
192,14801.69,20908.93,15622,0,4801,1,1.247,5744.1,rl_v4,2.00e-04,0.461,0.157,0.020,0.107,0.064,0.042,0.019,0.130,0.000
193,30824.50,20851.51,31550,0,19615,1,1.120,5783.3,rl_v4,2.00e-04,0.582,0.095,0.014,0.096,0.056,0.007,0.012,0.140,0.000
194,26648.50,20926.97,27639,0,14426,1,1.195,5829.9,rl_v4,2.00e-04,0.549,0.098,0.022,0.077,0.067,0.014,0.012,0.161,0.000
195,24495.00,20964.75,24802,0,12745,1,1.178,5872.5,rl_v4,2.00e-04,0.469,0.108,0.026,0.106,0.074,0.012,0.020,0.186,0.000
196,31122.50,21085.79,32050,0,20177,1,1.187,5916.5,rl_v4,2.00e-04,0.562,0.080,0.021,0.087,0.061,0.017,0.016,0.155,0.000
197,24709.50,21106.06,25193,0,13140,1,1.225,5951.5,rl_v4,2.00e-04,0.495,0.107,0.034,0.108,0.058,0.011,0.017,0.169,0.000
198,20358.99,21100.07,20947,0,9890,1,1.284,5984.7,rl_v4,2.00e-04,0.437,0.124,0.034,0.107,0.069,0.046,0.022,0.160,0.000
199,22428.00,21045.97,22919,0,9717,1,1.257,6019.6,rl_v4,2.00e-04,0.460,0.147,0.023,0.090,0.087,0.012,0.029,0.152,0.000
200,27150.00,21051.38,28158,0,14917,1,1.154,6059.2,rl_v4,2.00e-04,0.507,0.117,0.018,0.108,0.046,0.011,0.012,0.181,0.000
201,26867.00,21123.00,27508,0,15102,1,1.185,6096.4,rl_v4,2.00e-04,0.494,0.131,0.024,0.099,0.056,0.013,0.019,0.162,0.000
202,20276.96,21045.25,21698,0,11008,1,1.237,6134.5,rl_v4,2.00e-04,0.524,0.112,0.017,0.075,0.050,0.048,0.022,0.152,0.000
203,14984.89,20886.58,15099,0,4298,1,1.269,6165.5,rl_v4,2.00e-04,0.395,0.125,0.049,0.178,0.094,0.016,0.039,0.103,0.000
204,18714.49,20724.24,19039,0,6538,1,1.296,6198.4,rl_v4,2.00e-04,0.408,0.162,0.047,0.122,0.078,0.014,0.030,0.138,0.000
205,22568.00,20753.36,23012,0,10912,1,1.231,6235.5,rl_v4,2.00e-04,0.441,0.161,0.037,0.106,0.056,0.012,0.020,0.166,0.000
206,24593.00,20639.25,25273,0,12146,1,1.262,6274.4,rl_v4,2.00e-04,0.486,0.106,0.034,0.145,0.057,0.016,0.024,0.132,0.000
207,28883.00,20568.20,29376,0,16203,1,1.246,6314.0,rl_v4,2.00e-04,0.466,0.124,0.028,0.134,0.067,0.011,0.023,0.148,0.000
208,32737.50,20740.43,33453,0,21580,1,1.180,6353.4,rl_v4,2.00e-04,0.477,0.128,0.029,0.104,0.056,0.007,0.012,0.187,0.000
209,31434.00,20786.85,32415,0,21100,1,1.105,6391.9,rl_v4,2.00e-04,0.517,0.128,0.017,0.080,0.034,0.011,0.009,0.205,0.000
210,15064.40,20666.71,16243,0,2780,1,1.291,6429.9,rl_v4,2.00e-04,0.455,0.089,0.028,0.127,0.058,0.054,0.036,0.153,0.000
211,32416.50,20554.72,32951,0,20977,1,1.173,6468.0,rl_v4,2.00e-04,0.525,0.143,0.019,0.099,0.052,0.006,0.017,0.140,0.000
212,22266.00,20547.80,23784,0,12211,1,1.164,6508.6,rl_v4,2.00e-04,0.536,0.142,0.011,0.082,0.056,0.033,0.017,0.122,0.000
213,15883.45,20498.54,16162,0,6393,1,1.244,6541.5,rl_v4,2.00e-04,0.477,0.119,0.058,0.148,0.062,0.009,0.030,0.098,0.000
214,30504.50,20656.32,31302,0,17528,1,1.177,6580.4,rl_v4,2.00e-04,0.507,0.136,0.023,0.130,0.070,0.012,0.015,0.107,0.000
215,11523.63,20671.07,12238,0,1241,1,1.292,6612.4,rl_v4,2.00e-04,0.425,0.186,0.051,0.072,0.056,0.077,0.036,0.099,0.000
216,17398.65,20681.41,18504,0,6193,1,1.184,6648.5,rl_v4,2.00e-04,0.497,0.164,0.026,0.123,0.044,0.035,0.024,0.087,0.000
217,19853.00,20684.67,20285,0,8174,1,1.211,6682.7,rl_v4,2.00e-04,0.428,0.193,0.055,0.119,0.064,0.015,0.025,0.100,0.000
218,11329.25,20679.93,12395,0,3502,1,1.180,6725.8,rl_v4,2.00e-04,0.505,0.198,0.021,0.069,0.033,0.057,0.032,0.085,0.000
219,20815.99,20671.45,21584,0,8752,1,1.224,6770.3,rl_v4,2.00e-04,0.533,0.121,0.032,0.129,0.054,0.020,0.022,0.089,0.000
220,27631.50,20791.36,28568,0,16458,1,1.163,6822.2,rl_v4,2.00e-04,0.572,0.136,0.031,0.078,0.050,0.011,0.012,0.110,0.000
221,25765.00,20984.50,27199,0,11186,1,1.017,6869.5,rl_v4,2.00e-04,0.637,0.122,0.007,0.089,0.022,0.005,0.004,0.116,0.000
222,11434.81,20982.12,12357,0,1535,1,1.300,6917.0,rl_v4,2.00e-04,0.447,0.108,0.027,0.128,0.049,0.075,0.047,0.118,0.000
223,8192.04,20974.82,9335,0,3346,1,1.241,6963.1,rl_v4,2.00e-04,0.512,0.103,0.027,0.126,0.040,0.058,0.006,0.128,0.000
224,14910.41,21025.35,15744,0,3892,1,1.064,7005.2,rl_v4,2.00e-04,0.596,0.099,0.002,0.127,0.018,0.006,0.009,0.144,0.000
225,19901.99,20969.37,20752,0,8640,1,1.222,7051.4,rl_v4,2.00e-04,0.495,0.133,0.016,0.161,0.050,0.006,0.017,0.121,0.000
226,16514.94,20975.23,16707,0,7214,1,1.221,7083.6,rl_v4,2.00e-04,0.492,0.150,0.037,0.127,0.048,0.005,0.021,0.119,0.000
227,12465.61,20950.25,14113,0,-287,-1,1.128,7119.2,rl_v4,2.00e-04,0.568,0.104,0.004,0.097,0.024,0.032,0.033,0.140,0.000
228,15377.45,20894.40,15632,0,5498,1,1.255,7152.9,rl_v4,2.00e-04,0.474,0.149,0.029,0.132,0.063,0.016,0.028,0.110,0.000
229,18753.99,20860.13,19608,0,7352,1,1.220,7197.4,rl_v4,2.00e-04,0.452,0.093,0.030,0.222,0.043,0.030,0.029,0.100,0.000
230,14445.69,20705.49,15834,0,6769,1,1.185,7240.7,rl_v4,2.00e-04,0.541,0.157,0.008,0.075,0.024,0.042,0.044,0.110,0.000
231,17912.48,20774.27,18139,0,7270,1,1.252,7276.3,rl_v4,2.00e-04,0.481,0.139,0.028,0.118,0.061,0.016,0.045,0.113,0.000
232,19643.50,20781.96,19996,0,9023,1,1.238,7308.3,rl_v4,2.00e-04,0.478,0.141,0.026,0.114,0.055,0.023,0.022,0.142,0.000
233,13805.34,20717.79,13734,0,6798,1,1.295,7339.4,rl_v4,2.00e-04,0.436,0.155,0.053,0.142,0.066,0.016,0.033,0.099,0.000
234,9508.19,20433.66,10270,0,3119,1,1.318,7377.2,rl_v4,2.00e-04,0.435,0.126,0.021,0.128,0.075,0.068,0.026,0.121,0.000
235,40165.50,20410.30,41523,1,25437,1,1.052,7430.8,rl_v4,2.00e-04,0.580,0.133,0.012,0.133,0.033,0.007,0.005,0.096,0.000
236,14522.39,20360.72,15422,0,2768,1,1.301,7468.0,rl_v4,2.00e-04,0.404,0.165,0.031,0.164,0.046,0.055,0.035,0.100,0.000
237,15580.89,20405.75,15986,0,7312,1,1.266,7498.4,rl_v4,2.00e-04,0.429,0.213,0.037,0.130,0.040,0.043,0.021,0.088,0.000
238,19310.99,20426.50,19656,0,7581,1,1.296,7533.0,rl_v4,2.00e-04,0.438,0.175,0.038,0.153,0.055,0.015,0.020,0.106,0.000
239,13604.73,20336.95,14861,0,2169,1,1.292,7572.7,rl_v4,2.00e-04,0.452,0.132,0.031,0.150,0.030,0.039,0.038,0.128,0.000
240,8861.46,20231.51,10134,0,1522,1,1.257,7607.5,rl_v4,2.00e-04,0.556,0.138,0.013,0.082,0.031,0.030,0.033,0.117,0.000
241,33210.50,20402.88,34916,0,22862,1,1.066,7651.5,rl_v4,2.00e-04,0.621,0.107,0.014,0.127,0.025,0.011,0.004,0.091,0.000
242,12618.46,20277.12,13480,0,4621,1,1.331,7686.4,rl_v4,2.00e-04,0.454,0.154,0.016,0.119,0.058,0.047,0.027,0.126,0.000
243,29228.00,20394.89,30265,0,16839,1,1.178,7726.1,rl_v4,2.00e-04,0.541,0.116,0.014,0.135,0.036,0.013,0.011,0.134,0.000
244,13432.99,20245.32,14538,0,891,1,1.245,7762.6,rl_v4,2.00e-04,0.501,0.112,0.036,0.121,0.024,0.028,0.021,0.158,0.000
245,26858.50,20306.19,27665,0,16293,1,1.207,7799.7,rl_v4,2.00e-04,0.499,0.122,0.018,0.123,0.041,0.010,0.015,0.172,0.000
246,18851.90,20120.38,19369,0,7535,1,1.237,7835.5,rl_v4,2.00e-04,0.422,0.141,0.030,0.135,0.035,0.019,0.027,0.191,0.000
247,32930.00,20346.66,33600,1,16977,1,1.261,7875.2,rl_v4,2.00e-04,0.436,0.131,0.038,0.079,0.036,0.033,0.038,0.209,0.000
248,10078.55,20201.81,11159,0,4221,1,1.337,7908.4,rl_v4,2.00e-04,0.395,0.074,0.019,0.129,0.043,0.098,0.056,0.186,0.000
249,16542.75,20293.56,17227,0,4114,1,1.188,7941.6,rl_v4,2.00e-04,0.452,0.135,0.020,0.104,0.036,0.033,0.024,0.195,0.000
250,14154.63,20178.07,15457,0,3231,1,1.306,7978.9,rl_v4,2.00e-04,0.463,0.072,0.021,0.143,0.033,0.054,0.034,0.180,0.000
251,20864.49,20104.43,21165,0,9513,1,1.258,8013.4,rl_v4,2.00e-04,0.430,0.142,0.041,0.124,0.046,0.013,0.027,0.178,0.000
252,26226.00,20225.75,27097,0,13813,1,1.178,8051.4,rl_v4,2.00e-04,0.491,0.103,0.017,0.100,0.033,0.021,0.020,0.214,0.000
253,17337.93,20153.56,17880,0,9040,1,1.262,8082.1,rl_v4,2.00e-04,0.465,0.104,0.024,0.100,0.041,0.035,0.025,0.207,0.000
254,20825.49,20154.12,19780,1,9059,1,1.301,8111.1,rl_v4,2.00e-04,0.405,0.132,0.041,0.100,0.058,0.026,0.046,0.193,0.000
255,31197.00,20285.25,30604,1,16312,1,1.237,8147.2,rl_v4,2.00e-04,0.478,0.109,0.040,0.085,0.033,0.016,0.020,0.220,0.000
256,15919.24,20131.73,17055,0,6054,1,1.299,8183.0,rl_v4,2.00e-04,0.458,0.072,0.015,0.076,0.043,0.085,0.036,0.215,0.000
257,26799.00,20262.51,28349,0,16335,1,1.091,8226.4,rl_v4,2.00e-04,0.535,0.051,0.006,0.093,0.010,0.028,0.011,0.265,0.000
258,21389.50,20325.38,22059,0,10708,1,1.180,8259.9,rl_v4,2.00e-04,0.533,0.082,0.019,0.079,0.031,0.014,0.014,0.228,0.000
259,17405.98,20323.20,17914,0,5591,1,1.198,8290.2,rl_v4,2.00e-04,0.530,0.070,0.012,0.111,0.034,0.024,0.022,0.197,0.000
260,21604.49,20300.63,22689,0,10973,1,1.088,8326.8,rl_v4,2.00e-04,0.545,0.071,0.019,0.116,0.016,0.023,0.018,0.192,0.000
261,20322.49,20219.97,21641,0,9466,1,1.068,8361.8,rl_v4,2.00e-04,0.593,0.067,0.015,0.071,0.016,0.047,0.013,0.177,0.000
262,13535.85,20151.08,13760,0,5864,1,1.190,8388.3,rl_v4,2.00e-04,0.556,0.074,0.022,0.089,0.028,0.041,0.020,0.169,0.000
263,13447.01,20190.01,15689,0,3426,1,1.088,8430.7,rl_v4,2.00e-04,0.608,0.033,0.004,0.078,0.014,0.055,0.036,0.172,0.000
264,19148.99,20246.81,20589,0,8658,1,1.051,8465.9,rl_v4,2.00e-04,0.633,0.033,0.015,0.100,0.016,0.035,0.015,0.152,0.000
265,15717.46,20182.24,17439,0,5852,1,1.086,8498.8,rl_v4,2.00e-04,0.615,0.075,0.011,0.058,0.017,0.046,0.019,0.161,0.000
266,14085.30,20148.49,15093,0,4410,1,1.094,8528.3,rl_v4,2.00e-04,0.596,0.090,0.012,0.047,0.023,0.031,0.020,0.180,0.000
267,18614.98,20065.08,20116,0,7725,1,0.984,8566.2,rl_v4,2.00e-04,0.646,0.043,0.012,0.066,0.015,0.040,0.014,0.164,0.000
268,11794.86,19972.90,12976,0,3703,1,1.045,8596.9,rl_v4,2.00e-04,0.613,0.060,0.018,0.054,0.007,0.060,0.016,0.170,0.000
269,14900.47,19898.05,15889,0,6125,1,1.025,8625.8,rl_v4,2.00e-04,0.668,0.049,0.013,0.063,0.016,0.026,0.012,0.155,0.000
270,20203.49,19885.25,22203,0,9887,1,0.730,8659.9,rl_v4,2.00e-04,0.790,0.043,0.004,0.020,0.005,0.020,0.003,0.114,0.000
271,13499.10,19871.20,15266,0,3390,1,0.984,8697.7,rl_v4,2.00e-04,0.662,0.059,0.019,0.045,0.004,0.036,0.033,0.143,0.000
272,16540.89,19868.56,17656,0,9312,1,0.868,8727.5,rl_v4,2.00e-04,0.700,0.023,0.011,0.035,0.011,0.057,0.011,0.150,0.000
273,10308.06,19732.47,11456,0,5453,1,0.822,8755.7,rl_v4,2.00e-04,0.724,0.041,0.006,0.034,0.007,0.042,0.007,0.140,0.000
274,15260.73,19734.22,16645,0,6969,1,0.883,8788.2,rl_v4,2.00e-04,0.695,0.053,0.012,0.046,0.009,0.028,0.006,0.151,0.000
275,10598.96,19703.72,11099,0,2966,1,1.116,8814.1,rl_v4,2.00e-04,0.618,0.058,0.027,0.070,0.025,0.017,0.009,0.176,0.000
276,16322.41,19607.97,18209,0,6707,1,0.884,8848.0,rl_v4,2.00e-04,0.701,0.024,0.025,0.048,0.008,0.038,0.010,0.146,0.000
277,14051.86,19517.37,14927,0,4942,1,1.021,8878.1,rl_v4,2.00e-04,0.626,0.055,0.025,0.056,0.016,0.046,0.016,0.160,0.000
278,17633.98,19493.05,18971,0,6999,1,0.908,8909.7,rl_v4,2.00e-04,0.673,0.046,0.024,0.039,0.012,0.020,0.009,0.177,0.000
279,12647.38,19366.15,13639,0,2747,1,0.970,8942.3,rl_v4,2.00e-04,0.637,0.044,0.028,0.061,0.012,0.022,0.017,0.179,0.000
280,19820.50,19389.67,20623,0,8601,1,0.989,8973.7,rl_v4,2.00e-04,0.662,0.035,0.026,0.047,0.010,0.030,0.020,0.170,0.000
281,25967.00,19404.72,28447,0,12434,1,0.695,9013.8,rl_v4,2.00e-04,0.767,0.025,0.004,0.032,0.001,0.011,0.003,0.155,0.000
282,17374.81,19347.04,19221,0,7489,1,0.883,9054.5,rl_v4,2.00e-04,0.676,0.041,0.008,0.044,0.005,0.044,0.004,0.179,0.000
283,17383.18,19295.34,18933,0,8811,1,0.910,9088.5,rl_v4,2.00e-04,0.667,0.034,0.005,0.035,0.005,0.053,0.007,0.195,0.000
284,26682.00,19276.78,28769,0,17016,1,0.716,9126.2,rl_v4,2.00e-04,0.737,0.017,0.018,0.061,0.006,0.016,0.005,0.140,0.000
285,19032.00,19415.22,20402,0,9111,1,0.987,9159.3,rl_v4,2.00e-04,0.643,0.059,0.020,0.079,0.014,0.027,0.009,0.149,0.000
286,15385.72,19462.89,17121,0,3944,1,0.955,9196.5,rl_v4,2.00e-04,0.653,0.060,0.009,0.038,0.008,0.047,0.006,0.179,0.000
287,15718.27,19431.29,14842,1,5205,1,1.301,9225.1,rl_v4,2.00e-04,0.463,0.103,0.032,0.081,0.033,0.026,0.047,0.215,0.000
288,27235.50,19633.10,28161,0,15900,1,1.023,9260.0,rl_v4,2.00e-04,0.593,0.065,0.020,0.077,0.018,0.021,0.009,0.198,0.000
289,13079.09,19642.95,13373,0,4370,1,1.214,9289.1,rl_v4,2.00e-04,0.485,0.080,0.034,0.079,0.039,0.026,0.028,0.231,0.000
290,32238.00,19629.58,34246,0,22898,1,0.844,9329.5,rl_v4,2.00e-04,0.695,0.021,0.004,0.060,0.004,0.010,0.005,0.201,0.000
291,12448.61,19574.36,13476,0,3571,1,1.108,9362.5,rl_v4,2.00e-04,0.543,0.059,0.002,0.065,0.014,0.069,0.015,0.232,0.000
292,26319.00,19689.53,27625,0,16095,1,0.968,9397.6,rl_v4,2.00e-04,0.658,0.051,0.018,0.048,0.013,0.019,0.012,0.181,0.000
293,14695.35,19528.24,16623,0,2815,1,0.833,9436.4,rl_v4,2.00e-04,0.675,0.038,0.005,0.034,0.008,0.035,0.018,0.187,0.000
294,15263.78,19414.40,16528,0,5308,1,0.969,9468.0,rl_v4,2.00e-04,0.639,0.044,0.014,0.040,0.011,0.054,0.020,0.178,0.000
295,15410.95,19323.55,16680,0,4391,1,1.026,9499.9,rl_v4,2.00e-04,0.609,0.066,0.020,0.027,0.019,0.042,0.035,0.182,0.000
296,12617.48,19138.50,13800,0,6634,1,0.979,9530.8,rl_v4,2.00e-04,0.642,0.039,0.007,0.059,0.003,0.031,0.025,0.194,0.000
297,12768.27,19019.09,13851,0,4821,1,0.981,9561.9,rl_v4,2.00e-04,0.630,0.040,0.016,0.034,0.006,0.045,0.023,0.207,0.000
298,20922.00,19024.72,22746,0,9513,1,0.744,9596.7,rl_v4,2.00e-04,0.743,0.028,0.013,0.039,0.004,0.017,0.007,0.149,0.000
299,16504.45,18965.49,18101,0,6647,1,0.901,9630.0,rl_v4,2.00e-04,0.667,0.036,0.014,0.066,0.008,0.017,0.007,0.183,0.000
300,16279.93,18856.79,17175,0,8007,1,1.038,9662.2,rl_v4,2.00e-04,0.557,0.071,0.022,0.065,0.011,0.058,0.019,0.198,0.000
301,26941.00,18857.53,28381,0,15849,1,0.834,9698.7,rl_v4,2.00e-04,0.673,0.035,0.010,0.031,0.010,0.017,0.007,0.216,0.000
302,19649.49,18851.25,21520,0,6389,1,0.986,9736.0,rl_v4,2.00e-04,0.613,0.048,0.014,0.032,0.013,0.072,0.009,0.200,0.000
303,17889.96,18880.30,19330,0,7949,1,1.078,9771.7,rl_v4,2.00e-04,0.566,0.032,0.020,0.042,0.022,0.070,0.037,0.211,0.000
304,14378.51,18836.94,15273,0,3102,1,1.091,9806.5,rl_v4,2.00e-04,0.552,0.044,0.019,0.044,0.019,0.073,0.031,0.218,0.000
305,14491.89,18756.18,14890,0,7334,1,1.073,9833.9,rl_v4,2.00e-04,0.545,0.056,0.030,0.087,0.028,0.022,0.017,0.215,0.000
306,14715.84,18657.41,16053,0,4782,1,0.996,9867.4,rl_v4,2.00e-04,0.619,0.038,0.012,0.033,0.027,0.047,0.015,0.209,0.000
307,21457.00,18583.15,22619,0,10289,1,0.931,9902.0,rl_v4,2.00e-04,0.638,0.056,0.012,0.039,0.037,0.010,0.007,0.202,0.000
308,15178.90,18407.56,16082,0,6481,1,1.022,9930.0,rl_v4,2.00e-04,0.605,0.056,0.027,0.057,0.033,0.024,0.014,0.183,0.000
309,20685.49,18300.08,22602,0,9682,1,1.046,9971.0,rl_v4,2.00e-04,0.598,0.031,0.012,0.043,0.034,0.061,0.030,0.191,0.000
310,17386.34,18323.30,19048,0,7803,1,1.061,10010.2,rl_v4,2.00e-04,0.570,0.043,0.014,0.043,0.041,0.070,0.031,0.188,0.000
311,25006.00,18249.19,26687,0,10765,1,0.987,10044.5,rl_v4,2.00e-04,0.648,0.045,0.011,0.046,0.040,0.015,0.011,0.184,0.000
312,26772.50,18294.26,28051,0,13267,1,1.016,10081.9,rl_v4,2.00e-04,0.614,0.043,0.015,0.064,0.029,0.021,0.016,0.197,0.000
313,13442.35,18269.85,14090,0,6680,1,1.151,10110.3,rl_v4,2.00e-04,0.525,0.056,0.030,0.103,0.041,0.040,0.025,0.179,0.000
314,10113.94,18065.94,10165,0,4361,1,1.259,10136.0,rl_v4,2.00e-04,0.493,0.069,0.034,0.072,0.051,0.016,0.054,0.212,0.000
315,12252.55,18073.23,14057,0,2465,1,0.978,10174.8,rl_v4,2.00e-04,0.612,0.042,0.005,0.043,0.036,0.051,0.056,0.154,0.000
316,20853.99,18107.78,22240,0,8724,1,1.001,10209.7,rl_v4,2.00e-04,0.639,0.031,0.007,0.058,0.048,0.026,0.013,0.178,0.000
317,23464.00,18143.89,24524,1,9511,1,0.953,10242.8,rl_v4,2.00e-04,0.631,0.028,0.014,0.070,0.037,0.022,0.015,0.183,0.000
318,24360.50,18274.21,26073,0,14935,1,0.910,10279.1,rl_v4,2.00e-04,0.700,0.026,0.011,0.037,0.039,0.015,0.010,0.163,0.000
319,18080.96,18246.86,19066,0,6929,1,1.039,10313.2,rl_v4,2.00e-04,0.598,0.062,0.024,0.042,0.038,0.011,0.026,0.198,0.000
320,26999.00,18240.53,28421,0,16141,1,0.949,10348.1,rl_v4,2.00e-04,0.643,0.035,0.018,0.041,0.037,0.013,0.016,0.197,0.000
321,17609.41,18158.98,19064,0,6600,1,0.990,10384.6,rl_v4,2.00e-04,0.621,0.017,0.028,0.040,0.047,0.034,0.031,0.183,0.000
322,22011.49,18264.74,23995,0,12648,1,0.939,10424.0,rl_v4,2.00e-04,0.667,0.014,0.006,0.034,0.053,0.027,0.023,0.176,0.000
323,15666.38,18339.49,16390,0,6153,1,1.115,10456.7,rl_v4,2.00e-04,0.537,0.058,0.024,0.041,0.064,0.058,0.051,0.168,0.000
324,17515.93,18365.54,18814,0,5023,1,1.033,10488.6,rl_v4,2.00e-04,0.623,0.029,0.022,0.041,0.050,0.020,0.027,0.188,0.000
325,18602.99,18352.55,19265,0,8549,1,1.025,10519.3,rl_v4,2.00e-04,0.600,0.059,0.028,0.038,0.054,0.012,0.031,0.178,0.000
326,9379.97,18281.20,9807,0,4360,1,1.198,10544.7,rl_v4,2.00e-04,0.536,0.040,0.037,0.051,0.043,0.026,0.094,0.174,0.000
327,24426.50,18400.81,26067,0,13925,1,0.926,10582.7,rl_v4,2.00e-04,0.661,0.021,0.016,0.043,0.067,0.042,0.023,0.128,0.000
328,9624.02,18343.28,10563,0,3315,1,1.056,10612.3,rl_v4,2.00e-04,0.571,0.026,0.026,0.063,0.026,0.081,0.072,0.136,0.000
329,16458.97,18320.33,17167,0,9163,1,1.055,10640.7,rl_v4,2.00e-04,0.625,0.060,0.035,0.046,0.043,0.037,0.025,0.130,0.000
330,23194.00,18407.81,24636,0,11073,1,0.990,10674.9,rl_v4,2.00e-04,0.627,0.041,0.022,0.060,0.050,0.032,0.024,0.143,0.000
331,11741.05,18346.09,12531,0,2677,1,1.179,10706.1,rl_v4,2.00e-04,0.488,0.044,0.051,0.071,0.070,0.085,0.050,0.141,0.000
332,11343.42,18263.09,12398,0,3600,1,1.013,10735.5,rl_v4,2.00e-04,0.607,0.024,0.032,0.038,0.059,0.070,0.029,0.141,0.000
333,13712.57,18262.17,15305,0,5309,1,0.861,10767.5,rl_v4,2.00e-04,0.720,0.024,0.028,0.048,0.030,0.021,0.020,0.109,0.000
334,9791.37,18265.00,11184,0,1238,1,1.105,10800.7,rl_v4,2.00e-04,0.507,0.037,0.028,0.065,0.049,0.094,0.098,0.121,0.000
335,8129.33,17944.64,9326,0,-176,-1,1.001,10832.5,rl_v4,2.00e-04,0.605,0.034,0.016,0.047,0.031,0.082,0.081,0.103,0.000
336,14695.59,17946.37,16329,0,4358,1,0.821,10865.0,rl_v4,2.00e-04,0.727,0.023,0.027,0.038,0.044,0.044,0.024,0.074,0.000
337,12855.72,17919.12,14136,0,6784,1,0.863,10893.9,rl_v4,2.00e-04,0.746,0.016,0.013,0.027,0.031,0.042,0.039,0.087,0.000
338,8272.23,17808.73,8992,0,1843,1,1.074,10920.3,rl_v4,2.00e-04,0.600,0.063,0.038,0.044,0.060,0.074,0.021,0.099,0.000
339,13440.23,17807.08,14475,0,5008,1,0.947,10950.5,rl_v4,2.00e-04,0.657,0.040,0.048,0.045,0.057,0.023,0.028,0.102,0.000
340,7781.12,17796.28,8420,0,2701,1,1.125,10977.8,rl_v4,2.00e-04,0.516,0.053,0.039,0.027,0.081,0.111,0.071,0.102,0.000
341,12051.94,17584.69,13345,0,4356,1,1.071,11012.1,rl_v4,2.00e-04,0.562,0.053,0.046,0.028,0.044,0.123,0.050,0.094,0.000
342,16106.89,17619.58,17566,0,5407,1,1.015,11047.0,rl_v4,2.00e-04,0.587,0.027,0.038,0.048,0.094,0.078,0.037,0.091,0.000
343,9407.65,17421.38,10436,0,3127,1,1.130,11078.4,rl_v4,2.00e-04,0.504,0.048,0.042,0.035,0.031,0.123,0.113,0.105,0.000
344,8903.68,17376.08,10014,0,-1340,-1,1.151,11109.6,rl_v4,2.00e-04,0.489,0.058,0.045,0.027,0.056,0.132,0.087,0.106,0.000
345,9460.19,17202.10,10374,0,2631,1,1.165,11140.2,rl_v4,2.00e-04,0.472,0.054,0.031,0.040,0.089,0.162,0.050,0.102,0.000
346,13314.20,17146.72,14687,0,5353,1,1.072,11175.8,rl_v4,2.00e-04,0.587,0.049,0.032,0.033,0.032,0.104,0.080,0.082,0.000
347,13084.47,16948.27,14158,0,3977,1,1.101,11210.0,rl_v4,2.00e-04,0.539,0.080,0.033,0.053,0.054,0.105,0.037,0.098,0.000
348,17225.98,17019.74,19725,0,6690,1,0.981,11248.2,rl_v4,2.00e-04,0.653,0.049,0.022,0.046,0.039,0.042,0.055,0.094,0.000
349,11194.80,16966.26,12130,0,2856,1,1.109,11279.8,rl_v4,2.00e-04,0.520,0.061,0.038,0.052,0.032,0.085,0.108,0.105,0.000
350,12014.24,16944.86,12784,0,3676,1,1.019,11308.4,rl_v4,2.00e-04,0.598,0.044,0.032,0.053,0.073,0.046,0.046,0.108,0.000
351,22328.49,16959.50,24143,0,9820,1,0.870,11344.6,rl_v4,2.00e-04,0.704,0.036,0.017,0.025,0.045,0.036,0.042,0.095,0.000
352,20121.49,16898.45,21881,0,9320,1,0.912,11380.6,rl_v4,2.00e-04,0.682,0.043,0.023,0.021,0.044,0.064,0.041,0.083,0.000
353,12916.64,16854.24,14436,0,4735,1,1.102,11418.6,rl_v4,2.00e-04,0.520,0.054,0.019,0.049,0.053,0.128,0.076,0.100,0.000
354,10585.49,16751.84,12206,0,-1210,-1,1.092,11454.0,rl_v4,2.00e-04,0.567,0.070,0.019,0.034,0.032,0.113,0.072,0.094,0.000
355,13512.15,16574.99,15724,0,2595,1,0.721,11487.2,rl_v4,2.00e-04,0.769,0.023,0.013,0.031,0.018,0.027,0.033,0.085,0.000
356,14421.26,16560.01,15861,0,4186,1,1.017,11522.4,rl_v4,2.00e-04,0.614,0.062,0.025,0.037,0.038,0.085,0.051,0.088,0.000
357,12857.60,16420.60,14161,0,2393,1,0.957,11557.2,rl_v4,2.00e-04,0.650,0.056,0.033,0.052,0.030,0.048,0.035,0.096,0.000
358,22701.00,16433.71,24490,0,12152,1,0.846,11594.2,rl_v4,2.00e-04,0.723,0.029,0.015,0.043,0.026,0.035,0.041,0.087,0.000
359,13133.26,16390.99,14147,0,5173,1,0.871,11623.0,rl_v4,2.00e-04,0.696,0.055,0.018,0.048,0.028,0.030,0.028,0.098,0.000
360,23904.00,16413.98,25587,0,12948,1,1.043,11662.2,rl_v4,2.00e-04,0.620,0.042,0.025,0.060,0.041,0.070,0.052,0.089,0.000
361,11153.65,16322.29,12203,0,4996,1,1.139,11694.3,rl_v4,2.00e-04,0.559,0.036,0.015,0.053,0.046,0.122,0.043,0.126,0.000
362,13442.67,16321.36,14876,0,2691,1,0.845,11729.5,rl_v4,2.00e-04,0.713,0.031,0.017,0.035,0.021,0.044,0.044,0.094,0.000
363,19463.46,16381.53,21635,0,6926,1,0.960,11765.6,rl_v4,2.00e-04,0.656,0.042,0.011,0.059,0.027,0.053,0.049,0.103,0.000
364,10895.78,16298.99,12118,0,1207,1,0.981,11799.5,rl_v4,2.00e-04,0.597,0.037,0.018,0.052,0.038,0.068,0.084,0.106,0.000
365,11588.79,16257.71,12918,0,2479,1,1.124,11836.4,rl_v4,2.00e-04,0.555,0.046,0.026,0.046,0.035,0.057,0.114,0.121,0.000
366,12356.54,16240.42,13513,0,7081,1,0.985,11866.6,rl_v4,2.00e-04,0.643,0.066,0.025,0.035,0.036,0.044,0.040,0.112,0.000
367,23657.50,16290.84,25387,0,12621,1,0.876,11906.9,rl_v4,2.00e-04,0.685,0.068,0.027,0.027,0.035,0.031,0.026,0.102,0.000
368,17014.98,16343.04,19193,0,6907,1,0.757,11940.3,rl_v4,2.00e-04,0.750,0.052,0.008,0.020,0.034,0.025,0.025,0.085,0.000
369,17955.95,16373.60,19596,0,7572,1,0.967,11979.0,rl_v4,2.00e-04,0.649,0.049,0.028,0.053,0.033,0.050,0.044,0.093,0.000
370,35829.00,16529.85,36813,1,20949,1,0.936,12019.0,rl_v4,2.00e-04,0.628,0.065,0.043,0.061,0.055,0.034,0.020,0.093,0.000
371,19341.99,16588.28,20899,0,9030,1,1.003,12057.8,rl_v4,2.00e-04,0.581,0.074,0.027,0.053,0.058,0.074,0.041,0.092,0.000
372,21666.50,16639.54,23009,0,10893,1,0.871,12091.3,rl_v4,2.00e-04,0.669,0.062,0.021,0.049,0.048,0.033,0.024,0.095,0.000
373,29526.00,16831.72,31214,0,19878,1,0.991,12132.3,rl_v4,2.00e-04,0.614,0.053,0.031,0.051,0.056,0.066,0.027,0.102,0.000
374,26944.50,16948.56,28816,0,17024,1,0.991,12174.2,rl_v4,2.00e-04,0.633,0.072,0.024,0.048,0.046,0.049,0.027,0.100,0.000
375,12617.48,16968.74,14575,0,2988,1,1.150,12211.1,rl_v4,2.00e-04,0.481,0.047,0.050,0.077,0.032,0.142,0.051,0.119,0.000
376,12760.80,16933.13,13775,0,5531,1,1.150,12247.2,rl_v4,2.00e-04,0.470,0.061,0.047,0.077,0.056,0.103,0.058,0.128,0.000
377,17258.65,16965.19,19534,0,6013,1,0.679,12282.5,rl_v4,2.00e-04,0.782,0.050,0.009,0.017,0.025,0.017,0.014,0.086,0.000
378,12479.13,16913.65,14323,0,2239,1,0.706,12316.2,rl_v4,2.00e-04,0.756,0.022,0.018,0.038,0.020,0.030,0.020,0.097,0.000
379,23297.50,17020.15,25686,0,12772,1,0.725,12356.3,rl_v4,2.00e-04,0.749,0.024,0.020,0.042,0.027,0.028,0.017,0.094,0.000
380,9604.92,16917.99,10767,0,1600,1,1.033,12386.3,rl_v4,2.00e-04,0.562,0.048,0.036,0.039,0.062,0.071,0.072,0.111,0.000
381,24973.50,16908.06,24862,1,9841,1,0.975,12420.1,rl_v4,2.00e-04,0.576,0.083,0.045,0.049,0.054,0.044,0.033,0.116,0.000
382,23529.50,16969.60,25109,0,12263,1,0.839,12453.0,rl_v4,2.00e-04,0.653,0.069,0.038,0.056,0.043,0.029,0.020,0.092,0.000
383,17173.47,16967.51,18258,0,6335,1,0.848,12484.8,rl_v4,2.00e-04,0.655,0.056,0.035,0.061,0.045,0.030,0.029,0.088,0.000
384,44627.50,17146.96,46525,1,30681,1,0.890,12528.5,rl_v4,2.00e-04,0.674,0.060,0.039,0.042,0.052,0.029,0.012,0.091,0.000
385,37737.50,17334.02,38083,1,23888,1,0.995,12574.1,rl_v4,2.00e-04,0.580,0.070,0.037,0.080,0.074,0.041,0.024,0.093,0.000
386,13773.32,17317.89,14439,0,4616,1,0.890,12604.2,rl_v4,2.00e-04,0.634,0.075,0.042,0.039,0.055,0.027,0.026,0.104,0.000
387,23958.50,17400.29,25692,0,10326,1,1.113,12636.7,rl_v4,2.00e-04,0.534,0.061,0.039,0.077,0.064,0.082,0.041,0.102,0.000
388,18589.98,17313.84,20057,0,8154,1,0.869,12664.0,rl_v4,2.00e-04,0.682,0.061,0.040,0.040,0.047,0.029,0.012,0.089,0.000
389,23458.50,17417.63,24971,0,12617,1,1.150,12697.1,rl_v4,2.00e-04,0.511,0.048,0.039,0.110,0.087,0.078,0.038,0.089,0.000
390,13301.42,17228.27,14694,0,3334,1,1.256,12728.9,rl_v4,2.00e-04,0.373,0.078,0.065,0.058,0.090,0.143,0.076,0.118,0.000
391,12573.29,17229.51,13129,0,1831,1,1.142,12753.0,rl_v4,2.00e-04,0.477,0.107,0.067,0.066,0.072,0.068,0.029,0.114,0.000
392,29833.50,17264.66,31186,0,19052,1,1.009,12782.2,rl_v4,2.00e-04,0.593,0.057,0.042,0.065,0.061,0.040,0.028,0.116,0.000
393,13944.25,17257.15,14929,0,4117,1,1.026,12807.4,rl_v4,2.00e-04,0.610,0.063,0.021,0.048,0.055,0.042,0.049,0.112,0.000
394,27499.00,17379.50,28682,0,17229,1,0.978,12838.8,rl_v4,2.00e-04,0.617,0.051,0.051,0.079,0.053,0.036,0.019,0.095,0.000
395,15012.44,17375.52,15977,0,3250,1,1.013,12864.6,rl_v4,2.00e-04,0.575,0.082,0.049,0.064,0.043,0.035,0.033,0.120,0.000
396,19054.99,17439.89,20742,0,8135,1,0.847,12891.6,rl_v4,2.00e-04,0.684,0.059,0.031,0.038,0.039,0.033,0.024,0.092,0.000
397,12124.63,17433.45,13324,0,4123,1,1.005,12919.5,rl_v4,2.00e-04,0.601,0.065,0.041,0.082,0.040,0.047,0.038,0.088,0.000
398,18431.98,17408.55,19348,0,7894,1,0.933,12947.1,rl_v4,2.00e-04,0.623,0.075,0.028,0.068,0.053,0.031,0.027,0.095,0.000
399,15681.79,17400.33,16836,0,4369,1,1.091,12974.8,rl_v4,2.00e-04,0.557,0.103,0.039,0.048,0.044,0.070,0.043,0.096,0.000
400,16414.98,17401.68,17335,0,5572,1,0.955,13000.6,rl_v4,2.00e-04,0.614,0.090,0.054,0.057,0.038,0.046,0.025,0.076,0.000
401,14164.83,17273.92,15154,0,5711,1,0.986,13025.6,rl_v4,2.00e-04,0.633,0.056,0.045,0.049,0.035,0.042,0.042,0.100,0.000
402,18736.98,17264.79,20045,0,7839,1,0.792,13054.7,rl_v4,2.00e-04,0.709,0.050,0.042,0.051,0.035,0.030,0.014,0.070,0.000
403,26219.50,17348.09,28158,0,13721,1,0.809,13087.8,rl_v4,2.00e-04,0.717,0.039,0.030,0.063,0.040,0.023,0.010,0.077,0.000
404,11525.27,17319.55,13260,0,1692,1,1.148,13117.3,rl_v4,2.00e-04,0.537,0.091,0.051,0.054,0.027,0.086,0.051,0.104,0.000
405,23306.50,17407.70,25585,0,13239,1,0.693,13147.6,rl_v4,2.00e-04,0.764,0.023,0.031,0.057,0.025,0.022,0.006,0.071,0.000
406,19368.99,17454.23,20254,0,8726,1,1.007,13175.2,rl_v4,2.00e-04,0.604,0.093,0.053,0.055,0.048,0.035,0.025,0.088,0.000
407,18626.43,17425.93,20217,0,6931,1,1.013,13204.1,rl_v4,2.00e-04,0.637,0.039,0.053,0.057,0.053,0.046,0.053,0.063,0.000
408,18986.00,17464.00,20348,0,8094,1,0.819,13229.8,rl_v4,2.00e-04,0.694,0.051,0.031,0.061,0.051,0.028,0.016,0.068,0.000
409,24765.00,17504.79,26500,0,14642,1,0.786,13261.4,rl_v4,2.00e-04,0.729,0.038,0.041,0.058,0.040,0.028,0.012,0.055,0.000
410,20017.50,17531.10,21207,0,10025,1,0.935,13287.5,rl_v4,2.00e-04,0.636,0.037,0.067,0.085,0.048,0.029,0.031,0.068,0.000
411,15597.40,17437.02,16408,0,9476,1,0.941,13310.3,rl_v4,2.00e-04,0.626,0.058,0.077,0.049,0.045,0.046,0.017,0.081,0.000
412,11223.11,17281.52,12345,0,4357,1,1.076,13337.7,rl_v4,2.00e-04,0.598,0.087,0.042,0.052,0.045,0.062,0.053,0.062,0.000
413,1028.53,17157.39,2852,0,-1473,-1,0.353,13354.5,rl_v4,2.00e-04,0.957,0.003,0.004,0.004,0.005,0.005,0.001,0.022,0.000
414,22433.00,17280.58,23179,1,10442,1,0.809,13382.8,rl_v4,2.00e-04,0.717,0.059,0.030,0.040,0.042,0.035,0.021,0.055,0.000
415,12238.66,17280.44,12866,0,4644,1,0.913,13406.5,rl_v4,2.00e-04,0.643,0.046,0.055,0.071,0.063,0.028,0.028,0.065,0.000
416,20666.00,17278.56,22037,0,9425,1,0.833,13433.6,rl_v4,2.00e-04,0.689,0.071,0.056,0.041,0.047,0.024,0.021,0.052,0.000
417,11868.13,17162.60,13077,0,4642,1,0.962,13459.0,rl_v4,2.00e-04,0.640,0.071,0.048,0.034,0.051,0.060,0.047,0.049,0.000
418,10482.94,17023.82,11639,0,4652,1,1.084,13485.8,rl_v4,2.00e-04,0.599,0.072,0.047,0.059,0.042,0.081,0.041,0.059,0.000
419,14785.88,16990.87,15881,0,4199,1,0.797,13510.3,rl_v4,2.00e-04,0.719,0.034,0.059,0.055,0.044,0.012,0.019,0.058,0.000
420,23743.50,16958.32,24130,1,8236,1,0.796,13537.9,rl_v4,2.00e-04,0.697,0.062,0.040,0.044,0.072,0.015,0.018,0.051,0.000
421,22133.00,17003.55,24155,0,8440,1,0.705,13567.4,rl_v4,2.00e-04,0.783,0.044,0.014,0.047,0.051,0.016,0.008,0.038,0.000
422,14149.81,16924.94,15660,0,8471,1,0.672,13589.5,rl_v4,2.00e-04,0.789,0.037,0.017,0.040,0.031,0.024,0.021,0.041,0.000
423,15292.72,16921.20,15211,1,4986,1,0.952,13612.9,rl_v4,2.00e-04,0.655,0.054,0.055,0.046,0.056,0.039,0.050,0.044,0.000
424,25537.00,17001.41,27281,0,13923,1,0.828,13645.7,rl_v4,2.00e-04,0.694,0.041,0.041,0.077,0.073,0.023,0.018,0.032,0.000
425,11142.07,16926.80,12187,0,1036,1,1.089,13670.6,rl_v4,2.00e-04,0.556,0.058,0.065,0.089,0.057,0.079,0.042,0.053,0.000
426,16084.40,16993.84,17213,0,8454,1,0.937,13695.5,rl_v4,2.00e-04,0.665,0.060,0.058,0.044,0.054,0.040,0.030,0.050,0.000
427,19453.50,16944.11,20669,0,8358,1,0.805,13721.9,rl_v4,2.00e-04,0.700,0.037,0.058,0.065,0.059,0.020,0.018,0.042,0.000
428,27791.00,17125.78,29453,0,18447,1,0.948,13754.5,rl_v4,2.00e-04,0.657,0.044,0.046,0.055,0.086,0.054,0.014,0.045,0.000
429,20389.50,17165.09,21936,0,9043,1,0.844,13782.7,rl_v4,2.00e-04,0.697,0.055,0.052,0.044,0.060,0.026,0.021,0.044,0.000
430,11469.74,17047.85,12413,0,2444,1,0.829,13806.0,rl_v4,2.00e-04,0.677,0.059,0.045,0.073,0.050,0.022,0.019,0.055,0.000
431,9564.84,17026.09,10472,0,1772,1,1.043,13830.1,rl_v4,2.00e-04,0.604,0.058,0.050,0.068,0.063,0.075,0.029,0.054,0.000
432,16440.94,17077.06,17895,0,5252,1,0.893,13857.5,rl_v4,2.00e-04,0.669,0.039,0.057,0.080,0.054,0.040,0.018,0.042,0.000
433,18116.99,17121.10,19393,0,7307,1,0.862,13884.1,rl_v4,2.00e-04,0.673,0.068,0.038,0.053,0.080,0.026,0.022,0.041,0.000
434,18153.48,17204.73,17683,1,8073,1,0.954,13905.8,rl_v4,2.00e-04,0.606,0.038,0.071,0.102,0.072,0.030,0.031,0.049,0.000
435,16957.91,17293.01,18866,0,6632,1,1.141,13939.3,rl_v4,2.00e-04,0.556,0.113,0.040,0.056,0.074,0.081,0.029,0.052,0.000
436,31903.50,17465.09,32797,0,20232,1,0.942,13969.5,rl_v4,2.00e-04,0.603,0.079,0.062,0.086,0.081,0.035,0.013,0.041,0.000
437,17350.97,17510.04,17983,0,10311,1,1.115,13994.3,rl_v4,2.00e-04,0.517,0.110,0.066,0.100,0.069,0.064,0.027,0.048,0.000
438,22403.50,17651.36,22923,0,10131,1,0.980,14022.3,rl_v4,2.00e-04,0.549,0.121,0.088,0.070,0.071,0.023,0.033,0.044,0.000
439,34619.50,17863.15,35543,0,24375,1,0.928,14055.3,rl_v4,2.00e-04,0.628,0.053,0.068,0.106,0.082,0.022,0.014,0.028,0.000
440,10979.56,17895.13,11915,0,3344,1,1.256,14082.0,rl_v4,2.00e-04,0.401,0.111,0.071,0.113,0.077,0.136,0.042,0.051,0.000
441,20697.00,17981.58,21515,0,10351,1,1.093,14110.3,rl_v4,2.00e-04,0.471,0.090,0.126,0.071,0.082,0.088,0.030,0.042,0.000
442,31734.00,18137.85,32365,0,19761,1,0.978,14143.3,rl_v4,2.00e-04,0.566,0.061,0.090,0.122,0.087,0.024,0.017,0.033,0.000
443,36953.50,18413.31,38546,0,25226,1,0.867,14173.9,rl_v4,2.00e-04,0.625,0.066,0.074,0.095,0.073,0.033,0.009,0.025,0.000
444,13899.02,18463.27,15060,0,3120,1,1.189,14204.1,rl_v4,2.00e-04,0.404,0.066,0.076,0.093,0.126,0.141,0.039,0.054,0.000
445,33932.50,18707.99,35096,0,23761,1,0.822,14233.9,rl_v4,2.00e-04,0.629,0.098,0.065,0.051,0.083,0.024,0.012,0.038,0.000
446,34043.00,18915.28,35267,0,20494,1,0.859,14265.0,rl_v4,2.00e-04,0.616,0.057,0.079,0.084,0.077,0.034,0.009,0.044,0.000
447,32597.50,19110.41,34043,0,22481,1,0.869,14296.4,rl_v4,2.00e-04,0.669,0.062,0.047,0.064,0.082,0.033,0.010,0.034,0.000
448,32555.00,19263.70,33517,0,21791,1,1.011,14329.6,rl_v4,2.00e-04,0.545,0.088,0.094,0.075,0.087,0.050,0.014,0.046,0.000
449,36433.50,19516.09,37643,0,26180,1,0.844,14361.3,rl_v4,2.00e-04,0.641,0.064,0.064,0.069,0.087,0.021,0.010,0.044,0.000
450,34134.50,19737.29,35213,0,23474,1,0.959,14392.3,rl_v4,2.00e-04,0.585,0.063,0.070,0.081,0.107,0.030,0.013,0.051,0.000
451,30417.50,19818.18,30744,2,10091,1,1.173,14423.3,rl_v4,2.00e-04,0.343,0.082,0.131,0.110,0.103,0.134,0.032,0.067,0.000
452,32826.50,19945.23,33543,0,22086,1,1.000,14455.0,rl_v4,2.00e-04,0.530,0.098,0.085,0.083,0.107,0.027,0.015,0.054,0.000
453,-1411.77,19801.94,0,0,-4854,-1,0.512,14469.2,rl_v4,2.00e-04,0.891,0.006,0.004,0.007,0.019,0.013,0.002,0.058,0.000
454,11254.76,19808.64,11178,0,3472,1,1.154,14490.7,rl_v4,2.00e-04,0.434,0.059,0.107,0.111,0.127,0.033,0.050,0.079,0.000
455,33253.50,20006.05,33447,0,21965,1,1.087,14518.6,rl_v4,2.00e-04,0.446,0.106,0.123,0.091,0.106,0.042,0.033,0.052,0.000
456,26545.50,20127.29,26205,1,9705,1,1.103,14546.3,rl_v4,2.00e-04,0.384,0.162,0.123,0.068,0.123,0.040,0.044,0.055,0.000
457,35021.50,20348.93,35357,0,20813,1,1.051,14575.6,rl_v4,2.00e-04,0.466,0.106,0.109,0.089,0.123,0.036,0.018,0.053,0.000
458,25955.00,20381.47,26165,0,14581,1,1.075,14603.0,rl_v4,2.00e-04,0.434,0.068,0.139,0.128,0.107,0.042,0.037,0.046,0.000
459,32526.50,20575.40,32660,0,19574,1,1.046,14632.8,rl_v4,2.00e-04,0.464,0.090,0.120,0.096,0.133,0.036,0.025,0.037,0.000
460,35451.50,20690.88,36243,0,23654,1,1.076,14662.9,rl_v4,2.00e-04,0.452,0.075,0.135,0.103,0.106,0.065,0.028,0.036,0.000
461,40833.00,20987.67,41765,0,29442,1,1.004,14693.3,rl_v4,2.00e-04,0.514,0.049,0.128,0.099,0.115,0.038,0.023,0.035,0.000
462,34895.50,21202.20,35395,0,23419,1,1.002,14723.0,rl_v4,2.00e-04,0.473,0.102,0.105,0.090,0.130,0.030,0.028,0.042,0.000
463,43377.00,21441.34,43797,0,32647,1,1.081,14755.9,rl_v4,2.00e-04,0.473,0.086,0.124,0.100,0.102,0.035,0.036,0.044,0.000
464,36223.00,21694.61,35768,1,19028,1,1.097,14783.8,rl_v4,2.00e-04,0.403,0.076,0.153,0.117,0.112,0.039,0.045,0.055,0.000
465,17539.96,21754.12,18703,0,7794,1,1.161,14813.7,rl_v4,2.00e-04,0.282,0.109,0.101,0.051,0.163,0.197,0.026,0.072,0.000
466,33585.00,21966.40,34657,0,23155,1,0.954,14844.4,rl_v4,2.00e-04,0.522,0.109,0.093,0.059,0.078,0.053,0.036,0.050,0.000
467,29210.00,22021.93,29602,0,17168,1,0.962,14872.5,rl_v4,2.00e-04,0.504,0.111,0.121,0.066,0.083,0.028,0.034,0.053,0.000
468,35550.50,22207.28,36266,0,24997,1,0.940,14902.4,rl_v4,2.00e-04,0.561,0.089,0.081,0.053,0.114,0.027,0.029,0.046,0.000
469,39484.50,22422.57,40517,0,27490,1,0.893,14933.8,rl_v4,2.00e-04,0.605,0.069,0.071,0.062,0.098,0.034,0.023,0.037,0.000
470,33892.00,22403.20,35127,0,23709,1,0.935,14963.4,rl_v4,2.00e-04,0.582,0.062,0.102,0.070,0.071,0.037,0.032,0.044,0.000
471,41149.00,22621.27,42516,0,30148,1,0.924,14994.4,rl_v4,2.00e-04,0.577,0.040,0.109,0.083,0.086,0.045,0.026,0.034,0.000
472,36279.00,22767.40,37020,0,24270,1,0.991,15023.5,rl_v4,2.00e-04,0.538,0.082,0.116,0.057,0.089,0.048,0.025,0.045,0.000
473,29335.00,22765.49,29442,1,13461,1,1.003,15052.3,rl_v4,2.00e-04,0.514,0.102,0.118,0.042,0.098,0.027,0.052,0.047,0.000
474,29458.00,22790.62,29828,0,18448,1,0.990,15080.1,rl_v4,2.00e-04,0.529,0.091,0.090,0.066,0.089,0.030,0.050,0.054,0.000
475,19133.49,22855.78,19809,0,11882,1,1.035,15104.7,rl_v4,2.00e-04,0.438,0.063,0.146,0.065,0.076,0.116,0.029,0.067,0.000
476,28588.50,23014.06,29128,0,15383,1,0.990,15132.3,rl_v4,2.00e-04,0.543,0.086,0.092,0.050,0.106,0.037,0.037,0.049,0.000
477,23289.00,23074.36,23887,0,12034,1,0.908,15159.0,rl_v4,2.00e-04,0.579,0.054,0.090,0.078,0.078,0.038,0.038,0.046,0.000
478,17307.47,23122.64,17927,0,7506,1,0.857,15184.1,rl_v4,2.00e-04,0.619,0.071,0.078,0.056,0.082,0.030,0.025,0.040,0.000
479,33154.50,23221.21,34056,0,22278,1,0.844,15212.8,rl_v4,2.00e-04,0.625,0.064,0.073,0.055,0.074,0.037,0.029,0.044,0.000
480,21248.49,23337.65,22828,0,9350,1,0.949,15243.2,rl_v4,2.00e-04,0.578,0.028,0.091,0.073,0.066,0.092,0.026,0.047,0.000
481,23357.50,23321.49,24171,0,11371,1,0.964,15270.8,rl_v4,2.00e-04,0.556,0.087,0.081,0.032,0.114,0.053,0.023,0.055,0.000
482,24423.50,23330.43,25720,0,12705,1,0.851,15300.8,rl_v4,2.00e-04,0.647,0.044,0.085,0.048,0.054,0.051,0.028,0.042,0.000
483,9359.78,23252.29,10707,0,-403,-1,0.974,15326.6,rl_v4,2.00e-04,0.538,0.035,0.088,0.033,0.080,0.118,0.058,0.051,0.000
484,10980.74,22915.83,12378,0,1515,1,0.983,15355.7,rl_v4,2.00e-04,0.552,0.043,0.130,0.026,0.045,0.103,0.048,0.053,0.000
485,12382.07,22662.27,13417,0,5290,1,0.708,15377.3,rl_v4,2.00e-04,0.727,0.041,0.070,0.029,0.040,0.039,0.017,0.037,0.000
486,20389.92,22728.44,22269,0,7884,1,1.105,15410.6,rl_v4,2.00e-04,0.530,0.048,0.122,0.029,0.060,0.082,0.078,0.051,0.000
487,24009.50,22728.95,25146,0,12937,1,0.858,15439.4,rl_v4,2.00e-04,0.644,0.049,0.074,0.040,0.085,0.037,0.019,0.052,0.000
488,32856.00,22871.61,34005,0,22128,1,0.885,15468.2,rl_v4,2.00e-04,0.594,0.049,0.100,0.047,0.075,0.065,0.021,0.050,0.000
489,26552.50,22902.55,27442,0,14761,1,0.845,15495.0,rl_v4,2.00e-04,0.645,0.058,0.069,0.044,0.080,0.038,0.014,0.052,0.000
490,12212.98,22891.66,12579,0,5001,1,0.963,15517.0,rl_v4,2.00e-04,0.588,0.069,0.092,0.038,0.082,0.053,0.021,0.057,0.000
491,17345.20,22939.38,18773,0,6847,1,1.037,15549.5,rl_v4,2.00e-04,0.420,0.037,0.204,0.038,0.085,0.159,0.018,0.039,0.000
492,17242.22,22813.47,18670,0,6527,1,0.857,15574.3,rl_v4,2.00e-04,0.648,0.020,0.117,0.028,0.054,0.068,0.035,0.029,0.000
493,28498.00,22959.01,29843,0,17625,1,0.773,15604.3,rl_v4,2.00e-04,0.658,0.049,0.092,0.054,0.074,0.032,0.011,0.030,0.000
494,24437.00,22928.39,26004,0,13257,1,0.745,15631.8,rl_v4,2.00e-04,0.716,0.027,0.079,0.032,0.056,0.049,0.012,0.028,0.000
495,34094.50,23119.21,35734,0,24087,1,0.827,15662.0,rl_v4,2.00e-04,0.638,0.021,0.105,0.080,0.074,0.036,0.017,0.029,0.000
496,21757.00,23146.23,22482,0,10903,1,0.969,15688.6,rl_v4,2.00e-04,0.558,0.044,0.109,0.080,0.092,0.035,0.033,0.049,0.000
497,28367.50,23308.66,29458,0,17569,1,1.024,15718.1,rl_v4,2.00e-04,0.529,0.061,0.132,0.055,0.086,0.062,0.023,0.051,0.000
498,11418.83,23238.52,12750,0,1878,1,1.239,15747.4,rl_v4,2.00e-04,0.338,0.058,0.185,0.041,0.107,0.143,0.069,0.058,0.000
499,27229.50,23354.00,28286,0,15507,1,1.034,15778.3,rl_v4,2.00e-04,0.500,0.079,0.130,0.065,0.089,0.064,0.019,0.054,0.000
500,35132.50,23541.18,36469,0,24462,1,0.951,15810.9,rl_v4,1.94e-04,0.546,0.048,0.129,0.060,0.095,0.047,0.022,0.054,0.000
501,23912.00,23638.65,24342,0,11202,1,1.041,15838.9,rl_v4,1.94e-04,0.519,0.046,0.125,0.086,0.100,0.024,0.037,0.063,0.000
502,32814.00,23779.42,33333,0,21757,1,0.953,15868.0,rl_v4,1.94e-04,0.515,0.063,0.131,0.067,0.115,0.026,0.027,0.057,0.000
503,32100.50,23838.23,33045,0,20634,1,0.944,15897.6,rl_v4,1.94e-04,0.558,0.065,0.100,0.080,0.097,0.026,0.026,0.048,0.000
504,35622.50,24079.20,36620,0,24581,1,0.957,15930.6,rl_v4,1.94e-04,0.556,0.053,0.116,0.076,0.097,0.025,0.022,0.055,0.000
505,14483.20,23990.97,16362,0,3388,1,1.200,15965.7,rl_v4,1.94e-04,0.297,0.026,0.251,0.081,0.065,0.158,0.045,0.077,0.000
506,13870.98,23935.99,14780,0,5016,1,1.113,15994.3,rl_v4,1.94e-04,0.346,0.061,0.239,0.069,0.069,0.112,0.029,0.075,0.000
507,29792.00,24047.64,30108,0,17797,1,0.967,16022.1,rl_v4,1.94e-04,0.485,0.079,0.153,0.066,0.095,0.023,0.029,0.070,0.000
508,22477.00,24082.55,23174,0,10863,1,0.915,16047.4,rl_v4,1.94e-04,0.563,0.053,0.130,0.065,0.082,0.030,0.020,0.059,0.000
509,25407.00,24088.97,25931,0,13031,1,1.062,16075.0,rl_v4,1.94e-04,0.454,0.054,0.168,0.059,0.125,0.052,0.029,0.060,0.000
510,23688.00,24125.68,24633,0,12331,1,1.058,16102.1,rl_v4,1.94e-04,0.479,0.051,0.162,0.038,0.098,0.064,0.032,0.075,0.000
511,25663.00,24226.34,26128,0,13932,1,0.986,16127.8,rl_v4,1.94e-04,0.537,0.063,0.132,0.056,0.101,0.020,0.031,0.059,0.000
512,17506.98,24289.17,17611,0,6881,1,1.116,16153.1,rl_v4,1.94e-04,0.456,0.076,0.165,0.052,0.102,0.031,0.037,0.082,0.000
513,37819.00,24657.08,38488,0,25991,1,1.137,16185.4,rl_v4,1.94e-04,0.385,0.081,0.162,0.064,0.143,0.045,0.059,0.061,0.000
514,35879.50,24791.54,36319,0,24723,1,1.079,16217.7,rl_v4,1.94e-04,0.441,0.060,0.148,0.085,0.144,0.022,0.032,0.068,0.000
515,11229.46,24781.45,11892,0,2379,1,1.152,16243.4,rl_v4,1.94e-04,0.332,0.048,0.220,0.081,0.090,0.126,0.022,0.081,0.000
516,14413.34,24718.92,15601,0,3651,1,1.199,16274.9,rl_v4,1.94e-04,0.319,0.046,0.227,0.078,0.099,0.118,0.020,0.091,0.000
517,9478.55,24695.03,10211,0,218,1,1.192,16299.5,rl_v4,1.94e-04,0.349,0.058,0.183,0.077,0.072,0.137,0.021,0.102,0.000
518,26203.50,24852.23,26843,0,15441,1,0.972,16327.3,rl_v4,1.94e-04,0.520,0.068,0.117,0.062,0.105,0.029,0.024,0.075,0.000
519,32119.50,25025.57,32975,0,20944,1,0.935,16356.8,rl_v4,1.94e-04,0.514,0.056,0.119,0.080,0.123,0.027,0.022,0.060,0.000
520,30764.50,25095.78,31316,0,19053,1,1.008,16385.3,rl_v4,1.94e-04,0.496,0.071,0.133,0.047,0.117,0.032,0.041,0.065,0.000
521,24621.50,25120.67,24967,0,13788,1,1.043,16413.8,rl_v4,1.94e-04,0.450,0.069,0.135,0.066,0.131,0.038,0.033,0.079,0.000
522,26872.00,25247.89,28049,0,15066,1,1.110,16445.0,rl_v4,1.94e-04,0.392,0.058,0.145,0.074,0.099,0.127,0.029,0.077,0.000
523,40821.00,25503.17,42236,0,29412,1,0.980,16477.6,rl_v4,1.94e-04,0.497,0.045,0.160,0.045,0.093,0.053,0.027,0.079,0.000
524,35896.50,25606.77,37297,0,24261,1,0.963,16509.6,rl_v4,1.94e-04,0.521,0.072,0.132,0.023,0.089,0.050,0.032,0.081,0.000
525,34112.00,25836.46,35014,0,22853,1,0.952,16537.9,rl_v4,1.94e-04,0.542,0.076,0.110,0.049,0.089,0.032,0.032,0.070,0.000
526,27569.00,25951.31,26948,1,11765,1,1.025,16565.1,rl_v4,1.94e-04,0.446,0.080,0.150,0.062,0.128,0.033,0.021,0.080,0.000
527,30030.50,26057.08,30871,0,19397,1,1.055,16595.5,rl_v4,1.94e-04,0.414,0.042,0.154,0.088,0.125,0.062,0.040,0.075,0.000
528,35149.50,26130.67,35476,0,21877,1,1.046,16624.5,rl_v4,1.94e-04,0.504,0.058,0.119,0.057,0.116,0.020,0.030,0.096,0.000
529,29805.50,26224.83,30055,0,17674,1,1.014,16653.3,rl_v4,1.94e-04,0.468,0.050,0.154,0.078,0.113,0.023,0.025,0.089,0.000
530,25186.50,26361.99,26044,0,13188,1,1.172,16684.7,rl_v4,1.94e-04,0.359,0.043,0.156,0.069,0.131,0.112,0.040,0.091,0.000
531,26500.00,26531.35,26760,0,14963,1,1.047,16712.3,rl_v4,1.94e-04,0.450,0.071,0.148,0.049,0.106,0.030,0.040,0.105,0.000
532,16164.95,26528.59,16342,0,4528,1,1.035,16737.3,rl_v4,1.94e-04,0.463,0.098,0.158,0.046,0.100,0.013,0.016,0.106,0.000
533,15420.33,26501.62,16572,0,2697,1,1.109,16763.2,rl_v4,1.94e-04,0.355,0.043,0.278,0.040,0.066,0.070,0.006,0.141,0.000
534,27940.00,26599.48,28320,0,15345,1,1.024,16791.3,rl_v4,1.94e-04,0.440,0.088,0.150,0.036,0.132,0.016,0.038,0.100,0.000
535,32777.50,26757.68,33377,0,20374,1,1.002,16822.0,rl_v4,1.94e-04,0.485,0.065,0.145,0.033,0.127,0.010,0.033,0.102,0.000
536,27165.50,26710.30,27524,0,15278,1,1.026,16850.1,rl_v4,1.94e-04,0.458,0.047,0.146,0.075,0.123,0.014,0.026,0.110,0.000
537,13355.56,26670.35,14074,0,2120,1,1.176,16876.7,rl_v4,1.94e-04,0.346,0.036,0.260,0.062,0.110,0.053,0.018,0.116,0.000
538,22569.00,26672.00,23000,0,7944,1,0.947,16903.7,rl_v4,1.94e-04,0.485,0.027,0.178,0.053,0.129,0.009,0.020,0.098,0.000
539,30148.00,26627.29,30911,0,19652,1,0.952,16933.2,rl_v4,1.94e-04,0.495,0.058,0.124,0.066,0.115,0.033,0.040,0.070,0.000
540,23416.00,26751.65,23751,0,11855,1,0.996,16960.7,rl_v4,1.94e-04,0.483,0.055,0.146,0.058,0.122,0.016,0.032,0.088,0.000
541,23855.50,26783.24,24833,0,11243,1,0.938,16990.8,rl_v4,1.94e-04,0.513,0.031,0.153,0.040,0.105,0.017,0.054,0.087,0.000
542,11424.18,26580.14,12212,0,609,1,1.070,17016.1,rl_v4,1.94e-04,0.411,0.036,0.181,0.057,0.134,0.058,0.027,0.095,0.000
543,21951.00,26430.11,23074,0,10606,1,1.045,17045.6,rl_v4,1.94e-04,0.394,0.034,0.245,0.048,0.101,0.050,0.033,0.093,0.000
544,31733.00,26608.45,32502,0,20156,1,0.898,17073.1,rl_v4,1.94e-04,0.530,0.031,0.125,0.070,0.115,0.015,0.041,0.073,0.000
545,18971.99,26458.85,18982,0,8917,1,1.057,17098.9,rl_v4,1.94e-04,0.425,0.091,0.168,0.032,0.153,0.007,0.032,0.092,0.000
546,27497.00,26393.39,26569,1,12203,1,1.095,17128.6,rl_v4,1.94e-04,0.380,0.054,0.183,0.069,0.148,0.010,0.062,0.094,0.000
547,20790.99,26275.32,21065,0,9970,1,1.058,17157.1,rl_v4,1.94e-04,0.427,0.052,0.192,0.049,0.142,0.008,0.031,0.099,0.000
548,28374.00,26233.51,29256,0,17131,1,1.030,17186.2,rl_v4,1.94e-04,0.420,0.060,0.208,0.041,0.113,0.012,0.039,0.107,0.000
549,17586.45,26045.04,17712,0,7425,1,1.097,17211.2,rl_v4,1.94e-04,0.374,0.062,0.223,0.041,0.124,0.021,0.020,0.134,0.000
550,23809.00,25941.79,24025,0,12765,1,1.071,17241.2,rl_v4,1.94e-04,0.403,0.052,0.186,0.037,0.153,0.009,0.033,0.128,0.000
551,28041.50,25918.03,28398,0,15150,1,1.066,17271.0,rl_v4,1.94e-04,0.416,0.051,0.185,0.043,0.148,0.012,0.033,0.113,0.000
552,26611.00,25855.87,27033,0,14430,1,1.047,17300.9,rl_v4,1.94e-04,0.408,0.066,0.186,0.035,0.140,0.006,0.028,0.132,0.000
553,12658.37,25996.57,13275,0,3711,1,1.087,17325.9,rl_v4,1.94e-04,0.396,0.042,0.223,0.028,0.126,0.028,0.018,0.137,0.000
554,22462.50,26108.65,23018,0,10920,1,0.954,17353.4,rl_v4,1.94e-04,0.474,0.057,0.163,0.033,0.111,0.009,0.019,0.135,0.000
555,27941.50,26055.53,28813,0,16677,1,1.026,17384.2,rl_v4,1.94e-04,0.445,0.036,0.173,0.030,0.137,0.018,0.040,0.122,0.000
556,22093.49,26011.01,22641,0,10719,1,1.036,17413.3,rl_v4,1.94e-04,0.398,0.022,0.226,0.036,0.146,0.007,0.015,0.150,0.000
557,25822.50,25919.02,26390,0,15292,1,0.991,17443.2,rl_v4,1.94e-04,0.414,0.030,0.209,0.026,0.168,0.008,0.017,0.130,0.000
558,14097.99,25800.45,14259,0,7045,1,1.090,17465.6,rl_v4,1.94e-04,0.372,0.058,0.233,0.030,0.126,0.026,0.014,0.141,0.000
559,19977.99,25674.96,20216,0,8381,1,1.030,17493.5,rl_v4,1.94e-04,0.435,0.044,0.183,0.045,0.135,0.007,0.014,0.138,0.000
560,11232.14,25432.77,12221,0,3360,1,1.066,17519.2,rl_v4,1.94e-04,0.251,0.018,0.413,0.018,0.097,0.032,0.014,0.156,0.000
561,25573.50,25280.18,26228,0,14135,1,1.005,17551.0,rl_v4,1.94e-04,0.419,0.037,0.201,0.025,0.139,0.013,0.047,0.119,0.000
562,25609.50,25187.32,26303,0,15040,1,0.952,17580.9,rl_v4,1.94e-04,0.464,0.032,0.185,0.032,0.138,0.010,0.029,0.110,0.000
563,28069.50,25034.24,28714,0,17044,1,0.970,17612.1,rl_v4,1.94e-04,0.466,0.043,0.171,0.027,0.140,0.008,0.028,0.117,0.000
564,19442.82,24866.44,20587,0,7621,1,1.006,17643.3,rl_v4,1.94e-04,0.313,0.014,0.380,0.018,0.101,0.020,0.014,0.139,0.000
565,13816.21,24829.20,13560,0,7864,1,1.111,17663.8,rl_v4,1.94e-04,0.371,0.060,0.212,0.036,0.156,0.019,0.028,0.117,0.000
566,17894.57,24672.30,18468,0,6302,1,0.986,17695.9,rl_v4,1.94e-04,0.385,0.025,0.241,0.015,0.176,0.009,0.022,0.127,0.000
567,11803.61,24498.23,12943,0,2149,1,1.049,17721.3,rl_v4,1.94e-04,0.288,0.023,0.382,0.023,0.062,0.031,0.025,0.165,0.000
568,27989.00,24422.62,28952,0,17761,1,0.938,17750.8,rl_v4,1.94e-04,0.438,0.037,0.182,0.018,0.161,0.020,0.037,0.107,0.000
569,18887.99,24216.65,19119,0,6564,1,1.041,17777.1,rl_v4,1.94e-04,0.394,0.039,0.227,0.039,0.145,0.012,0.029,0.115,0.000
570,14956.03,24027.29,15605,0,5159,1,0.992,17804.4,rl_v4,1.94e-04,0.370,0.033,0.253,0.021,0.180,0.010,0.015,0.117,0.000
571,19530.47,23811.11,19862,0,7130,1,1.032,17831.9,rl_v4,1.94e-04,0.416,0.035,0.199,0.029,0.163,0.008,0.019,0.132,0.000
572,16317.38,23611.49,17029,0,3263,1,0.975,17856.4,rl_v4,1.94e-04,0.272,0.013,0.355,0.015,0.173,0.007,0.016,0.148,0.000
573,19570.98,23513.85,20093,0,8168,1,1.014,17884.1,rl_v4,1.94e-04,0.411,0.039,0.193,0.024,0.155,0.008,0.021,0.149,0.000
574,13190.02,23351.17,13204,0,3997,1,1.071,17908.3,rl_v4,1.94e-04,0.393,0.041,0.199,0.019,0.160,0.007,0.017,0.164,0.000
575,23294.50,23392.78,23962,0,10904,1,0.958,17936.4,rl_v4,1.94e-04,0.451,0.025,0.180,0.029,0.133,0.008,0.022,0.153,0.000
576,22598.50,23332.88,23727,0,10928,1,1.021,17967.3,rl_v4,1.94e-04,0.392,0.026,0.166,0.024,0.156,0.014,0.033,0.189,0.000
577,21373.50,23313.73,22019,0,10321,1,0.968,17993.5,rl_v4,1.94e-04,0.414,0.036,0.196,0.024,0.146,0.010,0.029,0.145,0.000
578,32393.00,23464.58,32204,1,14733,1,1.006,18023.8,rl_v4,1.94e-04,0.377,0.047,0.174,0.036,0.165,0.015,0.032,0.153,0.000
579,21486.50,23347.90,21911,0,10049,1,0.944,18051.3,rl_v4,1.94e-04,0.428,0.048,0.181,0.034,0.127,0.004,0.019,0.158,0.000
580,20262.95,23338.05,20696,0,9380,1,0.958,18079.0,rl_v4,1.94e-04,0.408,0.038,0.161,0.030,0.117,0.005,0.033,0.207,0.000
581,21912.00,23323.59,22171,0,10118,1,0.990,18105.2,rl_v4,1.94e-04,0.412,0.053,0.173,0.035,0.142,0.005,0.021,0.159,0.000
582,25026.00,23329.62,25655,0,12315,1,0.938,18134.3,rl_v4,1.94e-04,0.462,0.033,0.155,0.033,0.133,0.007,0.029,0.147,0.000
583,15481.90,23390.84,15610,0,7491,1,1.039,18157.8,rl_v4,1.94e-04,0.422,0.047,0.166,0.035,0.131,0.007,0.018,0.174,0.000
584,21279.99,23493.83,21960,0,9271,1,1.014,18185.6,rl_v4,1.94e-04,0.408,0.039,0.159,0.029,0.131,0.009,0.032,0.193,0.000
585,18321.32,23553.22,19003,0,7625,1,0.981,18216.8,rl_v4,1.94e-04,0.375,0.045,0.191,0.028,0.103,0.003,0.016,0.237,0.000
586,19226.49,23541.59,19961,0,7494,1,0.998,18243.7,rl_v4,1.94e-04,0.466,0.049,0.136,0.045,0.075,0.022,0.044,0.163,0.000
587,13742.12,23438.91,13637,0,6477,1,1.120,18266.8,rl_v4,1.94e-04,0.363,0.046,0.168,0.054,0.111,0.006,0.032,0.220,0.000
588,14011.66,23250.47,13973,0,5647,1,1.091,18288.9,rl_v4,1.94e-04,0.364,0.056,0.195,0.055,0.115,0.004,0.024,0.187,0.000
589,18535.93,23170.31,19797,0,8923,1,1.051,18317.2,rl_v4,1.94e-04,0.279,0.029,0.281,0.037,0.049,0.021,0.036,0.267,0.000
590,30964.00,23357.82,32623,0,20878,1,0.877,18349.4,rl_v4,1.94e-04,0.521,0.030,0.122,0.021,0.123,0.022,0.045,0.115,0.000
591,12577.18,23310.14,12899,0,3607,1,0.999,18373.1,rl_v4,1.94e-04,0.419,0.047,0.162,0.037,0.087,0.010,0.016,0.223,0.000
592,17650.48,23314.22,18044,0,6997,1,0.970,18397.5,rl_v4,1.94e-04,0.408,0.038,0.180,0.046,0.110,0.008,0.015,0.195,0.000
593,11634.45,23145.58,11802,0,3910,1,1.103,18418.8,rl_v4,1.94e-04,0.331,0.067,0.195,0.039,0.111,0.008,0.016,0.233,0.000
594,10498.69,23006.20,10471,0,7137,1,1.137,18437.9,rl_v4,1.94e-04,0.361,0.059,0.165,0.072,0.088,0.020,0.017,0.218,0.000
595,16687.10,22832.13,16884,0,4385,1,0.939,18466.7,rl_v4,1.94e-04,0.316,0.024,0.203,0.031,0.087,0.006,0.009,0.324,0.000
596,11932.20,22733.88,12194,0,3141,1,1.080,18489.9,rl_v4,1.94e-04,0.353,0.032,0.162,0.059,0.118,0.022,0.021,0.233,0.000
597,13843.58,22588.64,14236,0,3324,1,0.976,18514.4,rl_v4,1.94e-04,0.400,0.042,0.127,0.033,0.114,0.013,0.019,0.253,0.000
598,21963.00,22694.08,22886,0,10712,1,1.067,18543.8,rl_v4,1.94e-04,0.392,0.029,0.137,0.034,0.132,0.048,0.052,0.176,0.000
599,20016.50,22621.95,20155,0,8454,1,1.032,18569.1,rl_v4,1.94e-04,0.388,0.028,0.138,0.060,0.077,0.013,0.036,0.259,0.000
600,24166.00,22512.29,24625,0,11876,1,0.964,18596.3,rl_v4,1.88e-04,0.425,0.054,0.131,0.036,0.095,0.009,0.029,0.221,0.000
601,33788.00,22611.05,33312,1,18773,1,0.979,18625.5,rl_v4,1.88e-04,0.430,0.047,0.097,0.058,0.119,0.013,0.027,0.209,0.000
602,32117.50,22604.08,33176,0,18054,1,0.975,18657.7,rl_v4,1.88e-04,0.396,0.049,0.124,0.024,0.123,0.011,0.044,0.229,0.000
603,30255.00,22585.63,31886,0,19937,1,0.975,18691.6,rl_v4,1.88e-04,0.464,0.022,0.086,0.034,0.121,0.058,0.066,0.148,0.000
604,21126.48,22440.66,21929,0,8637,1,0.921,18721.2,rl_v4,1.88e-04,0.410,0.035,0.112,0.033,0.098,0.016,0.038,0.258,0.000
605,27726.50,22573.10,28452,0,17314,1,0.929,18749.5,rl_v4,1.88e-04,0.445,0.025,0.110,0.058,0.079,0.017,0.042,0.224,0.000
606,19978.49,22634.17,20405,0,7427,1,0.952,18775.5,rl_v4,1.88e-04,0.371,0.037,0.128,0.034,0.125,0.014,0.021,0.269,0.000
607,29770.00,22633.95,30606,0,18218,1,0.930,18808.9,rl_v4,1.88e-04,0.372,0.026,0.160,0.038,0.094,0.016,0.039,0.254,0.000
608,30866.00,22717.84,31831,0,16162,1,0.995,18841.2,rl_v4,1.88e-04,0.389,0.022,0.141,0.044,0.124,0.020,0.036,0.225,0.000
609,9681.46,22560.59,10140,0,-874,-1,0.997,18866.4,rl_v4,1.88e-04,0.370,0.022,0.128,0.044,0.063,0.026,0.025,0.320,0.000
610,31906.00,22642.77,32546,0,20787,1,0.983,18896.8,rl_v4,1.88e-04,0.409,0.031,0.112,0.047,0.120,0.017,0.048,0.216,0.000
611,30680.00,22692.94,31679,0,20333,1,0.961,18930.0,rl_v4,1.88e-04,0.429,0.027,0.133,0.048,0.096,0.016,0.044,0.206,0.000
612,23415.50,22752.02,24454,0,12886,1,1.011,18960.0,rl_v4,1.88e-04,0.410,0.030,0.097,0.057,0.107,0.036,0.058,0.205,0.000
613,21079.49,22584.63,21630,0,10118,1,1.021,18989.4,rl_v4,1.88e-04,0.379,0.028,0.110,0.048,0.127,0.029,0.038,0.242,0.000
614,21301.50,22438.85,22277,0,10052,1,1.028,19019.6,rl_v4,1.88e-04,0.407,0.040,0.107,0.031,0.124,0.034,0.057,0.200,0.000
615,25112.00,22577.67,25832,0,13449,1,0.886,19048.5,rl_v4,1.88e-04,0.476,0.033,0.099,0.031,0.114,0.016,0.024,0.208,0.000
616,12232.46,22555.86,12295,0,3972,1,1.008,19070.5,rl_v4,1.88e-04,0.402,0.060,0.116,0.055,0.068,0.024,0.017,0.258,0.000
617,14726.40,22608.34,15000,0,3464,1,0.964,19096.1,rl_v4,1.88e-04,0.399,0.054,0.114,0.050,0.079,0.015,0.022,0.267,0.000
618,25376.00,22600.07,26141,0,11909,1,0.902,19126.6,rl_v4,1.88e-04,0.396,0.021,0.139,0.039,0.114,0.012,0.033,0.246,0.000
619,19256.88,22471.44,19425,0,7174,1,0.922,19157.9,rl_v4,1.88e-04,0.362,0.028,0.112,0.045,0.132,0.010,0.021,0.290,0.000
620,17487.99,22338.68,17932,0,6384,1,1.010,19185.3,rl_v4,1.88e-04,0.321,0.033,0.188,0.028,0.093,0.014,0.053,0.270,0.000
621,13047.09,22222.93,13537,0,1508,1,1.017,19211.2,rl_v4,1.88e-04,0.281,0.032,0.174,0.040,0.142,0.013,0.016,0.301,0.000
622,20175.00,22155.96,20555,0,9184,1,0.971,19237.1,rl_v4,1.88e-04,0.397,0.033,0.122,0.042,0.084,0.017,0.026,0.279,0.000
623,22539.98,21973.15,23235,0,6303,1,0.893,19266.0,rl_v4,1.88e-04,0.260,0.010,0.197,0.024,0.130,0.007,0.025,0.347,0.000
624,18193.42,21796.12,19396,0,8764,1,0.960,19295.2,rl_v4,1.88e-04,0.264,0.016,0.231,0.016,0.113,0.012,0.039,0.310,0.000
625,23855.00,21693.55,24402,0,12892,1,0.947,19324.6,rl_v4,1.88e-04,0.374,0.016,0.122,0.037,0.101,0.012,0.083,0.254,0.000
626,19598.99,21613.85,19930,0,7403,1,0.958,19352.1,rl_v4,1.88e-04,0.364,0.028,0.111,0.051,0.092,0.010,0.025,0.319,0.000
627,27915.50,21592.70,28758,0,15670,1,0.965,19384.6,rl_v4,1.88e-04,0.294,0.020,0.174,0.039,0.162,0.020,0.046,0.245,0.000
628,17464.47,21415.85,17555,0,9195,1,1.024,19407.1,rl_v4,1.88e-04,0.378,0.039,0.112,0.039,0.096,0.022,0.037,0.277,0.000
629,24741.50,21365.21,25714,0,7348,1,0.787,19436.7,rl_v4,1.88e-04,0.319,0.012,0.129,0.016,0.080,0.006,0.015,0.424,0.000
630,14854.04,21261.89,16027,0,2393,1,0.953,19467.2,rl_v4,1.88e-04,0.254,0.012,0.113,0.021,0.107,0.016,0.039,0.438,0.000
631,16015.77,21157.04,17435,0,5226,1,0.946,19497.3,rl_v4,1.88e-04,0.342,0.017,0.110,0.026,0.079,0.030,0.037,0.359,0.000
632,40372.00,21399.11,41362,0,29403,1,0.871,19531.3,rl_v4,1.88e-04,0.394,0.028,0.153,0.029,0.140,0.008,0.039,0.209,0.000
633,13593.41,21380.85,14242,0,6333,1,1.056,19557.3,rl_v4,1.88e-04,0.291,0.027,0.141,0.023,0.103,0.036,0.042,0.336,0.000
634,21086.00,21312.31,21497,0,9461,1,0.918,19584.3,rl_v4,1.88e-04,0.392,0.021,0.100,0.042,0.081,0.015,0.047,0.302,0.000
635,23114.00,21215.67,23486,0,11506,1,0.922,19613.4,rl_v4,1.88e-04,0.375,0.045,0.120,0.042,0.102,0.010,0.027,0.278,0.000
636,19545.99,21139.48,20029,0,7652,1,0.900,19639.7,rl_v4,1.88e-04,0.387,0.023,0.119,0.050,0.098,0.012,0.024,0.286,0.000
637,20892.00,21214.84,21499,0,10113,1,0.931,19667.9,rl_v4,1.88e-04,0.353,0.034,0.152,0.044,0.098,0.013,0.030,0.276,0.000
638,23657.50,21225.72,24142,0,12984,1,0.959,19696.7,rl_v4,1.88e-04,0.360,0.036,0.175,0.041,0.093,0.019,0.027,0.249,0.000
639,16415.89,21088.40,16634,0,5391,1,0.908,19722.3,rl_v4,1.88e-04,0.367,0.032,0.104,0.046,0.079,0.010,0.015,0.348,0.000
640,11357.90,20967.82,11158,0,3882,1,0.960,19742.8,rl_v4,1.88e-04,0.367,0.026,0.115,0.064,0.061,0.011,0.012,0.343,0.000
641,28081.00,21010.08,28693,0,16527,1,0.911,19775.1,rl_v4,1.88e-04,0.255,0.020,0.179,0.044,0.127,0.006,0.047,0.321,0.000
642,25721.00,21153.05,26849,0,15629,1,1.019,19805.9,rl_v4,1.88e-04,0.294,0.030,0.168,0.048,0.131,0.047,0.059,0.225,0.000
643,24737.00,21180.91,24784,1,7654,1,0.865,19834.7,rl_v4,1.88e-04,0.310,0.028,0.172,0.049,0.067,0.007,0.024,0.343,0.000
644,15949.76,21023.07,16220,0,4151,1,0.861,19859.6,rl_v4,1.88e-04,0.293,0.025,0.106,0.028,0.067,0.009,0.023,0.448,0.000
645,20891.99,21042.27,21928,0,8236,1,1.001,19889.3,rl_v4,1.88e-04,0.331,0.038,0.168,0.031,0.088,0.025,0.042,0.277,0.000
646,28444.00,21051.74,29102,0,14633,1,0.878,19919.3,rl_v4,1.88e-04,0.324,0.036,0.155,0.026,0.117,0.009,0.036,0.297,0.000
647,23223.50,21076.07,24045,0,12845,1,0.932,19949.3,rl_v4,1.88e-04,0.321,0.033,0.171,0.020,0.097,0.015,0.038,0.306,0.000
648,26087.50,21053.20,27456,0,14890,1,0.787,19974.9,rl_v4,1.88e-04,0.435,0.030,0.108,0.022,0.094,0.013,0.031,0.266,0.000
649,12265.39,20999.99,13054,0,3093,1,0.937,20001.2,rl_v4,1.88e-04,0.331,0.038,0.141,0.026,0.075,0.033,0.012,0.344,0.000
650,9477.34,20856.68,9271,0,4415,1,0.981,20021.5,rl_v4,1.88e-04,0.289,0.046,0.123,0.036,0.089,0.006,0.024,0.386,0.000
651,20162.99,20777.89,20337,0,8691,1,0.806,20049.8,rl_v4,1.88e-04,0.349,0.026,0.158,0.043,0.067,0.004,0.028,0.325,0.000
652,23314.00,20744.92,23516,0,11366,1,0.864,20079.7,rl_v4,1.88e-04,0.353,0.029,0.115,0.057,0.092,0.006,0.033,0.316,0.000
653,18524.98,20803.59,18834,0,6814,1,0.813,20104.8,rl_v4,1.88e-04,0.382,0.023,0.105,0.042,0.053,0.004,0.024,0.366,0.000
654,11795.40,20696.92,12545,0,2431,1,0.819,20129.0,rl_v4,1.88e-04,0.336,0.036,0.113,0.024,0.045,0.013,0.011,0.422,0.000
655,11481.14,20532.31,12257,0,2253,1,0.955,20155.7,rl_v4,1.88e-04,0.336,0.028,0.134,0.035,0.063,0.032,0.024,0.348,0.000
656,27549.00,20586.87,27883,0,15620,1,0.802,20184.9,rl_v4,1.88e-04,0.373,0.032,0.154,0.036,0.105,0.006,0.022,0.270,0.000
657,28397.50,20612.62,28843,0,15477,1,0.781,20213.7,rl_v4,1.88e-04,0.376,0.020,0.114,0.039,0.084,0.004,0.032,0.331,0.000
658,30169.50,20773.33,29554,1,14050,1,0.843,20242.2,rl_v4,1.88e-04,0.378,0.031,0.132,0.040,0.095,0.007,0.024,0.293,0.000
659,15683.43,20730.39,16899,0,4017,1,0.911,20270.4,rl_v4,1.88e-04,0.343,0.026,0.137,0.017,0.044,0.016,0.020,0.396,0.000
660,18334.95,20801.42,19598,0,7435,1,0.930,20300.5,rl_v4,1.88e-04,0.313,0.012,0.156,0.039,0.128,0.044,0.022,0.286,0.000
661,16749.42,20713.17,17652,0,4873,1,0.675,20326.8,rl_v4,1.88e-04,0.454,0.020,0.094,0.021,0.049,0.004,0.005,0.352,0.000
662,22945.00,20686.53,23111,0,11616,1,0.795,20354.4,rl_v4,1.88e-04,0.362,0.016,0.120,0.051,0.067,0.004,0.015,0.364,0.000
663,21012.50,20615.96,21775,0,9996,1,0.724,20381.6,rl_v4,1.88e-04,0.421,0.030,0.134,0.026,0.056,0.006,0.012,0.315,0.000
664,25702.50,20678.56,26179,0,15088,1,0.749,20411.1,rl_v4,1.88e-04,0.397,0.029,0.133,0.022,0.073,0.006,0.018,0.321,0.000
665,21590.50,20756.30,21893,0,10134,1,0.721,20438.2,rl_v4,1.88e-04,0.412,0.026,0.108,0.027,0.076,0.005,0.007,0.339,0.000
666,16009.92,20737.45,16235,0,4822,1,0.758,20462.2,rl_v4,1.88e-04,0.392,0.029,0.093,0.033,0.051,0.006,0.011,0.385,0.000
667,14831.87,20767.74,15317,0,4133,1,0.732,20488.7,rl_v4,1.88e-04,0.387,0.027,0.102,0.028,0.043,0.005,0.009,0.399,0.000
668,22319.50,20711.04,22803,0,10881,1,0.743,20516.2,rl_v4,1.88e-04,0.385,0.021,0.116,0.031,0.088,0.005,0.015,0.340,0.000
669,14555.44,20667.71,15804,0,4309,1,0.640,20542.1,rl_v4,1.88e-04,0.451,0.015,0.071,0.025,0.039,0.010,0.007,0.382,0.000
670,14981.32,20667.97,15212,0,6641,1,0.670,20564.6,rl_v4,1.88e-04,0.400,0.017,0.108,0.016,0.051,0.004,0.005,0.400,0.000
671,20968.00,20682.34,21615,0,9628,1,0.723,20592.1,rl_v4,1.88e-04,0.387,0.012,0.094,0.024,0.059,0.007,0.009,0.407,0.000
672,30086.00,20820.03,30630,0,18080,1,0.811,20621.9,rl_v4,1.88e-04,0.317,0.020,0.152,0.033,0.121,0.007,0.012,0.339,0.000
673,25427.50,20878.59,25770,0,13989,1,0.786,20649.3,rl_v4,1.88e-04,0.347,0.014,0.113,0.037,0.084,0.006,0.011,0.388,0.000
674,11135.67,20858.05,10954,0,5506,1,0.771,20670.7,rl_v4,1.88e-04,0.295,0.024,0.137,0.036,0.042,0.008,0.005,0.453,0.000
675,11376.68,20738.87,11628,0,4757,1,0.737,20692.3,rl_v4,1.88e-04,0.302,0.014,0.123,0.045,0.045,0.012,0.001,0.457,0.000
676,15545.95,20668.35,16172,0,4629,1,0.738,20717.0,rl_v4,1.88e-04,0.298,0.010,0.137,0.013,0.049,0.006,0.005,0.481,0.000
677,28908.50,20743.70,29468,0,16885,1,0.718,20748.3,rl_v4,1.88e-04,0.290,0.011,0.133,0.014,0.090,0.005,0.014,0.443,0.000
678,11447.52,20534.24,11246,0,5662,1,0.807,20769.7,rl_v4,1.88e-04,0.287,0.026,0.111,0.036,0.066,0.006,0.006,0.463,0.000
679,17925.96,20498.64,18861,0,6900,1,0.660,20796.9,rl_v4,1.88e-04,0.330,0.015,0.123,0.012,0.052,0.009,0.002,0.457,0.000
680,16569.86,20461.71,16600,0,6924,1,0.778,20819.6,rl_v4,1.88e-04,0.295,0.021,0.130,0.020,0.077,0.005,0.005,0.445,0.000
681,8142.67,20324.01,7809,0,3060,1,0.848,20839.5,rl_v4,1.88e-04,0.266,0.022,0.150,0.045,0.074,0.006,0.003,0.435,0.000
682,30425.50,20378.01,32331,0,18894,1,0.627,20873.1,rl_v4,1.88e-04,0.413,0.004,0.105,0.010,0.097,0.004,0.003,0.365,0.000
683,15574.40,20378.93,15625,0,9426,1,0.722,20894.7,rl_v4,1.88e-04,0.355,0.018,0.139,0.028,0.057,0.005,0.003,0.394,0.000
684,10963.17,20275.76,12021,0,715,1,0.929,20924.6,rl_v4,1.88e-04,0.216,0.014,0.165,0.018,0.107,0.042,0.008,0.429,0.000
685,21526.47,20307.82,23301,0,12279,1,0.858,20961.1,rl_v4,1.88e-04,0.249,0.007,0.128,0.016,0.151,0.014,0.024,0.411,0.000
686,26701.50,20382.57,28549,0,14076,1,0.617,20991.8,rl_v4,1.88e-04,0.349,0.007,0.122,0.013,0.077,0.004,0.002,0.427,0.000
687,9896.43,20344.11,9754,0,3607,1,0.767,21012.2,rl_v4,1.88e-04,0.279,0.023,0.109,0.027,0.046,0.008,0.001,0.507,0.000
688,33698.50,20540.98,34462,0,20857,1,0.653,21041.6,rl_v4,1.88e-04,0.425,0.006,0.089,0.014,0.126,0.002,0.002,0.336,0.000
689,25375.49,20609.37,26490,0,9879,1,0.655,21073.8,rl_v4,1.88e-04,0.269,0.005,0.097,0.004,0.129,0.003,0.000,0.493,0.000
690,23962.00,20539.35,24776,0,13960,1,0.694,21101.7,rl_v4,1.88e-04,0.331,0.007,0.137,0.013,0.088,0.007,0.001,0.417,0.000
691,11017.55,20523.76,11008,0,3102,1,0.729,21123.6,rl_v4,1.88e-04,0.241,0.018,0.195,0.023,0.049,0.005,0.003,0.466,0.000
692,26418.50,20611.44,26717,0,13893,1,0.619,21151.3,rl_v4,1.88e-04,0.388,0.005,0.130,0.019,0.057,0.003,0.001,0.398,0.000
693,13803.30,20633.13,14113,0,4411,1,0.771,21174.7,rl_v4,1.88e-04,0.255,0.017,0.183,0.021,0.054,0.010,0.003,0.459,0.000
694,3784.42,20565.98,5785,0,-4068,-1,0.560,21195.3,rl_v4,1.88e-04,0.247,0.006,0.073,0.011,0.026,0.004,0.000,0.633,0.000
695,17187.92,20570.99,17331,0,5856,1,0.621,21221.1,rl_v4,1.88e-04,0.388,0.009,0.069,0.028,0.023,0.003,0.001,0.479,0.000
696,8575.39,20537.42,9658,0,-302,-1,0.688,21245.9,rl_v4,1.88e-04,0.177,0.005,0.094,0.011,0.064,0.009,0.000,0.638,0.000
697,29338.00,20692.37,30129,0,18794,1,0.653,21274.5,rl_v4,1.88e-04,0.440,0.004,0.060,0.016,0.084,0.003,0.002,0.391,0.000
698,18900.99,20661.75,20185,0,10419,1,0.641,21298.2,rl_v4,1.88e-04,0.400,0.010,0.091,0.016,0.048,0.002,0.001,0.432,0.000
699,20480.49,20666.39,20936,0,8816,1,0.651,21323.9,rl_v4,1.88e-04,0.400,0.011,0.091,0.019,0.044,0.005,0.001,0.429,0.000
700,24495.00,20669.68,25160,0,13049,1,0.613,21350.2,rl_v4,1.83e-04,0.414,0.008,0.069,0.021,0.044,0.004,0.002,0.437,0.000
701,27750.00,20609.30,28823,0,15832,1,0.615,21378.0,rl_v4,1.83e-04,0.481,0.007,0.069,0.018,0.057,0.004,0.001,0.363,0.000
702,30570.50,20593.83,31453,0,19395,1,0.637,21408.1,rl_v4,1.83e-04,0.469,0.004,0.060,0.017,0.065,0.004,0.001,0.379,0.000
703,13244.56,20423.72,14090,0,5118,1,0.771,21434.3,rl_v4,1.83e-04,0.380,0.005,0.063,0.025,0.058,0.031,0.003,0.436,0.000
704,17576.32,20388.22,18556,0,8220,1,0.637,21459.0,rl_v4,1.83e-04,0.410,0.002,0.066,0.018,0.037,0.016,0.001,0.451,0.000
705,19490.99,20305.87,21240,0,8942,1,0.580,21486.7,rl_v4,1.83e-04,0.466,0.003,0.072,0.018,0.057,0.008,0.002,0.374,0.000
706,20255.99,20308.64,21238,0,9779,1,0.562,21514.2,rl_v4,1.83e-04,0.485,0.003,0.040,0.014,0.049,0.004,0.002,0.401,0.000
707,17950.84,20190.45,18616,0,5730,1,0.566,21541.7,rl_v4,1.83e-04,0.354,0.002,0.085,0.010,0.038,0.003,0.002,0.505,0.000
708,37822.50,20260.01,39692,0,27379,1,0.616,21574.7,rl_v4,1.83e-04,0.531,0.001,0.046,0.005,0.133,0.014,0.001,0.268,0.000
709,27171.00,20434.91,28025,0,16446,1,0.626,21603.1,rl_v4,1.83e-04,0.430,0.002,0.073,0.012,0.075,0.011,0.002,0.395,0.000
710,25328.00,20369.13,26795,0,13449,1,0.540,21631.4,rl_v4,1.83e-04,0.504,0.002,0.059,0.011,0.045,0.009,0.001,0.368,0.000
711,16711.98,20229.45,17456,0,7724,1,0.502,21655.4,rl_v4,1.83e-04,0.532,0.001,0.044,0.006,0.026,0.008,0.001,0.384,0.000
712,13244.71,20127.74,14352,0,2154,1,0.709,21683.6,rl_v4,1.83e-04,0.417,0.002,0.061,0.013,0.026,0.034,0.001,0.445,0.000
713,35399.00,20270.94,37060,0,25857,1,0.579,21715.3,rl_v4,1.83e-04,0.483,0.002,0.069,0.006,0.093,0.009,0.002,0.336,0.000
714,13688.82,20194.81,15203,0,4244,1,0.708,21744.6,rl_v4,1.83e-04,0.418,0.002,0.069,0.011,0.029,0.043,0.005,0.423,0.000
715,27667.00,20220.36,29331,0,17740,1,0.596,21774.0,rl_v4,1.83e-04,0.511,0.001,0.052,0.011,0.099,0.019,0.003,0.305,0.000
716,41404.50,20512.08,43292,0,32057,1,0.533,21808.0,rl_v4,1.83e-04,0.533,0.001,0.026,0.007,0.120,0.010,0.000,0.302,0.000
717,9610.73,20460.92,11190,0,-693,-1,0.595,21835.4,rl_v4,1.83e-04,0.435,0.001,0.053,0.012,0.021,0.023,0.002,0.453,0.000
718,9681.19,20303.98,10380,0,1746,1,0.761,21859.5,rl_v4,1.83e-04,0.381,0.003,0.081,0.023,0.043,0.056,0.004,0.409,0.000
719,13679.42,20248.20,14798,0,2332,1,0.502,21885.3,rl_v4,1.83e-04,0.370,0.001,0.041,0.012,0.018,0.008,0.003,0.546,0.000
720,32048.00,20393.80,33188,0,21330,1,0.607,21916.1,rl_v4,1.83e-04,0.481,0.002,0.067,0.017,0.083,0.008,0.004,0.339,0.000
721,21843.00,20481.76,22383,0,11085,1,0.626,21943.2,rl_v4,1.83e-04,0.431,0.002,0.091,0.027,0.041,0.007,0.007,0.393,0.000
722,28186.00,20561.87,29051,0,16507,1,0.660,21971.4,rl_v4,1.83e-04,0.434,0.001,0.068,0.020,0.075,0.011,0.004,0.387,0.000
723,17376.89,20510.24,18485,0,7356,1,0.559,22000.4,rl_v4,1.83e-04,0.454,0.004,0.063,0.025,0.029,0.006,0.008,0.411,0.000
724,30050.00,20628.81,30809,0,19735,1,0.711,22031.9,rl_v4,1.83e-04,0.460,0.005,0.068,0.036,0.089,0.005,0.006,0.330,0.000
725,28083.00,20671.09,29284,0,17109,1,0.671,22066.1,rl_v4,1.83e-04,0.423,0.004,0.076,0.028,0.101,0.005,0.004,0.358,0.000
726,34304.00,20818.14,34575,1,19445,1,0.766,22096.2,rl_v4,1.83e-04,0.423,0.010,0.089,0.040,0.107,0.007,0.005,0.318,0.000
727,15986.44,20698.84,16825,0,6258,1,0.725,22122.9,rl_v4,1.83e-04,0.432,0.007,0.068,0.042,0.044,0.010,0.007,0.390,0.000
728,34630.00,20870.50,34315,1,18819,1,0.743,22151.5,rl_v4,1.83e-04,0.418,0.005,0.086,0.055,0.135,0.006,0.008,0.287,0.000
729,15897.98,20782.06,15650,1,-657,-1,0.826,22179.9,rl_v4,1.83e-04,0.259,0.006,0.123,0.041,0.051,0.014,0.016,0.491,0.000
730,27026.50,20903.79,28267,0,16492,1,0.735,22210.3,rl_v4,1.83e-04,0.419,0.006,0.078,0.021,0.196,0.013,0.013,0.253,0.000
731,19925.99,20942.89,20486,0,6519,1,0.734,22237.2,rl_v4,1.83e-04,0.416,0.006,0.076,0.031,0.077,0.010,0.012,0.372,0.000
732,29989.50,20839.07,29704,1,11522,1,0.719,22268.1,rl_v4,1.83e-04,0.343,0.004,0.098,0.027,0.131,0.004,0.003,0.390,0.000
733,30865.00,21011.78,32603,0,20285,1,0.575,22297.6,rl_v4,1.83e-04,0.535,0.002,0.055,0.021,0.138,0.006,0.001,0.242,0.000
734,37956.00,21180.48,38489,2,17206,1,0.744,22327.8,rl_v4,1.83e-04,0.414,0.009,0.093,0.039,0.144,0.015,0.003,0.282,0.000
735,20264.49,21151.99,21184,0,9750,1,0.689,22357.5,rl_v4,1.83e-04,0.433,0.005,0.077,0.025,0.094,0.007,0.005,0.353,0.000
736,29044.50,21246.97,30022,0,18975,1,0.641,22390.1,rl_v4,1.83e-04,0.434,0.002,0.056,0.037,0.145,0.007,0.003,0.315,0.000
737,31065.50,21348.71,31226,1,14787,1,0.772,22419.3,rl_v4,1.83e-04,0.371,0.009,0.118,0.038,0.126,0.010,0.007,0.320,0.000
738,21829.00,21330.42,22247,0,9807,1,0.713,22447.2,rl_v4,1.83e-04,0.387,0.005,0.095,0.032,0.119,0.005,0.003,0.354,0.000
739,31151.00,21477.77,32540,0,20896,1,0.624,22477.8,rl_v4,1.83e-04,0.437,0.004,0.076,0.022,0.174,0.009,0.003,0.274,0.000
740,29682.00,21661.01,30310,0,18353,1,0.686,22507.5,rl_v4,1.83e-04,0.399,0.003,0.100,0.025,0.181,0.003,0.004,0.285,0.000
741,29823.00,21678.43,29634,2,9947,1,0.711,22542.1,rl_v4,1.83e-04,0.311,0.004,0.087,0.029,0.193,0.007,0.008,0.361,0.000
742,13894.81,21560.17,14112,0,5548,1,0.719,22565.4,rl_v4,1.83e-04,0.335,0.005,0.113,0.029,0.085,0.009,0.009,0.415,0.000
743,26698.50,21579.79,27107,0,15326,1,0.740,22594.0,rl_v4,1.83e-04,0.342,0.005,0.098,0.034,0.152,0.007,0.001,0.362,0.000
744,32021.50,21740.51,32671,0,21356,1,0.671,22624.1,rl_v4,1.83e-04,0.403,0.002,0.082,0.022,0.202,0.005,0.003,0.282,0.000
745,8964.56,21621.23,9637,0,943,1,0.830,22649.1,rl_v4,1.83e-04,0.346,0.003,0.111,0.035,0.069,0.033,0.003,0.401,0.000
746,29775.50,21634.55,30336,0,18918,1,0.690,22677.5,rl_v4,1.83e-04,0.403,0.004,0.085,0.026,0.140,0.007,0.003,0.332,0.000
747,16728.96,21569.60,17757,0,5993,1,0.572,22705.0,rl_v4,1.83e-04,0.462,0.004,0.104,0.020,0.064,0.007,0.003,0.336,0.000
748,25458.50,21563.31,25837,0,13702,1,0.623,22733.0,rl_v4,1.83e-04,0.455,0.003,0.073,0.033,0.106,0.004,0.001,0.325,0.000
749,24155.50,21682.21,24676,0,12785,1,0.658,22759.8,rl_v4,1.83e-04,0.399,0.002,0.093,0.027,0.125,0.005,0.002,0.348,0.000
750,36056.00,21948.00,37157,0,22515,1,0.631,22789.8,rl_v4,1.83e-04,0.420,0.002,0.107,0.021,0.193,0.002,0.002,0.254,0.000
751,23986.00,21986.23,24685,0,12009,1,0.562,22817.3,rl_v4,1.83e-04,0.485,0.003,0.079,0.032,0.068,0.003,0.002,0.328,0.000
752,26283.00,22015.92,26947,0,12859,1,0.693,22845.2,rl_v4,1.83e-04,0.389,0.007,0.114,0.029,0.136,0.003,0.000,0.322,0.000
753,32287.50,22153.54,33218,0,19713,1,0.662,22874.0,rl_v4,1.83e-04,0.354,0.004,0.145,0.026,0.165,0.001,0.000,0.304,0.000
754,19958.98,22235.18,20299,0,8971,1,0.695,22903.0,rl_v4,1.83e-04,0.362,0.006,0.102,0.027,0.120,0.001,0.003,0.379,0.000
755,32039.50,22440.76,32376,0,20574,1,0.687,22932.2,rl_v4,1.83e-04,0.358,0.006,0.121,0.030,0.182,0.002,0.001,0.300,0.000
756,14797.16,22313.24,15209,0,2281,1,0.588,22955.8,rl_v4,1.83e-04,0.322,0.006,0.089,0.024,0.057,0.002,0.001,0.499,0.000
757,27734.50,22306.61,28126,0,15760,1,0.721,22983.6,rl_v4,1.83e-04,0.366,0.002,0.155,0.035,0.153,0.004,0.002,0.284,0.000
758,10254.44,22107.46,10367,0,5580,1,0.670,23005.7,rl_v4,1.83e-04,0.238,0.004,0.223,0.012,0.075,0.001,0.001,0.446,0.000
759,12799.39,22078.62,13862,0,3862,1,0.782,23033.9,rl_v4,1.83e-04,0.327,0.002,0.134,0.025,0.096,0.012,0.002,0.403,0.000
760,16723.44,22062.51,16924,0,6358,1,0.687,23058.8,rl_v4,1.83e-04,0.365,0.006,0.132,0.036,0.085,0.002,0.001,0.373,0.000
761,24800.00,22143.01,25102,0,10740,1,0.728,23087.0,rl_v4,1.83e-04,0.374,0.004,0.117,0.039,0.156,0.002,0.001,0.306,0.000
762,17455.93,22088.12,17435,0,6916,1,0.721,23111.1,rl_v4,1.83e-04,0.357,0.010,0.133,0.052,0.087,0.001,0.002,0.358,0.000
763,26285.50,22140.85,26777,0,10669,1,0.744,23141.7,rl_v4,1.83e-04,0.273,0.003,0.161,0.029,0.236,0.001,0.000,0.297,0.000
764,18979.44,22073.62,19147,0,6337,1,0.737,23168.7,rl_v4,1.83e-04,0.349,0.009,0.117,0.043,0.107,0.001,0.002,0.371,0.000
765,24180.00,22099.52,24519,0,12090,1,0.752,23197.1,rl_v4,1.83e-04,0.356,0.005,0.127,0.042,0.185,0.003,0.002,0.279,0.000
766,14134.92,22080.77,15232,0,8836,1,0.539,23218.8,rl_v4,1.83e-04,0.526,0.006,0.088,0.013,0.078,0.002,0.001,0.285,0.000
767,18628.50,22118.73,19628,0,8298,1,0.658,23244.6,rl_v4,1.83e-04,0.429,0.006,0.123,0.036,0.084,0.004,0.003,0.315,0.000
768,20773.48,22103.27,21703,0,9751,1,0.681,23273.3,rl_v4,1.83e-04,0.388,0.003,0.110,0.031,0.119,0.003,0.002,0.345,0.000
769,32861.50,22286.33,33424,0,20949,1,0.666,23302.6,rl_v4,1.83e-04,0.348,0.004,0.105,0.026,0.249,0.002,0.000,0.266,0.000
770,22307.50,22359.60,22376,0,10594,1,0.720,23331.1,rl_v4,1.83e-04,0.361,0.005,0.096,0.043,0.119,0.004,0.001,0.372,0.000
771,28880.50,22438.72,29648,0,16893,1,0.755,23361.9,rl_v4,1.83e-04,0.284,0.004,0.165,0.036,0.213,0.006,0.001,0.292,0.000
772,32498.50,22462.85,32902,0,21078,1,0.748,23391.7,rl_v4,1.83e-04,0.299,0.002,0.165,0.030,0.239,0.002,0.003,0.260,0.000
773,26719.00,22475.76,26383,1,10932,1,0.784,23422.3,rl_v4,1.83e-04,0.305,0.005,0.130,0.049,0.175,0.003,0.005,0.328,0.000
774,29666.50,22661.07,29672,1,14026,1,0.735,23457.4,rl_v4,1.83e-04,0.280,0.003,0.164,0.034,0.157,0.003,0.003,0.356,0.000
775,17200.45,22719.31,17163,0,6606,1,0.767,23481.3,rl_v4,1.83e-04,0.336,0.007,0.110,0.049,0.093,0.003,0.006,0.396,0.000
776,22709.49,22790.94,22788,1,5015,1,0.838,23511.8,rl_v4,1.83e-04,0.205,0.007,0.249,0.034,0.169,0.010,0.004,0.321,0.000
777,38190.00,22883.76,37443,2,18614,1,0.759,23542.9,rl_v4,1.83e-04,0.336,0.006,0.135,0.053,0.181,0.006,0.004,0.278,0.000
778,20928.00,22978.56,21394,0,8981,1,0.751,23570.9,rl_v4,1.83e-04,0.338,0.007,0.116,0.050,0.134,0.004,0.003,0.349,0.000
779,21486.49,23014.17,22017,0,9451,1,0.729,23599.0,rl_v4,1.83e-04,0.316,0.004,0.129,0.034,0.134,0.004,0.005,0.375,0.000
780,25465.00,23103.12,26342,0,12429,1,0.817,23629.6,rl_v4,1.83e-04,0.301,0.005,0.136,0.054,0.188,0.005,0.003,0.308,0.000
781,16626.62,23187.96,16803,0,8479,1,0.680,23655.6,rl_v4,1.83e-04,0.326,0.002,0.155,0.045,0.068,0.003,0.001,0.399,0.000
782,15003.74,23033.74,14829,0,8071,1,0.765,23677.4,rl_v4,1.83e-04,0.280,0.012,0.149,0.079,0.078,0.004,0.001,0.397,0.000
783,22347.97,23101.48,22722,0,7363,1,0.734,23710.0,rl_v4,1.83e-04,0.228,0.003,0.204,0.038,0.162,0.001,0.001,0.363,0.000
784,26832.50,23260.17,27304,0,13726,1,0.762,23740.8,rl_v4,1.83e-04,0.265,0.010,0.182,0.051,0.167,0.004,0.001,0.321,0.000
785,21865.00,23263.56,22016,0,9978,1,0.678,23767.5,rl_v4,1.83e-04,0.353,0.012,0.099,0.065,0.067,0.002,0.001,0.401,0.000
786,9809.60,23094.64,9437,0,4635,1,0.765,23787.1,rl_v4,1.83e-04,0.270,0.015,0.111,0.058,0.071,0.007,0.002,0.465,0.000
787,22216.49,23217.84,22853,0,7236,1,0.730,23816.8,rl_v4,1.83e-04,0.215,0.002,0.106,0.054,0.208,0.001,0.000,0.414,0.000
788,6932.18,22950.17,6695,0,2521,1,0.689,23836.7,rl_v4,1.83e-04,0.233,0.007,0.133,0.062,0.062,0.006,0.001,0.496,0.000
789,21554.50,22911.96,21692,0,9096,1,0.696,23863.6,rl_v4,1.83e-04,0.331,0.005,0.126,0.044,0.093,0.005,0.001,0.395,0.000
790,22371.00,22896.05,23652,0,11305,1,0.856,23894.6,rl_v4,1.83e-04,0.236,0.005,0.153,0.043,0.160,0.033,0.002,0.368,0.000
791,17190.95,22957.79,17457,0,7592,1,0.687,23919.4,rl_v4,1.83e-04,0.318,0.006,0.137,0.054,0.070,0.004,0.001,0.410,0.000
792,20895.96,22902.56,21279,0,9996,1,0.726,23951.1,rl_v4,1.83e-04,0.296,0.006,0.112,0.042,0.135,0.007,0.002,0.400,0.000
793,16265.79,22927.19,16175,0,7335,1,0.724,23973.8,rl_v4,1.83e-04,0.323,0.005,0.124,0.045,0.095,0.006,0.001,0.401,0.000
794,12414.67,23013.49,12840,0,6689,1,0.748,23996.5,rl_v4,1.83e-04,0.332,0.007,0.146,0.039,0.064,0.031,0.000,0.382,0.000
795,17035.93,23011.97,17400,0,4970,1,0.635,24022.7,rl_v4,1.83e-04,0.377,0.009,0.088,0.037,0.056,0.019,0.001,0.414,0.000
796,30760.00,23233.82,30349,1,14432,1,0.745,24054.2,rl_v4,1.83e-04,0.281,0.009,0.156,0.051,0.132,0.012,0.001,0.359,0.000
797,10589.42,23046.33,10506,0,6109,1,0.721,24075.3,rl_v4,1.83e-04,0.325,0.009,0.094,0.050,0.044,0.025,0.000,0.453,0.000
798,27268.00,23130.00,27509,0,15372,1,0.766,24106.1,rl_v4,1.83e-04,0.299,0.005,0.154,0.051,0.113,0.011,0.000,0.366,0.000
799,30580.00,23231.00,30844,0,19031,1,0.718,24138.1,rl_v4,1.83e-04,0.285,0.004,0.131,0.030,0.150,0.005,0.000,0.395,0.000
800,23316.92,23219.21,23674,0,10761,1,0.784,24170.8,rl_v4,1.77e-04,0.236,0.007,0.166,0.044,0.156,0.011,0.001,0.379,0.000
801,23620.49,23177.92,24288,0,12125,1,0.758,24204.9,rl_v4,1.77e-04,0.256,0.005,0.167,0.037,0.133,0.011,0.001,0.391,0.000
802,19517.99,23067.39,19835,0,8871,1,0.664,24229.7,rl_v4,1.77e-04,0.341,0.003,0.104,0.052,0.054,0.017,0.001,0.427,0.000
803,17845.96,23113.41,18146,0,5723,1,0.710,24254.0,rl_v4,1.77e-04,0.317,0.008,0.110,0.037,0.060,0.020,0.000,0.447,0.000
804,15165.04,23089.30,15483,0,3084,1,0.629,24283.2,rl_v4,1.77e-04,0.311,0.005,0.111,0.050,0.037,0.014,0.001,0.472,0.000
805,25977.00,23154.16,26178,0,14925,1,0.764,24313.1,rl_v4,1.77e-04,0.280,0.011,0.108,0.051,0.107,0.012,0.000,0.431,0.000
806,12387.95,23075.48,12290,0,1348,1,0.653,24335.7,rl_v4,1.77e-04,0.248,0.006,0.098,0.047,0.030,0.010,0.000,0.561,0.000
807,27312.50,23169.09,27620,0,16524,1,0.689,24365.2,rl_v4,1.77e-04,0.334,0.009,0.096,0.035,0.098,0.014,0.000,0.415,0.000
808,29875.50,23089.62,30364,0,17429,1,0.768,24399.1,rl_v4,1.77e-04,0.293,0.010,0.145,0.031,0.137,0.008,0.000,0.376,0.000
809,24448.50,23062.40,24703,0,12955,1,0.782,24428.2,rl_v4,1.77e-04,0.309,0.009,0.122,0.064,0.092,0.013,0.001,0.390,0.000
810,15014.30,22959.26,14050,1,7942,1,0.861,24448.4,rl_v4,1.77e-04,0.311,0.028,0.123,0.039,0.060,0.028,0.005,0.406,0.000
811,11176.09,22903.90,11080,0,4506,1,0.727,24469.3,rl_v4,1.77e-04,0.315,0.025,0.126,0.023,0.041,0.032,0.000,0.438,0.000
812,26043.00,23031.88,26504,0,11938,1,0.745,24501.6,rl_v4,1.77e-04,0.250,0.010,0.179,0.029,0.106,0.011,0.000,0.415,0.000
813,22783.99,22905.73,23486,0,11782,1,0.695,24532.0,rl_v4,1.77e-04,0.308,0.011,0.144,0.037,0.069,0.031,0.001,0.399,0.000
814,22164.50,22990.49,22484,0,10465,1,0.693,24558.1,rl_v4,1.77e-04,0.360,0.008,0.108,0.035,0.069,0.018,0.001,0.401,0.000
815,27060.50,22984.43,27409,0,16185,1,0.678,24585.8,rl_v4,1.77e-04,0.357,0.010,0.107,0.023,0.069,0.015,0.001,0.418,0.000
816,23425.50,22804.64,23785,0,11854,1,0.771,24614.5,rl_v4,1.77e-04,0.317,0.028,0.128,0.040,0.086,0.021,0.000,0.381,0.000
817,22341.00,22931.94,22908,0,11243,1,0.741,24643.6,rl_v4,1.77e-04,0.324,0.011,0.117,0.049,0.070,0.012,0.000,0.417,0.000
818,10395.38,22939.08,10166,0,4577,1,0.704,24664.0,rl_v4,1.77e-04,0.312,0.026,0.108,0.035,0.036,0.029,0.002,0.453,0.000
819,18222.98,22984.52,18238,0,7936,1,0.731,24687.5,rl_v4,1.77e-04,0.319,0.022,0.141,0.041,0.040,0.023,0.001,0.412,0.000
820,23668.50,22900.72,24065,0,10418,1,0.720,24717.2,rl_v4,1.77e-04,0.264,0.011,0.183,0.032,0.105,0.010,0.001,0.394,0.000
821,19767.87,22879.97,20033,0,7003,1,0.653,24743.3,rl_v4,1.77e-04,0.337,0.013,0.134,0.037,0.058,0.009,0.001,0.410,0.000
822,31725.00,22915.36,31950,1,16046,1,0.799,24774.6,rl_v4,1.77e-04,0.343,0.020,0.143,0.042,0.113,0.019,0.000,0.320,0.000
823,18354.97,22925.14,18859,0,7313,1,0.686,24800.1,rl_v4,1.77e-04,0.399,0.009,0.114,0.044,0.049,0.023,0.001,0.361,0.000
824,33005.50,22954.70,33416,0,21442,1,0.815,24832.4,rl_v4,1.77e-04,0.339,0.015,0.161,0.036,0.118,0.013,0.000,0.317,0.000
825,32376.00,22997.63,33170,0,21808,1,0.768,24863.3,rl_v4,1.77e-04,0.402,0.015,0.134,0.026,0.103,0.017,0.001,0.302,0.000
826,31158.50,22966.17,31654,0,20183,1,0.766,24893.4,rl_v4,1.77e-04,0.363,0.014,0.164,0.037,0.093,0.017,0.000,0.312,0.000
827,19631.48,23002.62,20027,0,8026,1,0.719,24918.1,rl_v4,1.77e-04,0.360,0.015,0.125,0.044,0.041,0.017,0.000,0.399,0.000
828,19366.99,22849.99,19658,0,6686,1,0.769,24945.9,rl_v4,1.77e-04,0.344,0.010,0.127,0.042,0.088,0.018,0.001,0.371,0.000
829,37259.50,23063.61,38756,0,24192,1,0.840,24977.8,rl_v4,1.77e-04,0.354,0.019,0.140,0.028,0.109,0.044,0.000,0.306,0.000
830,13145.00,22924.79,13084,0,6072,1,0.792,24999.1,rl_v4,1.77e-04,0.331,0.019,0.088,0.057,0.067,0.030,0.000,0.408,0.000
831,36565.00,23091.18,37888,0,22150,1,0.789,25032.6,rl_v4,1.77e-04,0.324,0.010,0.167,0.020,0.150,0.016,0.000,0.314,0.000
832,27086.00,23062.15,27606,0,15177,1,0.774,25062.5,rl_v4,1.77e-04,0.379,0.015,0.118,0.042,0.106,0.018,0.000,0.323,0.000
833,22981.49,22983.31,23619,0,10807,1,0.737,25094.1,rl_v4,1.77e-04,0.311,0.015,0.146,0.045,0.079,0.011,0.000,0.392,0.000
834,34017.50,22943.93,34735,0,21064,1,0.754,25124.1,rl_v4,1.77e-04,0.389,0.014,0.121,0.023,0.110,0.017,0.000,0.325,0.000
835,18319.83,22924.48,18421,0,3664,1,0.676,25151.6,rl_v4,1.77e-04,0.280,0.012,0.119,0.024,0.054,0.009,0.001,0.502,0.000
836,26836.00,22902.39,27181,0,14896,1,0.694,25177.6,rl_v4,1.77e-04,0.386,0.025,0.121,0.030,0.078,0.024,0.000,0.336,0.000
837,12558.42,22717.32,12344,0,6922,1,0.820,25198.8,rl_v4,1.77e-04,0.283,0.024,0.141,0.072,0.043,0.030,0.000,0.407,0.000
838,31733.50,22816.37,32445,0,19719,1,0.721,25226.4,rl_v4,1.77e-04,0.383,0.014,0.150,0.031,0.113,0.013,0.000,0.297,0.000
839,13587.63,22640.74,13415,0,7523,1,0.812,25247.3,rl_v4,1.77e-04,0.298,0.033,0.141,0.034,0.080,0.027,0.000,0.386,0.000
840,21450.50,22558.42,21670,0,11310,1,0.762,25273.3,rl_v4,1.77e-04,0.332,0.019,0.160,0.033,0.074,0.022,0.001,0.359,0.000
841,20899.98,22469.19,21282,0,9184,1,0.666,25301.4,rl_v4,1.77e-04,0.329,0.010,0.182,0.041,0.067,0.014,0.000,0.356,0.000
842,25793.50,22588.18,26041,0,13942,1,0.759,25328.7,rl_v4,1.77e-04,0.347,0.026,0.149,0.036,0.119,0.016,0.000,0.306,0.000
843,16111.36,22482.31,16633,0,4691,1,0.680,25356.5,rl_v4,1.77e-04,0.277,0.017,0.125,0.024,0.080,0.014,0.001,0.463,0.000
844,29730.50,22459.40,30207,0,17535,1,0.791,25391.9,rl_v4,1.77e-04,0.260,0.013,0.221,0.032,0.146,0.008,0.000,0.320,0.000
845,23509.00,22604.84,23842,0,11883,1,0.758,25420.7,rl_v4,1.77e-04,0.318,0.010,0.174,0.037,0.133,0.009,0.000,0.320,0.000
846,21871.50,22525.80,22529,0,10049,1,0.744,25448.5,rl_v4,1.77e-04,0.343,0.010,0.141,0.036,0.095,0.023,0.000,0.351,0.000
847,16844.40,22526.95,16958,0,7524,1,0.728,25472.2,rl_v4,1.77e-04,0.342,0.024,0.105,0.045,0.076,0.018,0.000,0.391,0.000
848,23536.50,22507.73,23377,1,9166,1,0.698,25496.5,rl_v4,1.77e-04,0.419,0.012,0.097,0.039,0.086,0.014,0.001,0.331,0.000
849,20991.50,22476.09,21286,0,8418,1,0.717,25524.8,rl_v4,1.77e-04,0.313,0.018,0.168,0.038,0.093,0.010,0.000,0.361,0.000
850,26767.00,22383.20,27168,0,14393,1,0.752,32655.0,rl_v4,1.77e-04,0.300,0.006,0.150,0.042,0.138,0.012,0.000,0.352,0.000
851,22593.50,22369.28,22977,0,11804,1,0.718,32692.0,rl_v4,1.77e-04,0.268,0.012,0.148,0.027,0.144,0.014,0.000,0.386,0.000
852,21724.99,22323.70,22251,0,10434,1,0.603,32734.4,rl_v4,1.77e-04,0.343,0.008,0.143,0.035,0.054,0.013,0.000,0.404,0.000
853,20840.50,22209.23,21150,0,9502,1,0.640,32768.1,rl_v4,1.77e-04,0.353,0.008,0.122,0.035,0.070,0.013,0.001,0.399,0.000
854,8261.33,22092.25,8359,0,1882,1,0.674,32795.8,rl_v4,1.77e-04,0.291,0.011,0.132,0.038,0.085,0.014,0.000,0.429,0.000
855,24195.00,22013.81,24745,0,12900,1,0.729,32834.1,rl_v4,1.77e-04,0.280,0.005,0.144,0.048,0.127,0.006,0.000,0.390,0.000
856,22952.00,22095.36,23129,0,7015,1,0.698,32860.7,rl_v4,1.77e-04,0.282,0.007,0.149,0.027,0.105,0.006,0.000,0.425,0.000
857,18135.99,21999.37,18457,0,6829,1,0.704,32886.9,rl_v4,1.77e-04,0.354,0.012,0.128,0.037,0.088,0.014,0.000,0.368,0.000
858,12621.20,22023.04,12471,0,6351,1,0.729,32908.9,rl_v4,1.77e-04,0.342,0.014,0.108,0.039,0.058,0.018,0.000,0.421,0.000
859,21510.00,22110.14,21712,0,9012,1,0.662,32936.8,rl_v4,1.77e-04,0.292,0.008,0.129,0.041,0.063,0.010,0.000,0.458,0.000
860,23246.50,22175.37,23623,0,11079,1,0.716,32967.3,rl_v4,1.77e-04,0.337,0.007,0.131,0.029,0.104,0.010,0.000,0.382,0.000
861,24734.50,22174.72,25073,0,13017,1,0.671,32996.1,rl_v4,1.77e-04,0.336,0.011,0.111,0.037,0.093,0.011,0.000,0.400,0.000
862,21422.00,22214.38,21967,0,10174,1,0.646,33025.7,rl_v4,1.77e-04,0.338,0.008,0.111,0.041,0.078,0.009,0.000,0.415,0.000
863,25360.50,22205.13,25623,0,12136,1,0.772,33058.0,rl_v4,1.77e-04,0.279,0.011,0.168,0.044,0.145,0.010,0.000,0.343,0.000
864,9734.04,22112.68,9475,0,3870,1,0.795,33078.8,rl_v4,1.77e-04,0.268,0.007,0.167,0.067,0.064,0.010,0.000,0.416,0.000
865,16373.88,22034.62,16359,0,7191,1,0.756,33104.5,rl_v4,1.77e-04,0.317,0.009,0.115,0.069,0.078,0.021,0.000,0.390,0.000
866,22942.00,22122.69,23243,0,11710,1,0.741,33133.4,rl_v4,1.77e-04,0.370,0.011,0.123,0.050,0.085,0.021,0.000,0.339,0.000
867,21841.50,22154.82,22472,0,10094,1,0.710,33162.5,rl_v4,1.77e-04,0.375,0.005,0.147,0.055,0.088,0.019,0.000,0.311,0.000
868,36838.00,22315.46,37913,0,22667,1,0.778,33197.9,rl_v4,1.77e-04,0.313,0.004,0.180,0.038,0.188,0.018,0.000,0.259,0.000
869,-959.84,21977.25,1071,0,697,1,0.184,33219.2,rl_v4,1.77e-04,0.856,0.000,0.003,0.001,0.001,0.002,0.000,0.137,0.000
870,29396.50,22048.14,29795,1,10848,1,0.779,33253.3,rl_v4,1.77e-04,0.315,0.006,0.145,0.047,0.092,0.012,0.000,0.382,0.000
871,22840.48,21987.74,23398,0,8096,1,0.680,33285.8,rl_v4,1.77e-04,0.319,0.004,0.100,0.070,0.058,0.010,0.000,0.439,0.000
872,20874.00,21871.49,21528,0,8975,1,0.622,33313.7,rl_v4,1.77e-04,0.395,0.006,0.079,0.037,0.049,0.021,0.000,0.413,0.000
873,28883.00,21893.13,29484,0,16827,1,0.673,33345.4,rl_v4,1.77e-04,0.340,0.006,0.097,0.059,0.083,0.010,0.000,0.405,0.000
874,13276.87,21729.24,13371,0,7038,1,0.715,33367.9,rl_v4,1.77e-04,0.361,0.006,0.099,0.043,0.041,0.019,0.000,0.430,0.000
875,25352.50,21810.76,25741,0,13264,1,0.664,33401.5,rl_v4,1.77e-04,0.272,0.006,0.130,0.036,0.085,0.007,0.000,0.464,0.000
876,23286.00,21816.52,23806,0,10523,1,0.624,33429.5,rl_v4,1.77e-04,0.365,0.007,0.081,0.042,0.062,0.015,0.000,0.427,0.000
877,32859.00,21763.21,33408,0,19094,1,0.753,33464.2,rl_v4,1.77e-04,0.324,0.007,0.119,0.051,0.110,0.011,0.000,0.379,0.000
878,26365.50,21817.59,26794,0,12648,1,0.717,33495.4,rl_v4,1.77e-04,0.298,0.006,0.136,0.045,0.068,0.012,0.000,0.435,0.000
879,20134.46,21804.07,20490,0,7899,1,0.596,33522.9,rl_v4,1.77e-04,0.332,0.003,0.074,0.038,0.040,0.015,0.000,0.498,0.000
880,13232.30,21681.74,13880,0,3404,1,0.648,33550.6,rl_v4,1.77e-04,0.349,0.014,0.098,0.020,0.039,0.023,0.000,0.457,0.000
881,10526.31,21620.74,10761,0,5238,1,0.617,33572.5,rl_v4,1.77e-04,0.391,0.001,0.051,0.057,0.038,0.022,0.000,0.440,0.000
882,14659.86,21617.30,14955,0,5978,1,0.601,33595.0,rl_v4,1.77e-04,0.404,0.010,0.053,0.042,0.021,0.026,0.000,0.444,0.000
883,23466.50,21628.48,23999,0,12036,1,0.609,33625.3,rl_v4,1.77e-04,0.332,0.014,0.131,0.034,0.038,0.012,0.000,0.439,0.000
884,23683.50,21596.99,23966,0,11354,1,0.686,33656.2,rl_v4,1.77e-04,0.297,0.012,0.121,0.040,0.062,0.013,0.000,0.455,0.000
885,25072.50,21629.07,26339,0,15160,1,0.700,33689.3,rl_v4,1.77e-04,0.334,0.007,0.140,0.040,0.036,0.041,0.001,0.400,0.000
886,25610.50,21787.08,26178,0,14063,1,0.650,33716.3,rl_v4,1.77e-04,0.406,0.010,0.116,0.022,0.033,0.023,0.000,0.389,0.000
887,26648.00,21831.39,27288,0,14489,1,0.763,33746.7,rl_v4,1.77e-04,0.342,0.007,0.149,0.034,0.095,0.017,0.000,0.355,0.000
888,26491.50,22026.99,27134,0,15839,1,0.724,33779.6,rl_v4,1.77e-04,0.307,0.004,0.174,0.030,0.070,0.016,0.000,0.399,0.000
889,21827.99,22029.72,22305,0,7912,1,0.648,33808.7,rl_v4,1.77e-04,0.369,0.008,0.097,0.042,0.030,0.015,0.000,0.440,0.000
890,32593.50,22131.95,33548,0,19447,1,0.894,33846.9,rl_v4,1.77e-04,0.252,0.007,0.254,0.028,0.128,0.020,0.000,0.310,0.000
891,28896.00,22249.00,29471,0,17290,1,0.843,33879.3,rl_v4,1.77e-04,0.310,0.009,0.202,0.032,0.114,0.018,0.000,0.316,0.000
892,22878.00,22268.82,23281,0,11664,1,0.761,33908.9,rl_v4,1.77e-04,0.346,0.011,0.136,0.038,0.073,0.021,0.000,0.375,0.000
893,26127.50,22367.43,26612,0,12361,1,0.849,33942.1,rl_v4,1.77e-04,0.307,0.011,0.180,0.033,0.093,0.017,0.001,0.358,0.000
894,26496.50,22508.25,26990,0,13201,1,0.877,33971.9,rl_v4,1.77e-04,0.325,0.016,0.170,0.041,0.100,0.021,0.000,0.326,0.000
895,19634.44,22534.24,19867,0,5127,1,0.788,34002.0,rl_v4,1.77e-04,0.320,0.008,0.127,0.041,0.050,0.016,0.000,0.438,0.000
896,13188.31,22358.52,13651,0,5522,1,0.633,34025.6,rl_v4,1.77e-04,0.389,0.012,0.077,0.031,0.029,0.023,0.000,0.439,0.000
897,19962.47,22452.25,20519,0,9306,1,0.818,34054.0,rl_v4,1.77e-04,0.275,0.016,0.170,0.056,0.059,0.017,0.000,0.408,0.000
898,22220.99,22401.78,22795,0,6400,1,0.848,34083.9,rl_v4,1.77e-04,0.259,0.009,0.209,0.041,0.075,0.016,0.000,0.391,0.000
899,19490.49,22290.89,20133,0,8334,1,0.819,34114.6,rl_v4,1.77e-04,0.280,0.015,0.197,0.051,0.044,0.041,0.003,0.369,0.000
900,29943.00,22357.15,30665,0,15000,1,0.884,34147.5,rl_v4,1.72e-04,0.301,0.016,0.240,0.050,0.131,0.016,0.000,0.247,0.000
901,28444.00,22405.38,29196,0,15440,1,0.891,34179.0,rl_v4,1.72e-04,0.314,0.020,0.216,0.051,0.109,0.019,0.000,0.271,0.000
902,23387.50,22444.08,23679,0,11842,1,0.782,34207.5,rl_v4,1.72e-04,0.339,0.010,0.146,0.062,0.064,0.012,0.002,0.365,0.000
903,27448.50,22540.10,28041,0,15534,1,0.781,34237.0,rl_v4,1.72e-04,0.350,0.011,0.140,0.061,0.059,0.023,0.000,0.356,0.000
904,23285.50,22621.31,23834,0,10247,1,0.756,34265.6,rl_v4,1.72e-04,0.357,0.007,0.125,0.057,0.055,0.019,0.000,0.380,0.000
905,16075.32,22522.29,16169,1,-2440,-1,0.844,34296.7,rl_v4,1.72e-04,0.311,0.009,0.146,0.040,0.038,0.026,0.002,0.428,0.000
906,28589.00,22684.30,27956,1,12794,1,0.760,34325.8,rl_v4,1.72e-04,0.390,0.015,0.148,0.062,0.051,0.017,0.005,0.313,0.000
907,24785.50,22659.03,25393,0,11775,1,0.876,34356.6,rl_v4,1.72e-04,0.350,0.019,0.177,0.055,0.095,0.025,0.007,0.273,0.000
908,13270.00,22492.97,13506,0,4414,1,0.694,34381.9,rl_v4,1.72e-04,0.383,0.019,0.093,0.048,0.039,0.024,0.001,0.394,0.000
909,32211.50,22570.60,31925,2,13827,1,0.805,34416.2,rl_v4,1.72e-04,0.356,0.023,0.167,0.047,0.098,0.014,0.021,0.274,0.000
910,22286.50,22643.33,22904,0,11527,1,0.928,34448.8,rl_v4,1.72e-04,0.291,0.021,0.192,0.042,0.179,0.012,0.021,0.243,0.000
911,32035.50,22851.92,32675,1,15121,1,0.825,34482.4,rl_v4,1.72e-04,0.341,0.011,0.208,0.060,0.131,0.014,0.020,0.215,0.000
912,53.93,22592.03,1552,0,638,1,0.710,34501.8,rl_v4,1.72e-04,0.400,0.024,0.168,0.045,0.018,0.046,0.005,0.294,0.000
913,18320.48,22547.39,18647,0,9955,1,0.689,34525.2,rl_v4,1.72e-04,0.385,0.009,0.136,0.053,0.034,0.012,0.023,0.348,0.000
914,28184.50,22607.59,28856,0,17525,1,0.893,34560.6,rl_v4,1.72e-04,0.342,0.014,0.208,0.055,0.119,0.018,0.041,0.204,0.000
915,34865.00,22685.64,34768,1,18483,1,0.862,34592.1,rl_v4,1.72e-04,0.373,0.015,0.173,0.059,0.102,0.023,0.025,0.230,0.000
916,21777.99,22669.16,22609,0,9859,1,0.752,34627.1,rl_v4,1.72e-04,0.404,0.011,0.109,0.048,0.066,0.015,0.033,0.314,0.000
917,33243.00,22778.18,33306,1,16245,1,0.722,34667.4,rl_v4,1.72e-04,0.416,0.015,0.149,0.045,0.051,0.016,0.032,0.276,0.000
918,26823.00,22942.46,27775,0,15035,1,0.868,34704.2,rl_v4,1.72e-04,0.349,0.019,0.201,0.059,0.102,0.020,0.025,0.224,0.000
919,29174.50,23051.98,29597,0,17605,1,0.831,34743.1,rl_v4,1.72e-04,0.360,0.021,0.190,0.073,0.101,0.013,0.026,0.217,0.000
920,30826.50,23123.56,31960,0,20601,1,0.795,34779.6,rl_v4,1.72e-04,0.354,0.012,0.209,0.050,0.109,0.013,0.018,0.236,0.000
921,22897.50,23154.85,23297,0,11497,1,0.769,34810.8,rl_v4,1.72e-04,0.320,0.015,0.154,0.086,0.045,0.008,0.020,0.351,0.000
922,19676.49,23034.37,19969,0,8465,1,0.753,34838.9,rl_v4,1.72e-04,0.351,0.014,0.132,0.074,0.068,0.011,0.020,0.330,0.000
923,27220.00,23123.02,27651,0,15129,1,0.876,34876.2,rl_v4,1.72e-04,0.275,0.017,0.225,0.072,0.122,0.015,0.014,0.260,0.000
924,17995.35,22972.92,18371,0,6879,1,0.656,34914.3,rl_v4,1.72e-04,0.336,0.005,0.136,0.074,0.046,0.006,0.011,0.387,0.000
925,31575.50,22964.91,32238,0,20598,1,0.862,34956.0,rl_v4,1.72e-04,0.295,0.011,0.273,0.065,0.113,0.017,0.029,0.198,0.000
926,24278.50,22896.11,25084,0,12018,1,0.825,34997.1,rl_v4,1.72e-04,0.283,0.013,0.211,0.062,0.080,0.013,0.020,0.318,0.000
927,23191.49,22931.71,23277,0,8077,1,0.831,35037.8,rl_v4,1.72e-04,0.254,0.013,0.187,0.083,0.079,0.005,0.010,0.370,0.000
928,24881.00,22986.85,25224,0,13992,1,0.903,35079.0,rl_v4,1.72e-04,0.308,0.020,0.181,0.093,0.082,0.012,0.022,0.283,0.000
929,35389.50,22968.15,34941,2,12012,1,0.903,35119.8,rl_v4,1.72e-04,0.266,0.019,0.244,0.065,0.161,0.011,0.022,0.212,0.000
930,19271.49,23029.42,19660,0,6471,1,0.794,35151.3,rl_v4,1.72e-04,0.355,0.020,0.148,0.062,0.064,0.011,0.024,0.315,0.000
931,19200.49,22855.77,19405,0,10803,1,0.865,35181.6,rl_v4,1.72e-04,0.319,0.017,0.177,0.066,0.087,0.010,0.016,0.308,0.000
932,7466.14,22659.57,8218,0,2758,1,0.591,35212.8,rl_v4,1.72e-04,0.484,0.014,0.094,0.041,0.028,0.013,0.006,0.319,0.000
933,14940.39,22579.16,15590,0,4296,1,0.642,35245.0,rl_v4,1.72e-04,0.427,0.018,0.106,0.047,0.038,0.013,0.021,0.330,0.000
934,23205.49,22471.04,23831,0,11863,1,0.914,35285.5,rl_v4,1.72e-04,0.210,0.014,0.294,0.073,0.121,0.015,0.016,0.259,0.000
935,27926.00,22567.10,27763,1,11471,1,0.906,35326.2,rl_v4,1.72e-04,0.251,0.013,0.255,0.085,0.128,0.015,0.020,0.232,0.000
936,19139.49,22490.14,19748,0,9669,1,0.819,35355.1,rl_v4,1.72e-04,0.271,0.012,0.184,0.067,0.074,0.024,0.036,0.332,0.000
937,23625.00,22600.80,24229,0,12537,1,0.781,35387.9,rl_v4,1.72e-04,0.270,0.010,0.224,0.066,0.066,0.014,0.016,0.335,0.000
938,24951.00,22532.98,25220,0,13448,1,0.839,35430.8,rl_v4,1.72e-04,0.267,0.010,0.227,0.072,0.085,0.016,0.019,0.303,0.000
939,14184.78,22538.95,14077,0,7277,1,0.761,35458.6,rl_v4,1.72e-04,0.249,0.011,0.160,0.075,0.051,0.012,0.010,0.432,0.000
940,13144.13,22455.89,12973,0,6553,1,0.759,35486.2,rl_v4,1.72e-04,0.272,0.007,0.171,0.053,0.036,0.013,0.012,0.437,0.000
941,20876.50,22455.65,21195,0,9093,1,0.790,35518.6,rl_v4,1.72e-04,0.260,0.010,0.222,0.069,0.060,0.016,0.013,0.349,0.000
942,11299.55,22310.71,11687,0,994,1,0.695,35544.2,rl_v4,1.72e-04,0.167,0.003,0.170,0.044,0.041,0.012,0.005,0.558,0.000
943,7634.11,22225.94,7464,0,2067,1,0.918,35568.2,rl_v4,1.72e-04,0.192,0.012,0.193,0.060,0.042,0.030,0.023,0.449,0.000
944,9731.35,22025.95,9617,0,4026,1,0.755,35594.2,rl_v4,1.72e-04,0.227,0.013,0.144,0.035,0.042,0.019,0.012,0.508,0.000
945,13668.51,21927.54,13482,0,6106,1,0.839,35623.4,rl_v4,1.72e-04,0.211,0.009,0.202,0.062,0.064,0.022,0.020,0.409,0.000
946,13103.96,21839.87,12904,0,6960,1,0.866,35646.8,rl_v4,1.72e-04,0.201,0.013,0.227,0.063,0.051,0.023,0.013,0.408,0.000
947,15982.23,21831.25,15964,0,5973,1,0.818,35673.1,rl_v4,1.72e-04,0.195,0.008,0.238,0.061,0.055,0.022,0.018,0.402,0.000
948,17621.96,21772.10,17925,0,5699,1,0.724,35702.2,rl_v4,1.72e-04,0.219,0.005,0.188,0.072,0.039,0.013,0.017,0.448,0.000
949,8549.75,21647.68,8528,0,3082,1,0.789,35723.5,rl_v4,1.72e-04,0.155,0.010,0.241,0.052,0.053,0.012,0.013,0.464,0.000
950,16534.57,21545.36,16750,0,6293,1,0.735,35750.7,rl_v4,1.72e-04,0.247,0.006,0.216,0.047,0.042,0.012,0.023,0.407,0.000
951,20536.49,21524.79,20721,0,8421,1,0.809,35781.4,rl_v4,1.72e-04,0.204,0.008,0.310,0.060,0.053,0.020,0.033,0.310,0.000
952,10126.75,21408.81,9861,0,5255,1,0.838,35802.6,rl_v4,1.72e-04,0.213,0.011,0.222,0.048,0.050,0.022,0.022,0.413,0.000
953,11299.60,21313.40,11130,0,6186,1,0.900,35824.4,rl_v4,1.72e-04,0.189,0.018,0.260,0.071,0.074,0.034,0.020,0.334,0.000
954,14406.70,21374.85,14384,0,7812,1,0.829,35847.8,rl_v4,1.72e-04,0.245,0.016,0.196,0.071,0.052,0.022,0.018,0.379,0.000
955,11892.46,21251.83,11816,0,4971,1,0.801,35871.2,rl_v4,1.72e-04,0.206,0.007,0.256,0.051,0.064,0.028,0.017,0.371,0.000
956,9707.91,21119.39,9569,0,4032,1,0.784,35892.7,rl_v4,1.72e-04,0.182,0.014,0.224,0.044,0.055,0.026,0.013,0.442,0.000
957,17448.83,21112.51,17673,0,6691,1,0.799,35923.0,rl_v4,1.72e-04,0.178,0.005,0.281,0.060,0.085,0.019,0.021,0.350,0.000
958,18455.35,21170.86,19133,0,1673,1,0.745,35953.9,rl_v4,1.72e-04,0.122,0.004,0.386,0.041,0.063,0.019,0.019,0.347,0.000
959,19175.99,21147.52,19458,0,8228,1,0.822,35982.4,rl_v4,1.72e-04,0.243,0.018,0.222,0.071,0.067,0.026,0.021,0.332,0.000
960,11783.52,21032.89,11797,0,5949,1,0.812,36005.3,rl_v4,1.72e-04,0.208,0.004,0.243,0.042,0.064,0.025,0.007,0.408,0.000
961,21802.47,21003.57,22089,0,6492,1,0.892,36040.0,rl_v4,1.72e-04,0.187,0.004,0.338,0.057,0.122,0.028,0.010,0.254,0.000
962,19136.38,20980.71,19493,0,3753,1,0.737,36072.3,rl_v4,1.72e-04,0.195,0.007,0.227,0.039,0.064,0.017,0.012,0.439,0.000
963,11031.17,20837.42,10968,0,3753,1,0.777,36094.9,rl_v4,1.72e-04,0.221,0.016,0.172,0.045,0.073,0.027,0.007,0.439,0.000
964,22281.50,20962.89,22584,0,10685,1,0.890,36126.0,rl_v4,1.72e-04,0.209,0.009,0.297,0.058,0.123,0.028,0.011,0.264,0.000
965,15352.84,20952.68,15387,0,7816,1,0.869,36149.8,rl_v4,1.72e-04,0.195,0.025,0.230,0.058,0.069,0.037,0.010,0.377,0.000
966,17177.86,20895.04,17317,0,4993,1,0.818,36178.4,rl_v4,1.72e-04,0.185,0.016,0.226,0.070,0.073,0.027,0.011,0.393,0.000
967,19140.49,20868.03,19166,0,9052,1,0.897,36204.1,rl_v4,1.72e-04,0.218,0.011,0.213,0.063,0.083,0.042,0.011,0.358,0.000
968,13882.57,20638.47,13770,0,5309,1,0.958,36225.3,rl_v4,1.72e-04,0.214,0.019,0.197,0.069,0.070,0.042,0.012,0.378,0.000
969,6692.33,20715.00,6566,0,2711,1,0.838,36244.6,rl_v4,1.72e-04,0.219,0.025,0.146,0.056,0.056,0.040,0.008,0.450,0.000
970,15671.91,20577.75,15838,0,7818,1,0.852,36279.3,rl_v4,1.72e-04,0.191,0.021,0.231,0.074,0.083,0.024,0.013,0.363,0.000
971,14585.97,20495.21,14642,0,5968,1,0.867,36307.2,rl_v4,1.72e-04,0.224,0.009,0.195,0.084,0.111,0.028,0.013,0.336,0.000
972,17205.23,20458.52,17315,0,8012,1,0.798,36341.5,rl_v4,1.72e-04,0.221,0.014,0.234,0.062,0.064,0.028,0.010,0.367,0.000
973,15412.87,20323.82,15504,0,5034,1,0.847,36369.4,rl_v4,1.72e-04,0.239,0.026,0.178,0.056,0.065,0.027,0.017,0.391,0.000
974,17233.47,20363.38,17448,0,8300,1,0.781,36396.5,rl_v4,1.72e-04,0.262,0.009,0.199,0.060,0.063,0.025,0.025,0.357,0.000
975,11103.56,20220.89,11128,0,1750,1,0.784,36422.2,rl_v4,1.72e-04,0.209,0.016,0.163,0.064,0.077,0.025,0.004,0.441,0.000
976,16937.36,20157.41,17008,0,7939,1,0.800,36449.3,rl_v4,1.72e-04,0.237,0.024,0.210,0.071,0.065,0.027,0.012,0.355,0.000
977,13268.73,19961.50,13203,0,5794,1,0.877,36474.0,rl_v4,1.72e-04,0.219,0.035,0.192,0.057,0.077,0.027,0.006,0.386,0.000
978,22729.87,19925.15,23101,0,6145,1,0.844,36506.1,rl_v4,1.72e-04,0.150,0.006,0.293,0.060,0.092,0.029,0.020,0.350,0.000
979,10789.11,19831.69,10672,0,5110,1,0.784,36527.8,rl_v4,1.72e-04,0.216,0.012,0.161,0.094,0.035,0.023,0.006,0.453,0.000
980,22001.48,19919.39,22079,0,10943,1,0.806,36559.0,rl_v4,1.72e-04,0.174,0.014,0.276,0.074,0.074,0.026,0.008,0.354,0.000
981,15341.23,19967.53,15392,0,4967,1,0.786,36586.5,rl_v4,1.72e-04,0.205,0.019,0.194,0.061,0.069,0.026,0.007,0.419,0.000
982,10205.67,19922.99,10260,0,2832,1,0.743,36609.6,rl_v4,1.72e-04,0.127,0.008,0.303,0.063,0.055,0.025,0.012,0.407,0.000
983,8264.14,19770.97,8093,0,4884,1,0.816,36636.2,rl_v4,1.72e-04,0.170,0.016,0.223,0.050,0.046,0.033,0.006,0.455,0.000
984,12382.83,19657.96,12250,0,5705,1,0.791,36666.0,rl_v4,1.72e-04,0.187,0.018,0.235,0.051,0.091,0.031,0.005,0.382,0.000
985,16889.81,19576.14,17129,0,5162,1,0.734,36706.3,rl_v4,1.72e-04,0.258,0.011,0.197,0.066,0.057,0.028,0.010,0.374,0.000
986,14215.34,19462.18,14269,0,5759,1,0.764,36733.0,rl_v4,1.72e-04,0.280,0.015,0.160,0.062,0.050,0.033,0.010,0.389,0.000
987,12442.07,19320.12,12260,0,7134,1,0.872,36755.4,rl_v4,1.72e-04,0.244,0.025,0.157,0.082,0.067,0.045,0.010,0.370,0.000
988,23437.50,19289.58,23598,0,11305,1,0.875,36792.3,rl_v4,1.72e-04,0.195,0.016,0.287,0.078,0.098,0.045,0.005,0.276,0.000
989,10649.66,19177.80,10585,0,4817,1,0.852,36817.3,rl_v4,1.72e-04,0.219,0.017,0.200,0.080,0.078,0.035,0.011,0.361,0.000
990,23823.50,19090.10,24391,0,8340,1,0.891,36857.8,rl_v4,1.72e-04,0.142,0.009,0.418,0.050,0.117,0.058,0.007,0.198,0.000
991,15686.52,18958.01,15113,1,2474,1,0.906,36885.0,rl_v4,1.72e-04,0.261,0.031,0.162,0.077,0.069,0.047,0.009,0.344,0.000
992,30860.50,19037.83,29585,2,10404,1,0.829,36923.0,rl_v4,1.72e-04,0.244,0.011,0.265,0.069,0.107,0.039,0.012,0.252,0.000
993,19518.44,18971.74,19663,1,5674,1,0.849,36953.8,rl_v4,1.72e-04,0.255,0.018,0.186,0.052,0.104,0.036,0.018,0.330,0.000
994,21302.49,18919.80,21460,1,7982,1,0.835,36979.8,rl_v4,1.72e-04,0.309,0.025,0.162,0.053,0.118,0.035,0.012,0.286,0.000
995,19422.89,18917.69,19858,0,8273,1,0.869,37011.3,rl_v4,1.72e-04,0.202,0.012,0.248,0.065,0.072,0.033,0.036,0.333,0.000
996,16713.91,18952.94,16804,1,3518,1,0.612,37046.4,rl_v4,1.72e-04,0.473,0.011,0.080,0.046,0.046,0.036,0.012,0.297,0.000
997,23761.00,18990.93,23265,1,8807,1,0.884,37078.3,rl_v4,1.72e-04,0.236,0.026,0.240,0.059,0.117,0.036,0.011,0.275,0.000
998,22487.00,18993.59,23109,0,11272,1,0.727,37109.1,rl_v4,1.72e-04,0.309,0.018,0.209,0.058,0.057,0.037,0.012,0.300,0.000
999,13619.36,18934.88,13559,0,5694,1,0.875,37136.2,rl_v4,1.72e-04,0.241,0.027,0.186,0.087,0.066,0.038,0.011,0.344,0.000
1000,27106.00,18906.51,26651,1,12317,1,0.851,37169.2,rl_v4,1.67e-04,0.275,0.019,0.240,0.057,0.088,0.040,0.027,0.254,0.000
