episode,reward,avg100_reward,deposited,mean_entropy,elapsed_sec,stay,north,east,south,west,random,home
1,940.00,940.00,980,1.939,1.5,0.139,0.165,0.142,0.136,0.142,0.138,0.137
2,1634.00,1287.00,1326,1.934,1.6,0.128,0.160,0.128,0.160,0.160,0.106,0.160
3,140.00,904.67,179,1.913,2.0,0.174,0.087,0.096,0.196,0.169,0.123,0.155
4,1002.00,929.00,349,1.915,2.0,0.234,0.016,0.125,0.188,0.172,0.141,0.125
5,350.00,813.20,277,1.908,2.3,0.169,0.107,0.146,0.157,0.208,0.090,0.124
6,626.00,782.00,575,1.833,2.8,0.208,0.056,0.235,0.093,0.208,0.104,0.096
7,549.00,748.71,339,1.896,3.0,0.181,0.068,0.169,0.169,0.175,0.124,0.113
8,700.00,742.62,602,1.888,3.8,0.153,0.071,0.196,0.148,0.189,0.129,0.114
9,401.00,704.67,252,1.766,4.0,0.159,0.057,0.115,0.159,0.299,0.134,0.076
10,326.00,666.80,362,1.800,4.1,0.127,0.038,0.152,0.203,0.354,0.038,0.089
11,391.00,641.73,389,1.901,4.4,0.113,0.048,0.253,0.167,0.183,0.118,0.118
12,1135.00,682.83,1141,1.879,4.6,0.148,0.030,0.133,0.252,0.126,0.222,0.089
13,1010.00,708.00,700,1.776,4.8,0.099,0.045,0.108,0.405,0.090,0.072,0.180
14,558.00,697.29,360,1.836,5.2,0.183,0.028,0.150,0.300,0.098,0.104,0.138
15,682.00,696.27,602,1.795,5.6,0.173,0.049,0.194,0.230,0.085,0.099,0.170
16,613.00,691.06,530,1.830,5.8,0.153,0.053,0.218,0.300,0.071,0.106,0.100
17,369.00,672.12,189,1.875,6.1,0.126,0.042,0.176,0.272,0.096,0.201,0.088
18,564.00,666.11,518,1.887,6.5,0.177,0.068,0.206,0.161,0.087,0.164,0.138
19,555.00,660.26,538,1.911,6.8,0.145,0.097,0.188,0.164,0.087,0.159,0.159
20,856.00,670.05,760,1.897,7.3,0.171,0.083,0.177,0.248,0.100,0.133,0.088
21,669.00,670.00,537,1.893,7.7,0.239,0.168,0.126,0.179,0.088,0.140,0.060
22,1135.00,691.14,1109,1.897,7.8,0.245,0.122,0.194,0.082,0.112,0.163,0.082
23,1048.00,706.65,1088,1.834,8.0,0.233,0.155,0.109,0.202,0.147,0.078,0.078
24,719.00,707.17,634,1.814,8.5,0.306,0.221,0.104,0.122,0.101,0.086,0.060
25,572.00,701.76,573,1.887,8.8,0.215,0.170,0.175,0.150,0.090,0.110,0.090
26,966.00,711.92,938,1.896,10.0,0.213,0.176,0.146,0.136,0.108,0.119,0.103
27,226.00,693.93,163,1.785,10.3,0.155,0.280,0.185,0.060,0.150,0.125,0.045
28,373.00,682.46,245,1.841,10.5,0.203,0.177,0.120,0.063,0.247,0.127,0.063
29,554.00,678.03,363,1.833,10.8,0.174,0.198,0.140,0.077,0.217,0.135,0.058
30,1413.00,702.53,859,1.769,11.0,0.281,0.167,0.094,0.062,0.292,0.094,0.010
31,1534.00,729.35,713,1.683,11.2,0.284,0.135,0.142,0.043,0.277,0.092,0.028
32,961.00,736.59,225,1.699,11.6,0.348,0.187,0.094,0.071,0.210,0.077,0.013
33,573.00,731.64,613,1.504,11.7,0.524,0.143,0.095,0.024,0.167,0.048,0.000
34,1011.00,739.85,177,1.697,12.1,0.316,0.110,0.116,0.101,0.243,0.101,0.012
35,850.00,743.00,406,1.741,12.4,0.409,0.119,0.176,0.041,0.119,0.119,0.016
36,1687.00,769.22,794,1.710,12.6,0.432,0.129,0.122,0.108,0.086,0.086,0.036
37,1688.00,794.05,1426,1.869,12.9,0.397,0.101,0.167,0.043,0.097,0.148,0.047
38,888.00,796.53,832,1.866,13.3,0.306,0.085,0.132,0.081,0.166,0.157,0.072
39,1204.00,806.97,927,1.905,13.7,0.139,0.143,0.154,0.114,0.186,0.186,0.079
40,669.00,803.52,631,1.880,13.9,0.187,0.140,0.098,0.145,0.218,0.140,0.073
41,505.00,796.24,489,1.911,14.8,0.175,0.104,0.104,0.163,0.148,0.206,0.101
42,473.00,788.55,413,1.905,15.3,0.174,0.139,0.156,0.136,0.130,0.165,0.100
43,509.00,782.05,435,1.892,15.6,0.251,0.114,0.078,0.192,0.091,0.178,0.096
44,1263.00,792.98,1087,1.878,16.2,0.236,0.167,0.140,0.145,0.085,0.140,0.087
45,1047.00,798.62,838,1.820,16.7,0.347,0.135,0.054,0.126,0.101,0.165,0.071
46,917.00,801.20,820,1.851,17.3,0.316,0.082,0.105,0.120,0.108,0.162,0.105
47,840.00,802.02,788,1.811,17.4,0.304,0.089,0.054,0.071,0.143,0.214,0.125
48,907.00,804.21,893,1.908,17.6,0.231,0.150,0.109,0.116,0.122,0.095,0.177
49,540.00,798.82,430,1.894,18.2,0.204,0.154,0.126,0.131,0.154,0.146,0.086
50,475.00,792.34,420,1.888,18.4,0.218,0.257,0.073,0.123,0.128,0.089,0.112
51,537.00,787.33,423,1.873,18.7,0.138,0.176,0.101,0.213,0.229,0.090,0.053
52,237.00,776.75,313,1.896,19.0,0.193,0.106,0.068,0.140,0.265,0.114,0.114
53,305.00,767.85,385,1.844,19.6,0.203,0.091,0.107,0.217,0.200,0.117,0.064
54,289.00,758.98,369,1.901,20.1,0.214,0.152,0.124,0.140,0.152,0.142,0.075
55,152.00,747.95,198,1.893,20.3,0.160,0.104,0.072,0.200,0.200,0.152,0.112
56,753.00,748.04,707,1.929,20.7,0.222,0.140,0.113,0.109,0.175,0.140,0.101
57,764.00,748.32,798,1.890,21.3,0.212,0.176,0.093,0.091,0.146,0.157,0.123
58,412.00,742.52,388,1.902,21.7,0.263,0.143,0.105,0.094,0.165,0.139,0.090
59,1120.00,748.92,925,1.422,21.8,0.419,0.086,0.057,0.057,0.114,0.200,0.067
60,1608.00,763.23,652,0.878,22.1,0.513,0.086,0.073,0.060,0.095,0.142,0.030
61,219.00,754.31,0,0.323,22.3,0.952,0.012,0.012,0.000,0.012,0.012,0.000
62,1810.00,771.34,1810,0.527,22.3,0.871,0.016,0.000,0.016,0.032,0.065,0.000
63,1078.00,776.21,786,0.850,22.5,0.771,0.021,0.000,0.010,0.104,0.062,0.031
64,3354.00,816.48,1815,1.449,23.2,0.459,0.071,0.033,0.042,0.205,0.171,0.019
65,1361.00,824.86,850,1.623,23.7,0.351,0.086,0.038,0.040,0.306,0.157,0.023
66,2091.00,844.05,1133,1.531,24.0,0.457,0.081,0.013,0.045,0.314,0.081,0.009
67,1231.00,849.82,332,1.736,24.4,0.290,0.077,0.097,0.062,0.282,0.185,0.008
68,652.00,846.91,644,1.832,25.6,0.251,0.123,0.079,0.094,0.223,0.202,0.027
69,769.00,845.78,727,1.444,25.8,0.448,0.112,0.021,0.077,0.154,0.147,0.042
70,1127.00,849.80,1022,1.817,26.9,0.324,0.110,0.094,0.062,0.177,0.158,0.075
71,978.00,851.61,270,1.650,27.0,0.522,0.076,0.065,0.000,0.120,0.098,0.120
72,914.00,852.47,806,1.789,27.3,0.233,0.126,0.092,0.034,0.180,0.107,0.228
73,157.00,842.95,197,1.821,27.6,0.236,0.115,0.067,0.024,0.163,0.173,0.221
74,1285.00,848.92,1020,1.828,27.9,0.263,0.140,0.091,0.075,0.118,0.156,0.156
75,1254.00,854.32,1144,1.558,28.0,0.299,0.095,0.036,0.080,0.073,0.299,0.117
76,874.00,854.58,898,1.778,28.2,0.234,0.066,0.066,0.175,0.015,0.321,0.124
77,559.00,850.74,591,1.915,28.8,0.140,0.158,0.116,0.158,0.096,0.187,0.145
78,468.00,845.83,496,1.878,29.3,0.128,0.113,0.093,0.221,0.068,0.238,0.140
79,231.00,838.05,173,1.847,29.6,0.201,0.105,0.078,0.215,0.032,0.187,0.183
80,474.00,833.50,406,1.891,29.9,0.218,0.112,0.044,0.209,0.058,0.233,0.126
81,438.00,828.62,478,1.903,30.2,0.199,0.110,0.131,0.174,0.067,0.131,0.188
82,947.00,830.06,903,1.877,30.5,0.181,0.136,0.113,0.237,0.107,0.107,0.119
83,870.00,830.54,785,1.737,30.6,0.279,0.090,0.063,0.171,0.009,0.144,0.243
84,520.00,826.85,401,1.818,30.9,0.207,0.073,0.156,0.235,0.034,0.145,0.151
85,865.00,827.29,660,1.833,31.1,0.184,0.064,0.149,0.262,0.050,0.170,0.121
86,607.00,824.73,619,1.885,31.4,0.197,0.047,0.124,0.226,0.068,0.158,0.179
87,472.00,820.68,467,1.871,31.6,0.104,0.070,0.148,0.209,0.096,0.217,0.157
88,563.00,817.75,579,1.891,31.9,0.131,0.066,0.108,0.160,0.136,0.131,0.268
89,425.00,813.34,413,1.802,32.1,0.126,0.104,0.074,0.104,0.007,0.185,0.400
90,1587.00,821.93,1476,1.446,32.2,0.088,0.029,0.015,0.074,0.059,0.265,0.471
91,542.00,818.86,542,1.278,32.3,0.078,0.020,0.000,0.000,0.137,0.294,0.471
92,303.00,813.25,343,1.583,32.4,0.121,0.040,0.032,0.000,0.161,0.210,0.435
93,385.00,808.65,419,1.788,32.7,0.135,0.078,0.052,0.030,0.204,0.265,0.235
94,461.00,804.95,431,1.675,32.9,0.235,0.123,0.025,0.000,0.160,0.210,0.247
95,309.00,799.73,309,1.504,33.0,0.260,0.080,0.040,0.000,0.040,0.080,0.500
96,344.00,794.98,353,1.881,33.4,0.224,0.143,0.100,0.050,0.137,0.162,0.184
97,720.00,794.21,800,1.659,33.6,0.211,0.200,0.042,0.021,0.074,0.242,0.211
98,737.00,793.62,731,1.843,34.2,0.241,0.163,0.087,0.046,0.133,0.182,0.148
99,955.00,795.25,1018,1.861,34.5,0.296,0.118,0.142,0.036,0.178,0.130,0.101
100,838.00,795.68,304,1.677,34.6,0.369,0.062,0.062,0.046,0.231,0.185,0.046
101,1091.00,797.19,669,1.726,34.8,0.318,0.065,0.169,0.052,0.182,0.162,0.052
102,2317.00,804.02,1767,1.584,35.0,0.319,0.028,0.177,0.071,0.128,0.248,0.028
103,2288.00,825.50,1364,1.311,35.1,0.484,0.066,0.121,0.000,0.088,0.231,0.011
104,1796.00,833.44,1294,1.560,35.5,0.345,0.046,0.164,0.017,0.143,0.277,0.008
105,1729.00,847.23,1011,1.493,35.7,0.266,0.051,0.139,0.038,0.108,0.392,0.006
106,1003.00,851.00,719,1.833,36.2,0.266,0.116,0.134,0.116,0.113,0.228,0.027
107,1198.00,857.49,860,1.760,36.6,0.268,0.102,0.129,0.064,0.122,0.268,0.047
108,1007.00,860.56,973,1.635,36.7,0.380,0.087,0.185,0.033,0.033,0.228,0.054
109,1219.00,868.74,707,1.683,36.9,0.462,0.132,0.121,0.066,0.033,0.132,0.055
110,707.00,872.55,738,1.889,37.5,0.212,0.151,0.157,0.086,0.098,0.175,0.122
111,423.00,872.87,326,1.780,37.7,0.250,0.194,0.222,0.148,0.083,0.046,0.056
112,642.00,867.94,314,1.528,37.8,0.257,0.426,0.129,0.050,0.020,0.079,0.040
113,1199.00,869.83,566,1.679,38.0,0.261,0.330,0.104,0.087,0.052,0.130,0.035
114,756.00,871.81,728,1.746,38.2,0.207,0.321,0.129,0.079,0.057,0.129,0.079
115,988.00,874.87,216,1.709,38.4,0.331,0.202,0.113,0.073,0.113,0.137,0.032
116,825.00,876.99,483,1.697,38.6,0.408,0.156,0.136,0.075,0.088,0.116,0.020
117,265.00,875.95,243,1.790,38.9,0.326,0.151,0.142,0.113,0.092,0.138,0.038
118,1926.00,889.57,1359,1.539,39.1,0.530,0.084,0.120,0.108,0.072,0.084,0.000
119,740.00,891.42,756,1.884,39.4,0.229,0.137,0.150,0.185,0.097,0.132,0.070
120,455.00,887.41,454,1.905,39.9,0.194,0.097,0.144,0.194,0.137,0.147,0.086
121,1144.00,892.16,785,1.839,40.1,0.138,0.092,0.085,0.215,0.215,0.200,0.054
122,446.00,885.27,410,1.849,40.4,0.127,0.172,0.231,0.149,0.142,0.127,0.052
123,469.00,879.48,387,1.881,41.0,0.181,0.107,0.207,0.188,0.147,0.119,0.052
124,525.00,877.54,535,1.894,41.5,0.131,0.119,0.199,0.228,0.160,0.101,0.062
125,1082.00,882.64,905,1.849,41.9,0.162,0.107,0.188,0.180,0.158,0.136,0.070
126,365.00,876.63,217,1.832,42.2,0.182,0.084,0.161,0.273,0.140,0.112,0.049
127,38.00,874.75,118,1.841,42.3,0.171,0.037,0.183,0.256,0.098,0.159,0.098
128,488.00,875.90,478,1.891,42.9,0.189,0.118,0.152,0.212,0.127,0.106,0.097
129,331.00,873.67,411,1.912,43.4,0.151,0.086,0.129,0.140,0.229,0.165,0.100
130,232.00,861.86,231,1.932,43.7,0.100,0.139,0.134,0.148,0.144,0.139,0.196
131,789.00,854.41,776,1.913,44.5,0.192,0.126,0.107,0.109,0.155,0.142,0.169
132,436.00,849.16,467,1.887,44.8,0.158,0.113,0.079,0.148,0.251,0.113,0.138
133,765.00,851.08,761,1.901,45.5,0.179,0.092,0.067,0.142,0.215,0.150,0.154
134,1241.00,853.38,1032,1.819,45.7,0.207,0.098,0.087,0.207,0.207,0.043,0.152
135,193.00,846.81,259,1.892,46.1,0.176,0.107,0.076,0.156,0.291,0.128,0.066
136,1088.00,840.82,960,1.894,46.3,0.162,0.152,0.086,0.086,0.238,0.200,0.076
137,246.00,826.40,214,1.935,46.6,0.121,0.168,0.126,0.140,0.168,0.182,0.093
138,893.00,826.45,783,1.936,46.8,0.160,0.176,0.160,0.143,0.126,0.126,0.109
139,1457.00,828.98,1045,1.926,47.0,0.132,0.163,0.140,0.171,0.155,0.147,0.093
140,925.00,831.54,612,1.918,47.3,0.154,0.113,0.131,0.145,0.186,0.176,0.095
141,469.00,831.18,396,1.927,47.9,0.139,0.180,0.172,0.099,0.129,0.192,0.089
142,585.00,832.30,577,1.921,48.9,0.138,0.146,0.227,0.110,0.144,0.134,0.102
143,156.00,828.77,151,1.487,49.0,0.431,0.062,0.000,0.046,0.015,0.077,0.369
144,31.00,816.45,31,1.446,49.2,0.417,0.042,0.028,0.028,0.056,0.056,0.375
145,897.00,814.95,896,1.553,49.3,0.444,0.111,0.009,0.034,0.077,0.077,0.248
146,499.00,810.77,455,1.659,49.6,0.342,0.134,0.020,0.040,0.081,0.154,0.228
147,156.00,803.93,141,1.754,49.7,0.224,0.092,0.020,0.061,0.051,0.184,0.367
148,615.00,801.01,593,1.876,50.0,0.163,0.099,0.070,0.110,0.151,0.180,0.227
149,514.00,800.75,582,1.916,50.5,0.183,0.087,0.136,0.122,0.165,0.116,0.191
150,460.00,800.60,428,1.880,51.1,0.208,0.065,0.186,0.111,0.129,0.135,0.167
151,1660.00,811.83,1337,1.762,51.2,0.237,0.052,0.247,0.041,0.082,0.155,0.186
152,476.00,814.22,504,1.897,52.0,0.159,0.089,0.173,0.077,0.137,0.179,0.187
153,331.00,814.48,311,1.893,52.5,0.102,0.122,0.202,0.088,0.108,0.182,0.196
154,542.00,817.01,483,1.668,52.7,0.018,0.053,0.274,0.080,0.035,0.221,0.319
155,116.00,816.65,153,1.840,52.8,0.058,0.047,0.209,0.128,0.140,0.221,0.198
156,981.00,818.93,952,1.877,53.1,0.074,0.096,0.222,0.126,0.067,0.200,0.215
157,500.00,816.29,540,1.778,53.2,0.053,0.106,0.160,0.053,0.043,0.319,0.266
158,1269.00,824.86,1275,1.655,53.3,0.000,0.088,0.191,0.000,0.029,0.221,0.471
159,285.00,816.51,325,1.896,53.6,0.130,0.107,0.166,0.065,0.077,0.213,0.243
160,897.00,809.40,786,1.871,53.8,0.092,0.092,0.154,0.092,0.085,0.254,0.231
161,806.00,815.27,806,1.873,54.1,0.122,0.097,0.138,0.107,0.122,0.235,0.179
162,979.00,806.96,825,1.623,54.2,0.000,0.015,0.075,0.015,0.134,0.522,0.239
163,306.00,799.24,337,1.920,54.5,0.142,0.114,0.176,0.091,0.165,0.182,0.131
164,596.00,771.66,585,1.899,54.9,0.153,0.109,0.113,0.097,0.184,0.172,0.172
165,473.00,762.78,477,1.907,55.9,0.120,0.092,0.131,0.094,0.176,0.209,0.178
166,141.00,743.28,143,1.867,56.3,0.228,0.080,0.095,0.133,0.141,0.156,0.167
167,192.00,732.89,155,1.894,56.7,0.133,0.076,0.072,0.223,0.167,0.159,0.170
168,182.00,728.19,169,1.810,56.8,0.284,0.026,0.103,0.147,0.112,0.155,0.172
169,683.00,727.33,683,1.592,57.0,0.539,0.026,0.026,0.118,0.066,0.066,0.158
170,693.00,722.99,656,1.856,57.7,0.243,0.059,0.057,0.144,0.121,0.192,0.184
171,539.00,718.60,479,1.825,57.9,0.289,0.070,0.070,0.132,0.070,0.202,0.167
172,1088.00,720.34,555,1.790,58.1,0.273,0.072,0.108,0.137,0.094,0.165,0.151
173,627.00,725.04,582,1.855,58.5,0.278,0.135,0.076,0.097,0.101,0.118,0.194
174,1179.00,723.98,1134,1.460,58.7,0.556,0.062,0.025,0.111,0.049,0.062,0.136
175,1635.00,727.79,1529,1.477,58.8,0.357,0.095,0.000,0.226,0.060,0.155,0.107
176,600.00,725.05,577,1.816,59.1,0.303,0.085,0.043,0.197,0.048,0.154,0.170
177,532.00,724.78,515,1.894,59.5,0.188,0.100,0.069,0.161,0.107,0.230,0.146
178,463.00,724.73,325,1.854,59.9,0.155,0.067,0.062,0.197,0.104,0.233,0.181
179,863.00,731.05,511,1.816,60.1,0.095,0.067,0.057,0.324,0.133,0.143,0.181
180,445.00,730.76,397,1.937,60.6,0.142,0.157,0.107,0.174,0.171,0.146,0.103
181,846.00,734.84,688,1.852,60.9,0.203,0.080,0.128,0.171,0.107,0.198,0.112
182,471.00,730.08,426,1.897,61.2,0.130,0.079,0.085,0.226,0.068,0.266,0.147
183,24.00,721.62,101,1.914,61.5,0.136,0.108,0.153,0.165,0.091,0.227,0.119
184,801.00,724.43,577,1.863,61.6,0.160,0.074,0.138,0.170,0.096,0.266,0.096
185,123.00,717.01,195,1.920,62.3,0.132,0.168,0.120,0.147,0.120,0.216,0.096
186,463.00,715.57,512,1.911,63.4,0.168,0.135,0.146,0.162,0.088,0.171,0.130
187,552.00,716.37,551,1.911,64.0,0.230,0.128,0.107,0.130,0.085,0.203,0.117
188,732.00,718.06,694,1.838,64.4,0.174,0.112,0.087,0.152,0.091,0.257,0.127
189,962.00,723.43,862,1.508,64.5,0.215,0.114,0.051,0.405,0.000,0.152,0.063
190,756.00,715.12,544,1.845,64.7,0.131,0.180,0.115,0.213,0.008,0.238,0.115
191,1212.00,721.82,1152,1.834,64.9,0.149,0.169,0.097,0.156,0.091,0.227,0.110
192,804.00,726.83,373,1.784,65.2,0.206,0.122,0.116,0.079,0.048,0.302,0.127
193,1740.00,740.38,1242,1.552,65.3,0.256,0.244,0.013,0.013,0.013,0.244,0.218
194,575.00,741.52,505,1.491,65.5,0.364,0.258,0.045,0.000,0.015,0.182,0.136
195,339.00,741.82,374,1.850,66.0,0.221,0.218,0.086,0.061,0.086,0.184,0.144
196,620.00,744.58,617,1.414,66.1,0.247,0.173,0.037,0.000,0.025,0.037,0.481
197,293.00,740.31,293,1.223,66.2,0.321,0.132,0.000,0.000,0.019,0.019,0.509
198,210.00,735.04,185,1.708,66.4,0.233,0.227,0.073,0.007,0.053,0.127,0.280
199,419.00,729.68,284,1.833,66.8,0.281,0.141,0.076,0.036,0.129,0.157,0.181
200,819.00,729.49,810,1.837,67.0,0.185,0.185,0.101,0.042,0.143,0.126,0.218
201,421.00,722.79,451,1.893,67.6,0.134,0.188,0.081,0.072,0.137,0.200,0.188
202,528.00,704.90,354,1.778,67.9,0.348,0.121,0.076,0.083,0.106,0.129,0.136
203,865.00,690.67,800,1.852,68.4,0.214,0.159,0.066,0.061,0.162,0.176,0.162
204,801.00,680.72,711,1.771,68.6,0.325,0.149,0.045,0.084,0.078,0.169,0.149
205,735.00,670.78,672,1.685,68.8,0.405,0.095,0.048,0.131,0.060,0.119,0.143
206,806.00,668.81,740,1.896,69.5,0.173,0.193,0.077,0.086,0.116,0.210,0.145
207,1517.00,672.00,1296,1.732,69.7,0.225,0.287,0.039,0.078,0.062,0.155,0.155
208,417.00,666.10,419,1.834,69.9,0.255,0.139,0.055,0.097,0.085,0.273,0.097
209,1292.00,666.83,1098,1.373,70.0,0.532,0.048,0.000,0.048,0.016,0.306,0.048
210,228.00,662.04,299,1.895,70.4,0.183,0.154,0.126,0.081,0.146,0.191,0.118
211,1090.00,668.71,864,1.823,70.6,0.343,0.127,0.049,0.069,0.078,0.176,0.157
212,351.00,665.80,387,1.914,71.1,0.151,0.184,0.088,0.100,0.136,0.215,0.127
213,1322.00,667.03,1342,1.925,71.2,0.126,0.134,0.134,0.101,0.210,0.151,0.143
214,892.00,668.39,561,1.893,71.4,0.124,0.162,0.200,0.124,0.076,0.162,0.152
215,751.00,666.02,679,1.902,71.8,0.205,0.198,0.124,0.089,0.128,0.140,0.116
216,522.00,662.99,456,1.884,72.2,0.196,0.126,0.189,0.102,0.109,0.186,0.091
217,1213.00,672.47,713,1.803,72.4,0.281,0.167,0.198,0.104,0.042,0.146,0.062
218,540.00,658.61,436,1.876,72.8,0.189,0.185,0.126,0.107,0.085,0.226,0.081
219,802.00,659.23,704,1.892,73.4,0.206,0.166,0.109,0.093,0.111,0.200,0.116
220,779.00,662.47,680,1.875,73.9,0.251,0.151,0.080,0.068,0.104,0.192,0.154
221,370.00,654.73,235,1.751,74.2,0.324,0.122,0.074,0.059,0.138,0.090,0.191
222,389.00,654.16,320,1.894,74.5,0.254,0.124,0.070,0.075,0.129,0.219,0.129
223,512.00,654.59,479,1.890,74.8,0.179,0.168,0.087,0.087,0.185,0.133,0.162
224,489.00,654.23,482,1.897,75.4,0.206,0.137,0.078,0.125,0.113,0.157,0.184
225,481.00,648.22,446,1.900,75.8,0.165,0.098,0.074,0.165,0.133,0.154,0.211
226,702.00,651.59,683,1.767,76.0,0.070,0.096,0.105,0.105,0.053,0.211,0.360
227,753.00,658.74,708,1.575,76.1,0.028,0.083,0.069,0.056,0.111,0.222,0.431
228,476.00,658.62,369,1.927,76.6,0.116,0.154,0.098,0.147,0.168,0.172,0.144
229,503.00,660.34,482,1.898,77.0,0.108,0.130,0.119,0.119,0.177,0.177,0.170
230,917.00,667.19,873,1.911,79.3,0.113,0.116,0.145,0.205,0.118,0.156,0.147
231,945.00,668.75,1022,1.713,79.8,0.244,0.162,0.204,0.167,0.040,0.040,0.143
232,723.00,671.62,690,1.599,80.1,0.325,0.215,0.190,0.061,0.025,0.006,0.178
233,604.00,670.01,484,1.702,80.5,0.291,0.164,0.242,0.107,0.016,0.016,0.164
234,859.00,666.19,738,1.685,80.9,0.306,0.157,0.213,0.072,0.034,0.030,0.187
235,1310.00,677.36,1276,1.220,81.0,0.506,0.152,0.114,0.038,0.000,0.000,0.190
236,649.00,672.97,602,1.680,81.3,0.320,0.188,0.149,0.077,0.050,0.011,0.204
237,672.00,677.23,705,1.808,81.7,0.190,0.132,0.178,0.143,0.066,0.050,0.240
238,511.00,673.41,433,1.729,81.9,0.212,0.195,0.102,0.195,0.051,0.017,0.229
239,353.00,662.37,304,1.139,82.0,0.333,0.333,0.000,0.024,0.000,0.000,0.310
240,471.00,657.83,504,1.849,82.4,0.105,0.134,0.159,0.238,0.112,0.094,0.159
241,1296.00,666.10,1040,1.513,82.6,0.200,0.329,0.071,0.035,0.035,0.024,0.306
242,260.00,662.85,269,1.835,82.8,0.163,0.149,0.064,0.227,0.128,0.057,0.213
243,322.00,664.51,322,1.135,82.9,0.347,0.224,0.000,0.000,0.000,0.000,0.429
244,448.00,668.68,412,1.880,83.6,0.079,0.075,0.165,0.290,0.146,0.134,0.111
245,1111.00,670.82,1000,1.612,83.8,0.265,0.191,0.059,0.103,0.044,0.074,0.265
246,788.00,673.71,709,1.683,83.9,0.238,0.139,0.069,0.139,0.109,0.050,0.257
247,918.00,681.33,977,1.823,84.6,0.193,0.162,0.071,0.231,0.117,0.124,0.102
248,396.00,679.14,315,1.195,84.7,0.424,0.220,0.017,0.000,0.017,0.000,0.322
249,403.00,678.03,214,1.838,84.9,0.162,0.195,0.043,0.151,0.103,0.130,0.216
250,764.00,681.07,684,1.894,85.6,0.135,0.103,0.066,0.215,0.149,0.204,0.128
251,309.00,667.56,329,1.483,85.7,0.314,0.216,0.000,0.039,0.137,0.000,0.294
252,290.00,665.70,359,1.908,86.4,0.138,0.117,0.094,0.214,0.115,0.133,0.189
253,985.00,672.24,846,1.760,86.7,0.197,0.181,0.043,0.117,0.144,0.085,0.234
254,725.00,674.07,762,1.739,87.1,0.251,0.241,0.030,0.094,0.094,0.064,0.227
255,453.00,677.44,446,1.861,87.5,0.253,0.185,0.052,0.124,0.104,0.112,0.169
256,516.00,672.79,483,1.876,88.2,0.158,0.163,0.043,0.188,0.111,0.149,0.188
257,849.00,676.28,633,1.722,88.3,0.286,0.286,0.022,0.022,0.110,0.176,0.099
258,1225.00,675.84,964,1.803,88.5,0.221,0.205,0.041,0.025,0.115,0.189,0.205
259,454.00,677.53,391,1.904,88.9,0.169,0.146,0.071,0.142,0.146,0.138,0.189
260,314.00,671.70,390,1.913,89.3,0.200,0.122,0.073,0.200,0.106,0.131,0.167
261,798.00,671.62,803,1.918,90.1,0.134,0.102,0.131,0.218,0.139,0.167,0.108
262,417.00,666.00,397,0.810,90.2,0.648,0.167,0.037,0.000,0.037,0.019,0.093
263,689.00,669.83,573,1.910,90.7,0.179,0.124,0.145,0.191,0.103,0.127,0.130
264,1240.00,676.27,1181,1.477,90.9,0.521,0.128,0.032,0.106,0.064,0.053,0.096
265,493.00,676.47,346,1.838,91.2,0.259,0.085,0.075,0.137,0.085,0.198,0.160
266,743.00,682.49,651,1.879,91.7,0.173,0.101,0.145,0.134,0.123,0.179,0.145
267,534.00,685.91,539,1.842,92.0,0.191,0.123,0.123,0.172,0.069,0.201,0.123
268,468.00,688.77,444,1.837,92.4,0.229,0.117,0.108,0.138,0.083,0.196,0.129
269,1101.00,692.95,964,1.026,92.5,0.634,0.024,0.000,0.000,0.000,0.268,0.073
270,632.00,692.34,589,1.843,92.8,0.220,0.112,0.059,0.137,0.112,0.273,0.088
271,388.00,690.83,462,1.907,93.3,0.117,0.131,0.102,0.157,0.120,0.241,0.131
272,652.00,686.47,663,1.906,93.8,0.121,0.121,0.101,0.173,0.136,0.199,0.147
273,121.00,681.41,121,0.917,93.9,0.382,0.000,0.000,0.000,0.000,0.059,0.559
274,532.00,674.94,568,1.868,94.1,0.130,0.103,0.098,0.114,0.109,0.234,0.212
275,308.00,661.67,291,1.866,94.5,0.184,0.074,0.078,0.134,0.074,0.240,0.217
276,716.00,662.83,707,1.899,94.9,0.131,0.134,0.138,0.154,0.082,0.190,0.170
277,976.00,667.27,804,1.528,95.1,0.250,0.069,0.097,0.000,0.014,0.097,0.472
278,824.00,670.88,762,1.785,95.3,0.144,0.137,0.187,0.072,0.086,0.101,0.273
279,458.00,666.83,366,1.899,95.8,0.147,0.138,0.186,0.105,0.084,0.174,0.168
280,446.00,666.84,386,1.774,96.0,0.168,0.042,0.210,0.143,0.059,0.118,0.261
281,280.00,661.18,280,0.527,96.1,0.000,0.000,0.037,0.037,0.000,0.000,0.926
282,618.00,662.65,532,1.810,96.3,0.142,0.038,0.126,0.169,0.071,0.246,0.208
283,405.00,666.46,405,1.475,96.5,0.064,0.026,0.090,0.103,0.026,0.141,0.551
284,184.00,660.29,264,1.861,96.9,0.110,0.047,0.137,0.224,0.047,0.177,0.258
285,327.00,662.33,407,1.897,97.5,0.131,0.082,0.142,0.186,0.103,0.180,0.175
286,303.00,660.73,322,1.887,97.7,0.119,0.082,0.134,0.149,0.149,0.187,0.179
287,601.00,661.22,442,1.393,97.8,0.120,0.000,0.000,0.180,0.020,0.220,0.460
288,475.00,658.65,441,1.882,98.0,0.088,0.056,0.128,0.168,0.120,0.272,0.168
289,224.00,651.27,298,1.889,98.2,0.124,0.093,0.163,0.124,0.109,0.155,0.233
290,259.00,646.30,314,1.900,98.4,0.144,0.063,0.072,0.117,0.153,0.306,0.144
291,442.00,638.60,476,1.928,99.2,0.124,0.132,0.145,0.191,0.100,0.174,0.134
292,538.00,635.94,548,1.929,99.8,0.158,0.103,0.149,0.126,0.165,0.195,0.105
293,1094.00,629.48,832,1.626,100.0,0.349,0.060,0.217,0.060,0.072,0.060,0.181
294,395.00,627.68,330,1.154,100.1,0.500,0.000,0.259,0.000,0.037,0.037,0.167
295,426.00,628.55,411,1.893,100.3,0.224,0.075,0.255,0.087,0.075,0.149,0.137
296,375.00,626.10,308,1.931,100.8,0.194,0.096,0.203,0.101,0.127,0.149,0.130
297,1194.00,635.11,1124,1.918,101.6,0.123,0.132,0.143,0.151,0.164,0.162,0.125
298,330.00,636.31,294,1.923,101.9,0.156,0.070,0.191,0.176,0.116,0.211,0.080
299,528.00,637.40,530,1.912,102.1,0.078,0.108,0.196,0.147,0.176,0.206,0.088
300,796.00,637.17,715,1.913,102.4,0.119,0.132,0.106,0.119,0.232,0.192,0.099
301,639.00,639.35,601,1.908,102.8,0.176,0.105,0.176,0.115,0.169,0.186,0.074
302,557.00,639.64,353,1.885,103.1,0.181,0.063,0.228,0.189,0.102,0.157,0.079
303,652.00,637.51,576,1.923,103.3,0.137,0.131,0.255,0.072,0.098,0.209,0.098
304,511.00,634.61,536,1.936,103.7,0.199,0.161,0.171,0.123,0.114,0.123,0.109
305,439.00,631.65,441,1.909,103.9,0.209,0.127,0.127,0.155,0.136,0.136,0.109
306,780.00,631.39,766,1.933,104.2,0.201,0.136,0.114,0.120,0.190,0.120,0.120
307,456.00,620.78,329,1.927,104.7,0.139,0.101,0.146,0.118,0.205,0.132,0.160
308,893.00,625.54,831,1.899,105.2,0.146,0.090,0.129,0.124,0.213,0.197,0.101
309,551.00,618.13,434,1.899,105.8,0.191,0.093,0.130,0.079,0.181,0.153,0.172
310,386.00,619.71,369,1.903,106.1,0.181,0.096,0.145,0.078,0.169,0.127,0.205
311,489.00,613.70,484,1.860,106.3,0.157,0.083,0.157,0.124,0.182,0.091,0.207
312,315.00,613.34,261,1.937,106.8,0.169,0.082,0.141,0.149,0.141,0.137,0.180
313,647.00,606.59,614,1.930,107.2,0.171,0.127,0.124,0.096,0.163,0.147,0.171
314,407.00,601.74,299,1.136,107.3,0.320,0.000,0.140,0.040,0.000,0.060,0.440
315,417.00,598.40,391,1.632,107.4,0.352,0.014,0.155,0.056,0.085,0.056,0.282
316,388.00,597.06,361,1.883,107.6,0.171,0.073,0.195,0.138,0.138,0.106,0.179
317,582.00,590.75,622,1.837,107.8,0.289,0.079,0.145,0.092,0.145,0.066,0.184
318,493.00,590.28,493,1.268,107.8,0.359,0.000,0.051,0.026,0.026,0.128,0.410
319,385.00,586.11,381,1.931,108.5,0.130,0.144,0.137,0.142,0.154,0.149,0.144
320,274.00,581.06,265,1.910,108.9,0.129,0.133,0.155,0.116,0.185,0.215,0.069
321,343.00,580.79,360,1.906,109.4,0.164,0.112,0.171,0.118,0.158,0.214,0.062
322,1127.00,588.17,865,1.830,109.6,0.160,0.062,0.173,0.136,0.198,0.148,0.123
323,493.00,587.98,555,1.926,110.1,0.123,0.120,0.160,0.114,0.175,0.184,0.123
324,807.00,591.16,814,1.935,111.0,0.128,0.131,0.160,0.115,0.155,0.195,0.116
325,124.00,587.59,194,1.892,111.1,0.212,0.071,0.153,0.071,0.165,0.176,0.153
326,545.00,586.02,500,1.917,111.7,0.201,0.107,0.138,0.096,0.176,0.171,0.110
327,1000.00,588.49,1080,1.841,111.8,0.131,0.060,0.119,0.095,0.333,0.167,0.095
328,733.00,591.06,516,1.924,112.1,0.151,0.171,0.178,0.125,0.184,0.118,0.072
329,330.00,589.33,294,1.937,112.9,0.181,0.127,0.157,0.146,0.121,0.148,0.120
330,322.00,583.38,378,1.883,113.4,0.094,0.148,0.118,0.160,0.202,0.175,0.103
331,493.00,578.86,315,1.417,113.5,0.091,0.045,0.009,0.064,0.373,0.364,0.055
332,631.00,577.94,576,1.865,114.0,0.096,0.122,0.137,0.119,0.170,0.259,0.096
333,498.00,576.88,474,1.895,114.6,0.150,0.163,0.094,0.083,0.195,0.217,0.099
334,761.00,575.90,705,1.818,114.7,0.159,0.193,0.057,0.034,0.125,0.273,0.159
335,500.00,567.80,384,1.899,115.0,0.146,0.117,0.139,0.073,0.146,0.197,0.182
336,325.00,564.56,239,1.916,115.3,0.167,0.136,0.187,0.106,0.116,0.177,0.111
337,356.00,561.40,383,1.911,115.6,0.135,0.163,0.183,0.111,0.168,0.163,0.077
338,940.00,565.69,708,1.880,116.0,0.180,0.154,0.167,0.083,0.123,0.219,0.075
339,363.00,565.79,346,1.911,116.4,0.177,0.135,0.142,0.082,0.241,0.163,0.060
340,912.00,570.20,887,1.923,117.2,0.166,0.128,0.170,0.122,0.160,0.132,0.120
341,828.00,565.52,803,1.887,117.7,0.204,0.089,0.185,0.118,0.140,0.191,0.073
342,865.00,571.57,855,1.867,117.9,0.277,0.081,0.095,0.108,0.189,0.155,0.095
343,977.00,578.12,839,1.885,118.3,0.206,0.066,0.173,0.136,0.165,0.156,0.099
344,565.00,579.29,645,1.910,118.7,0.171,0.063,0.108,0.149,0.171,0.238,0.100
345,382.00,572.00,378,1.888,119.0,0.144,0.091,0.118,0.118,0.187,0.187,0.155
346,466.00,568.78,476,1.924,119.5,0.174,0.137,0.097,0.130,0.161,0.167,0.134
347,769.00,567.29,741,1.914,120.2,0.159,0.108,0.146,0.108,0.186,0.186,0.108
348,614.00,569.47,602,1.901,120.6,0.118,0.105,0.131,0.093,0.224,0.198,0.131
349,1318.00,578.62,1015,1.808,120.7,0.099,0.055,0.055,0.132,0.253,0.220,0.187
350,1023.00,581.21,916,1.885,120.9,0.183,0.073,0.073,0.073,0.220,0.232,0.146
351,557.00,583.69,563,1.929,121.5,0.143,0.114,0.164,0.101,0.156,0.183,0.140
352,934.00,590.13,905,1.867,121.7,0.165,0.074,0.107,0.099,0.149,0.190,0.215
353,1216.00,592.44,947,1.850,121.9,0.205,0.096,0.133,0.036,0.145,0.289,0.096
354,672.00,591.91,661,1.894,122.2,0.178,0.101,0.154,0.130,0.142,0.142,0.154
355,363.00,591.01,249,1.901,122.7,0.207,0.095,0.197,0.099,0.151,0.125,0.125
356,418.00,590.03,395,1.905,123.4,0.163,0.135,0.205,0.093,0.147,0.139,0.119
357,752.00,589.06,596,1.407,123.6,0.090,0.033,0.426,0.156,0.066,0.148,0.082
358,135.00,578.16,177,1.463,123.9,0.027,0.034,0.527,0.199,0.062,0.082,0.068
359,83.00,574.45,148,1.582,124.0,0.031,0.071,0.490,0.173,0.071,0.092,0.071
360,630.00,577.61,623,1.877,124.4,0.118,0.169,0.181,0.148,0.203,0.046,0.135
361,198.00,571.61,164,1.611,124.5,0.033,0.049,0.393,0.213,0.131,0.082,0.098
362,884.00,576.28,314,1.736,124.9,0.133,0.087,0.251,0.156,0.137,0.099,0.137
363,24.00,569.63,77,1.336,125.0,0.000,0.025,0.605,0.222,0.099,0.012,0.037
364,1302.00,570.25,1099,1.712,125.3,0.056,0.087,0.323,0.179,0.174,0.072,0.108
365,328.00,568.60,214,1.674,125.8,0.037,0.056,0.333,0.199,0.191,0.086,0.097
366,903.00,570.20,789,1.646,126.0,0.049,0.063,0.345,0.141,0.261,0.085,0.056
367,552.00,570.38,402,1.653,126.4,0.042,0.079,0.310,0.151,0.259,0.088,0.071
368,788.00,573.58,760,1.679,126.6,0.046,0.066,0.238,0.205,0.298,0.060,0.086
369,279.00,565.36,359,1.809,127.0,0.061,0.090,0.220,0.167,0.261,0.098,0.102
370,359.00,562.63,315,1.899,127.5,0.095,0.174,0.174,0.161,0.168,0.132,0.095
371,389.00,562.64,362,1.904,128.0,0.113,0.159,0.173,0.148,0.184,0.118,0.104
372,620.00,562.32,497,1.851,128.4,0.147,0.107,0.129,0.201,0.246,0.116,0.054
373,299.00,564.10,379,1.864,128.6,0.105,0.091,0.196,0.105,0.336,0.098,0.070
374,660.00,565.38,532,1.916,129.0,0.124,0.165,0.157,0.157,0.202,0.124,0.070
375,725.00,569.55,742,1.687,129.0,0.077,0.135,0.231,0.096,0.288,0.096,0.077
376,1399.00,576.38,1224,1.870,129.2,0.098,0.143,0.188,0.105,0.218,0.135,0.113
377,184.00,568.46,248,1.818,129.4,0.062,0.146,0.208,0.146,0.240,0.125,0.073
378,613.00,566.35,508,1.758,129.6,0.067,0.095,0.238,0.076,0.286,0.200,0.038
379,533.00,567.10,334,1.901,130.0,0.159,0.159,0.137,0.105,0.206,0.134,0.101
380,1087.00,573.51,924,1.794,130.2,0.059,0.101,0.244,0.084,0.261,0.176,0.076
381,1035.00,581.06,764,1.829,130.5,0.100,0.121,0.311,0.068,0.158,0.158,0.084
382,701.00,581.89,747,1.821,130.9,0.090,0.152,0.242,0.043,0.180,0.215,0.078
383,825.00,586.09,646,1.866,131.2,0.088,0.137,0.212,0.049,0.195,0.221,0.097
384,474.00,588.99,466,1.880,131.5,0.071,0.129,0.206,0.065,0.159,0.288,0.082
385,538.00,591.10,510,1.893,131.8,0.131,0.248,0.098,0.098,0.154,0.182,0.089
386,457.00,592.64,362,1.925,132.3,0.171,0.218,0.124,0.097,0.141,0.144,0.106
387,561.00,592.24,291,1.928,132.7,0.103,0.185,0.150,0.172,0.163,0.107,0.120
388,363.00,591.12,401,1.915,133.0,0.151,0.147,0.165,0.138,0.110,0.138,0.151
389,537.00,594.25,555,1.924,133.3,0.216,0.103,0.157,0.127,0.167,0.108,0.123
390,442.00,596.08,273,1.927,133.7,0.279,0.114,0.122,0.122,0.135,0.109,0.118
391,440.00,596.06,424,1.915,133.9,0.161,0.097,0.065,0.129,0.177,0.169,0.202
392,1204.00,602.72,1151,1.867,134.0,0.188,0.040,0.109,0.198,0.099,0.178,0.188
393,599.00,597.77,639,1.855,134.3,0.133,0.109,0.164,0.219,0.109,0.102,0.164
394,559.00,599.41,379,1.551,134.3,0.059,0.059,0.059,0.275,0.039,0.373,0.137
395,828.00,603.43,679,1.817,134.5,0.202,0.043,0.128,0.191,0.021,0.223,0.191
396,593.00,605.61,314,1.917,134.9,0.174,0.097,0.153,0.132,0.111,0.205,0.128
397,597.00,599.64,288,1.913,135.3,0.251,0.149,0.081,0.140,0.136,0.128,0.115
398,609.00,602.43,326,1.909,135.6,0.230,0.139,0.134,0.153,0.134,0.144,0.067
399,444.00,601.59,325,1.898,135.8,0.140,0.279,0.128,0.128,0.047,0.116,0.163
400,514.00,598.77,497,1.911,136.1,0.193,0.198,0.151,0.156,0.085,0.123,0.094
401,690.00,599.28,767,1.923,136.9,0.123,0.183,0.163,0.109,0.130,0.152,0.140
402,846.00,602.17,603,1.872,137.1,0.142,0.170,0.038,0.217,0.208,0.066,0.160
403,166.00,597.31,121,1.856,137.2,0.103,0.197,0.103,0.325,0.137,0.077,0.060
404,203.00,594.23,257,1.914,137.4,0.132,0.132,0.083,0.174,0.256,0.116,0.107
405,354.00,593.38,346,1.924,138.0,0.191,0.183,0.113,0.131,0.142,0.121,0.119
406,226.00,587.84,195,1.932,138.3,0.150,0.155,0.126,0.141,0.184,0.170,0.073
407,281.00,586.09,308,1.923,138.7,0.162,0.170,0.215,0.113,0.113,0.113,0.113
408,731.00,584.47,673,1.919,139.2,0.195,0.125,0.177,0.113,0.151,0.110,0.128
409,884.00,587.80,839,1.880,139.5,0.136,0.136,0.188,0.136,0.165,0.068,0.170
410,567.00,589.61,607,1.700,139.6,0.039,0.091,0.338,0.156,0.234,0.013,0.130
411,290.00,587.62,288,1.886,139.9,0.075,0.138,0.237,0.131,0.194,0.056,0.169
412,1021.00,594.68,907,1.914,140.5,0.139,0.136,0.188,0.141,0.186,0.094,0.115
413,467.00,592.88,457,1.910,140.8,0.153,0.105,0.201,0.144,0.182,0.062,0.153
414,571.00,594.52,581,1.918,140.9,0.146,0.244,0.085,0.171,0.134,0.073,0.146
415,944.00,599.79,912,1.934,141.2,0.080,0.153,0.124,0.197,0.124,0.139,0.182
416,802.00,603.93,775,1.927,142.1,0.185,0.137,0.158,0.155,0.129,0.118,0.118
417,693.00,605.04,627,1.931,142.4,0.153,0.127,0.122,0.180,0.127,0.175,0.116
418,323.00,603.34,345,1.911,142.8,0.144,0.193,0.133,0.140,0.125,0.159,0.106
419,1131.00,610.80,927,1.880,142.9,0.155,0.175,0.103,0.206,0.103,0.196,0.062
420,125.00,609.31,205,1.911,143.1,0.111,0.154,0.162,0.162,0.154,0.197,0.060
421,670.00,612.58,626,1.921,143.6,0.196,0.199,0.157,0.085,0.132,0.132,0.100
422,456.00,605.87,419,1.913,144.0,0.221,0.156,0.149,0.111,0.156,0.130,0.076
423,675.00,607.69,715,1.805,144.1,0.057,0.143,0.157,0.214,0.086,0.271,0.071
424,590.00,605.52,509,1.924,144.7,0.169,0.138,0.180,0.191,0.108,0.122,0.094
425,371.00,607.99,317,1.916,145.4,0.199,0.175,0.153,0.147,0.117,0.093,0.117
426,566.00,608.20,600,1.890,146.3,0.213,0.166,0.188,0.146,0.075,0.123,0.089
427,593.00,604.13,585,1.871,146.8,0.186,0.133,0.204,0.136,0.072,0.143,0.125
428,807.00,604.87,784,1.915,147.4,0.207,0.166,0.170,0.112,0.070,0.170,0.105
429,686.00,608.43,575,1.914,147.7,0.123,0.210,0.190,0.179,0.041,0.144,0.113
430,897.00,614.18,735,1.928,148.3,0.177,0.146,0.146,0.172,0.109,0.154,0.096
431,847.00,617.72,707,1.531,148.5,0.057,0.057,0.076,0.171,0.029,0.457,0.152
432,409.00,615.50,348,1.900,149.0,0.097,0.103,0.155,0.196,0.094,0.235,0.120
433,409.00,614.61,428,1.890,149.5,0.076,0.176,0.135,0.187,0.100,0.221,0.104
434,715.00,614.15,671,1.750,149.7,0.043,0.121,0.191,0.277,0.043,0.234,0.092
435,318.00,612.33,393,1.920,150.4,0.153,0.133,0.211,0.153,0.095,0.153,0.102
436,368.00,612.76,388,1.885,150.8,0.078,0.087,0.183,0.205,0.059,0.205,0.183
437,1137.00,620.57,1086,1.619,151.0,0.026,0.091,0.091,0.260,0.013,0.312,0.208
438,754.00,618.71,770,1.777,151.4,0.091,0.082,0.134,0.186,0.095,0.234,0.177
439,654.00,621.62,640,1.511,151.7,0.024,0.048,0.071,0.345,0.012,0.345,0.155
440,590.00,618.40,530,1.831,152.0,0.120,0.075,0.090,0.188,0.045,0.203,0.278
441,310.00,613.22,294,1.741,152.1,0.075,0.054,0.161,0.172,0.032,0.194,0.312
442,574.00,610.31,509,1.736,152.3,0.074,0.098,0.115,0.197,0.033,0.221,0.262
443,872.00,609.26,803,1.681,152.5,0.063,0.099,0.090,0.216,0.054,0.189,0.288
444,347.00,607.08,347,1.661,152.7,0.051,0.128,0.064,0.141,0.026,0.154,0.436
445,504.00,608.30,376,1.754,152.9,0.125,0.158,0.117,0.117,0.025,0.125,0.333
446,390.00,607.54,241,1.851,153.1,0.141,0.133,0.133,0.164,0.047,0.078,0.305
447,703.00,606.88,720,1.794,153.2,0.120,0.326,0.174,0.130,0.000,0.087,0.163
448,681.00,607.55,651,1.904,153.6,0.144,0.183,0.173,0.197,0.058,0.115,0.130
449,137.00,595.74,149,1.895,153.8,0.124,0.117,0.214,0.159,0.083,0.145,0.159
450,859.00,594.10,800,1.811,153.9,0.058,0.232,0.087,0.087,0.029,0.290,0.217
451,481.00,593.34,472,1.922,155.4,0.163,0.131,0.150,0.145,0.107,0.128,0.178
452,330.00,587.30,337,1.815,155.9,0.192,0.111,0.246,0.144,0.090,0.150,0.069
453,434.00,579.48,158,1.683,156.2,0.217,0.108,0.287,0.255,0.076,0.032,0.025
454,602.00,578.78,665,1.845,156.7,0.262,0.102,0.212,0.178,0.114,0.074,0.058
455,1339.00,588.54,941,1.630,156.8,0.373,0.084,0.169,0.157,0.145,0.060,0.012
456,447.00,588.83,167,1.694,157.0,0.338,0.143,0.182,0.169,0.104,0.065,0.000
457,679.00,588.10,477,1.819,157.4,0.270,0.128,0.204,0.135,0.102,0.109,0.051
458,1012.00,596.87,789,1.825,157.6,0.301,0.123,0.196,0.166,0.117,0.086,0.012
459,444.00,600.48,408,1.894,158.5,0.181,0.173,0.173,0.130,0.160,0.116,0.068
460,237.00,596.55,82,1.788,158.7,0.182,0.170,0.068,0.239,0.239,0.091,0.011
461,817.00,602.74,736,1.848,159.1,0.165,0.149,0.218,0.152,0.168,0.079,0.070
462,306.00,596.96,330,1.863,159.7,0.115,0.189,0.222,0.181,0.173,0.094,0.026
463,311.00,599.83,308,1.882,160.3,0.139,0.204,0.158,0.153,0.161,0.139,0.046
464,423.00,591.04,457,1.882,160.9,0.135,0.171,0.171,0.181,0.126,0.152,0.063
465,373.00,591.49,442,1.886,161.3,0.149,0.195,0.129,0.185,0.159,0.132,0.050
466,1172.00,594.18,944,1.845,161.6,0.179,0.184,0.173,0.140,0.145,0.123,0.056
467,515.00,593.81,219,1.794,161.9,0.128,0.229,0.122,0.138,0.271,0.096,0.016
468,319.00,589.12,130,1.862,162.3,0.148,0.189,0.174,0.144,0.208,0.114,0.023
469,375.00,590.08,301,1.887,162.7,0.115,0.222,0.194,0.158,0.118,0.147,0.047
470,669.00,593.18,480,1.798,162.8,0.115,0.292,0.146,0.104,0.219,0.104,0.021
471,231.00,591.60,311,1.836,163.0,0.187,0.273,0.165,0.122,0.115,0.108,0.029
472,477.00,590.17,268,1.896,163.4,0.145,0.170,0.187,0.112,0.154,0.199,0.033
473,884.00,596.02,803,1.871,163.9,0.161,0.187,0.133,0.196,0.130,0.127,0.066
474,847.00,597.89,518,1.834,164.3,0.257,0.173,0.121,0.129,0.143,0.151,0.026
475,580.00,596.44,593,1.903,165.2,0.176,0.187,0.123,0.153,0.158,0.139,0.065
476,477.00,587.22,382,1.859,165.4,0.194,0.132,0.132,0.287,0.147,0.085,0.023
477,861.00,593.99,682,1.885,165.9,0.219,0.210,0.087,0.158,0.097,0.129,0.100
478,449.00,592.35,394,1.914,166.5,0.164,0.203,0.102,0.154,0.107,0.146,0.124
479,820.00,595.22,798,1.913,167.2,0.196,0.184,0.102,0.137,0.123,0.145,0.114
480,701.00,591.36,702,1.733,167.5,0.293,0.138,0.126,0.084,0.078,0.210,0.072
481,612.00,587.13,547,1.872,167.8,0.309,0.118,0.110,0.073,0.118,0.175,0.098
482,480.00,584.92,442,1.875,168.2,0.246,0.121,0.137,0.105,0.141,0.145,0.105
483,348.00,580.15,386,1.923,168.7,0.153,0.160,0.122,0.163,0.097,0.194,0.111
484,302.00,578.43,367,1.923,169.0,0.154,0.133,0.149,0.095,0.154,0.166,0.149
485,263.00,575.68,343,1.799,169.1,0.355,0.065,0.145,0.129,0.113,0.145,0.048
486,300.00,574.11,247,1.917,169.6,0.156,0.156,0.116,0.202,0.107,0.144,0.119
487,388.00,572.38,308,1.917,170.2,0.164,0.167,0.178,0.162,0.090,0.167,0.072
488,561.00,574.36,498,1.914,170.5,0.163,0.117,0.189,0.097,0.148,0.153,0.133
489,552.00,574.51,498,1.930,171.1,0.137,0.106,0.176,0.139,0.125,0.176,0.141
490,555.00,575.64,561,1.907,171.6,0.192,0.129,0.140,0.161,0.087,0.175,0.115
491,1261.00,583.85,951,1.816,171.7,0.195,0.134,0.220,0.024,0.122,0.159,0.146
492,335.00,575.16,253,1.863,171.9,0.208,0.208,0.113,0.066,0.160,0.189,0.057
493,1005.00,579.22,789,1.882,172.1,0.169,0.132,0.213,0.074,0.132,0.191,0.088
494,520.00,578.83,530,1.887,172.3,0.156,0.205,0.123,0.115,0.139,0.148,0.115
495,216.00,572.71,197,1.909,173.2,0.130,0.116,0.160,0.188,0.120,0.160,0.127
496,300.00,569.78,380,1.879,173.4,0.105,0.173,0.089,0.084,0.257,0.194,0.099
497,63.00,564.44,143,1.912,173.7,0.261,0.092,0.099,0.113,0.162,0.155,0.120
498,562.00,563.97,474,1.824,174.0,0.190,0.056,0.246,0.159,0.067,0.103,0.179
499,560.00,565.13,532,1.871,174.5,0.183,0.046,0.183,0.249,0.057,0.092,0.189
500,634.00,566.33,590,1.725,174.7,0.323,0.062,0.000,0.015,0.308,0.154,0.138
501,1835.00,577.78,810,1.841,174.8,0.289,0.053,0.158,0.092,0.105,0.118,0.184
502,528.00,574.60,439,1.862,175.1,0.234,0.086,0.160,0.189,0.040,0.114,0.177
503,563.00,578.57,480,1.903,175.4,0.118,0.095,0.154,0.166,0.089,0.183,0.195
504,1019.00,586.73,879,1.889,175.6,0.220,0.088,0.088,0.094,0.214,0.164,0.132
505,1354.00,596.73,1069,1.575,175.8,0.406,0.043,0.029,0.000,0.232,0.174,0.116
506,484.00,599.31,343,1.883,176.1,0.236,0.159,0.096,0.076,0.064,0.191,0.178
507,846.00,604.96,878,1.788,176.3,0.250,0.174,0.111,0.125,0.076,0.097,0.167
508,960.00,607.25,940,0.613,176.4,0.766,0.064,0.085,0.000,0.043,0.021,0.021
509,252.00,600.93,0,0.330,176.5,0.959,0.000,0.000,0.000,0.020,0.000,0.020
510,716.00,602.42,643,1.821,176.8,0.225,0.113,0.152,0.172,0.020,0.093,0.225
511,604.00,605.56,503,1.875,177.4,0.154,0.087,0.192,0.224,0.049,0.110,0.183
512,922.00,604.57,877,1.891,177.8,0.215,0.134,0.142,0.184,0.077,0.138,0.111
513,830.00,608.20,811,1.905,178.1,0.213,0.168,0.181,0.103,0.148,0.071,0.116
514,734.00,609.83,772,1.896,178.5,0.121,0.154,0.212,0.138,0.096,0.092,0.188
515,283.00,603.22,323,1.890,179.0,0.156,0.147,0.279,0.150,0.052,0.089,0.126
516,767.00,602.87,645,1.883,179.5,0.117,0.184,0.223,0.150,0.072,0.072,0.181
517,562.00,601.56,380,1.896,179.7,0.195,0.136,0.161,0.025,0.136,0.119,0.229
518,418.00,602.51,498,1.891,179.8,0.171,0.143,0.076,0.057,0.210,0.171,0.171
519,424.00,595.44,458,1.908,180.4,0.122,0.119,0.151,0.169,0.101,0.122,0.217
520,451.00,598.70,451,1.852,180.5,0.182,0.091,0.076,0.121,0.212,0.076,0.242
521,669.00,598.69,665,1.894,181.4,0.143,0.125,0.123,0.198,0.075,0.132,0.204
522,894.00,603.07,828,1.790,182.0,0.132,0.253,0.118,0.126,0.132,0.132,0.107
523,645.00,602.77,609,1.809,182.2,0.133,0.293,0.100,0.067,0.113,0.087,0.207
524,551.00,602.38,575,1.829,182.5,0.103,0.279,0.152,0.024,0.170,0.127,0.145
525,884.00,607.51,521,1.899,183.4,0.145,0.170,0.182,0.099,0.097,0.107,0.200
526,699.00,608.84,585,1.841,183.8,0.149,0.186,0.156,0.071,0.095,0.163,0.180
527,1713.00,620.04,1350,1.545,184.0,0.233,0.052,0.121,0.000,0.052,0.371,0.172
528,520.00,617.17,517,1.828,184.4,0.131,0.123,0.216,0.045,0.082,0.198,0.205
529,1338.00,623.69,933,1.692,184.7,0.232,0.085,0.098,0.018,0.128,0.323,0.116
530,696.00,621.68,616,1.816,185.0,0.171,0.069,0.125,0.014,0.130,0.310,0.181
531,970.00,622.91,947,1.759,185.3,0.155,0.070,0.155,0.011,0.214,0.187,0.209
532,602.00,624.84,531,1.483,185.5,0.190,0.038,0.019,0.000,0.429,0.190,0.133
533,1075.00,631.50,1040,1.740,185.7,0.171,0.061,0.072,0.022,0.265,0.249,0.160
534,933.00,633.68,627,1.558,185.9,0.175,0.026,0.088,0.018,0.412,0.184,0.096
535,781.00,638.31,621,1.465,186.0,0.096,0.014,0.068,0.000,0.562,0.205,0.055
536,1269.00,647.32,1160,1.807,186.3,0.143,0.143,0.063,0.051,0.206,0.263,0.131
537,564.00,641.59,490,1.891,186.7,0.114,0.133,0.151,0.059,0.196,0.173,0.173
538,339.00,637.44,330,1.884,187.2,0.143,0.157,0.108,0.073,0.129,0.178,0.213
539,449.00,635.39,427,1.870,187.7,0.064,0.172,0.137,0.032,0.226,0.197,0.172
540,767.00,637.16,510,1.850,188.1,0.104,0.141,0.197,0.089,0.119,0.197,0.152
541,600.00,640.06,635,1.852,188.5,0.088,0.136,0.153,0.020,0.194,0.211,0.197
542,735.00,641.67,649,1.869,189.0,0.137,0.162,0.251,0.027,0.134,0.179,0.110
543,702.00,639.97,348,1.744,189.1,0.217,0.120,0.096,0.000,0.241,0.265,0.060
544,297.00,639.47,290,1.878,189.4,0.115,0.225,0.137,0.055,0.154,0.198,0.115
545,162.00,636.05,169,1.874,189.6,0.115,0.183,0.240,0.048,0.106,0.192,0.115
546,569.00,637.84,548,1.880,189.8,0.130,0.228,0.120,0.043,0.163,0.217,0.098
547,878.00,639.59,844,1.856,190.4,0.180,0.144,0.242,0.120,0.087,0.089,0.138
548,543.00,638.21,206,1.763,190.8,0.217,0.057,0.313,0.070,0.183,0.152,0.009
549,477.00,641.61,321,1.848,191.5,0.198,0.056,0.315,0.155,0.095,0.133,0.048
550,386.00,636.88,361,1.803,191.9,0.154,0.112,0.299,0.084,0.126,0.173,0.051
551,583.00,637.90,446,1.875,192.6,0.206,0.065,0.273,0.117,0.102,0.173,0.065
552,699.00,641.59,654,1.751,193.1,0.111,0.073,0.306,0.121,0.143,0.162,0.083
553,280.00,640.05,320,1.815,193.7,0.070,0.045,0.363,0.042,0.179,0.142,0.159
554,191.00,635.94,271,1.635,194.0,0.081,0.072,0.204,0.068,0.317,0.086,0.172
555,796.00,630.51,681,1.360,194.2,0.014,0.042,0.296,0.028,0.521,0.014,0.085
556,771.00,633.75,771,1.384,194.3,0.037,0.024,0.402,0.012,0.317,0.024,0.183
557,540.00,632.36,482,1.539,194.5,0.056,0.056,0.350,0.042,0.301,0.035,0.161
558,138.00,623.62,207,1.401,194.7,0.013,0.026,0.342,0.039,0.382,0.000,0.197
559,460.00,623.78,218,1.651,194.9,0.045,0.057,0.217,0.076,0.459,0.051,0.096
560,255.00,623.96,169,1.653,195.1,0.036,0.054,0.135,0.081,0.468,0.027,0.198
561,318.00,618.97,398,1.759,195.3,0.084,0.039,0.299,0.123,0.260,0.032,0.162
562,1047.00,626.38,783,1.766,195.6,0.071,0.066,0.301,0.071,0.273,0.044,0.175
563,397.00,627.24,370,1.816,196.0,0.105,0.070,0.215,0.105,0.242,0.062,0.199
564,349.00,626.50,323,1.857,196.4,0.075,0.078,0.235,0.117,0.231,0.082,0.181
565,1921.00,641.98,1580,1.827,196.7,0.088,0.247,0.214,0.077,0.159,0.110,0.104
566,663.00,636.89,725,1.721,196.9,0.068,0.370,0.055,0.110,0.205,0.089,0.103
567,213.00,633.87,249,1.882,197.3,0.074,0.214,0.122,0.107,0.306,0.063,0.114
568,507.00,635.75,463,1.910,198.6,0.157,0.102,0.206,0.145,0.152,0.108,0.131
569,306.00,635.06,277,1.857,199.1,0.105,0.120,0.149,0.245,0.178,0.093,0.111
570,518.00,633.55,448,1.794,199.4,0.098,0.130,0.255,0.223,0.060,0.071,0.163
571,505.00,636.29,376,1.848,199.8,0.148,0.167,0.241,0.132,0.089,0.078,0.144
572,678.00,638.30,549,1.778,200.0,0.120,0.209,0.184,0.171,0.063,0.057,0.196
573,630.00,635.76,539,1.703,200.3,0.045,0.205,0.280,0.091,0.030,0.091,0.258
574,820.00,635.49,610,1.847,200.8,0.118,0.151,0.266,0.132,0.073,0.123,0.137
575,502.00,634.71,445,1.693,201.0,0.059,0.227,0.328,0.134,0.034,0.050,0.168
576,1201.00,641.95,604,1.755,201.2,0.084,0.289,0.229,0.078,0.066,0.078,0.175
577,461.00,637.95,442,1.804,201.5,0.070,0.209,0.289,0.134,0.011,0.091,0.198
578,758.00,641.04,667,1.893,202.1,0.160,0.142,0.222,0.164,0.088,0.110,0.115
579,625.00,639.09,581,1.726,202.3,0.029,0.388,0.204,0.097,0.039,0.087,0.155
580,735.00,639.43,772,1.878,202.6,0.132,0.198,0.225,0.115,0.066,0.128,0.137
581,1154.00,644.85,1077,1.834,202.9,0.125,0.257,0.162,0.074,0.074,0.118,0.191
582,502.00,645.07,488,1.887,203.1,0.147,0.147,0.237,0.073,0.113,0.158,0.124
583,1162.00,653.21,728,1.864,203.5,0.134,0.239,0.142,0.109,0.097,0.186,0.093
584,880.00,658.99,403,1.881,203.8,0.104,0.220,0.121,0.110,0.115,0.286,0.044
585,365.00,660.01,387,1.903,204.1,0.141,0.178,0.162,0.086,0.146,0.200,0.086
586,514.00,662.15,342,1.891,204.4,0.180,0.135,0.245,0.145,0.100,0.120,0.075
587,424.00,662.51,411,1.893,204.7,0.145,0.166,0.255,0.103,0.090,0.152,0.090
588,800.00,664.90,696,1.893,204.8,0.170,0.196,0.205,0.089,0.107,0.179,0.054
589,583.00,665.21,551,1.897,205.4,0.255,0.098,0.202,0.071,0.169,0.129,0.077
590,967.00,669.33,485,1.879,205.5,0.170,0.188,0.241,0.080,0.080,0.134,0.107
591,532.00,662.04,521,1.916,205.9,0.221,0.149,0.204,0.094,0.102,0.140,0.089
592,226.00,660.95,262,1.916,206.4,0.228,0.138,0.194,0.118,0.121,0.107,0.093
593,471.00,655.61,551,1.890,206.7,0.242,0.113,0.211,0.093,0.088,0.160,0.093
594,339.00,653.80,286,1.885,207.0,0.261,0.132,0.145,0.098,0.141,0.103,0.120
595,453.00,656.17,417,1.887,207.3,0.258,0.165,0.139,0.072,0.119,0.139,0.108
596,360.00,656.77,338,1.903,207.6,0.171,0.166,0.156,0.109,0.156,0.152,0.090
597,528.00,661.42,499,1.901,207.8,0.088,0.175,0.105,0.158,0.175,0.193,0.105
598,1074.00,666.54,848,1.916,208.5,0.217,0.129,0.191,0.133,0.140,0.106,0.084
599,767.00,668.61,401,1.861,208.7,0.130,0.120,0.350,0.090,0.090,0.090,0.130
600,820.00,670.47,761,1.918,209.0,0.120,0.148,0.227,0.144,0.157,0.116,0.088
601,762.00,659.74,842,1.898,209.2,0.152,0.160,0.224,0.128,0.144,0.112,0.080
602,537.00,659.83,418,1.881,209.3,0.103,0.224,0.224,0.138,0.086,0.121,0.103
603,1175.00,665.95,958,1.910,209.6,0.182,0.191,0.191,0.124,0.105,0.120,0.086
604,294.00,658.70,332,1.909,209.8,0.113,0.211,0.271,0.120,0.120,0.075,0.090
605,315.00,648.31,306,1.903,210.0,0.106,0.230,0.115,0.150,0.239,0.071,0.088
606,867.00,652.14,821,1.924,210.5,0.162,0.144,0.156,0.147,0.162,0.132,0.096
607,829.00,651.97,860,1.785,210.7,0.141,0.155,0.197,0.113,0.141,0.070,0.183
608,186.00,644.23,247,1.857,211.0,0.123,0.155,0.305,0.102,0.166,0.048,0.102
609,249.00,644.20,262,1.894,211.4,0.159,0.159,0.237,0.089,0.207,0.081,0.067
610,764.00,644.68,527,1.822,211.5,0.173,0.133,0.306,0.071,0.112,0.153,0.051
611,529.00,643.93,418,1.883,211.7,0.152,0.152,0.179,0.107,0.196,0.170,0.045
612,1428.00,648.99,1092,1.916,212.2,0.175,0.151,0.186,0.120,0.168,0.141,0.058
613,564.00,646.33,495,1.910,212.6,0.138,0.174,0.138,0.109,0.194,0.141,0.105
614,989.00,648.88,497,1.890,212.8,0.139,0.191,0.165,0.130,0.252,0.061,0.061
615,484.00,650.89,245,1.913,213.1,0.158,0.163,0.114,0.141,0.207,0.152,0.065
616,571.00,648.93,571,1.900,213.3,0.206,0.170,0.158,0.109,0.115,0.133,0.109
617,407.00,647.38,321,1.927,213.5,0.120,0.257,0.144,0.102,0.210,0.102,0.066
618,515.00,648.35,431,1.930,213.9,0.134,0.179,0.174,0.165,0.121,0.138,0.089
619,784.00,651.95,665,1.916,214.2,0.123,0.175,0.162,0.079,0.197,0.140,0.123
620,640.00,653.84,588,1.915,214.7,0.139,0.187,0.149,0.136,0.130,0.152,0.108
621,966.00,656.81,511,1.884,215.2,0.240,0.125,0.101,0.068,0.149,0.216,0.101
622,441.00,652.28,331,1.902,215.5,0.198,0.152,0.137,0.081,0.086,0.183,0.162
623,1004.00,655.87,632,1.734,215.6,0.170,0.149,0.213,0.021,0.043,0.213,0.191
624,580.00,656.16,518,1.527,215.6,0.270,0.135,0.081,0.000,0.054,0.108,0.351
625,489.00,652.21,429,1.900,216.1,0.197,0.106,0.116,0.120,0.113,0.197,0.151
626,644.00,651.66,663,1.823,216.4,0.208,0.062,0.229,0.078,0.073,0.146,0.203
627,744.00,641.97,601,1.638,216.6,0.043,0.052,0.147,0.069,0.103,0.284,0.302
628,312.00,639.89,372,1.886,217.3,0.114,0.102,0.179,0.095,0.135,0.234,0.142
629,361.00,630.12,305,1.854,217.7,0.065,0.118,0.190,0.122,0.093,0.165,0.247
630,469.00,627.85,394,1.863,218.1,0.095,0.127,0.148,0.113,0.144,0.194,0.180
631,294.00,621.09,362,1.826,218.5,0.045,0.041,0.123,0.197,0.230,0.148,0.217
632,93.00,616.00,166,1.840,218.7,0.081,0.060,0.154,0.168,0.208,0.289,0.040
633,1224.00,617.49,706,1.840,218.9,0.118,0.087,0.142,0.173,0.134,0.291,0.055
634,1643.00,624.59,854,1.781,219.1,0.153,0.081,0.169,0.145,0.153,0.250,0.048
635,814.00,624.92,600,1.838,219.4,0.136,0.081,0.237,0.146,0.141,0.187,0.071
636,710.00,619.33,617,1.894,220.1,0.183,0.099,0.144,0.159,0.170,0.166,0.080
637,540.00,619.09,620,1.915,220.9,0.178,0.113,0.155,0.151,0.149,0.166,0.088
638,673.00,622.43,657,1.860,221.2,0.164,0.090,0.164,0.104,0.229,0.159,0.090
639,1047.00,628.41,698,1.737,221.4,0.053,0.123,0.246,0.140,0.272,0.123,0.044
640,588.00,626.62,456,1.894,222.0,0.133,0.110,0.194,0.142,0.203,0.148,0.070
641,782.00,628.44,690,1.912,222.3,0.199,0.141,0.131,0.117,0.189,0.126,0.097
642,407.00,625.16,385,1.898,222.7,0.170,0.085,0.188,0.112,0.238,0.126,0.081
643,809.00,626.23,381,1.819,222.8,0.137,0.077,0.239,0.154,0.256,0.085,0.051
644,199.00,625.25,279,1.911,223.1,0.162,0.202,0.121,0.121,0.179,0.104,0.110
645,623.00,629.86,618,1.894,223.4,0.232,0.198,0.158,0.079,0.141,0.107,0.085
646,731.00,631.48,622,1.915,223.6,0.167,0.175,0.119,0.127,0.167,0.111,0.135
647,1317.00,635.87,1205,1.872,223.8,0.160,0.137,0.168,0.092,0.229,0.115,0.099
648,298.00,633.42,321,1.907,224.2,0.143,0.205,0.161,0.107,0.174,0.107,0.103
649,642.00,635.07,647,1.917,225.2,0.168,0.148,0.163,0.129,0.165,0.109,0.118
650,431.00,635.52,468,1.816,225.6,0.112,0.219,0.240,0.087,0.112,0.056,0.173
651,694.00,636.63,688,1.783,225.9,0.114,0.274,0.254,0.065,0.040,0.114,0.139
652,212.00,631.76,243,1.822,226.3,0.141,0.175,0.254,0.073,0.023,0.153,0.181
653,829.00,637.25,829,1.730,226.5,0.098,0.144,0.346,0.078,0.033,0.131,0.170
654,552.00,640.86,492,1.823,226.9,0.105,0.192,0.234,0.084,0.054,0.134,0.197
655,712.00,640.02,652,1.482,227.1,0.033,0.106,0.447,0.049,0.041,0.154,0.171
656,539.00,637.70,530,1.806,227.4,0.102,0.215,0.234,0.039,0.049,0.122,0.239
657,505.00,637.35,480,1.820,227.8,0.091,0.218,0.214,0.066,0.066,0.169,0.177
658,330.00,639.27,366,1.905,228.3,0.110,0.230,0.131,0.096,0.099,0.170,0.163
659,567.00,640.34,300,1.895,228.5,0.164,0.145,0.138,0.113,0.151,0.113,0.176
660,627.00,644.06,577,1.851,228.7,0.096,0.255,0.085,0.074,0.096,0.149,0.245
661,353.00,644.41,386,1.897,229.2,0.112,0.290,0.116,0.092,0.135,0.073,0.182
662,321.00,637.15,288,1.856,229.4,0.216,0.182,0.159,0.091,0.102,0.034,0.216
663,565.00,638.83,411,1.895,229.7,0.147,0.239,0.168,0.158,0.092,0.049,0.147
664,684.00,642.18,604,1.908,230.3,0.126,0.182,0.191,0.158,0.100,0.103,0.141
665,266.00,625.63,302,1.901,230.9,0.160,0.180,0.196,0.106,0.103,0.095,0.160
666,987.00,628.87,799,1.810,231.2,0.400,0.115,0.194,0.073,0.061,0.073,0.085
667,598.00,632.72,598,1.827,231.5,0.344,0.076,0.129,0.107,0.125,0.085,0.134
668,377.00,631.42,360,1.888,232.0,0.219,0.113,0.203,0.094,0.128,0.084,0.159
669,854.00,636.90,772,1.849,232.2,0.180,0.054,0.225,0.072,0.144,0.126,0.198
670,1131.00,643.03,911,1.737,232.3,0.160,0.027,0.253,0.040,0.280,0.093,0.147
671,388.00,641.86,327,1.881,232.6,0.131,0.087,0.228,0.112,0.131,0.126,0.184
672,497.00,640.05,477,1.809,232.8,0.056,0.016,0.210,0.129,0.153,0.266,0.169
673,525.00,639.00,517,1.758,233.0,0.062,0.018,0.071,0.152,0.196,0.321,0.179
674,392.00,634.72,380,1.684,233.2,0.056,0.016,0.056,0.206,0.214,0.381,0.071
675,462.00,634.32,426,1.913,233.5,0.192,0.118,0.177,0.143,0.118,0.113,0.138
676,632.00,628.63,643,1.840,233.6,0.141,0.070,0.070,0.099,0.183,0.282,0.155
677,956.00,633.58,557,1.888,233.8,0.136,0.146,0.146,0.126,0.117,0.117,0.214
678,501.00,631.01,497,1.901,234.2,0.191,0.102,0.134,0.138,0.113,0.106,0.216
679,304.00,627.80,250,1.919,234.6,0.148,0.133,0.107,0.125,0.151,0.140,0.196
680,558.00,626.03,546,1.828,235.2,0.273,0.162,0.076,0.124,0.149,0.091,0.126
681,889.00,623.38,962,1.785,235.5,0.281,0.128,0.017,0.047,0.226,0.157,0.145
682,460.00,622.96,445,1.798,235.8,0.212,0.227,0.066,0.045,0.187,0.126,0.136
683,985.00,621.19,927,1.814,236.1,0.315,0.137,0.007,0.144,0.144,0.096,0.158
684,879.00,621.18,548,1.747,236.2,0.088,0.235,0.000,0.206,0.176,0.162,0.132
685,558.00,623.11,477,1.840,236.5,0.335,0.155,0.080,0.070,0.145,0.065,0.150
686,1014.00,628.11,873,1.778,236.7,0.177,0.221,0.009,0.212,0.124,0.088,0.168
687,580.00,629.67,576,1.758,236.8,0.127,0.338,0.000,0.211,0.056,0.127,0.141
688,159.00,623.26,198,1.790,237.0,0.186,0.227,0.021,0.124,0.082,0.175,0.186
689,462.00,622.05,434,1.874,237.5,0.284,0.155,0.096,0.137,0.093,0.111,0.124
690,235.00,614.73,183,1.805,237.7,0.355,0.196,0.037,0.075,0.075,0.065,0.196
691,561.00,615.02,539,1.853,238.0,0.293,0.131,0.056,0.111,0.131,0.121,0.157
692,352.00,616.28,356,1.812,238.2,0.192,0.077,0.038,0.238,0.115,0.108,0.231
693,252.00,614.09,292,1.888,238.7,0.189,0.122,0.067,0.143,0.149,0.128,0.201
694,536.00,616.06,616,1.874,239.0,0.237,0.154,0.095,0.112,0.124,0.095,0.183
695,919.00,620.72,898,1.849,239.3,0.253,0.129,0.108,0.167,0.113,0.065,0.167
696,1325.00,630.37,842,1.400,239.4,0.104,0.015,0.000,0.239,0.149,0.343,0.149
697,513.00,630.22,593,1.682,239.6,0.092,0.031,0.000,0.255,0.082,0.357,0.184
698,430.00,623.78,423,1.869,240.1,0.195,0.139,0.050,0.145,0.112,0.169,0.189
699,418.00,620.29,451,1.698,240.3,0.122,0.076,0.008,0.115,0.137,0.290,0.252
700,393.00,616.02,433,1.443,240.4,0.016,0.000,0.000,0.194,0.065,0.403,0.323
701,874.00,617.14,874,1.721,240.6,0.130,0.020,0.020,0.160,0.180,0.170,0.320
702,1080.00,622.57,931,1.562,240.7,0.048,0.012,0.036,0.193,0.145,0.265,0.301
703,1087.00,621.69,1049,1.716,240.9,0.148,0.034,0.034,0.216,0.148,0.193,0.227
704,444.00,623.19,482,1.862,241.3,0.260,0.091,0.123,0.140,0.081,0.116,0.189
705,365.00,623.69,312,1.797,241.5,0.255,0.027,0.073,0.255,0.136,0.036,0.218
706,304.00,618.06,300,1.886,241.9,0.219,0.078,0.093,0.230,0.107,0.100,0.174
707,738.00,617.15,633,1.869,242.3,0.211,0.110,0.088,0.193,0.136,0.096,0.167
708,345.00,618.74,316,1.843,242.6,0.203,0.152,0.083,0.124,0.152,0.088,0.198
709,278.00,619.03,348,1.756,242.7,0.185,0.111,0.074,0.198,0.062,0.099,0.272
710,957.00,620.96,919,1.844,243.1,0.281,0.113,0.126,0.160,0.113,0.082,0.126
711,1370.00,629.37,876,1.583,243.4,0.327,0.080,0.060,0.320,0.067,0.093,0.053
712,307.00,618.16,270,1.604,243.7,0.341,0.063,0.015,0.356,0.112,0.068,0.044
713,307.00,615.59,324,1.798,244.1,0.272,0.138,0.031,0.250,0.152,0.103,0.054
714,1449.00,620.19,1070,1.838,244.4,0.249,0.147,0.107,0.218,0.112,0.086,0.081
715,320.00,618.55,246,1.855,244.9,0.170,0.139,0.099,0.265,0.164,0.111,0.052
716,936.00,622.20,663,1.859,245.3,0.228,0.149,0.098,0.163,0.223,0.074,0.065
717,854.00,626.67,843,1.852,245.6,0.240,0.184,0.074,0.152,0.097,0.152,0.101
718,1982.00,641.34,1736,1.805,246.0,0.251,0.125,0.106,0.202,0.148,0.076,0.091
719,600.00,639.50,605,1.870,246.4,0.252,0.163,0.085,0.241,0.142,0.039,0.078
720,297.00,636.07,365,1.902,247.0,0.221,0.156,0.120,0.184,0.132,0.083,0.104
721,1004.00,636.45,752,1.887,247.3,0.181,0.135,0.170,0.164,0.199,0.088,0.064
722,1545.00,647.49,1187,1.859,247.5,0.136,0.091,0.091,0.220,0.265,0.129,0.068
723,1231.00,649.76,993,1.877,247.7,0.259,0.217,0.133,0.114,0.120,0.102,0.054
724,1453.00,658.49,1229,1.826,247.9,0.253,0.084,0.116,0.074,0.221,0.189,0.063
725,163.00,655.23,233,1.873,248.2,0.219,0.093,0.197,0.148,0.164,0.109,0.071
726,459.00,653.38,474,1.856,248.5,0.239,0.080,0.210,0.062,0.205,0.119,0.085
727,565.00,651.59,592,1.887,249.0,0.227,0.152,0.169,0.149,0.096,0.090,0.117
728,885.00,657.32,778,1.925,249.5,0.209,0.163,0.147,0.137,0.154,0.101,0.088
729,1232.00,666.03,1028,1.869,249.6,0.148,0.125,0.136,0.091,0.125,0.284,0.091
730,993.00,671.27,900,1.924,250.0,0.196,0.142,0.119,0.155,0.110,0.142,0.137
731,631.00,674.64,646,1.904,250.2,0.145,0.177,0.153,0.089,0.105,0.161,0.169
732,514.00,678.85,481,1.917,250.8,0.235,0.150,0.176,0.122,0.110,0.082,0.125
733,352.00,670.13,316,1.912,251.1,0.180,0.110,0.167,0.122,0.176,0.106,0.139
734,938.00,663.08,880,1.805,251.3,0.125,0.133,0.158,0.025,0.133,0.208,0.217
735,491.00,659.85,308,1.858,251.5,0.222,0.127,0.111,0.040,0.143,0.127,0.230
736,652.00,659.27,652,1.854,251.8,0.233,0.134,0.122,0.029,0.099,0.128,0.256
737,491.00,658.78,484,1.873,252.2,0.241,0.116,0.134,0.112,0.147,0.107,0.143
738,1238.00,664.43,1085,1.607,252.3,0.381,0.024,0.071,0.000,0.262,0.107,0.155
739,645.00,660.41,578,1.864,252.8,0.295,0.100,0.120,0.066,0.129,0.133,0.158
740,1143.00,665.96,991,1.632,253.0,0.236,0.038,0.038,0.019,0.302,0.179,0.189
741,876.00,666.90,869,1.891,253.8,0.292,0.087,0.110,0.102,0.148,0.096,0.165
742,1116.00,673.99,828,1.615,254.0,0.120,0.103,0.017,0.068,0.188,0.385,0.120
743,1357.00,679.47,1340,1.566,254.2,0.098,0.146,0.012,0.061,0.159,0.341,0.183
744,665.00,684.13,691,1.666,254.4,0.013,0.177,0.013,0.051,0.177,0.266,0.304
745,170.00,679.60,243,1.755,254.6,0.035,0.302,0.058,0.093,0.151,0.174,0.186
746,1140.00,683.69,1047,1.655,254.7,0.000,0.315,0.000,0.068,0.178,0.205,0.233
747,1180.00,682.32,1125,1.744,254.9,0.009,0.257,0.044,0.106,0.204,0.150,0.230
748,279.00,682.13,348,1.786,255.1,0.033,0.260,0.089,0.065,0.203,0.203,0.146
749,646.00,682.17,644,1.902,256.5,0.121,0.176,0.114,0.153,0.160,0.138,0.138
750,353.00,681.39,289,1.428,256.6,0.000,0.157,0.157,0.067,0.337,0.236,0.045
751,685.00,681.30,600,1.503,256.8,0.009,0.083,0.324,0.074,0.361,0.111,0.037
752,317.00,682.35,397,1.792,257.7,0.035,0.133,0.238,0.159,0.265,0.101,0.068
753,896.00,683.02,748,1.613,257.9,0.015,0.164,0.157,0.172,0.306,0.097,0.090
754,545.00,682.95,538,1.684,258.5,0.005,0.090,0.136,0.106,0.457,0.116,0.090
755,13.00,675.96,88,1.482,258.8,0.000,0.117,0.083,0.090,0.531,0.117,0.062
756,425.00,674.82,268,1.445,258.9,0.009,0.117,0.072,0.162,0.532,0.063,0.045
757,612.00,675.89,587,1.411,259.1,0.024,0.047,0.059,0.129,0.565,0.094,0.082
758,134.00,673.93,198,1.735,259.3,0.023,0.185,0.054,0.177,0.385,0.092,0.085
759,543.00,673.69,569,1.871,260.0,0.084,0.113,0.119,0.139,0.320,0.108,0.117
760,166.00,669.08,212,1.864,260.3,0.036,0.128,0.153,0.112,0.316,0.122,0.133
761,485.00,670.40,435,1.881,260.5,0.065,0.122,0.138,0.106,0.317,0.163,0.089
762,824.00,675.43,644,1.892,260.7,0.060,0.172,0.209,0.127,0.209,0.157,0.067
763,576.00,675.54,420,1.896,261.2,0.092,0.187,0.136,0.163,0.143,0.146,0.133
764,28.00,668.98,108,1.843,261.5,0.025,0.149,0.134,0.267,0.238,0.089,0.099
765,974.00,676.06,893,1.860,261.7,0.043,0.112,0.164,0.284,0.198,0.112,0.086
766,297.00,669.16,332,1.906,261.9,0.075,0.125,0.169,0.175,0.219,0.087,0.150
767,634.00,669.52,569,1.921,262.6,0.129,0.153,0.144,0.167,0.153,0.144,0.110
768,637.00,672.12,665,1.891,262.7,0.056,0.197,0.113,0.183,0.197,0.070,0.183
769,655.00,670.13,734,1.919,262.9,0.112,0.235,0.133,0.133,0.143,0.122,0.122
770,949.00,668.31,580,1.912,263.1,0.113,0.137,0.153,0.169,0.089,0.161,0.177
771,161.00,666.04,240,1.918,263.3,0.068,0.233,0.102,0.170,0.119,0.153,0.153
772,346.00,664.53,352,1.932,263.7,0.177,0.169,0.128,0.144,0.136,0.132,0.115
773,777.00,667.05,766,1.930,264.4,0.164,0.143,0.143,0.145,0.133,0.114,0.159
774,637.00,669.50,607,1.915,265.3,0.187,0.121,0.157,0.157,0.115,0.137,0.126
775,1029.00,675.17,411,1.247,265.4,0.492,0.066,0.180,0.066,0.033,0.049,0.115
776,1500.00,683.85,727,1.694,265.6,0.403,0.109,0.176,0.059,0.042,0.101,0.109
777,1419.00,688.48,1380,1.820,266.4,0.229,0.095,0.201,0.120,0.083,0.111,0.160
778,578.00,689.25,537,1.683,266.6,0.160,0.031,0.366,0.092,0.008,0.099,0.244
779,736.00,693.57,634,1.720,266.8,0.144,0.077,0.317,0.144,0.029,0.048,0.240
780,1145.00,699.44,1016,1.815,267.0,0.083,0.076,0.273,0.197,0.076,0.121,0.174
781,922.00,699.77,838,1.849,267.3,0.167,0.094,0.244,0.133,0.033,0.133,0.194
782,155.00,696.72,235,1.882,267.6,0.201,0.086,0.211,0.148,0.077,0.091,0.187
783,240.00,689.27,203,1.897,267.8,0.173,0.087,0.180,0.187,0.060,0.107,0.207
784,835.00,688.83,681,1.899,268.1,0.141,0.175,0.141,0.186,0.068,0.119,0.169
785,718.00,690.43,682,1.923,268.8,0.183,0.137,0.144,0.134,0.102,0.153,0.148
786,594.00,686.23,610,1.927,269.6,0.177,0.129,0.127,0.136,0.127,0.167,0.136
787,909.00,689.52,792,1.860,269.8,0.188,0.051,0.051,0.197,0.205,0.145,0.162
788,1057.00,698.50,643,1.831,270.0,0.094,0.053,0.088,0.259,0.224,0.188,0.094
789,418.00,698.06,452,1.915,270.4,0.182,0.091,0.182,0.158,0.146,0.134,0.107
790,472.00,700.43,469,1.909,271.3,0.174,0.120,0.161,0.124,0.193,0.132,0.096
791,602.00,700.84,602,1.880,271.6,0.194,0.076,0.213,0.076,0.180,0.109,0.152
792,920.00,706.52,858,1.909,272.4,0.193,0.121,0.137,0.092,0.158,0.161,0.138
793,196.00,705.96,147,1.900,272.8,0.240,0.124,0.076,0.080,0.196,0.152,0.132
794,1099.00,711.59,914,1.837,273.0,0.199,0.096,0.088,0.118,0.118,0.221,0.162
795,420.00,706.60,372,1.857,273.3,0.225,0.077,0.071,0.159,0.170,0.121,0.176
796,1063.00,703.98,789,1.603,273.5,0.220,0.011,0.000,0.209,0.033,0.187,0.341
797,588.00,704.73,576,1.588,273.6,0.197,0.033,0.033,0.197,0.016,0.148,0.377
798,717.00,707.60,603,1.725,273.7,0.191,0.021,0.032,0.255,0.032,0.255,0.213
799,312.00,706.54,297,1.916,274.1,0.176,0.090,0.124,0.166,0.114,0.134,0.197
800,530.00,707.91,464,1.649,274.3,0.151,0.043,0.043,0.280,0.118,0.065,0.301
801,335.00,702.52,144,1.859,274.5,0.212,0.075,0.096,0.219,0.144,0.062,0.192
802,441.00,696.13,362,1.860,274.9,0.174,0.056,0.080,0.216,0.188,0.056,0.230
803,256.00,687.82,294,1.912,275.3,0.161,0.068,0.075,0.194,0.186,0.118,0.197
804,526.00,688.64,557,1.831,275.5,0.155,0.112,0.017,0.345,0.112,0.112,0.147
805,366.00,688.65,446,1.895,276.1,0.160,0.084,0.084,0.231,0.155,0.130,0.155
806,484.00,690.45,555,1.904,276.3,0.114,0.074,0.114,0.174,0.188,0.101,0.235
807,696.00,690.03,765,1.913,277.3,0.152,0.105,0.082,0.170,0.187,0.155,0.148
808,597.00,692.55,619,1.834,277.5,0.167,0.111,0.065,0.130,0.176,0.093,0.259
809,499.00,694.76,467,1.885,277.9,0.116,0.096,0.099,0.127,0.120,0.161,0.281
810,471.00,689.90,471,1.843,278.2,0.059,0.093,0.093,0.144,0.119,0.161,0.331
811,414.00,680.34,339,1.924,278.6,0.105,0.116,0.136,0.143,0.109,0.187,0.204
812,1544.00,692.71,1451,1.787,278.8,0.056,0.202,0.089,0.161,0.121,0.226,0.145
813,859.00,698.23,728,1.787,279.1,0.032,0.308,0.103,0.049,0.114,0.157,0.238
814,734.00,691.08,734,1.607,279.2,0.041,0.230,0.027,0.054,0.081,0.284,0.284
815,680.00,694.68,649,1.713,279.3,0.051,0.153,0.133,0.061,0.112,0.173,0.316
816,748.00,692.80,684,1.680,279.5,0.060,0.107,0.179,0.012,0.131,0.143,0.369
817,402.00,688.28,341,1.913,280.2,0.095,0.118,0.148,0.165,0.169,0.108,0.198
818,539.00,673.85,534,1.888,280.7,0.156,0.168,0.134,0.151,0.148,0.071,0.173
819,978.00,677.63,815,1.437,280.8,0.459,0.176,0.095,0.027,0.068,0.027,0.149
820,947.00,684.13,580,1.566,281.0,0.400,0.263,0.050,0.050,0.075,0.025,0.138
821,963.00,683.72,945,1.798,281.3,0.170,0.228,0.102,0.097,0.121,0.078,0.204
822,301.00,671.28,341,1.777,281.5,0.087,0.291,0.117,0.019,0.097,0.068,0.320
823,776.00,666.73,648,1.678,281.6,0.276,0.172,0.207,0.000,0.190,0.052,0.103
824,382.00,656.02,360,1.839,281.8,0.180,0.331,0.137,0.043,0.050,0.058,0.201
825,286.00,657.25,334,1.880,282.2,0.136,0.224,0.108,0.108,0.136,0.100,0.188
826,674.00,659.40,664,1.898,282.5,0.178,0.213,0.113,0.170,0.117,0.070,0.139
827,221.00,655.96,301,1.853,282.7,0.252,0.165,0.087,0.068,0.126,0.165,0.136
828,712.00,654.23,689,1.919,283.2,0.159,0.194,0.127,0.121,0.127,0.147,0.124
829,604.00,647.95,597,1.907,283.4,0.128,0.213,0.091,0.165,0.128,0.110,0.165
830,837.00,646.39,871,1.845,283.6,0.264,0.136,0.073,0.036,0.100,0.245,0.145
831,408.00,644.16,294,1.918,283.9,0.250,0.118,0.105,0.191,0.099,0.125,0.112
832,1228.00,651.30,1135,1.907,284.0,0.202,0.124,0.045,0.247,0.146,0.067,0.169
833,530.00,653.08,555,1.913,284.3,0.215,0.161,0.108,0.151,0.102,0.167,0.097
834,311.00,646.81,217,1.904,284.5,0.168,0.185,0.092,0.168,0.150,0.133,0.104
835,542.00,647.32,490,1.901,284.9,0.156,0.161,0.055,0.226,0.171,0.075,0.156
836,1505.00,655.85,1061,1.784,285.0,0.292,0.083,0.167,0.097,0.139,0.111,0.111
837,290.00,653.84,298,1.887,285.2,0.176,0.101,0.119,0.264,0.151,0.082,0.107
838,919.00,650.65,818,1.896,285.5,0.244,0.071,0.096,0.205,0.122,0.115,0.147
839,628.00,650.48,606,1.888,285.8,0.240,0.099,0.094,0.214,0.078,0.099,0.177
840,400.00,643.05,396,1.879,286.2,0.185,0.118,0.130,0.235,0.118,0.063,0.151
841,1191.00,646.20,1174,1.737,286.4,0.365,0.122,0.078,0.157,0.078,0.052,0.148
842,689.00,641.93,261,1.248,286.5,0.623,0.019,0.151,0.057,0.019,0.057,0.075
843,160.00,629.96,182,1.829,286.6,0.273,0.057,0.114,0.102,0.114,0.102,0.239
844,302.00,626.33,326,1.853,286.8,0.236,0.064,0.082,0.145,0.064,0.155,0.255
845,918.00,633.81,733,1.550,286.9,0.279,0.033,0.213,0.033,0.000,0.148,0.295
846,681.00,629.22,621,1.901,287.4,0.174,0.097,0.120,0.216,0.108,0.112,0.174
847,777.00,625.19,719,1.841,287.6,0.164,0.107,0.131,0.123,0.107,0.131,0.238
848,572.00,628.12,535,1.868,288.0,0.179,0.100,0.104,0.139,0.090,0.104,0.284
849,261.00,624.27,301,1.600,288.1,0.188,0.000,0.234,0.000,0.031,0.172,0.375
850,631.00,627.05,547,1.901,288.7,0.197,0.099,0.099,0.150,0.111,0.140,0.204
851,354.00,623.74,367,1.914,289.2,0.158,0.093,0.103,0.203,0.141,0.145,0.158
852,708.00,627.65,655,1.867,289.4,0.130,0.038,0.084,0.176,0.229,0.130,0.214
853,452.00,623.21,378,1.908,289.9,0.193,0.090,0.066,0.179,0.126,0.169,0.176
854,1600.00,633.76,1035,1.831,290.1,0.227,0.045,0.114,0.091,0.125,0.239,0.159
855,661.00,640.24,551,1.692,290.2,0.167,0.000,0.217,0.117,0.133,0.250,0.117
856,693.00,642.92,598,1.899,290.7,0.152,0.076,0.106,0.145,0.173,0.230,0.118
857,734.00,644.14,765,1.907,291.2,0.154,0.116,0.139,0.122,0.128,0.226,0.116
858,1251.00,655.31,1192,1.861,291.5,0.115,0.058,0.109,0.192,0.224,0.224,0.077
859,704.00,656.92,614,1.908,291.9,0.128,0.115,0.115,0.215,0.122,0.181,0.125
860,443.00,659.69,362,1.890,292.4,0.180,0.083,0.130,0.140,0.180,0.200,0.087
861,718.00,662.02,169,1.847,292.7,0.195,0.092,0.118,0.103,0.108,0.251,0.133
862,854.00,662.32,786,1.822,292.9,0.289,0.031,0.102,0.078,0.125,0.156,0.219
863,701.00,663.57,632,1.852,293.2,0.195,0.046,0.184,0.092,0.161,0.172,0.149
864,563.00,668.92,601,1.909,294.2,0.176,0.076,0.167,0.141,0.127,0.176,0.138
865,1167.00,670.85,1090,1.645,294.3,0.119,0.000,0.179,0.134,0.134,0.090,0.343
866,724.00,675.12,671,1.849,294.8,0.178,0.033,0.109,0.156,0.156,0.153,0.216
867,869.00,677.47,712,1.833,295.2,0.193,0.027,0.184,0.139,0.143,0.135,0.179
868,671.00,677.81,621,1.843,295.6,0.190,0.046,0.179,0.141,0.167,0.133,0.144
869,1385.00,685.11,986,1.612,295.7,0.213,0.000,0.148,0.279,0.033,0.131,0.197
870,638.00,682.00,581,1.783,295.9,0.236,0.000,0.229,0.069,0.118,0.125,0.222
871,780.00,688.19,820,1.591,296.0,0.209,0.000,0.299,0.060,0.179,0.090,0.164
872,903.00,693.76,943,1.903,297.1,0.205,0.074,0.176,0.124,0.146,0.116,0.158
873,85.00,686.84,98,1.800,297.3,0.101,0.018,0.193,0.055,0.119,0.110,0.404
874,315.00,683.62,284,1.871,297.5,0.165,0.037,0.220,0.061,0.110,0.195,0.213
875,535.00,678.68,523,1.910,299.2,0.184,0.103,0.121,0.134,0.133,0.168,0.156
876,306.00,666.74,325,1.768,299.6,0.192,0.125,0.100,0.077,0.140,0.210,0.155
877,160.00,654.15,125,1.166,299.7,0.255,0.000,0.055,0.000,0.055,0.036,0.600
878,137.00,649.74,137,0.110,299.8,0.000,0.000,0.029,0.000,0.000,0.000,0.971
879,194.00,644.32,190,1.710,300.0,0.299,0.068,0.102,0.027,0.109,0.102,0.293
880,541.00,638.28,541,1.682,300.2,0.233,0.029,0.097,0.058,0.146,0.107,0.330
881,222.00,631.28,211,1.727,300.4,0.347,0.035,0.081,0.052,0.156,0.064,0.266
882,559.00,635.32,470,1.585,300.6,0.275,0.014,0.217,0.087,0.116,0.043,0.246
883,706.00,639.98,555,1.684,300.7,0.294,0.059,0.106,0.024,0.106,0.082,0.329
884,613.00,637.76,538,1.864,301.3,0.245,0.055,0.147,0.117,0.133,0.119,0.183
885,179.00,632.37,209,1.864,301.7,0.232,0.064,0.142,0.090,0.137,0.120,0.215
886,454.00,630.97,534,1.883,302.2,0.226,0.107,0.144,0.078,0.179,0.107,0.160
887,402.00,625.90,334,1.895,302.7,0.284,0.086,0.118,0.078,0.204,0.101,0.129
888,186.00,617.19,188,1.914,303.1,0.140,0.085,0.185,0.203,0.214,0.085,0.089
889,594.00,618.95,531,1.894,303.5,0.182,0.081,0.186,0.171,0.140,0.120,0.120
890,692.00,621.15,574,1.871,303.9,0.159,0.095,0.214,0.183,0.129,0.115,0.105
891,198.00,617.11,278,1.933,304.5,0.152,0.105,0.224,0.120,0.120,0.150,0.130
892,302.00,610.93,374,1.853,304.8,0.102,0.080,0.197,0.263,0.095,0.109,0.153
893,615.00,615.12,585,1.906,305.0,0.188,0.063,0.120,0.168,0.131,0.157,0.173
894,574.00,609.87,482,1.914,305.6,0.159,0.097,0.121,0.164,0.137,0.169,0.153
895,899.00,614.66,832,1.825,305.8,0.076,0.061,0.311,0.205,0.136,0.076,0.136
896,1049.00,614.52,1089,1.646,305.9,0.057,0.043,0.229,0.271,0.043,0.143,0.214
897,686.00,615.50,643,1.492,306.1,0.000,0.000,0.231,0.292,0.015,0.108,0.354
898,823.00,616.56,701,1.650,306.2,0.013,0.040,0.240,0.347,0.027,0.093,0.240
899,515.00,618.59,595,1.863,306.4,0.083,0.058,0.149,0.198,0.157,0.132,0.223
900,498.00,618.27,500,1.912,307.4,0.166,0.093,0.186,0.129,0.166,0.154,0.105
901,755.00,622.47,786,1.870,307.7,0.258,0.077,0.159,0.132,0.121,0.121,0.132
902,1013.00,628.19,907,1.799,307.9,0.263,0.044,0.184,0.044,0.140,0.132,0.193
903,462.00,630.25,542,1.755,308.1,0.070,0.047,0.279,0.070,0.155,0.101,0.279
904,559.00,630.58,517,1.837,308.3,0.173,0.081,0.173,0.075,0.208,0.127,0.162
905,297.00,629.89,327,1.817,308.6,0.097,0.073,0.176,0.085,0.230,0.097,0.242
906,289.00,627.94,227,1.817,308.8,0.104,0.045,0.172,0.030,0.201,0.157,0.291
907,1057.00,631.55,924,1.623,309.0,0.049,0.078,0.235,0.069,0.186,0.118,0.265
908,999.00,635.57,824,1.218,309.1,0.014,0.042,0.444,0.056,0.042,0.083,0.319
909,317.00,633.75,297,1.890,309.6,0.183,0.124,0.197,0.073,0.101,0.146,0.177
910,430.00,633.34,372,1.893,309.9,0.113,0.139,0.232,0.053,0.152,0.099,0.212
911,741.00,636.61,656,1.882,310.1,0.118,0.083,0.213,0.130,0.183,0.166,0.107
912,983.00,631.00,523,1.827,310.4,0.097,0.097,0.261,0.157,0.127,0.187,0.075
913,352.00,625.93,339,1.874,311.1,0.118,0.122,0.195,0.114,0.175,0.149,0.127
914,-76.00,617.83,0,1.373,311.3,0.024,0.024,0.346,0.520,0.063,0.024,0.000
915,234.00,613.37,41,1.751,311.7,0.033,0.142,0.255,0.276,0.201,0.079,0.013
916,266.00,608.55,142,1.804,312.0,0.071,0.152,0.237,0.128,0.256,0.133,0.024
917,91.00,605.44,141,1.735,312.2,0.072,0.072,0.184,0.232,0.328,0.088,0.024
918,691.00,606.96,644,1.881,314.7,0.188,0.079,0.194,0.107,0.200,0.134,0.099
919,587.00,603.05,542,1.829,315.3,0.283,0.116,0.131,0.068,0.162,0.109,0.131
920,235.00,595.93,231,1.789,315.7,0.354,0.161,0.018,0.108,0.117,0.072,0.170
921,202.00,588.32,202,1.840,316.1,0.305,0.130,0.032,0.123,0.158,0.063,0.189
922,131.00,586.62,118,1.847,316.4,0.184,0.137,0.042,0.174,0.158,0.100,0.205
923,851.00,587.37,676,1.847,316.7,0.234,0.126,0.061,0.139,0.238,0.056,0.147
924,282.00,586.37,65,1.370,316.9,0.043,0.129,0.022,0.237,0.516,0.022,0.032
925,560.00,589.11,513,1.858,317.4,0.159,0.168,0.070,0.107,0.265,0.107,0.125
926,760.00,589.97,689,1.830,317.5,0.155,0.237,0.021,0.155,0.175,0.082,0.175
927,835.00,596.11,791,1.870,317.9,0.206,0.230,0.062,0.111,0.111,0.107,0.173
928,530.00,594.29,546,1.771,318.1,0.151,0.269,0.050,0.185,0.076,0.118,0.151
929,254.00,590.79,334,1.754,318.2,0.144,0.381,0.017,0.153,0.076,0.136,0.093
930,1322.00,595.64,1247,1.866,318.7,0.249,0.179,0.067,0.099,0.128,0.093,0.185
931,537.00,596.93,617,1.868,319.3,0.200,0.221,0.076,0.154,0.124,0.114,0.112
932,349.00,588.14,383,1.852,319.8,0.224,0.182,0.079,0.089,0.099,0.096,0.231
933,616.00,589.00,564,1.793,320.0,0.230,0.262,0.032,0.095,0.087,0.159,0.135
934,1833.00,604.22,1332,1.659,320.0,0.217,0.217,0.022,0.130,0.065,0.261,0.087
935,243.00,601.23,323,1.858,320.4,0.232,0.200,0.095,0.086,0.091,0.086,0.209
936,494.00,591.12,461,1.845,320.6,0.182,0.175,0.063,0.140,0.049,0.154,0.238
937,178.00,590.00,258,1.779,320.8,0.178,0.243,0.065,0.150,0.075,0.112,0.178
938,260.00,583.41,200,1.887,321.2,0.263,0.183,0.069,0.084,0.145,0.084,0.172
939,841.00,585.54,821,1.904,321.9,0.237,0.130,0.107,0.115,0.144,0.109,0.157
940,732.00,588.86,407,1.851,322.3,0.247,0.223,0.040,0.100,0.116,0.135,0.139
941,682.00,583.77,638,1.871,322.8,0.234,0.181,0.110,0.101,0.142,0.092,0.139
942,1889.00,595.77,928,1.720,323.0,0.148,0.359,0.062,0.117,0.039,0.156,0.117
943,133.00,595.50,213,1.799,323.2,0.220,0.293,0.033,0.130,0.065,0.154,0.106
944,642.00,598.90,677,1.909,323.9,0.184,0.153,0.087,0.132,0.144,0.132,0.167
945,1314.00,602.86,1275,1.872,324.2,0.255,0.106,0.160,0.074,0.069,0.154,0.181
946,220.00,598.25,227,1.853,324.5,0.171,0.085,0.133,0.137,0.076,0.227,0.171
947,939.00,599.87,811,1.689,324.7,0.257,0.062,0.301,0.106,0.027,0.204,0.044
948,1463.00,608.78,1033,1.839,324.9,0.223,0.089,0.116,0.170,0.054,0.232,0.116
949,779.00,613.96,652,1.787,325.0,0.162,0.114,0.238,0.105,0.000,0.257,0.124
950,922.00,616.87,829,1.892,325.3,0.174,0.110,0.087,0.140,0.070,0.163,0.256
951,1124.00,624.57,857,1.797,325.5,0.135,0.144,0.225,0.153,0.045,0.171,0.126
952,366.00,621.15,369,1.907,326.0,0.180,0.118,0.139,0.152,0.084,0.133,0.195
953,301.00,619.64,281,1.910,326.3,0.180,0.123,0.139,0.115,0.098,0.111,0.234
954,374.00,607.38,336,1.912,326.6,0.239,0.141,0.141,0.088,0.083,0.190,0.117
955,653.00,607.30,585,1.845,326.8,0.226,0.202,0.167,0.107,0.060,0.167,0.071
956,196.00,602.33,272,1.912,327.0,0.230,0.139,0.170,0.085,0.109,0.145,0.121
957,484.00,599.83,478,1.928,327.8,0.169,0.138,0.118,0.114,0.153,0.116,0.192
958,292.00,590.24,280,1.895,328.2,0.182,0.186,0.136,0.097,0.112,0.109,0.178
959,1164.00,594.84,1078,1.698,328.3,0.293,0.172,0.103,0.069,0.086,0.241,0.034
960,441.00,594.82,416,1.850,328.6,0.245,0.156,0.104,0.057,0.123,0.113,0.203
961,496.00,592.60,484,1.885,329.4,0.231,0.116,0.128,0.083,0.145,0.128,0.169
962,558.00,589.64,558,1.830,329.9,0.270,0.096,0.102,0.074,0.135,0.160,0.163
963,1190.00,594.53,1182,1.769,330.3,0.333,0.082,0.072,0.050,0.125,0.197,0.140
964,724.00,596.14,651,1.630,330.6,0.399,0.106,0.101,0.061,0.045,0.192,0.096
965,217.00,586.64,0,0.215,330.6,0.972,0.000,0.028,0.000,0.000,0.000,0.000
966,419.00,583.59,0,0.494,330.7,0.975,0.000,0.000,0.000,0.000,0.025,0.000
967,874.00,583.64,505,0.832,330.8,0.689,0.016,0.115,0.016,0.016,0.115,0.033
968,155.00,578.48,0,0.378,330.9,0.932,0.000,0.068,0.000,0.000,0.000,0.000
969,479.00,569.42,357,1.536,331.1,0.583,0.039,0.063,0.031,0.063,0.110,0.110
970,532.00,568.36,608,1.812,331.5,0.350,0.083,0.107,0.100,0.123,0.127,0.110
971,569.00,566.25,555,1.879,332.3,0.246,0.107,0.143,0.088,0.158,0.115,0.143
972,1277.00,569.99,1252,1.720,332.6,0.400,0.106,0.128,0.017,0.144,0.072,0.133
973,252.00,571.66,237,1.747,332.9,0.341,0.121,0.168,0.064,0.081,0.058,0.168
974,693.00,575.44,733,1.795,333.2,0.297,0.131,0.140,0.061,0.122,0.096,0.153
975,862.00,578.71,802,1.529,333.4,0.520,0.098,0.176,0.029,0.029,0.049,0.098
976,441.00,580.06,478,1.734,333.7,0.326,0.135,0.238,0.052,0.062,0.073,0.114
977,624.00,584.70,551,1.875,334.1,0.201,0.116,0.164,0.075,0.138,0.094,0.211
978,838.00,591.71,806,1.907,334.9,0.190,0.082,0.151,0.106,0.175,0.128,0.168
979,328.00,593.05,267,1.835,335.2,0.154,0.119,0.266,0.042,0.119,0.119,0.182
980,522.00,592.86,239,1.891,335.5,0.196,0.121,0.158,0.067,0.154,0.146,0.158
981,1090.00,601.54,1024,1.800,335.7,0.207,0.079,0.229,0.050,0.143,0.086,0.207
982,461.00,600.56,433,1.728,335.9,0.154,0.106,0.220,0.049,0.122,0.057,0.293
983,705.00,600.55,593,1.479,336.1,0.138,0.032,0.457,0.021,0.064,0.021,0.266
984,559.00,600.01,419,1.866,336.4,0.113,0.088,0.232,0.077,0.113,0.108,0.268
985,610.00,604.32,380,1.310,336.5,0.226,0.000,0.189,0.019,0.038,0.000,0.528
986,410.00,603.88,444,1.890,337.2,0.158,0.125,0.099,0.129,0.182,0.101,0.206
987,1029.00,610.15,892,1.844,337.6,0.173,0.120,0.157,0.137,0.100,0.068,0.245
988,649.00,614.78,573,1.749,337.8,0.134,0.149,0.216,0.075,0.112,0.030,0.284
989,560.00,614.44,543,1.906,338.3,0.173,0.132,0.158,0.114,0.158,0.050,0.214
990,515.00,612.67,497,1.893,338.5,0.181,0.128,0.094,0.148,0.141,0.060,0.248
991,236.00,613.05,263,1.918,338.9,0.172,0.145,0.128,0.172,0.110,0.070,0.203
992,1237.00,622.40,1190,1.888,339.0,0.190,0.131,0.107,0.167,0.155,0.071,0.179
993,1068.00,626.93,961,1.873,339.2,0.190,0.152,0.086,0.095,0.162,0.105,0.210
994,280.00,623.99,267,1.922,339.6,0.199,0.113,0.109,0.133,0.152,0.066,0.227
995,527.00,620.27,230,1.921,339.8,0.240,0.096,0.123,0.130,0.123,0.137,0.151
996,376.00,613.54,416,1.905,340.1,0.264,0.092,0.160,0.080,0.147,0.117,0.141
997,565.00,612.33,557,1.926,340.4,0.192,0.175,0.127,0.087,0.170,0.105,0.144
998,443.00,608.53,483,1.732,340.5,0.387,0.129,0.113,0.065,0.081,0.081,0.145
999,635.00,609.73,623,1.920,341.2,0.142,0.149,0.144,0.117,0.157,0.106,0.185
1000,346.00,608.21,317,1.920,342.3,0.157,0.129,0.134,0.142,0.197,0.111,0.130
1001,539.00,606.05,490,1.616,342.8,0.348,0.118,0.087,0.105,0.122,0.098,0.122
1002,485.00,600.77,470,0.856,342.9,0.667,0.159,0.014,0.000,0.029,0.000,0.130
1003,1143.00,607.58,884,1.436,343.2,0.422,0.196,0.044,0.049,0.088,0.069,0.132
1004,220.00,604.19,205,1.590,343.7,0.372,0.126,0.061,0.065,0.092,0.084,0.199
1005,962.00,610.84,997,1.577,344.1,0.441,0.154,0.065,0.040,0.069,0.073,0.158
1006,1098.00,618.93,1098,1.637,344.9,0.312,0.205,0.070,0.049,0.087,0.082,0.194
1007,469.00,613.05,390,1.512,345.4,0.475,0.242,0.015,0.012,0.076,0.047,0.134
1008,338.00,606.44,338,1.386,345.7,0.464,0.212,0.007,0.013,0.066,0.086,0.152
1009,486.00,608.13,459,1.619,346.1,0.414,0.226,0.049,0.030,0.064,0.075,0.143
1010,575.00,609.58,552,1.518,346.3,0.328,0.237,0.000,0.000,0.122,0.061,0.252
1011,814.00,610.31,609,1.488,346.5,0.345,0.138,0.000,0.000,0.086,0.078,0.353
1012,377.00,604.25,300,1.681,346.9,0.336,0.190,0.033,0.005,0.123,0.081,0.232
1013,378.00,604.51,418,1.798,347.4,0.287,0.156,0.036,0.039,0.117,0.140,0.225
1014,541.00,610.68,546,1.537,347.6,0.064,0.309,0.000,0.000,0.372,0.074,0.181
1015,651.00,614.85,607,1.783,348.0,0.256,0.192,0.082,0.027,0.142,0.114,0.187
1016,811.00,620.30,767,1.771,348.2,0.204,0.221,0.039,0.022,0.182,0.127,0.204
1017,86.00,620.25,166,1.717,348.5,0.179,0.228,0.038,0.000,0.250,0.179,0.125
1018,787.00,621.21,720,1.844,349.0,0.259,0.174,0.056,0.053,0.134,0.140,0.184
1019,330.00,618.64,355,1.801,349.6,0.221,0.227,0.078,0.026,0.135,0.178,0.135
1020,359.00,619.88,370,1.631,349.7,0.236,0.194,0.069,0.000,0.250,0.097,0.153
1021,555.00,623.41,589,1.800,350.1,0.202,0.250,0.056,0.044,0.163,0.163,0.123
1022,961.00,631.71,865,1.821,350.4,0.247,0.152,0.082,0.053,0.165,0.148,0.152
1023,75.00,623.95,155,1.679,350.7,0.131,0.183,0.046,0.007,0.268,0.222,0.144
1024,731.00,628.44,759,1.801,351.3,0.202,0.202,0.069,0.033,0.181,0.175,0.136
1025,728.00,630.12,766,1.766,351.8,0.210,0.214,0.061,0.023,0.122,0.195,0.176
1026,1097.00,633.49,847,1.720,352.0,0.264,0.213,0.056,0.017,0.157,0.185,0.107
1027,595.00,631.09,529,1.701,352.2,0.327,0.106,0.080,0.027,0.186,0.115,0.159
1028,748.00,633.27,785,1.847,352.8,0.245,0.171,0.105,0.064,0.107,0.158,0.151
1029,346.00,634.19,324,1.748,353.1,0.262,0.138,0.097,0.021,0.103,0.193,0.186
1030,296.00,623.93,329,1.796,353.4,0.224,0.266,0.084,0.008,0.122,0.139,0.156
1031,418.00,622.74,409,1.890,354.1,0.225,0.163,0.097,0.084,0.135,0.155,0.141
1032,695.00,626.20,589,1.788,354.5,0.326,0.225,0.120,0.062,0.089,0.116,0.062
1033,1044.00,630.48,947,1.792,354.8,0.284,0.171,0.163,0.101,0.117,0.082,0.082
1034,573.00,617.88,145,1.505,355.0,0.308,0.240,0.288,0.000,0.096,0.010,0.058
1035,980.00,625.25,275,1.750,355.2,0.294,0.217,0.203,0.049,0.112,0.063,0.063
1036,1480.00,635.11,1369,1.887,356.1,0.218,0.132,0.137,0.148,0.144,0.137,0.084
1037,1101.00,644.34,765,1.762,356.6,0.312,0.194,0.135,0.069,0.090,0.108,0.090
1038,714.00,648.88,790,1.735,357.0,0.351,0.215,0.127,0.022,0.133,0.079,0.073
1039,1361.00,654.08,1078,1.767,357.4,0.291,0.191,0.119,0.076,0.094,0.155,0.076
1040,1590.00,662.66,881,1.409,357.5,0.633,0.122,0.163,0.020,0.061,0.000,0.000
1041,1463.00,670.47,1440,1.368,357.6,0.500,0.135,0.173,0.000,0.154,0.019,0.019
1042,634.00,657.92,476,1.711,358.0,0.360,0.190,0.124,0.033,0.161,0.079,0.054
1043,950.00,666.09,840,1.799,358.5,0.308,0.179,0.130,0.078,0.104,0.133,0.069
1044,759.00,667.26,387,1.770,358.8,0.345,0.198,0.168,0.056,0.081,0.112,0.041
1045,1107.00,665.19,885,1.730,359.0,0.313,0.121,0.198,0.071,0.137,0.110,0.049
1046,636.00,669.35,526,1.789,359.4,0.308,0.156,0.194,0.033,0.100,0.114,0.095
1047,1338.00,673.34,1104,1.846,359.8,0.242,0.155,0.126,0.069,0.148,0.184,0.076
1048,903.00,667.74,821,1.856,360.2,0.293,0.104,0.147,0.112,0.120,0.135,0.089
1049,245.00,662.40,325,1.911,361.0,0.200,0.177,0.141,0.093,0.134,0.154,0.100
1050,188.00,655.06,221,1.879,361.4,0.132,0.152,0.198,0.082,0.206,0.136,0.095
1051,422.00,648.04,330,1.932,362.1,0.188,0.132,0.111,0.111,0.208,0.157,0.093
1052,1095.00,655.33,903,1.934,362.9,0.163,0.126,0.161,0.163,0.133,0.139,0.115
1053,1217.00,664.49,1114,1.839,363.0,0.140,0.093,0.291,0.116,0.244,0.047,0.070
1054,1126.00,672.01,603,1.831,363.2,0.151,0.160,0.170,0.094,0.292,0.047,0.085
1055,477.00,670.25,483,1.872,363.6,0.136,0.221,0.199,0.074,0.162,0.096,0.114
1056,1034.00,678.63,858,1.917,364.2,0.135,0.182,0.130,0.142,0.156,0.133,0.121
1057,329.00,677.08,296,1.898,364.7,0.073,0.265,0.193,0.120,0.171,0.091,0.087
1058,274.00,676.90,354,1.866,364.8,0.122,0.189,0.178,0.156,0.178,0.100,0.078
1059,977.00,675.03,882,1.867,365.0,0.111,0.213,0.157,0.222,0.157,0.056,0.083
1060,680.00,677.42,714,1.917,365.3,0.137,0.242,0.093,0.137,0.137,0.115,0.141
1061,951.00,681.97,782,1.882,365.7,0.126,0.217,0.126,0.162,0.207,0.071,0.091
1062,772.00,684.11,643,1.918,366.2,0.180,0.139,0.099,0.157,0.174,0.142,0.110
1063,769.00,679.90,748,1.930,367.7,0.163,0.128,0.144,0.153,0.130,0.139,0.144
1064,1750.00,690.16,1339,1.859,368.0,0.186,0.117,0.097,0.172,0.103,0.186,0.138
1065,597.00,693.96,545,1.651,368.2,0.295,0.068,0.038,0.212,0.045,0.098,0.242
1066,1098.00,700.75,1064,1.268,368.3,0.500,0.000,0.032,0.129,0.000,0.081,0.258
1067,854.00,700.55,816,1.598,368.5,0.321,0.047,0.028,0.236,0.047,0.066,0.255
1068,1044.00,709.44,945,1.382,368.6,0.368,0.000,0.034,0.253,0.011,0.149,0.184
1069,59.00,705.24,99,1.264,368.7,0.578,0.000,0.016,0.188,0.000,0.047,0.172
1070,750.00,707.42,700,1.568,368.9,0.381,0.022,0.030,0.119,0.007,0.127,0.313
1071,285.00,704.58,237,1.853,369.5,0.241,0.102,0.068,0.179,0.062,0.153,0.193
1072,1023.00,702.04,1008,1.713,369.8,0.231,0.088,0.060,0.235,0.052,0.135,0.199
1073,853.00,708.05,883,1.848,370.8,0.226,0.120,0.098,0.210,0.098,0.130,0.118
1074,1196.00,713.08,362,1.411,371.0,0.283,0.039,0.039,0.370,0.000,0.205,0.063
1075,1153.00,715.99,1095,1.624,371.5,0.286,0.083,0.045,0.327,0.033,0.143,0.083
1076,1564.00,727.22,1093,1.188,371.7,0.388,0.070,0.000,0.310,0.000,0.217,0.016
1077,966.00,730.64,783,0.677,371.9,0.769,0.029,0.000,0.115,0.000,0.058,0.029
1078,871.00,730.97,665,1.244,372.2,0.516,0.059,0.048,0.197,0.021,0.106,0.053
1079,810.00,735.79,743,1.738,372.8,0.322,0.112,0.093,0.166,0.088,0.134,0.085
1080,924.00,739.81,869,1.776,373.6,0.287,0.176,0.061,0.200,0.049,0.158,0.069
1081,364.00,732.55,329,1.558,373.9,0.400,0.097,0.006,0.212,0.000,0.224,0.061
1082,478.00,732.72,351,1.581,374.1,0.409,0.071,0.039,0.188,0.000,0.234,0.058
1083,1303.00,738.70,912,1.663,374.4,0.279,0.207,0.021,0.229,0.021,0.200,0.043
1084,301.00,736.12,275,1.895,375.2,0.143,0.169,0.105,0.201,0.124,0.154,0.105
1085,799.00,738.01,799,0.821,375.3,0.705,0.023,0.000,0.000,0.000,0.205,0.068
1086,689.00,740.80,670,1.738,375.8,0.167,0.315,0.081,0.109,0.086,0.123,0.120
1087,446.00,734.97,443,1.654,375.9,0.265,0.265,0.010,0.092,0.010,0.194,0.163
1088,1510.00,743.58,1494,1.019,376.0,0.420,0.000,0.000,0.000,0.000,0.506,0.074
1089,1163.00,749.61,824,1.210,376.2,0.256,0.116,0.012,0.000,0.000,0.512,0.105
1090,672.00,751.18,633,1.683,376.5,0.243,0.177,0.053,0.062,0.031,0.279,0.155
1091,391.00,752.73,471,1.889,377.1,0.188,0.160,0.141,0.074,0.087,0.199,0.152
1092,338.00,743.74,284,1.864,377.5,0.165,0.192,0.153,0.061,0.057,0.203,0.169
1093,680.00,739.86,680,1.422,377.6,0.154,0.077,0.000,0.026,0.013,0.282,0.449
1094,118.00,738.24,139,1.803,377.9,0.144,0.179,0.075,0.055,0.040,0.219,0.289
1095,1022.00,743.19,1044,1.584,378.0,0.112,0.090,0.090,0.079,0.034,0.371,0.225
1096,595.00,745.38,466,1.847,378.2,0.090,0.161,0.168,0.110,0.077,0.155,0.239
1097,706.00,746.79,660,1.462,378.4,0.176,0.099,0.077,0.033,0.022,0.352,0.242
1098,45.00,742.81,95,1.710,378.5,0.138,0.213,0.117,0.053,0.032,0.223,0.223
1099,363.00,740.09,295,1.898,378.6,0.146,0.167,0.115,0.115,0.094,0.167,0.198
1100,450.00,741.13,389,1.926,379.3,0.110,0.146,0.198,0.131,0.112,0.142,0.161
1101,1096.00,746.70,1069,1.900,379.8,0.137,0.167,0.171,0.113,0.144,0.141,0.127
1102,419.00,746.04,393,1.674,380.0,0.226,0.161,0.129,0.000,0.000,0.280,0.204
1103,760.00,742.21,781,1.928,381.8,0.142,0.135,0.192,0.136,0.120,0.148,0.127
1104,535.00,745.36,574,1.910,382.3,0.136,0.215,0.093,0.147,0.102,0.150,0.156
1105,1223.00,747.97,882,1.834,382.5,0.126,0.168,0.059,0.227,0.059,0.176,0.185
1106,604.00,743.03,601,1.890,382.7,0.090,0.234,0.126,0.168,0.114,0.084,0.186
1107,1136.00,749.70,822,1.879,382.9,0.139,0.265,0.108,0.151,0.096,0.102,0.139
1108,852.00,754.84,852,1.829,383.1,0.182,0.068,0.091,0.125,0.091,0.193,0.250
1109,238.00,752.36,278,1.910,383.4,0.103,0.273,0.107,0.123,0.130,0.099,0.166
1110,511.00,751.72,591,1.911,383.5,0.097,0.155,0.117,0.175,0.107,0.155,0.194
1111,509.00,748.67,589,1.920,383.8,0.065,0.220,0.095,0.202,0.179,0.107,0.131
1112,1049.00,755.39,868,1.730,383.9,0.351,0.169,0.117,0.013,0.117,0.091,0.143
1113,630.00,757.91,515,1.826,384.0,0.280,0.147,0.053,0.147,0.120,0.107,0.147
1114,1145.00,763.95,1057,1.732,384.1,0.211,0.127,0.141,0.127,0.070,0.141,0.183
1115,255.00,759.99,290,1.935,384.4,0.144,0.162,0.135,0.108,0.171,0.153,0.126
1116,314.00,755.02,290,1.939,384.8,0.146,0.188,0.138,0.088,0.130,0.151,0.159
1117,797.00,762.13,697,1.659,384.9,0.355,0.118,0.158,0.079,0.105,0.105,0.079
1118,289.00,757.15,282,1.942,385.3,0.129,0.181,0.146,0.139,0.125,0.153,0.125
1119,519.00,759.04,344,1.917,385.5,0.106,0.174,0.121,0.212,0.189,0.091,0.106
1120,786.00,763.31,498,1.819,385.6,0.186,0.168,0.283,0.124,0.142,0.027,0.071
1121,135.00,759.11,191,1.907,385.8,0.116,0.178,0.178,0.158,0.171,0.110,0.089
1122,373.00,753.23,353,1.928,386.2,0.107,0.176,0.192,0.148,0.142,0.123,0.113
1123,414.00,756.62,416,1.890,386.5,0.110,0.162,0.214,0.143,0.175,0.104,0.091
1124,247.00,751.78,287,1.920,387.0,0.108,0.145,0.150,0.194,0.169,0.100,0.135
1125,1546.00,759.96,1118,1.926,387.2,0.133,0.177,0.120,0.203,0.139,0.089,0.139
1126,302.00,752.01,325,1.930,387.5,0.165,0.143,0.154,0.176,0.176,0.099,0.088
1127,400.00,750.06,339,1.932,387.7,0.181,0.141,0.114,0.174,0.154,0.107,0.128
1128,655.00,749.13,735,1.936,387.9,0.145,0.179,0.179,0.106,0.145,0.123,0.123
1129,765.00,753.32,845,1.869,388.0,0.242,0.065,0.177,0.129,0.113,0.129,0.145
1130,793.00,758.29,813,1.932,388.3,0.168,0.149,0.158,0.153,0.158,0.124,0.089
1131,279.00,756.90,311,1.932,388.5,0.188,0.147,0.124,0.159,0.135,0.106,0.141
1132,1433.00,764.28,1216,1.739,388.6,0.391,0.115,0.103,0.115,0.069,0.092,0.115
1133,445.00,758.29,525,1.926,388.9,0.189,0.139,0.150,0.106,0.200,0.111,0.106
1134,390.00,756.46,400,1.938,389.3,0.192,0.123,0.162,0.116,0.139,0.156,0.113
1135,402.00,750.68,433,1.932,389.7,0.152,0.139,0.152,0.115,0.159,0.128,0.155
1136,533.00,741.21,244,1.887,389.9,0.226,0.107,0.125,0.179,0.107,0.113,0.143
1137,1272.00,742.92,725,0.931,390.0,0.719,0.018,0.088,0.070,0.035,0.053,0.018
1138,490.00,740.68,570,1.924,390.6,0.201,0.116,0.142,0.182,0.107,0.105,0.147
1139,487.00,731.94,524,1.931,391.8,0.161,0.148,0.190,0.127,0.116,0.128,0.130
1140,269.00,718.73,349,1.852,392.0,0.294,0.051,0.191,0.147,0.154,0.029,0.132
1141,531.00,709.41,537,1.860,392.2,0.243,0.118,0.160,0.181,0.132,0.049,0.118
1142,514.00,708.21,499,1.853,392.7,0.228,0.121,0.142,0.142,0.181,0.082,0.103
1143,1124.00,709.95,1078,1.806,393.2,0.251,0.164,0.150,0.173,0.153,0.052,0.058
1144,803.00,710.39,741,1.862,394.0,0.226,0.136,0.174,0.196,0.158,0.060,0.049
1145,984.00,709.16,725,1.731,394.4,0.342,0.130,0.140,0.212,0.104,0.016,0.057
1146,548.00,708.28,578,1.803,394.7,0.299,0.144,0.144,0.228,0.096,0.054,0.036
1147,1450.00,709.40,965,1.811,394.9,0.265,0.156,0.163,0.211,0.068,0.082,0.054
1148,583.00,706.20,560,1.893,395.6,0.187,0.189,0.152,0.192,0.123,0.079,0.077
1149,710.00,710.85,550,1.892,396.1,0.221,0.192,0.109,0.162,0.186,0.083,0.047
1150,677.00,715.74,572,1.912,396.9,0.169,0.171,0.148,0.178,0.166,0.074,0.095
1151,535.00,716.87,498,1.900,397.2,0.217,0.149,0.137,0.106,0.143,0.137,0.112
1152,787.00,713.79,342,1.648,397.4,0.280,0.129,0.086,0.108,0.140,0.258,0.000
1153,864.00,710.26,597,1.795,397.6,0.208,0.123,0.066,0.085,0.151,0.283,0.085
1154,885.00,707.85,837,1.934,398.3,0.172,0.145,0.126,0.156,0.142,0.114,0.145
1155,596.00,709.04,591,1.924,398.6,0.133,0.166,0.127,0.188,0.110,0.094,0.182
1156,979.00,708.49,702,1.891,398.7,0.169,0.180,0.101,0.146,0.135,0.169,0.101
1157,880.00,714.00,775,1.818,398.9,0.206,0.103,0.150,0.150,0.075,0.243,0.075
1158,1350.00,724.76,1120,1.858,399.2,0.096,0.162,0.146,0.146,0.091,0.258,0.101
1159,1091.00,725.90,1067,1.882,399.5,0.215,0.174,0.134,0.145,0.076,0.151,0.105
1160,745.00,726.55,597,1.889,399.9,0.205,0.144,0.195,0.158,0.070,0.144,0.084
1161,357.00,720.61,385,1.891,400.2,0.237,0.064,0.237,0.173,0.103,0.077,0.109
1162,205.00,714.94,285,1.912,400.5,0.185,0.117,0.198,0.204,0.080,0.080,0.136
1163,736.00,714.61,758,1.924,400.8,0.172,0.135,0.167,0.167,0.099,0.130,0.130
1164,336.00,700.47,362,1.909,401.0,0.177,0.168,0.133,0.186,0.124,0.124,0.088
1165,344.00,697.94,374,1.928,401.4,0.159,0.134,0.159,0.198,0.125,0.095,0.129
1166,646.00,693.42,616,1.932,401.8,0.174,0.159,0.128,0.151,0.101,0.151,0.136
1167,721.00,692.09,801,1.900,402.1,0.171,0.105,0.181,0.214,0.095,0.119,0.114
1168,506.00,686.71,520,1.915,402.5,0.144,0.076,0.182,0.136,0.157,0.186,0.119
1169,398.00,690.10,423,1.929,403.1,0.180,0.134,0.125,0.188,0.114,0.150,0.109
1170,695.00,689.55,438,1.682,403.2,0.204,0.051,0.051,0.071,0.214,0.367,0.041
1171,384.00,690.54,456,1.911,403.6,0.208,0.086,0.100,0.204,0.140,0.204,0.059
1172,553.00,685.84,430,1.918,404.1,0.212,0.114,0.152,0.136,0.136,0.159,0.091
1173,1456.00,691.87,907,1.884,404.4,0.220,0.157,0.094,0.134,0.150,0.165,0.079
1174,235.00,682.26,270,1.892,404.7,0.246,0.063,0.058,0.157,0.168,0.157,0.152
1175,1490.00,685.63,1361,1.829,404.8,0.212,0.144,0.144,0.058,0.163,0.173,0.106
1176,349.00,673.48,416,1.900,405.1,0.193,0.117,0.140,0.123,0.123,0.164,0.140
1177,1866.00,682.48,1807,1.844,405.3,0.260,0.087,0.087,0.087,0.142,0.236,0.102
1178,1491.00,688.68,1214,1.814,405.5,0.262,0.100,0.108,0.108,0.100,0.200,0.123
1179,308.00,683.66,347,1.916,405.9,0.213,0.103,0.142,0.156,0.089,0.152,0.145
1180,192.00,676.34,272,1.925,406.7,0.165,0.122,0.167,0.177,0.126,0.130,0.113
1181,965.00,682.35,699,1.879,406.9,0.241,0.139,0.102,0.109,0.117,0.219,0.073
1182,310.00,680.67,353,1.914,407.4,0.196,0.147,0.123,0.123,0.098,0.182,0.130
1183,558.00,673.22,440,1.929,407.8,0.193,0.189,0.104,0.104,0.112,0.189,0.108
1184,1146.00,681.67,953,1.887,408.1,0.224,0.167,0.134,0.069,0.138,0.195,0.073
1185,566.00,679.34,608,1.907,408.5,0.173,0.160,0.132,0.107,0.123,0.169,0.136
1186,784.00,680.29,864,1.683,408.7,0.258,0.067,0.275,0.042,0.117,0.192,0.050
1187,935.00,685.18,741,1.841,409.0,0.247,0.062,0.174,0.135,0.073,0.242,0.067
1188,817.00,678.25,550,1.743,409.2,0.278,0.038,0.218,0.128,0.075,0.218,0.045
1189,900.00,675.62,829,1.884,409.6,0.191,0.104,0.174,0.199,0.100,0.145,0.087
1190,2307.00,691.97,968,1.625,409.8,0.278,0.083,0.158,0.135,0.128,0.165,0.053
1191,734.00,695.40,636,1.854,410.3,0.260,0.068,0.121,0.181,0.114,0.146,0.110
1192,750.00,699.52,651,1.890,410.9,0.202,0.111,0.151,0.165,0.121,0.178,0.072
1193,976.00,702.48,733,1.787,411.2,0.226,0.082,0.169,0.144,0.133,0.159,0.087
1194,281.00,704.11,36,1.388,411.4,0.151,0.000,0.063,0.206,0.444,0.071,0.063
1195,52.00,694.41,69,1.698,411.7,0.232,0.006,0.103,0.239,0.303,0.084,0.032
1196,454.00,693.00,451,1.900,412.4,0.192,0.063,0.121,0.192,0.166,0.127,0.139
1197,822.00,694.16,895,1.804,412.8,0.250,0.036,0.181,0.246,0.101,0.097,0.089
1198,135.00,695.06,120,1.601,413.0,0.141,0.022,0.348,0.217,0.228,0.022,0.022
1199,1089.00,702.32,601,1.723,413.2,0.222,0.052,0.304,0.156,0.156,0.074,0.037
1200,171.00,699.53,146,1.829,413.5,0.248,0.062,0.186,0.176,0.167,0.100,0.062
1201,349.00,692.06,305,1.854,413.7,0.274,0.082,0.205,0.144,0.158,0.068,0.068
1202,410.00,691.97,383,1.890,414.0,0.194,0.087,0.219,0.144,0.181,0.138,0.037
1203,639.00,690.76,329,1.789,414.1,0.236,0.101,0.236,0.112,0.191,0.056,0.067
1204,283.00,688.24,162,1.921,414.4,0.185,0.079,0.219,0.093,0.179,0.146,0.099
1205,632.00,682.33,598,1.915,414.7,0.167,0.094,0.184,0.139,0.143,0.131,0.143
1206,721.00,683.50,754,1.897,415.5,0.199,0.098,0.215,0.100,0.174,0.122,0.091
1207,326.00,675.40,233,1.916,416.3,0.154,0.119,0.174,0.160,0.164,0.134,0.095
1208,618.00,673.06,445,1.656,416.5,0.245,0.067,0.294,0.184,0.110,0.025,0.074
1209,760.00,678.28,383,1.695,416.8,0.161,0.108,0.376,0.161,0.054,0.065,0.075
1210,787.00,681.04,595,1.849,417.3,0.153,0.143,0.206,0.190,0.118,0.087,0.103
1211,402.00,679.97,390,1.859,417.9,0.211,0.096,0.291,0.146,0.082,0.082,0.092
1212,649.00,675.97,640,1.723,418.1,0.301,0.083,0.241,0.135,0.105,0.053,0.083
1213,777.00,677.44,690,1.853,418.7,0.199,0.137,0.210,0.123,0.134,0.107,0.090
1214,838.00,674.37,451,1.851,419.2,0.251,0.106,0.261,0.139,0.089,0.073,0.083
1215,1015.00,681.97,770,1.823,419.5,0.319,0.135,0.166,0.147,0.123,0.049,0.061
1216,464.00,683.47,464,1.924,420.8,0.157,0.147,0.167,0.148,0.135,0.130,0.116
1217,499.00,680.49,383,1.672,421.0,0.083,0.119,0.101,0.156,0.376,0.083,0.083
1218,185.00,679.45,225,1.735,421.1,0.246,0.116,0.029,0.217,0.087,0.029,0.275
1219,215.00,676.41,237,1.895,421.7,0.186,0.141,0.118,0.196,0.113,0.083,0.161
1220,385.00,672.40,359,1.770,421.9,0.295,0.172,0.066,0.164,0.066,0.041,0.197
1221,781.00,678.86,694,1.674,422.1,0.270,0.148,0.026,0.157,0.191,0.017,0.191
1222,606.00,681.19,575,1.675,422.4,0.248,0.145,0.034,0.097,0.166,0.041,0.269
1223,213.00,679.18,236,1.736,422.7,0.189,0.152,0.029,0.201,0.139,0.037,0.254
1224,983.00,686.54,916,1.748,423.0,0.198,0.137,0.060,0.236,0.082,0.038,0.247
1225,549.00,676.57,514,1.777,423.3,0.176,0.145,0.048,0.164,0.109,0.073,0.285
1226,1288.00,686.43,1104,1.648,423.5,0.305,0.183,0.000,0.122,0.130,0.015,0.244
1227,1323.00,695.66,1098,1.585,423.7,0.407,0.133,0.000,0.124,0.177,0.027,0.133
1228,164.00,690.75,150,1.546,423.8,0.354,0.051,0.013,0.038,0.139,0.013,0.392
1229,282.00,685.92,169,1.584,424.0,0.229,0.084,0.012,0.108,0.193,0.000,0.373
1230,1079.00,688.78,1009,1.468,424.1,0.157,0.084,0.000,0.157,0.229,0.000,0.373
1231,264.00,688.63,195,1.754,424.3,0.115,0.071,0.062,0.221,0.062,0.071,0.398
1232,902.00,683.32,688,1.702,424.6,0.163,0.156,0.030,0.244,0.163,0.022,0.222
1233,346.00,682.33,140,1.546,424.7,0.265,0.108,0.000,0.205,0.313,0.012,0.096
1234,990.00,688.33,864,1.716,424.9,0.256,0.140,0.033,0.306,0.091,0.058,0.116
1235,340.00,687.71,275,1.896,425.4,0.160,0.220,0.093,0.160,0.078,0.097,0.190
1236,1613.00,698.51,336,1.770,425.6,0.122,0.220,0.073,0.220,0.203,0.073,0.089
1237,1191.00,697.70,1131,1.679,425.8,0.186,0.203,0.034,0.229,0.169,0.025,0.153
1238,812.00,700.92,670,1.535,426.0,0.207,0.261,0.011,0.293,0.141,0.022,0.065
1239,887.00,704.92,737,1.863,426.4,0.297,0.114,0.118,0.153,0.100,0.066,0.153
1240,669.00,708.92,670,1.716,426.6,0.238,0.215,0.058,0.198,0.128,0.052,0.110
1241,227.00,705.88,256,1.876,427.1,0.275,0.165,0.116,0.183,0.085,0.063,0.113
1242,1359.00,714.33,1082,1.636,427.2,0.388,0.119,0.060,0.149,0.104,0.015,0.164
1243,1217.00,715.26,986,1.719,427.4,0.303,0.182,0.061,0.136,0.076,0.068,0.174
1244,930.00,716.53,913,1.817,427.9,0.254,0.163,0.107,0.132,0.132,0.085,0.129
1245,475.00,711.44,555,1.748,428.3,0.335,0.154,0.071,0.173,0.094,0.079,0.094
1246,630.00,712.26,548,1.603,428.6,0.393,0.129,0.043,0.215,0.061,0.098,0.061
1247,781.00,705.57,751,1.852,429.2,0.234,0.128,0.135,0.151,0.142,0.097,0.114
1248,1176.00,711.50,709,1.444,429.3,0.398,0.241,0.012,0.169,0.157,0.024,0.000
1249,565.00,710.05,555,1.902,430.0,0.210,0.151,0.139,0.179,0.111,0.130,0.080
1250,565.00,708.93,467,1.882,430.5,0.166,0.181,0.098,0.187,0.196,0.098,0.074
1251,127.00,704.85,173,1.641,430.8,0.205,0.162,0.054,0.292,0.222,0.038,0.027
1252,275.00,699.73,259,1.589,431.0,0.155,0.090,0.077,0.103,0.477,0.045,0.052
1253,309.00,694.18,377,1.675,431.2,0.092,0.109,0.126,0.092,0.445,0.084,0.050
1254,657.00,691.90,642,1.924,431.5,0.163,0.158,0.124,0.100,0.201,0.158,0.096
1255,808.00,694.02,737,1.847,431.8,0.189,0.118,0.189,0.047,0.231,0.142,0.083
1256,639.00,690.62,497,1.887,432.3,0.143,0.095,0.184,0.116,0.211,0.099,0.153
1257,651.00,688.33,691,1.893,432.9,0.208,0.101,0.163,0.104,0.157,0.107,0.160
1258,355.00,678.38,348,1.772,433.1,0.208,0.075,0.179,0.057,0.245,0.189,0.047
1259,384.00,671.31,417,1.905,433.5,0.191,0.081,0.182,0.114,0.178,0.110,0.144
1260,861.00,672.47,870,1.888,434.0,0.157,0.104,0.217,0.104,0.149,0.104,0.165
1261,1189.00,680.79,1129,1.796,434.3,0.170,0.075,0.174,0.058,0.257,0.149,0.116
1262,421.00,682.95,419,1.886,434.8,0.197,0.078,0.197,0.065,0.207,0.117,0.139
1263,664.00,682.23,526,1.632,435.0,0.102,0.055,0.180,0.117,0.391,0.094,0.062
1264,293.00,681.80,358,1.456,435.2,0.093,0.052,0.196,0.021,0.474,0.103,0.062
1265,547.00,683.83,531,1.902,435.7,0.148,0.115,0.211,0.065,0.185,0.146,0.130
1266,1130.00,688.67,981,1.703,435.9,0.108,0.117,0.108,0.067,0.400,0.100,0.100
1267,730.00,688.76,278,1.585,436.1,0.142,0.133,0.080,0.053,0.460,0.062,0.071
1268,476.00,688.46,548,1.575,436.2,0.096,0.096,0.110,0.068,0.548,0.027,0.055
1269,853.00,693.01,781,1.891,436.4,0.136,0.104,0.192,0.104,0.168,0.088,0.208
1270,211.00,688.17,202,1.907,436.6,0.173,0.129,0.144,0.108,0.180,0.086,0.180
1271,812.00,692.45,785,1.882,436.8,0.158,0.116,0.126,0.179,0.221,0.053,0.147
1272,876.00,695.68,956,1.867,436.9,0.229,0.084,0.108,0.169,0.157,0.169,0.084
1273,204.00,683.16,284,1.924,437.4,0.186,0.133,0.159,0.098,0.148,0.098,0.178
1274,719.00,688.00,481,1.907,437.6,0.188,0.165,0.173,0.083,0.188,0.075,0.128
1275,282.00,675.92,259,1.909,437.8,0.208,0.132,0.118,0.097,0.208,0.069,0.167
1276,609.00,678.52,535,1.917,438.8,0.161,0.140,0.160,0.111,0.160,0.142,0.126
1277,693.00,666.79,685,1.762,439.2,0.175,0.260,0.063,0.058,0.211,0.135,0.099
1278,550.00,657.38,262,1.477,439.4,0.075,0.408,0.050,0.058,0.333,0.025,0.050
1279,327.00,657.57,388,1.790,439.7,0.055,0.329,0.125,0.082,0.306,0.051,0.051
1280,19.00,655.84,99,1.888,440.1,0.084,0.266,0.167,0.030,0.236,0.099,0.118
1281,266.00,648.85,282,1.806,440.2,0.107,0.321,0.107,0.060,0.250,0.048,0.107
1282,39.00,646.14,119,1.887,440.4,0.053,0.234,0.160,0.053,0.245,0.117,0.138
1283,1438.00,654.94,1260,1.920,440.6,0.118,0.156,0.124,0.081,0.161,0.215,0.145
1284,417.00,647.65,385,1.920,441.8,0.125,0.134,0.164,0.105,0.158,0.169,0.145
1285,716.00,649.15,604,1.880,442.0,0.169,0.176,0.088,0.081,0.213,0.162,0.110
1286,779.00,649.10,631,1.863,442.2,0.126,0.225,0.117,0.081,0.144,0.180,0.126
1287,610.00,645.85,606,1.876,442.6,0.095,0.141,0.109,0.123,0.165,0.257,0.109
1288,260.00,640.28,337,1.812,442.9,0.051,0.364,0.057,0.159,0.193,0.091,0.085
1289,39.00,631.67,119,1.661,443.0,0.048,0.398,0.024,0.133,0.241,0.048,0.108
1290,297.00,611.57,377,1.901,443.5,0.100,0.172,0.113,0.100,0.179,0.206,0.131
1291,78.00,605.01,158,1.866,443.6,0.040,0.218,0.109,0.089,0.129,0.228,0.188
1292,1002.00,607.53,1042,1.882,443.9,0.056,0.197,0.126,0.071,0.182,0.207,0.162
1293,680.00,604.57,272,1.782,444.1,0.045,0.315,0.126,0.099,0.171,0.126,0.117
1294,-8.00,601.68,23,1.540,444.2,0.030,0.530,0.076,0.076,0.167,0.030,0.091
1295,455.00,605.71,353,1.885,444.7,0.075,0.176,0.173,0.085,0.138,0.204,0.148
1296,563.00,606.80,479,1.731,444.8,0.069,0.167,0.111,0.097,0.097,0.125,0.333
1297,546.00,604.04,540,1.839,445.3,0.066,0.160,0.113,0.088,0.104,0.189,0.280
1298,674.00,609.43,674,1.827,445.7,0.086,0.239,0.113,0.077,0.095,0.131,0.261
1299,328.00,601.82,265,1.854,446.0,0.089,0.187,0.178,0.103,0.107,0.131,0.206
1300,195.00,602.06,275,1.875,446.2,0.054,0.196,0.107,0.125,0.161,0.089,0.268
1301,640.00,604.97,676,1.916,446.9,0.079,0.150,0.145,0.126,0.139,0.201,0.160
1302,582.00,606.69,582,1.787,447.1,0.085,0.169,0.127,0.110,0.102,0.068,0.339
1303,1409.00,614.39,1204,1.756,447.2,0.167,0.141,0.090,0.115,0.308,0.026,0.154
1304,317.00,614.73,388,1.811,447.5,0.099,0.105,0.043,0.056,0.185,0.154,0.358
1305,520.00,613.61,483,1.899,447.9,0.166,0.117,0.079,0.079,0.140,0.196,0.223
1306,1344.00,619.84,1130,1.553,448.1,0.250,0.119,0.080,0.057,0.199,0.153,0.142
1307,421.00,620.79,365,0.686,448.3,0.789,0.053,0.013,0.079,0.026,0.000,0.039
1308,0.00,614.61,0,0.032,448.4,1.000,0.000,0.000,0.000,0.000,0.000,0.000
1309,435.00,611.36,296,0.662,448.6,0.800,0.117,0.008,0.008,0.017,0.008,0.042
1310,885.00,612.34,885,1.252,448.9,0.535,0.133,0.049,0.058,0.075,0.049,0.102
1311,429.00,612.61,164,0.544,449.1,0.818,0.101,0.000,0.010,0.040,0.000,0.030
1312,375.00,609.87,0,0.098,449.1,0.977,0.023,0.000,0.000,0.000,0.000,0.000
1313,0.00,602.10,0,0.087,449.2,1.000,0.000,0.000,0.000,0.000,0.000,0.000
1314,692.00,600.64,565,1.548,449.6,0.417,0.193,0.097,0.073,0.085,0.054,0.081
1315,1288.00,603.37,652,0.850,449.7,0.562,0.391,0.000,0.016,0.016,0.000,0.016
1316,655.00,605.28,496,1.579,450.2,0.373,0.291,0.048,0.073,0.088,0.042,0.085
1317,1369.00,613.98,656,0.900,450.4,0.594,0.208,0.031,0.021,0.052,0.010,0.083
1318,420.00,616.33,381,1.519,450.9,0.424,0.138,0.082,0.089,0.082,0.059,0.125
1319,655.00,620.73,608,1.861,452.3,0.232,0.171,0.121,0.096,0.130,0.112,0.139
1320,1949.00,636.37,1346,1.346,452.5,0.452,0.210,0.016,0.153,0.113,0.000,0.056
1321,907.00,637.63,865,0.923,452.7,0.733,0.120,0.027,0.053,0.027,0.000,0.040
1322,698.00,638.55,658,1.695,453.5,0.365,0.171,0.081,0.102,0.104,0.073,0.104
1323,1308.00,649.50,370,1.455,453.8,0.493,0.100,0.071,0.250,0.057,0.007,0.021
1324,1207.00,651.74,986,1.713,454.2,0.302,0.142,0.082,0.199,0.132,0.032,0.110
1325,1247.00,658.72,1132,1.780,455.1,0.255,0.162,0.097,0.170,0.105,0.101,0.110
1326,766.00,653.50,655,1.783,455.6,0.301,0.174,0.094,0.112,0.112,0.100,0.106
1327,810.00,648.37,739,1.740,456.0,0.325,0.204,0.094,0.106,0.086,0.051,0.133
1328,604.00,652.77,522,1.821,456.7,0.248,0.206,0.087,0.110,0.132,0.098,0.119
1329,397.00,653.92,395,1.764,457.1,0.298,0.187,0.038,0.187,0.115,0.034,0.140
1330,780.00,650.93,776,1.668,457.2,0.343,0.200,0.019,0.210,0.038,0.019,0.171
1331,421.00,652.50,416,1.881,457.9,0.242,0.157,0.107,0.133,0.150,0.087,0.123
1332,1862.00,662.10,1750,1.669,458.1,0.247,0.165,0.082,0.215,0.120,0.025,0.146
1333,754.00,666.18,677,1.758,458.5,0.217,0.186,0.069,0.234,0.079,0.052,0.162
1334,1182.00,668.10,1182,1.651,458.8,0.303,0.124,0.027,0.330,0.070,0.022,0.124
1335,565.00,670.35,570,1.791,459.4,0.178,0.210,0.061,0.230,0.093,0.059,0.169
1336,527.00,659.49,430,1.699,459.7,0.152,0.172,0.069,0.324,0.034,0.021,0.228
1337,1699.00,664.57,1662,1.533,459.8,0.106,0.170,0.032,0.415,0.064,0.043,0.170
1338,1312.00,669.57,728,1.431,460.0,0.126,0.126,0.079,0.409,0.055,0.039,0.165
1339,275.00,663.45,315,1.723,460.3,0.077,0.169,0.066,0.306,0.104,0.066,0.213
1340,250.00,659.26,212,1.739,460.5,0.142,0.132,0.047,0.255,0.066,0.038,0.321
1341,432.00,661.31,360,1.707,460.6,0.114,0.190,0.038,0.190,0.038,0.013,0.418
1342,871.00,656.43,700,1.903,461.0,0.139,0.223,0.112,0.171,0.092,0.147,0.116
1343,284.00,647.10,276,1.899,461.4,0.148,0.223,0.140,0.135,0.079,0.100,0.175
1344,1343.00,651.23,960,1.809,461.6,0.115,0.231,0.054,0.231,0.115,0.062,0.192
1345,1318.00,659.66,1289,1.772,461.8,0.092,0.300,0.067,0.117,0.125,0.083,0.217
1346,354.00,656.90,256,1.803,462.1,0.130,0.272,0.071,0.207,0.142,0.083,0.095
1347,318.00,652.27,337,1.864,462.4,0.087,0.267,0.107,0.133,0.120,0.040,0.247
1348,738.00,647.89,553,1.919,462.7,0.142,0.168,0.142,0.121,0.138,0.121,0.168
1349,559.00,647.83,505,1.921,463.3,0.153,0.209,0.126,0.126,0.094,0.135,0.156
1350,482.00,647.00,508,1.918,463.7,0.132,0.237,0.109,0.148,0.117,0.121,0.136
1351,101.00,646.74,163,1.874,463.9,0.267,0.186,0.058,0.116,0.081,0.163,0.128
1352,1367.00,657.66,1113,1.826,464.0,0.234,0.273,0.156,0.052,0.039,0.026,0.221
1353,1032.00,664.89,1072,1.838,464.2,0.244,0.200,0.067,0.100,0.056,0.078,0.256
1354,93.00,659.25,157,1.856,464.4,0.147,0.168,0.116,0.105,0.032,0.200,0.232
1355,716.00,658.33,632,1.768,464.5,0.254,0.085,0.102,0.085,0.186,0.000,0.288
1356,460.00,656.54,391,1.929,465.0,0.130,0.157,0.145,0.108,0.111,0.191,0.157
1357,545.00,655.48,469,1.923,465.6,0.157,0.214,0.124,0.103,0.092,0.157,0.154
1358,310.00,655.03,266,1.919,466.3,0.154,0.177,0.146,0.139,0.096,0.162,0.126
1359,593.00,657.12,618,1.819,466.5,0.134,0.142,0.126,0.323,0.031,0.063,0.181
1360,133.00,649.84,133,1.828,466.7,0.147,0.118,0.059,0.199,0.074,0.088,0.316
1361,360.00,641.55,388,1.752,466.8,0.203,0.101,0.101,0.165,0.051,0.038,0.342
1362,919.00,646.53,853,1.841,467.0,0.223,0.091,0.124,0.132,0.091,0.025,0.314
1363,483.00,644.72,318,1.845,467.2,0.194,0.121,0.121,0.145,0.048,0.040,0.331
1364,291.00,644.70,287,1.874,467.5,0.127,0.106,0.134,0.113,0.063,0.120,0.338
1365,172.00,640.95,198,1.858,467.6,0.119,0.155,0.107,0.226,0.107,0.048,0.238
1366,578.00,635.43,571,1.874,467.8,0.154,0.110,0.198,0.154,0.077,0.055,0.253
1367,870.00,636.83,910,1.905,467.9,0.158,0.088,0.246,0.132,0.123,0.061,0.193
1368,547.00,637.54,587,1.905,468.1,0.224,0.093,0.178,0.168,0.075,0.075,0.187
1369,813.00,637.14,834,1.920,468.5,0.202,0.109,0.138,0.174,0.085,0.126,0.166
1370,1058.00,645.61,851,1.857,468.7,0.235,0.154,0.169,0.125,0.088,0.088,0.140
1371,505.00,642.54,545,1.930,469.6,0.193,0.131,0.165,0.139,0.103,0.101,0.167
1372,936.00,643.14,916,1.914,470.8,0.184,0.141,0.184,0.114,0.141,0.110,0.125
1373,819.00,649.29,796,1.855,471.4,0.188,0.125,0.235,0.122,0.141,0.114,0.075
1374,145.00,643.55,133,1.711,471.8,0.126,0.155,0.385,0.050,0.172,0.063,0.050
1375,267.00,643.40,275,1.816,472.1,0.164,0.164,0.333,0.061,0.127,0.080,0.070
1376,453.00,641.84,411,1.805,472.3,0.167,0.135,0.294,0.071,0.143,0.063,0.127
1377,435.00,639.26,316,1.798,472.5,0.167,0.142,0.275,0.075,0.208,0.067,0.067
1378,230.00,636.06,203,1.908,472.8,0.227,0.153,0.197,0.089,0.172,0.084,0.079
1379,690.00,639.69,535,1.920,473.1,0.196,0.123,0.153,0.153,0.172,0.098,0.104
1380,538.00,644.88,458,1.711,473.2,0.153,0.129,0.129,0.035,0.353,0.118,0.082
1381,2094.00,663.16,1725,1.861,473.5,0.145,0.115,0.099,0.099,0.275,0.160,0.107
1382,547.00,668.24,555,1.912,473.8,0.179,0.137,0.142,0.147,0.189,0.068,0.137
1383,862.00,662.48,864,1.865,474.1,0.153,0.141,0.166,0.080,0.227,0.123,0.110
1384,803.00,666.34,746,1.784,474.3,0.154,0.145,0.103,0.060,0.299,0.179,0.060
1385,501.00,664.19,373,1.936,474.8,0.164,0.123,0.127,0.134,0.161,0.147,0.144
1386,915.00,665.55,727,1.834,474.9,0.208,0.178,0.109,0.040,0.248,0.089,0.129
1387,701.00,666.46,772,1.922,475.3,0.225,0.110,0.178,0.085,0.178,0.110,0.114
1388,504.00,668.90,476,1.928,475.9,0.192,0.121,0.161,0.101,0.152,0.161,0.113
1389,714.00,675.65,724,1.929,476.8,0.164,0.150,0.166,0.113,0.172,0.123,0.111
1390,575.00,678.43,470,1.912,477.3,0.119,0.178,0.152,0.141,0.193,0.085,0.133
1391,1081.00,688.46,955,1.867,477.6,0.156,0.190,0.102,0.129,0.231,0.048,0.143
1392,72.00,679.16,137,1.776,477.7,0.176,0.319,0.088,0.154,0.176,0.033,0.055
1393,726.00,679.62,736,1.924,478.5,0.179,0.151,0.163,0.110,0.161,0.104,0.131
1394,547.00,685.17,563,1.917,479.3,0.175,0.161,0.139,0.131,0.147,0.109,0.139
1395,1015.00,690.77,993,1.894,479.5,0.176,0.148,0.204,0.148,0.157,0.056,0.111
1396,1446.00,699.60,971,1.871,479.7,0.155,0.101,0.115,0.209,0.196,0.074,0.149
1397,412.00,698.26,335,1.884,480.0,0.218,0.090,0.122,0.144,0.176,0.080,0.170
1398,614.00,697.66,496,1.879,480.2,0.229,0.056,0.097,0.153,0.174,0.083,0.208
1399,424.00,698.62,422,1.864,480.5,0.217,0.050,0.112,0.161,0.155,0.075,0.230
1400,907.00,705.74,881,1.791,480.7,0.169,0.034,0.074,0.068,0.446,0.088,0.122
1401,1090.00,710.24,920,1.852,480.9,0.188,0.073,0.125,0.146,0.146,0.125,0.198
1402,2006.00,724.48,1809,1.811,481.0,0.152,0.040,0.141,0.061,0.253,0.131,0.222
1403,1490.00,725.29,1441,1.785,481.2,0.136,0.023,0.125,0.091,0.261,0.205,0.159
1404,486.00,726.98,515,1.916,481.7,0.124,0.073,0.131,0.151,0.151,0.158,0.212
1405,563.00,727.41,588,1.913,482.1,0.163,0.088,0.130,0.146,0.151,0.121,0.201
1406,444.00,718.41,481,1.928,482.9,0.136,0.106,0.155,0.170,0.155,0.117,0.159
1407,796.00,722.16,777,1.935,483.6,0.130,0.128,0.148,0.148,0.174,0.156,0.117
1408,911.00,731.27,664,1.931,483.9,0.156,0.060,0.138,0.132,0.174,0.192,0.150
1409,67.00,727.59,97,1.817,484.1,0.177,0.071,0.062,0.150,0.168,0.345,0.027
1410,479.00,723.53,429,1.929,484.7,0.157,0.082,0.149,0.186,0.162,0.149,0.113
1411,664.00,725.88,509,1.866,484.9,0.124,0.072,0.118,0.235,0.144,0.209,0.098
1412,806.00,730.19,479,1.781,485.1,0.106,0.170,0.117,0.202,0.181,0.202,0.021
1413,784.00,738.03,702,1.871,485.5,0.155,0.132,0.176,0.226,0.162,0.051,0.098
1414,279.00,733.90,315,1.853,485.8,0.141,0.131,0.216,0.225,0.113,0.047,0.127
1415,390.00,724.92,397,1.840,486.1,0.174,0.109,0.159,0.275,0.123,0.051,0.109
1416,757.00,725.94,620,1.916,486.7,0.180,0.104,0.171,0.163,0.137,0.126,0.119
1417,324.00,715.49,243,1.902,487.1,0.141,0.159,0.144,0.207,0.159,0.081,0.107
1418,706.00,718.35,785,1.822,487.4,0.144,0.110,0.075,0.349,0.151,0.082,0.089
1419,852.00,720.32,834,1.846,487.7,0.113,0.142,0.211,0.225,0.157,0.054,0.098
1420,584.00,706.67,282,1.680,487.8,0.091,0.156,0.221,0.247,0.039,0.234,0.013
1421,229.00,699.89,261,1.845,488.2,0.103,0.155,0.197,0.309,0.082,0.069,0.086
1422,1325.00,706.16,1350,1.800,488.3,0.146,0.225,0.090,0.281,0.022,0.135,0.101
1423,392.00,697.00,390,1.854,488.6,0.169,0.115,0.243,0.216,0.068,0.068,0.122
1424,560.00,690.53,554,1.933,489.8,0.188,0.161,0.157,0.161,0.107,0.118,0.108
1425,326.00,681.32,255,1.862,490.2,0.148,0.181,0.207,0.222,0.089,0.070,0.081
1426,509.00,678.75,449,1.884,490.9,0.118,0.192,0.226,0.150,0.101,0.095,0.116
1427,913.00,679.78,752,1.828,491.1,0.128,0.174,0.239,0.174,0.028,0.055,0.202
1428,524.00,678.98,247,1.765,491.2,0.130,0.235,0.304,0.122,0.104,0.026,0.078
1429,896.00,683.97,732,1.879,491.7,0.170,0.247,0.193,0.137,0.080,0.053,0.120
1430,786.00,684.03,714,1.890,492.4,0.174,0.202,0.178,0.127,0.084,0.078,0.157
1431,314.00,682.96,369,1.868,492.8,0.160,0.198,0.198,0.165,0.075,0.052,0.151
1432,1516.00,679.50,1271,1.840,492.9,0.227,0.200,0.107,0.160,0.133,0.107,0.067
1433,344.00,675.40,364,1.878,493.3,0.178,0.214,0.128,0.149,0.121,0.071,0.139
1434,461.00,668.19,496,1.833,493.5,0.159,0.262,0.112,0.121,0.103,0.056,0.187
1435,885.00,671.39,748,1.851,493.8,0.130,0.305,0.110,0.117,0.143,0.091,0.104
1436,715.00,673.27,658,1.921,494.4,0.156,0.190,0.101,0.118,0.161,0.120,0.154
1437,323.00,659.51,312,1.835,494.6,0.161,0.273,0.056,0.077,0.168,0.175,0.091
1438,153.00,647.92,187,1.869,494.8,0.196,0.272,0.063,0.101,0.133,0.076,0.158
1439,780.00,652.97,766,1.917,495.2,0.129,0.218,0.093,0.098,0.142,0.111,0.209
1440,1788.00,668.35,1135,1.840,495.4,0.110,0.305,0.085,0.127,0.119,0.085,0.169
1441,607.00,670.10,586,1.923,496.6,0.181,0.153,0.119,0.115,0.135,0.163,0.135
1442,109.00,662.48,186,1.685,496.9,0.061,0.311,0.136,0.182,0.121,0.053,0.136
1443,1115.00,670.79,920,1.741,497.8,0.219,0.200,0.082,0.157,0.144,0.129,0.068
1444,509.00,662.45,140,1.669,498.1,0.268,0.197,0.063,0.190,0.218,0.056,0.007
1445,404.00,653.31,436,1.701,498.3,0.195,0.289,0.078,0.211,0.156,0.031,0.039
1446,1105.00,660.82,950,1.807,498.6,0.265,0.224,0.078,0.135,0.143,0.106,0.049
1447,761.00,665.25,394,1.704,498.8,0.209,0.309,0.065,0.180,0.137,0.072,0.029
1448,495.00,662.82,477,1.806,499.5,0.280,0.180,0.086,0.127,0.166,0.125,0.036
1449,1067.00,667.90,554,1.567,499.6,0.327,0.391,0.036,0.173,0.027,0.027,0.018
1450,491.00,667.99,412,1.838,500.6,0.262,0.211,0.130,0.138,0.138,0.079,0.041
1451,265.00,669.63,130,1.698,501.0,0.330,0.152,0.157,0.183,0.127,0.020,0.030
1452,1739.00,673.35,1241,1.509,501.1,0.548,0.115,0.125,0.106,0.038,0.010,0.058
1453,821.00,671.24,824,1.765,501.6,0.357,0.093,0.118,0.082,0.186,0.086,0.079
1454,551.00,675.82,491,1.838,502.3,0.271,0.127,0.167,0.139,0.147,0.084,0.066
1455,1132.00,679.98,1060,1.691,502.6,0.376,0.110,0.186,0.100,0.119,0.038,0.071
1456,874.00,684.12,811,1.838,503.3,0.294,0.100,0.196,0.102,0.153,0.082,0.074
1457,466.00,683.33,416,1.796,503.8,0.319,0.082,0.176,0.082,0.147,0.097,0.097
1458,811.00,688.34,583,1.670,504.0,0.351,0.114,0.105,0.053,0.202,0.079,0.096
1459,557.00,687.98,512,1.875,504.7,0.223,0.102,0.130,0.109,0.209,0.109,0.119
1460,379.00,690.44,410,1.830,505.1,0.246,0.135,0.095,0.060,0.238,0.067,0.159
1461,721.00,694.05,661,1.791,505.3,0.225,0.155,0.109,0.054,0.202,0.109,0.147
1462,427.00,689.13,430,1.810,505.8,0.285,0.194,0.103,0.058,0.188,0.033,0.139
1463,755.00,691.85,737,1.902,506.9,0.220,0.145,0.146,0.093,0.144,0.144,0.107
1464,978.00,698.72,784,1.805,507.1,0.278,0.093,0.052,0.031,0.155,0.113,0.278
1465,288.00,699.88,323,1.893,507.6,0.198,0.088,0.142,0.096,0.218,0.130,0.127
1466,620.00,700.30,329,1.276,507.7,0.202,0.060,0.000,0.036,0.143,0.524,0.036
1467,1060.00,702.20,1100,1.578,507.8,0.364,0.045,0.045,0.000,0.106,0.303,0.136
1468,573.00,702.46,612,1.893,508.3,0.225,0.126,0.073,0.129,0.142,0.156,0.149
1469,510.00,699.43,353,1.875,508.6,0.225,0.115,0.070,0.140,0.160,0.195,0.095
1470,496.00,693.81,340,1.869,509.0,0.203,0.086,0.113,0.094,0.165,0.244,0.094
1471,553.00,694.29,447,1.711,509.2,0.302,0.123,0.113,0.019,0.047,0.245,0.151
1472,390.00,688.83,401,1.671,509.4,0.229,0.059,0.041,0.041,0.071,0.418,0.141
1473,843.00,689.07,684,1.869,509.7,0.241,0.136,0.084,0.105,0.110,0.209,0.115
1474,235.00,689.97,246,1.909,510.1,0.229,0.085,0.155,0.107,0.122,0.196,0.107
1475,984.00,697.14,884,1.800,510.3,0.188,0.079,0.149,0.109,0.099,0.218,0.158
1476,186.00,694.47,211,1.905,510.6,0.193,0.116,0.092,0.097,0.101,0.227,0.174
1477,489.00,695.01,459,1.902,510.9,0.168,0.137,0.163,0.121,0.132,0.184,0.095
1478,343.00,696.14,405,1.914,511.4,0.206,0.089,0.164,0.070,0.173,0.184,0.114
1479,1107.00,700.31,960,1.919,512.2,0.168,0.110,0.162,0.132,0.124,0.204,0.100
1480,1156.00,706.49,1062,1.862,512.4,0.192,0.083,0.175,0.108,0.083,0.258,0.100
1481,528.00,690.83,467,1.918,513.1,0.165,0.104,0.137,0.127,0.127,0.211,0.131
1482,403.00,689.39,376,1.881,513.2,0.272,0.173,0.074,0.086,0.062,0.284,0.049
1483,836.00,689.13,675,1.845,513.6,0.244,0.111,0.150,0.107,0.107,0.175,0.107
1484,640.00,687.50,545,1.823,513.9,0.323,0.149,0.149,0.037,0.043,0.174,0.124
1485,215.00,684.64,194,1.897,514.3,0.232,0.163,0.149,0.076,0.135,0.118,0.128
1486,506.00,680.55,475,1.909,514.8,0.205,0.149,0.146,0.104,0.143,0.156,0.097
1487,526.00,678.80,436,1.843,515.0,0.284,0.148,0.099,0.086,0.136,0.105,0.142
1488,1251.00,686.27,1205,1.897,515.8,0.185,0.127,0.112,0.105,0.172,0.197,0.101
1489,984.00,688.97,783,1.809,516.1,0.306,0.169,0.069,0.031,0.119,0.200,0.106
1490,809.00,691.31,769,1.803,516.4,0.256,0.146,0.075,0.050,0.136,0.231,0.106
1491,826.00,688.76,486,1.835,516.7,0.232,0.090,0.123,0.084,0.174,0.219,0.077
1492,580.00,693.84,529,1.894,517.3,0.196,0.139,0.103,0.116,0.131,0.178,0.137
1493,913.00,695.71,838,1.800,517.4,0.265,0.127,0.059,0.078,0.235,0.098,0.137
1494,752.00,697.76,680,1.890,518.1,0.245,0.158,0.097,0.102,0.153,0.158,0.087
1495,708.00,694.69,559,1.868,518.4,0.304,0.189,0.088,0.189,0.047,0.068,0.115
1496,656.00,686.79,609,1.886,518.9,0.243,0.105,0.094,0.123,0.098,0.207,0.130
1497,781.00,690.48,855,1.901,519.8,0.179,0.121,0.068,0.139,0.148,0.227,0.118
1498,229.00,686.63,243,1.793,520.1,0.078,0.137,0.026,0.072,0.157,0.288,0.242
1499,496.00,687.35,457,1.870,520.5,0.160,0.093,0.071,0.114,0.139,0.281,0.142
1500,613.00,684.41,540,1.586,520.8,0.124,0.077,0.031,0.113,0.093,0.397,0.165
1501,292.00,676.43,117,1.653,521.1,0.143,0.000,0.043,0.106,0.043,0.540,0.124
1502,292.00,659.29,262,1.634,521.4,0.092,0.033,0.033,0.124,0.092,0.320,0.307
1503,657.00,650.96,672,1.670,521.5,0.184,0.061,0.041,0.112,0.102,0.327,0.173
1504,585.00,651.95,577,1.018,521.6,0.038,0.000,0.000,0.019,0.058,0.519,0.365
1505,336.00,649.68,270,1.887,522.0,0.147,0.086,0.147,0.122,0.122,0.276,0.100
1506,489.00,650.13,415,1.879,522.5,0.193,0.099,0.091,0.199,0.108,0.205,0.105
1507,633.00,648.50,707,1.890,523.1,0.157,0.131,0.091,0.174,0.124,0.205,0.119
1508,149.00,640.88,229,1.913,523.6,0.099,0.133,0.063,0.181,0.205,0.187,0.133
1509,308.00,643.29,314,1.913,523.9,0.158,0.158,0.068,0.237,0.113,0.158,0.107
1510,688.00,645.38,624,1.921,524.5,0.126,0.167,0.128,0.187,0.149,0.159,0.085
1511,139.00,640.13,219,1.877,524.7,0.085,0.128,0.099,0.227,0.163,0.213,0.085
1512,368.00,635.75,283,1.903,525.2,0.125,0.140,0.128,0.226,0.136,0.179,0.066
1513,833.00,636.24,684,1.919,526.0,0.128,0.169,0.105,0.142,0.197,0.173,0.086
1514,605.00,639.50,336,1.845,526.3,0.142,0.123,0.185,0.191,0.154,0.173,0.031
1515,353.00,639.13,302,1.880,526.6,0.143,0.103,0.151,0.226,0.187,0.135,0.056
1516,456.00,636.12,346,1.886,527.1,0.164,0.203,0.132,0.142,0.174,0.142,0.043
1517,317.00,636.05,349,1.904,527.9,0.160,0.187,0.132,0.160,0.152,0.143,0.066
1518,635.00,635.34,540,1.816,528.0,0.330,0.130,0.040,0.360,0.030,0.080,0.030
1519,646.00,633.28,545,1.862,528.3,0.192,0.172,0.101,0.172,0.136,0.141,0.086
1520,813.00,635.57,811,1.827,528.6,0.202,0.181,0.053,0.197,0.085,0.149,0.133
1521,488.00,638.16,473,1.859,529.0,0.224,0.204,0.043,0.157,0.118,0.122,0.133
1522,1602.00,640.93,1390,1.800,529.2,0.148,0.268,0.049,0.191,0.104,0.153,0.087
1523,972.00,646.73,701,1.800,529.6,0.191,0.234,0.043,0.187,0.091,0.172,0.081
1524,355.00,644.68,383,1.864,530.1,0.243,0.175,0.079,0.158,0.114,0.132,0.099
1525,464.00,646.06,522,1.874,530.6,0.215,0.212,0.070,0.154,0.093,0.148,0.108
1526,483.00,645.80,383,1.888,531.1,0.203,0.145,0.067,0.203,0.140,0.154,0.087
1527,225.00,638.92,298,1.737,531.5,0.287,0.114,0.035,0.335,0.098,0.055,0.075
1528,804.00,641.72,614,1.713,531.7,0.343,0.088,0.066,0.314,0.066,0.051,0.073
1529,477.00,637.53,464,1.919,532.9,0.159,0.212,0.110,0.144,0.124,0.141,0.109
1530,299.00,632.66,202,1.799,533.2,0.179,0.275,0.217,0.130,0.039,0.068,0.092
1531,708.00,636.60,615,1.851,533.8,0.145,0.216,0.170,0.190,0.091,0.094,0.094
1532,411.00,625.55,363,1.653,534.1,0.163,0.249,0.268,0.211,0.029,0.010,0.072
1533,523.00,627.34,483,1.804,534.5,0.184,0.216,0.213,0.191,0.099,0.050,0.046
1534,535.00,628.08,437,1.687,534.8,0.169,0.267,0.157,0.215,0.058,0.023,0.110
1535,739.00,626.62,654,1.764,535.2,0.250,0.296,0.136,0.121,0.096,0.032,0.068
1536,923.00,628.70,963,1.536,535.4,0.350,0.308,0.137,0.085,0.009,0.000,0.111
1537,617.00,631.64,616,1.867,536.1,0.208,0.179,0.149,0.147,0.105,0.096,0.116
1538,385.00,633.96,371,1.056,536.1,0.191,0.064,0.191,0.021,0.000,0.000,0.532
1539,835.00,634.51,851,1.725,536.5,0.327,0.159,0.164,0.150,0.066,0.022,0.111
1540,219.00,618.82,219,0.913,536.5,0.000,0.028,0.083,0.000,0.000,0.000,0.889
1541,527.00,618.02,409,1.761,536.9,0.310,0.171,0.128,0.124,0.085,0.043,0.140
1542,477.00,621.70,501,1.685,537.3,0.328,0.228,0.108,0.129,0.052,0.013,0.142
1543,649.00,617.04,579,1.768,537.8,0.301,0.209,0.134,0.114,0.088,0.039,0.114
1544,114.00,613.09,133,1.540,537.9,0.440,0.248,0.092,0.101,0.055,0.009,0.055
1545,372.00,612.77,412,1.743,538.3,0.326,0.196,0.138,0.116,0.085,0.022,0.116
1546,486.00,606.58,511,1.900,539.4,0.168,0.155,0.137,0.163,0.140,0.115,0.122
1547,411.00,603.08,348,1.885,540.3,0.191,0.164,0.133,0.142,0.178,0.063,0.128
1548,467.00,602.80,489,1.758,540.5,0.262,0.167,0.083,0.238,0.071,0.000,0.179
1549,204.00,594.17,204,1.067,540.6,0.784,0.027,0.000,0.000,0.000,0.000,0.189
1550,569.00,594.95,523,1.799,540.8,0.267,0.156,0.122,0.111,0.100,0.044,0.200
1551,521.00,597.51,404,1.557,540.9,0.271,0.167,0.083,0.062,0.062,0.021,0.333
1552,594.00,586.06,573,1.878,541.1,0.145,0.072,0.181,0.145,0.174,0.080,0.203
1553,918.00,587.03,803,1.921,542.1,0.158,0.114,0.176,0.137,0.195,0.111,0.109
1554,305.00,584.57,209,1.894,542.4,0.182,0.110,0.122,0.138,0.166,0.061,0.221
1555,1039.00,583.64,931,1.902,542.7,0.134,0.085,0.183,0.201,0.183,0.103,0.112
1556,589.00,580.79,506,1.899,543.2,0.098,0.101,0.186,0.139,0.213,0.109,0.154
1557,613.00,582.26,439,1.862,543.5,0.169,0.104,0.164,0.204,0.124,0.095,0.139
1558,1047.00,584.62,725,1.599,543.6,0.304,0.054,0.196,0.161,0.018,0.018,0.250
1559,195.00,581.00,275,1.802,543.9,0.137,0.075,0.224,0.261,0.093,0.075,0.137
1560,585.00,583.06,287,1.859,544.1,0.156,0.084,0.162,0.234,0.123,0.078,0.162
1561,414.00,579.99,443,1.869,544.5,0.210,0.103,0.177,0.185,0.074,0.045,0.206
1562,667.00,582.39,471,1.903,544.9,0.183,0.138,0.110,0.186,0.093,0.134,0.155
1563,798.00,582.82,521,1.911,545.1,0.154,0.103,0.140,0.162,0.125,0.132,0.184
1564,466.00,577.70,440,1.695,545.2,0.333,0.145,0.130,0.130,0.043,0.043,0.174
1565,1032.00,585.14,946,1.706,545.4,0.343,0.119,0.090,0.134,0.015,0.045,0.254
1566,572.00,584.66,441,1.883,545.5,0.239,0.097,0.124,0.150,0.053,0.142,0.195
1567,204.00,576.10,265,1.908,546.1,0.146,0.125,0.162,0.155,0.116,0.149,0.146
1568,686.00,577.23,590,1.922,546.3,0.166,0.074,0.129,0.166,0.190,0.147,0.129
1569,431.00,576.44,511,1.887,546.5,0.268,0.081,0.122,0.098,0.106,0.146,0.179
1570,627.00,577.75,438,1.928,546.9,0.154,0.084,0.117,0.165,0.198,0.179,0.103
1571,375.00,575.97,454,1.926,547.3,0.248,0.143,0.155,0.093,0.120,0.116,0.124
1572,505.00,577.12,580,1.931,547.9,0.142,0.118,0.142,0.137,0.177,0.182,0.102
1573,540.00,574.09,508,1.821,548.1,0.281,0.105,0.096,0.140,0.096,0.105,0.175
1574,193.00,573.67,223,1.906,548.3,0.240,0.126,0.158,0.126,0.104,0.109,0.137
1575,866.00,572.49,780,1.923,548.8,0.170,0.181,0.124,0.152,0.117,0.184,0.071
1576,286.00,573.49,212,1.923,549.2,0.171,0.155,0.155,0.101,0.161,0.146,0.111
1577,668.00,575.28,415,1.703,549.4,0.261,0.293,0.130,0.076,0.011,0.076,0.152
1578,422.00,576.07,502,1.927,549.9,0.169,0.158,0.172,0.129,0.115,0.181,0.077
1579,442.00,569.42,279,1.929,550.5,0.185,0.138,0.187,0.123,0.094,0.131,0.143
1580,311.00,560.97,380,1.934,551.0,0.158,0.121,0.153,0.161,0.161,0.158,0.088
1581,1291.00,568.60,1144,1.840,551.2,0.220,0.106,0.114,0.154,0.138,0.089,0.179
1582,1091.00,575.48,1003,1.854,551.6,0.201,0.148,0.138,0.124,0.134,0.138,0.117
1583,293.00,570.05,302,1.787,551.9,0.352,0.151,0.063,0.075,0.107,0.050,0.201
1584,341.00,567.06,322,1.817,552.1,0.279,0.123,0.148,0.066,0.090,0.066,0.230
1585,1422.00,579.13,1422,1.760,552.2,0.205,0.128,0.244,0.077,0.064,0.026,0.256
1586,1035.00,584.42,1016,1.733,552.3,0.245,0.132,0.245,0.038,0.075,0.057,0.208
1587,506.00,584.22,538,1.905,552.7,0.189,0.113,0.135,0.131,0.207,0.109,0.116
1588,1337.00,585.08,1221,1.339,552.8,0.267,0.233,0.067,0.017,0.017,0.000,0.400
1589,510.00,580.34,358,1.653,553.0,0.423,0.155,0.031,0.062,0.062,0.052,0.216
1590,694.00,579.19,734,1.881,553.5,0.233,0.147,0.080,0.112,0.160,0.152,0.115
1591,636.00,577.29,611,1.862,553.8,0.245,0.122,0.105,0.127,0.114,0.131,0.157
1592,238.00,573.87,318,1.628,554.0,0.181,0.111,0.028,0.042,0.083,0.167,0.389
1593,357.00,568.31,357,1.698,554.1,0.291,0.018,0.073,0.018,0.073,0.145,0.382
1594,662.00,567.41,464,1.909,554.4,0.246,0.188,0.107,0.098,0.134,0.121,0.107
1595,281.00,563.14,281,0.893,554.5,0.081,0.027,0.027,0.081,0.000,0.081,0.703
1596,373.00,560.31,373,0.978,554.6,0.000,0.021,0.000,0.000,0.021,0.213,0.745
1597,912.00,561.62,874,1.505,554.7,0.092,0.092,0.062,0.154,0.000,0.154,0.446
1598,110.00,560.43,98,1.864,555.0,0.134,0.166,0.099,0.146,0.075,0.178,0.202
1599,247.00,557.94,231,1.238,555.1,0.122,0.220,0.000,0.000,0.000,0.049,0.610
1600,668.00,558.49,512,1.747,555.3,0.140,0.247,0.032,0.086,0.011,0.204,0.280
1601,260.00,558.17,323,1.907,555.7,0.157,0.168,0.073,0.168,0.088,0.164,0.182
1602,671.00,561.96,662,1.859,555.8,0.164,0.219,0.123,0.096,0.082,0.123,0.192
1603,606.00,561.45,508,1.884,556.1,0.159,0.193,0.091,0.188,0.057,0.159,0.153
1604,499.00,560.59,387,1.909,556.7,0.145,0.182,0.110,0.185,0.087,0.162,0.130
1605,534.00,562.57,574,1.931,557.2,0.144,0.152,0.103,0.141,0.167,0.176,0.117
1606,472.00,562.40,404,1.914,557.6,0.144,0.127,0.116,0.205,0.134,0.140,0.134
1607,979.00,565.86,972,1.838,557.8,0.198,0.132,0.047,0.236,0.075,0.104,0.208
1608,670.00,571.07,710,1.790,557.9,0.086,0.086,0.071,0.343,0.057,0.086,0.271
1609,954.00,577.53,802,1.898,558.1,0.189,0.170,0.104,0.170,0.085,0.104,0.179
1610,463.00,575.28,391,1.923,558.5,0.185,0.145,0.073,0.191,0.139,0.168,0.099
1611,357.00,577.46,286,1.915,558.9,0.150,0.108,0.142,0.183,0.150,0.125,0.142
1612,660.00,580.38,488,1.862,559.1,0.168,0.121,0.141,0.128,0.094,0.174,0.174
1613,408.00,576.13,357,1.871,559.5,0.109,0.202,0.078,0.097,0.121,0.268,0.125
1614,628.00,576.36,628,1.362,559.6,0.225,0.050,0.075,0.000,0.000,0.325,0.325
1615,550.00,578.33,486,1.880,560.1,0.202,0.116,0.122,0.119,0.128,0.165,0.147
1616,1723.00,591.00,1526,1.745,560.2,0.258,0.113,0.165,0.082,0.010,0.113,0.258
1617,545.00,593.28,582,1.815,560.5,0.252,0.050,0.126,0.119,0.031,0.201,0.220
1618,505.00,591.98,528,1.907,561.2,0.170,0.148,0.154,0.140,0.093,0.156,0.138
1619,421.00,589.73,96,1.168,561.4,0.069,0.046,0.448,0.356,0.000,0.023,0.057
1620,1544.00,597.04,1329,1.723,561.7,0.283,0.116,0.167,0.232,0.025,0.061,0.116
1621,298.00,595.14,298,1.758,562.2,0.249,0.117,0.163,0.206,0.040,0.083,0.140
1622,675.00,585.87,650,1.795,562.7,0.262,0.084,0.164,0.231,0.052,0.059,0.147
1623,664.00,582.79,572,1.851,563.1,0.185,0.147,0.123,0.199,0.065,0.140,0.140
1624,933.00,588.57,955,1.684,563.5,0.303,0.125,0.128,0.185,0.047,0.067,0.145
1625,1086.00,594.79,1122,1.593,563.7,0.299,0.121,0.159,0.290,0.000,0.028,0.103
1626,489.00,594.85,357,1.566,563.9,0.256,0.111,0.231,0.299,0.000,0.043,0.060
1627,681.00,599.41,435,1.862,564.2,0.259,0.159,0.134,0.188,0.038,0.113,0.109
1628,491.00,596.28,468,1.754,564.4,0.296,0.200,0.130,0.130,0.035,0.035,0.174
1629,311.00,594.62,304,1.859,564.9,0.219,0.105,0.197,0.175,0.054,0.060,0.190
1630,546.00,597.09,567,1.705,565.2,0.250,0.200,0.171,0.186,0.014,0.100,0.079
1631,53.00,590.54,133,1.620,565.4,0.140,0.402,0.056,0.187,0.000,0.159,0.056
1632,699.00,593.42,633,1.847,566.0,0.177,0.268,0.140,0.146,0.064,0.122,0.082
1633,363.00,591.82,443,1.840,566.4,0.151,0.319,0.154,0.140,0.028,0.144,0.063
1634,587.00,592.34,409,1.886,566.8,0.167,0.227,0.182,0.172,0.066,0.111,0.076
1635,344.00,588.39,370,1.864,567.1,0.263,0.137,0.132,0.185,0.049,0.127,0.107
1636,371.00,582.87,399,1.921,567.8,0.183,0.159,0.145,0.139,0.096,0.150,0.128
1637,476.00,581.46,500,1.900,568.2,0.162,0.174,0.149,0.166,0.095,0.166,0.087
1638,1096.00,588.57,1068,1.899,568.6,0.204,0.136,0.157,0.166,0.089,0.149,0.098
1639,625.00,586.47,456,1.806,568.9,0.200,0.127,0.109,0.200,0.027,0.164,0.173
1640,447.00,588.75,473,1.891,569.6,0.161,0.098,0.153,0.235,0.063,0.175,0.115
1641,463.00,588.11,446,1.870,569.8,0.198,0.119,0.111,0.214,0.048,0.151,0.159
1642,1343.00,596.77,1122,1.854,569.9,0.130,0.102,0.222,0.204,0.046,0.148,0.148
1643,225.00,592.53,195,1.913,570.1,0.191,0.157,0.165,0.200,0.070,0.078,0.139
1644,274.00,594.13,305,1.907,570.3,0.179,0.107,0.131,0.202,0.071,0.071,0.238
1645,443.00,594.84,417,1.922,570.5,0.096,0.160,0.117,0.223,0.053,0.202,0.149
1646,862.00,598.60,821,1.930,570.8,0.149,0.131,0.126,0.160,0.074,0.160,0.200
1647,158.00,596.07,202,1.928,571.2,0.127,0.119,0.146,0.185,0.127,0.181,0.115
1648,564.00,597.04,482,1.920,571.4,0.094,0.133,0.203,0.094,0.102,0.156,0.219
1649,541.00,600.41,573,1.937,572.0,0.134,0.154,0.184,0.128,0.137,0.109,0.154
1650,519.00,599.91,552,1.926,572.4,0.131,0.149,0.163,0.154,0.104,0.113,0.186
1651,570.00,600.40,586,1.923,572.8,0.147,0.117,0.169,0.234,0.117,0.078,0.139
1652,642.00,600.88,551,1.917,573.2,0.130,0.087,0.248,0.165,0.135,0.109,0.126
1653,315.00,594.85,300,1.925,573.5,0.153,0.090,0.194,0.132,0.139,0.139,0.153
1654,609.00,597.89,672,1.590,573.7,0.034,0.149,0.149,0.448,0.080,0.080,0.057
1655,320.00,590.70,342,1.921,574.1,0.152,0.104,0.175,0.185,0.142,0.095,0.147
1656,877.00,593.58,910,1.921,574.4,0.228,0.074,0.101,0.181,0.188,0.094,0.134
1657,276.00,590.21,296,1.929,574.6,0.155,0.124,0.209,0.085,0.132,0.116,0.178
1658,712.00,586.86,562,1.931,574.9,0.145,0.137,0.188,0.145,0.103,0.145,0.137
1659,586.00,590.77,503,1.937,575.3,0.125,0.177,0.164,0.121,0.151,0.159,0.103
1660,651.00,591.43,591,1.931,575.7,0.124,0.157,0.161,0.136,0.157,0.124,0.140
1661,722.00,594.51,496,1.903,575.9,0.156,0.146,0.188,0.115,0.104,0.083,0.208
1662,61.00,588.45,141,1.752,576.0,0.118,0.088,0.103,0.441,0.029,0.103,0.118
1663,726.00,587.73,522,1.890,576.4,0.180,0.102,0.092,0.170,0.073,0.131,0.252
1664,657.00,589.64,624,1.918,576.8,0.166,0.136,0.162,0.140,0.128,0.115,0.153
1665,340.00,582.72,331,1.903,577.2,0.151,0.161,0.186,0.116,0.111,0.101,0.176
1666,318.00,580.18,330,1.860,577.5,0.107,0.146,0.090,0.242,0.096,0.079,0.242
1667,653.00,584.67,552,1.860,577.9,0.106,0.149,0.207,0.058,0.178,0.106,0.197
1668,191.00,579.72,190,1.863,578.3,0.103,0.116,0.198,0.121,0.181,0.116,0.164
1669,754.00,582.95,563,1.859,578.7,0.135,0.090,0.238,0.076,0.202,0.094,0.166
1670,868.00,585.36,855,1.474,578.8,0.017,0.000,0.267,0.017,0.317,0.067,0.317
1671,597.00,587.58,562,1.868,579.3,0.103,0.138,0.210,0.114,0.186,0.107,0.141
1672,121.00,583.74,163,1.524,579.5,0.099,0.037,0.136,0.049,0.519,0.062,0.099
1673,664.00,584.98,626,1.926,581.2,0.129,0.117,0.159,0.121,0.194,0.173,0.107
1674,432.00,587.37,243,1.263,581.4,0.114,0.000,0.114,0.102,0.455,0.114,0.102
1675,175.00,580.46,255,1.299,581.6,0.157,0.000,0.076,0.022,0.503,0.114,0.130
1676,273.00,580.33,77,1.139,581.8,0.096,0.000,0.072,0.024,0.675,0.048,0.084
1677,311.00,576.76,384,1.697,582.1,0.127,0.034,0.104,0.056,0.429,0.134,0.116
1678,726.00,579.80,694,1.495,582.3,0.077,0.000,0.077,0.013,0.436,0.192,0.205
1679,116.00,576.54,179,1.579,582.5,0.127,0.030,0.085,0.012,0.491,0.121,0.133
1680,500.00,578.43,372,1.583,582.7,0.175,0.008,0.083,0.050,0.400,0.108,0.175
1681,381.00,569.33,344,1.852,583.1,0.155,0.051,0.128,0.066,0.275,0.188,0.137
1682,851.00,566.93,753,1.585,583.3,0.069,0.000,0.069,0.029,0.206,0.255,0.373
1683,449.00,568.49,372,1.829,583.7,0.187,0.073,0.117,0.097,0.167,0.207,0.153
1684,366.00,568.74,406,1.710,583.9,0.158,0.013,0.217,0.013,0.066,0.349,0.184
1685,355.00,558.07,302,1.780,584.2,0.150,0.013,0.181,0.097,0.084,0.335,0.141
1686,1164.00,559.36,772,1.598,584.4,0.163,0.010,0.163,0.019,0.125,0.385,0.135
1687,1197.00,566.27,1176,1.652,584.6,0.211,0.016,0.162,0.065,0.141,0.254,0.151
1688,731.00,560.21,604,1.588,584.9,0.114,0.016,0.119,0.043,0.114,0.405,0.189
1689,306.00,558.17,287,1.641,585.1,0.202,0.008,0.097,0.016,0.089,0.363,0.226
1690,1156.00,562.79,977,1.729,585.3,0.209,0.006,0.120,0.038,0.127,0.215,0.285
1691,1190.00,568.33,1087,1.741,585.5,0.200,0.021,0.279,0.057,0.121,0.164,0.157
1692,478.00,570.73,520,1.745,585.7,0.169,0.008,0.210,0.089,0.153,0.169,0.202
1693,823.00,575.39,778,1.731,585.8,0.295,0.011,0.205,0.023,0.205,0.091,0.170
1694,639.00,575.16,608,1.737,586.0,0.168,0.000,0.160,0.067,0.168,0.151,0.286
1695,321.00,575.56,301,1.821,586.3,0.167,0.036,0.207,0.099,0.131,0.171,0.189
1696,589.00,577.72,523,1.879,586.8,0.182,0.035,0.162,0.139,0.182,0.182,0.119
1697,1111.00,579.71,863,1.693,586.9,0.409,0.034,0.068,0.068,0.114,0.102,0.205
1698,1701.00,595.62,1033,1.658,587.1,0.299,0.013,0.091,0.052,0.312,0.065,0.169
1699,704.00,600.19,638,1.797,587.4,0.137,0.077,0.169,0.073,0.149,0.169,0.226
1700,626.00,599.77,514,1.767,587.6,0.120,0.014,0.204,0.085,0.176,0.120,0.282
1701,948.00,606.65,882,1.804,587.9,0.193,0.034,0.170,0.131,0.165,0.131,0.176
1702,587.00,605.81,587,1.765,588.1,0.216,0.006,0.164,0.123,0.199,0.058,0.234
1703,961.00,609.36,741,1.698,588.3,0.245,0.027,0.313,0.136,0.150,0.034,0.095
1704,165.00,606.02,165,1.817,588.5,0.188,0.021,0.194,0.076,0.118,0.118,0.285
1705,1098.00,611.66,968,1.797,588.7,0.216,0.020,0.155,0.128,0.128,0.115,0.236
1706,671.00,613.65,522,1.714,588.9,0.290,0.011,0.151,0.172,0.075,0.086,0.215
1707,593.00,609.79,525,1.782,589.0,0.224,0.017,0.129,0.069,0.103,0.121,0.336
1708,944.00,612.53,952,1.713,589.2,0.211,0.013,0.250,0.171,0.118,0.053,0.184
1709,227.00,605.26,307,1.880,589.6,0.143,0.061,0.128,0.088,0.155,0.171,0.253
1710,896.00,609.59,747,1.782,590.0,0.233,0.054,0.160,0.121,0.097,0.140,0.195
1711,397.00,609.99,355,1.805,590.3,0.180,0.060,0.172,0.124,0.069,0.167,0.227
1712,755.00,610.94,639,0.948,590.4,0.750,0.000,0.125,0.000,0.000,0.089,0.036
1713,574.00,612.60,363,1.697,590.7,0.163,0.040,0.233,0.066,0.026,0.357,0.115
1714,1088.00,617.20,953,1.785,591.1,0.180,0.071,0.194,0.099,0.051,0.286,0.119
1715,433.00,616.03,352,1.850,591.6,0.171,0.088,0.214,0.126,0.060,0.199,0.141
1716,377.00,602.57,247,1.774,592.0,0.258,0.049,0.242,0.140,0.061,0.136,0.114
1717,711.00,604.23,742,1.752,592.3,0.239,0.070,0.249,0.109,0.045,0.129,0.159
1718,348.00,602.66,0,0.216,592.4,0.943,0.000,0.000,0.057,0.000,0.000,0.000
1719,481.00,603.26,463,1.749,592.6,0.304,0.055,0.160,0.066,0.022,0.193,0.199
1720,1046.00,598.28,910,1.118,592.7,0.530,0.045,0.212,0.152,0.000,0.015,0.045
1721,870.00,604.00,791,1.541,592.9,0.376,0.040,0.216,0.064,0.064,0.072,0.168
1722,426.00,601.51,506,1.897,593.6,0.173,0.098,0.177,0.115,0.083,0.134,0.220
1723,1191.00,606.78,1095,1.830,593.8,0.190,0.136,0.217,0.092,0.060,0.136,0.168
1724,372.00,601.17,364,1.873,594.3,0.128,0.113,0.209,0.116,0.072,0.178,0.184
1725,491.00,595.22,460,1.912,594.7,0.141,0.129,0.204,0.114,0.087,0.168,0.159
1726,415.00,594.48,435,1.897,595.0,0.115,0.170,0.235,0.095,0.065,0.240,0.080
1727,794.00,595.61,465,1.751,595.2,0.139,0.228,0.139,0.109,0.129,0.168,0.089
1728,676.00,597.46,660,1.929,595.6,0.124,0.131,0.187,0.099,0.173,0.159,0.127
1729,812.00,602.47,782,1.919,596.1,0.132,0.146,0.167,0.120,0.117,0.189,0.129
1730,865.00,605.66,804,1.913,596.6,0.143,0.135,0.162,0.132,0.127,0.195,0.105
1731,-1.00,605.12,0,1.463,596.7,0.237,0.186,0.373,0.068,0.034,0.051,0.051
1732,497.00,603.10,400,1.920,597.0,0.177,0.119,0.212,0.102,0.111,0.173,0.106
1733,677.00,606.24,697,1.906,597.4,0.219,0.129,0.137,0.129,0.099,0.172,0.116
1734,194.00,602.31,60,1.818,597.6,0.202,0.156,0.202,0.225,0.052,0.139,0.023
1735,394.00,602.81,363,1.916,597.9,0.174,0.134,0.169,0.164,0.095,0.189,0.075
1736,639.00,605.49,636,1.921,598.3,0.152,0.134,0.170,0.113,0.106,0.205,0.120
1737,331.00,604.04,284,1.764,598.5,0.188,0.172,0.273,0.156,0.055,0.125,0.031
1738,160.00,594.68,235,1.899,598.9,0.226,0.156,0.177,0.132,0.045,0.149,0.115
1739,1200.00,600.43,961,1.928,599.2,0.179,0.100,0.162,0.105,0.135,0.197,0.122
1740,89.00,596.85,0,1.570,599.3,0.087,0.261,0.217,0.391,0.000,0.043,0.000
1741,533.00,597.55,613,1.902,599.5,0.170,0.142,0.153,0.193,0.085,0.153,0.102
1742,388.00,588.00,362,1.923,600.0,0.162,0.142,0.151,0.142,0.088,0.165,0.148
1743,451.00,590.26,449,1.913,600.5,0.159,0.154,0.214,0.121,0.129,0.118,0.104
1744,404.00,591.56,389,1.910,600.8,0.136,0.089,0.258,0.131,0.136,0.174,0.075
1745,533.00,592.46,613,1.909,601.0,0.226,0.073,0.169,0.145,0.153,0.161,0.073
1746,472.00,588.56,358,1.930,601.3,0.186,0.075,0.217,0.137,0.177,0.115,0.093
1747,394.00,590.92,391,1.928,601.7,0.174,0.104,0.185,0.168,0.138,0.141,0.091
1748,1172.00,597.00,1126,1.918,601.9,0.153,0.129,0.161,0.097,0.153,0.153,0.153
1749,400.00,595.59,409,1.941,602.4,0.121,0.165,0.151,0.136,0.136,0.160,0.131
1750,486.00,595.26,565,1.934,603.0,0.115,0.127,0.125,0.157,0.127,0.184,0.164
1751,609.00,595.65,571,1.852,603.1,0.095,0.230,0.162,0.230,0.122,0.027,0.135
1752,292.00,592.15,331,1.930,603.5,0.109,0.136,0.163,0.109,0.124,0.155,0.205
1753,504.00,594.04,478,1.931,603.9,0.089,0.109,0.147,0.140,0.105,0.209,0.202
1754,26.00,588.21,103,1.794,604.1,0.077,0.271,0.277,0.226,0.052,0.039,0.058
1755,257.00,587.58,267,1.915,604.4,0.112,0.189,0.173,0.158,0.097,0.138,0.133
1756,376.00,582.57,413,1.935,604.9,0.119,0.164,0.137,0.175,0.121,0.146,0.137
1757,1114.00,590.95,1069,1.862,605.1,0.107,0.140,0.167,0.167,0.147,0.200,0.073
1758,692.00,590.75,630,1.833,605.5,0.178,0.118,0.084,0.153,0.195,0.160,0.111
1759,429.00,589.18,406,1.868,606.2,0.167,0.119,0.071,0.176,0.165,0.199,0.101
1760,673.00,589.40,699,1.533,606.7,0.093,0.042,0.036,0.313,0.093,0.290,0.134
1761,86.00,583.04,156,1.147,606.8,0.009,0.028,0.019,0.626,0.009,0.150,0.159
1762,77.00,583.20,105,0.932,607.0,0.000,0.026,0.026,0.810,0.000,0.052,0.086
1763,1724.00,593.18,870,1.631,607.2,0.064,0.064,0.057,0.471,0.050,0.150,0.143
1764,204.00,588.65,284,1.621,607.5,0.036,0.072,0.088,0.469,0.041,0.155,0.139
1765,786.00,593.11,656,1.811,607.7,0.094,0.129,0.076,0.253,0.147,0.147,0.153
1766,628.00,596.21,523,1.778,607.9,0.040,0.109,0.099,0.277,0.109,0.129,0.238
1767,689.00,596.57,579,1.707,608.1,0.048,0.062,0.076,0.379,0.124,0.110,0.200
1768,360.00,598.26,382,1.911,608.7,0.105,0.131,0.129,0.182,0.141,0.162,0.150
1769,368.00,594.40,448,1.867,609.0,0.028,0.164,0.186,0.260,0.062,0.113,0.186
1770,127.00,586.99,0,1.174,609.1,0.000,0.067,0.500,0.250,0.033,0.050,0.100
1771,461.00,585.63,386,1.934,609.7,0.102,0.159,0.112,0.209,0.152,0.144,0.122
1772,396.00,588.38,418,1.920,610.1,0.107,0.128,0.205,0.162,0.115,0.090,0.192
1773,363.00,585.37,349,1.921,610.3,0.137,0.151,0.101,0.129,0.115,0.187,0.180
1774,1044.00,591.49,863,1.836,610.4,0.057,0.132,0.208,0.132,0.085,0.170,0.217
1775,955.00,599.29,759,1.530,610.5,0.035,0.059,0.412,0.106,0.047,0.094,0.247
1776,452.00,601.08,355,1.878,610.8,0.089,0.095,0.137,0.153,0.116,0.226,0.184
1777,920.00,607.17,804,1.798,611.1,0.070,0.097,0.199,0.140,0.134,0.188,0.172
1778,1656.00,616.47,1137,1.063,611.2,0.018,0.053,0.570,0.096,0.018,0.088,0.158
1779,371.00,619.02,306,1.865,611.5,0.088,0.088,0.152,0.162,0.098,0.152,0.260
1780,1065.00,624.67,1039,1.774,611.9,0.039,0.143,0.209,0.155,0.128,0.120,0.205
1781,175.00,622.61,207,1.849,612.1,0.089,0.108,0.228,0.133,0.108,0.177,0.158
1782,939.00,623.49,799,1.899,612.4,0.108,0.108,0.185,0.167,0.135,0.158,0.140
1783,607.00,625.07,525,1.920,613.0,0.097,0.137,0.140,0.131,0.191,0.191,0.113
1784,639.00,627.80,634,1.354,613.1,0.026,0.468,0.052,0.052,0.000,0.091,0.312
1785,988.00,634.13,789,1.752,613.3,0.129,0.245,0.092,0.061,0.031,0.215,0.227
1786,581.00,628.30,475,1.902,613.9,0.085,0.185,0.169,0.110,0.106,0.190,0.155
1787,373.00,620.06,326,1.880,614.1,0.090,0.144,0.156,0.102,0.132,0.156,0.222
1788,246.00,615.21,326,1.908,614.5,0.112,0.183,0.124,0.143,0.163,0.104,0.171
1789,190.00,614.05,265,1.617,614.6,0.042,0.500,0.069,0.014,0.014,0.083,0.278
1790,308.00,605.57,318,1.929,615.0,0.118,0.192,0.160,0.146,0.160,0.122,0.101
1791,312.00,596.79,379,1.822,615.1,0.074,0.181,0.266,0.085,0.096,0.085,0.213
1792,509.00,597.10,529,1.926,615.6,0.105,0.136,0.157,0.136,0.202,0.145,0.120
1793,677.00,595.64,648,1.930,616.6,0.138,0.162,0.121,0.150,0.158,0.125,0.146
1794,383.00,593.08,463,1.910,616.9,0.117,0.160,0.083,0.214,0.126,0.204,0.097
1795,804.00,597.91,599,1.924,617.4,0.158,0.206,0.096,0.142,0.134,0.158,0.107
1796,334.00,595.36,410,1.645,617.5,0.026,0.421,0.053,0.092,0.000,0.197,0.211
1797,260.00,586.85,245,1.900,617.7,0.261,0.131,0.097,0.125,0.091,0.142,0.153
1798,683.00,576.67,493,1.899,618.0,0.203,0.105,0.122,0.093,0.099,0.244,0.134
1799,493.00,574.56,335,1.912,618.2,0.176,0.181,0.059,0.154,0.122,0.149,0.160
1800,442.00,572.72,458,1.892,618.6,0.186,0.198,0.099,0.099,0.091,0.198,0.130
1801,832.00,571.56,735,1.912,618.9,0.172,0.148,0.102,0.102,0.127,0.201,0.148
1802,373.00,569.42,343,1.808,619.1,0.161,0.258,0.043,0.097,0.108,0.108,0.226
1803,1076.00,570.57,918,1.893,619.3,0.137,0.149,0.097,0.166,0.160,0.154,0.137
1804,281.00,571.73,321,1.813,619.5,0.132,0.245,0.028,0.170,0.038,0.151,0.236
1805,724.00,567.99,701,1.920,620.5,0.154,0.144,0.099,0.162,0.139,0.161,0.140
1806,828.00,569.56,497,1.568,620.8,0.128,0.213,0.018,0.067,0.280,0.085,0.207
1807,780.00,571.43,621,1.059,620.9,0.000,0.068,0.000,0.017,0.559,0.051,0.305
1808,222.00,564.21,140,1.220,621.1,0.108,0.054,0.016,0.016,0.595,0.038,0.173
1809,71.00,562.65,143,1.189,621.4,0.036,0.036,0.031,0.015,0.708,0.051,0.123
1810,300.00,556.69,245,1.567,621.7,0.134,0.072,0.053,0.043,0.545,0.033,0.120
1811,600.00,558.72,579,1.706,622.0,0.199,0.097,0.063,0.073,0.340,0.092,0.136
1812,423.00,555.40,328,1.634,622.2,0.145,0.122,0.041,0.081,0.343,0.093,0.174
1813,733.00,556.99,737,1.770,622.6,0.167,0.140,0.077,0.050,0.347,0.090,0.131
1814,649.00,552.60,530,1.809,622.9,0.185,0.157,0.055,0.110,0.213,0.098,0.181
1815,566.00,553.93,481,1.867,623.5,0.132,0.105,0.059,0.123,0.267,0.116,0.196
1816,258.00,552.74,269,1.855,623.7,0.229,0.186,0.043,0.086,0.150,0.179,0.129
1817,1175.00,557.38,1148,1.708,623.8,0.169,0.313,0.024,0.036,0.096,0.169,0.193
1818,1288.00,566.78,944,1.659,624.0,0.145,0.306,0.097,0.048,0.089,0.153,0.161
1819,1480.00,576.77,941,1.816,624.2,0.167,0.217,0.067,0.106,0.178,0.161,0.106
1820,951.00,575.82,944,1.887,624.6,0.229,0.155,0.103,0.126,0.184,0.103,0.100
1821,508.00,572.20,380,1.586,624.8,0.340,0.361,0.031,0.010,0.041,0.072,0.144
1822,799.00,575.93,799,1.494,624.9,0.521,0.123,0.041,0.027,0.041,0.055,0.192
1823,775.00,571.77,775,1.901,626.1,0.196,0.133,0.124,0.114,0.161,0.180,0.094
1824,335.00,571.40,235,1.783,626.6,0.200,0.164,0.079,0.286,0.079,0.171,0.021
1825,501.00,571.50,374,1.847,627.2,0.229,0.140,0.130,0.186,0.110,0.153,0.053
1826,253.00,569.88,265,1.873,627.9,0.209,0.204,0.104,0.164,0.158,0.122,0.038
1827,427.00,566.21,393,1.884,628.5,0.153,0.164,0.099,0.178,0.169,0.161,0.076
1828,1614.00,575.59,646,1.825,628.8,0.199,0.116,0.149,0.227,0.160,0.133,0.017
1829,895.00,576.42,453,1.681,629.0,0.140,0.184,0.123,0.325,0.070,0.123,0.035
1830,870.00,576.47,319,1.738,629.2,0.248,0.224,0.072,0.248,0.088,0.104,0.016
1831,875.00,585.23,888,1.360,629.3,0.326,0.256,0.000,0.395,0.000,0.023,0.000
1832,601.00,586.27,254,1.875,629.6,0.110,0.134,0.152,0.207,0.165,0.201,0.030
1833,637.00,585.87,643,1.875,630.0,0.138,0.208,0.125,0.142,0.154,0.204,0.029
1834,294.00,586.87,170,1.882,630.4,0.146,0.224,0.134,0.146,0.160,0.172,0.019
1835,657.00,589.50,523,1.789,630.6,0.225,0.202,0.101,0.157,0.090,0.169,0.056
1836,529.00,588.40,313,1.878,630.9,0.181,0.214,0.093,0.104,0.170,0.181,0.055
1837,549.00,590.58,464,1.894,631.2,0.144,0.149,0.135,0.135,0.191,0.191,0.056
1838,664.00,595.62,466,1.890,631.8,0.194,0.138,0.125,0.176,0.176,0.121,0.069
1839,622.00,589.84,511,1.821,632.0,0.169,0.203,0.128,0.223,0.176,0.081,0.020
1840,983.00,598.78,956,1.836,632.2,0.140,0.223,0.174,0.157,0.190,0.033,0.083
1841,61.00,594.06,141,1.882,632.6,0.164,0.173,0.159,0.178,0.178,0.070,0.079
1842,353.00,593.71,242,1.905,633.0,0.153,0.113,0.182,0.143,0.202,0.128,0.079
1843,1059.00,599.79,937,1.895,633.3,0.170,0.078,0.142,0.161,0.216,0.151,0.083
1844,579.00,601.54,600,1.901,634.0,0.188,0.087,0.183,0.120,0.227,0.111,0.084
1845,236.00,598.57,250,1.907,634.3,0.195,0.074,0.187,0.121,0.156,0.128,0.140
1846,742.00,601.27,740,1.907,634.6,0.173,0.071,0.199,0.122,0.135,0.179,0.122
1847,560.00,602.93,574,1.916,635.0,0.152,0.069,0.186,0.166,0.141,0.172,0.114
1848,770.00,598.91,716,1.897,635.3,0.195,0.060,0.195,0.110,0.140,0.190,0.110
1849,694.00,601.85,634,1.906,635.7,0.171,0.091,0.182,0.168,0.131,0.179,0.077
1850,577.00,602.76,329,1.920,636.3,0.256,0.076,0.129,0.149,0.146,0.117,0.127
1851,399.00,600.66,395,1.913,636.7,0.258,0.087,0.182,0.102,0.091,0.102,0.178
1852,711.00,604.85,656,1.854,637.0,0.305,0.113,0.099,0.136,0.108,0.136,0.103
1853,641.00,606.22,619,1.906,638.1,0.175,0.136,0.171,0.131,0.119,0.175,0.093
1854,559.00,611.55,196,1.680,638.3,0.234,0.277,0.226,0.073,0.044,0.080,0.066
1855,137.00,610.35,197,1.419,638.5,0.082,0.044,0.506,0.165,0.000,0.101,0.101
1856,426.00,610.85,419,1.775,638.8,0.066,0.066,0.385,0.189,0.061,0.098,0.135
1857,739.00,607.10,769,1.897,639.7,0.104,0.104,0.257,0.192,0.071,0.148,0.123
1858,529.00,605.47,609,1.840,640.0,0.075,0.109,0.262,0.146,0.075,0.165,0.169
1859,338.00,604.56,212,1.705,640.2,0.061,0.092,0.439,0.112,0.041,0.184,0.071
1860,731.00,605.14,698,1.846,640.3,0.067,0.115,0.202,0.154,0.048,0.240,0.173
1861,246.00,606.74,270,1.903,640.7,0.138,0.146,0.146,0.138,0.073,0.211,0.150
1862,330.00,609.27,306,1.932,641.2,0.157,0.129,0.167,0.140,0.114,0.181,0.112
1863,-73.00,591.30,0,1.811,641.3,0.140,0.200,0.280,0.020,0.040,0.240,0.080
1864,700.00,596.26,628,1.914,641.7,0.184,0.150,0.160,0.133,0.088,0.201,0.085
1865,787.00,596.27,792,1.872,642.1,0.210,0.187,0.138,0.095,0.115,0.128,0.128
1866,702.00,597.01,647,1.753,642.3,0.214,0.239,0.126,0.057,0.101,0.063,0.201
1867,885.00,598.97,797,1.807,642.7,0.291,0.175,0.107,0.077,0.124,0.103,0.124
1868,795.00,603.32,637,1.803,643.0,0.276,0.240,0.129,0.080,0.058,0.071,0.147
1869,385.00,603.49,382,1.894,643.4,0.205,0.175,0.127,0.116,0.140,0.082,0.154
1870,410.00,606.32,372,1.895,643.8,0.214,0.133,0.162,0.104,0.149,0.081,0.159
1871,1118.00,612.89,1104,1.807,644.0,0.275,0.283,0.080,0.080,0.058,0.087,0.138
1872,1519.00,624.12,1324,1.711,644.2,0.260,0.244,0.049,0.073,0.106,0.114,0.154
1873,1259.00,633.08,1080,1.588,644.3,0.382,0.275,0.049,0.098,0.049,0.039,0.108
1874,780.00,630.44,780,1.623,644.5,0.427,0.318,0.045,0.073,0.018,0.036,0.082
1875,1078.00,631.67,651,1.710,644.6,0.272,0.284,0.074,0.136,0.049,0.062,0.123
1876,805.00,635.20,684,1.879,644.9,0.214,0.196,0.077,0.107,0.119,0.107,0.179
1877,895.00,634.95,810,1.800,645.0,0.157,0.139,0.148,0.183,0.070,0.052,0.252
1878,371.00,622.10,316,1.693,645.1,0.230,0.131,0.131,0.279,0.033,0.016,0.180
1879,314.00,621.53,387,1.912,645.7,0.153,0.211,0.124,0.126,0.124,0.096,0.167
1880,667.00,617.55,603,1.603,645.8,0.143,0.314,0.014,0.214,0.000,0.029,0.286
1881,330.00,619.10,252,1.801,646.0,0.159,0.358,0.093,0.099,0.073,0.066,0.152
1882,189.00,611.60,219,1.903,646.5,0.138,0.206,0.134,0.134,0.116,0.091,0.181
1883,680.00,612.33,598,1.888,646.6,0.232,0.248,0.104,0.072,0.080,0.072,0.192
1884,402.00,609.96,467,1.920,647.1,0.167,0.141,0.127,0.116,0.144,0.105,0.201
1885,967.00,609.75,909,1.836,647.3,0.143,0.259,0.161,0.089,0.107,0.062,0.179
1886,450.00,608.44,448,1.855,647.4,0.135,0.198,0.108,0.081,0.189,0.054,0.234
1887,726.00,611.97,651,1.908,648.2,0.141,0.187,0.101,0.124,0.160,0.134,0.153
1888,1169.00,621.20,1136,1.835,648.5,0.136,0.272,0.080,0.117,0.173,0.062,0.160
1889,277.00,622.07,347,1.860,648.9,0.135,0.302,0.081,0.095,0.113,0.081,0.194
1890,1110.00,630.09,1089,1.925,650.1,0.152,0.190,0.111,0.126,0.136,0.138,0.147
1891,899.00,635.96,910,1.918,650.8,0.188,0.185,0.118,0.106,0.142,0.120,0.142
1892,732.00,638.19,719,1.921,651.8,0.194,0.147,0.126,0.117,0.150,0.117,0.148
1893,1036.00,641.78,957,1.860,652.0,0.297,0.069,0.059,0.168,0.158,0.089,0.158
1894,550.00,643.45,539,1.648,652.2,0.056,0.133,0.203,0.112,0.070,0.336,0.091
1895,613.00,641.54,387,1.641,652.5,0.037,0.079,0.280,0.073,0.140,0.348,0.043
1896,574.00,643.94,606,1.904,654.3,0.091,0.165,0.145,0.138,0.177,0.189,0.095
1897,80.00,642.14,7,1.771,654.4,0.087,0.116,0.246,0.145,0.145,0.246,0.014
1898,514.00,640.45,437,1.848,654.8,0.152,0.188,0.130,0.233,0.135,0.130,0.031
1899,766.00,643.18,766,1.913,656.0,0.190,0.203,0.115,0.164,0.124,0.146,0.058
1900,426.00,643.02,435,1.916,656.5,0.155,0.173,0.104,0.183,0.144,0.144,0.097
1901,961.00,644.31,885,1.922,657.0,0.206,0.127,0.086,0.127,0.162,0.151,0.141
1902,1182.00,652.40,1222,1.899,657.3,0.284,0.158,0.084,0.126,0.111,0.153,0.084
1903,459.00,646.23,446,1.910,658.0,0.250,0.146,0.124,0.121,0.096,0.138,0.126
1904,437.00,647.79,426,1.865,658.2,0.233,0.172,0.129,0.086,0.052,0.207,0.121
1905,990.00,650.45,723,1.842,658.4,0.227,0.087,0.060,0.173,0.167,0.213,0.073
1906,140.00,643.57,165,1.773,658.7,0.162,0.199,0.088,0.147,0.103,0.250,0.051
1907,1204.00,647.81,1001,1.777,659.0,0.130,0.156,0.071,0.175,0.091,0.299,0.078
1908,1131.00,656.90,314,1.561,659.2,0.095,0.214,0.143,0.083,0.083,0.345,0.036
1909,986.00,666.05,992,1.875,659.7,0.144,0.174,0.074,0.151,0.120,0.244,0.094
1910,897.00,672.02,806,1.924,660.9,0.133,0.150,0.124,0.154,0.160,0.169,0.110
1911,468.00,670.70,442,1.888,661.6,0.120,0.199,0.104,0.090,0.139,0.190,0.157
1912,1159.00,678.06,652,1.599,661.9,0.117,0.275,0.058,0.094,0.064,0.275,0.117
1913,708.00,677.81,621,1.883,662.8,0.132,0.203,0.111,0.088,0.123,0.235,0.108
1914,73.00,672.05,110,1.348,662.9,0.017,0.467,0.017,0.217,0.033,0.250,0.000
1915,1130.00,677.69,690,1.778,663.2,0.163,0.235,0.048,0.139,0.139,0.199,0.078
1916,769.00,682.80,684,1.743,663.5,0.118,0.171,0.048,0.182,0.096,0.326,0.059
1917,1604.00,687.09,787,1.587,663.7,0.109,0.150,0.020,0.184,0.095,0.429,0.014
1918,268.00,676.89,279,1.847,664.6,0.132,0.154,0.073,0.162,0.134,0.267,0.079
1919,514.00,667.23,571,1.873,665.2,0.189,0.108,0.076,0.158,0.147,0.237,0.084
1920,957.00,667.29,797,1.823,665.7,0.213,0.169,0.107,0.121,0.096,0.217,0.077
1921,389.00,666.10,277,1.746,666.0,0.096,0.217,0.078,0.169,0.090,0.301,0.048
1922,911.00,667.22,887,1.790,666.3,0.231,0.215,0.075,0.145,0.059,0.215,0.059
1923,1148.00,670.95,166,1.738,666.6,0.185,0.244,0.101,0.126,0.067,0.235,0.042
1924,1388.00,681.48,1166,1.776,667.0,0.191,0.276,0.111,0.101,0.095,0.171,0.055
1925,914.00,685.61,285,1.655,667.2,0.144,0.333,0.081,0.117,0.045,0.252,0.027
1926,695.00,690.03,726,1.896,668.3,0.185,0.175,0.133,0.123,0.119,0.170,0.095
1927,1376.00,699.52,1130,1.693,668.4,0.284,0.149,0.068,0.135,0.068,0.257,0.041
1928,475.00,688.13,452,1.837,668.8,0.268,0.160,0.067,0.082,0.108,0.227,0.088
1929,403.00,683.21,473,1.891,669.3,0.220,0.165,0.083,0.071,0.150,0.232,0.079
1930,1288.00,687.39,1092,1.880,669.7,0.212,0.174,0.095,0.145,0.149,0.124,0.100
1931,729.00,685.93,492,1.643,669.9,0.190,0.305,0.086,0.105,0.086,0.210,0.019
1932,1521.00,695.13,1484,1.795,670.2,0.178,0.222,0.094,0.072,0.144,0.206,0.083
1933,392.00,692.68,454,1.901,670.8,0.182,0.118,0.112,0.100,0.161,0.227,0.100
1934,1149.00,701.23,928,1.774,670.9,0.372,0.191,0.096,0.053,0.128,0.117,0.043
1935,335.00,698.01,415,1.908,671.4,0.176,0.142,0.109,0.105,0.146,0.218,0.105
1936,561.00,698.33,372,1.895,671.7,0.162,0.132,0.162,0.093,0.206,0.147,0.098
1937,725.00,700.09,622,1.899,672.4,0.191,0.138,0.118,0.096,0.225,0.169,0.065
1938,577.00,699.22,497,1.835,672.7,0.157,0.116,0.174,0.105,0.279,0.116,0.052
1939,417.00,697.17,415,1.873,673.0,0.129,0.080,0.149,0.134,0.259,0.159,0.090
1940,152.00,688.86,232,1.862,673.3,0.142,0.083,0.142,0.150,0.275,0.133,0.075
1941,292.00,691.17,309,1.851,673.4,0.128,0.106,0.160,0.128,0.245,0.202,0.032
1942,628.00,693.92,543,1.887,673.6,0.185,0.076,0.134,0.168,0.185,0.176,0.076
1943,264.00,685.97,340,1.912,674.0,0.149,0.174,0.115,0.140,0.157,0.204,0.060
1944,833.00,688.51,724,1.914,674.3,0.116,0.168,0.162,0.110,0.173,0.191,0.081
1945,1094.00,697.09,1069,1.895,674.5,0.204,0.068,0.146,0.117,0.175,0.214,0.078
1946,684.00,696.51,435,1.899,674.8,0.166,0.105,0.133,0.177,0.155,0.199,0.066
1947,337.00,694.28,315,1.932,675.5,0.122,0.132,0.164,0.152,0.174,0.184,0.072
1948,444.00,691.02,506,1.937,676.3,0.158,0.177,0.131,0.133,0.131,0.143,0.127
1949,812.00,692.20,678,1.897,676.5,0.166,0.166,0.149,0.126,0.131,0.137,0.126
1950,770.00,694.13,694,1.754,676.7,0.240,0.173,0.160,0.227,0.093,0.013,0.093
1951,1993.00,710.07,1437,1.776,676.9,0.289,0.124,0.190,0.124,0.140,0.066,0.066
1952,1630.00,719.26,1315,1.516,677.1,0.455,0.106,0.152,0.121,0.121,0.015,0.030
1953,811.00,720.96,700,1.556,677.2,0.260,0.090,0.200,0.260,0.090,0.060,0.040
1954,876.00,724.13,850,1.881,677.8,0.227,0.152,0.144,0.163,0.168,0.091,0.053
1955,1729.00,740.05,1523,1.575,678.0,0.333,0.278,0.097,0.056,0.139,0.014,0.083
1956,354.00,739.33,387,1.828,678.4,0.158,0.229,0.140,0.118,0.183,0.057,0.115
1957,668.00,738.62,612,1.920,679.2,0.180,0.184,0.119,0.125,0.162,0.102,0.127
1958,501.00,738.34,477,1.914,679.7,0.163,0.218,0.115,0.183,0.147,0.093,0.080
1959,1283.00,747.79,585,1.781,679.9,0.227,0.133,0.141,0.203,0.219,0.039,0.039
1960,660.00,747.08,569,1.926,680.5,0.149,0.106,0.176,0.155,0.176,0.128,0.109
1961,483.00,749.45,355,1.922,680.8,0.143,0.154,0.176,0.181,0.165,0.104,0.077
1962,1386.00,760.01,1224,1.902,681.1,0.175,0.175,0.187,0.151,0.102,0.120,0.090
1963,415.00,764.89,495,1.820,681.3,0.108,0.196,0.216,0.137,0.206,0.029,0.108
1964,161.00,759.50,211,1.862,681.6,0.137,0.266,0.165,0.094,0.187,0.036,0.115
1965,427.00,755.90,391,1.913,681.9,0.176,0.222,0.176,0.108,0.148,0.068,0.102
1966,1178.00,760.66,951,1.876,682.2,0.131,0.252,0.155,0.136,0.107,0.131,0.087
1967,1232.00,764.13,1202,1.793,682.5,0.214,0.279,0.104,0.097,0.123,0.078,0.104
1968,1012.00,766.30,1017,1.921,683.6,0.152,0.205,0.169,0.122,0.094,0.160,0.098
1969,375.00,766.20,393,1.882,684.0,0.141,0.317,0.098,0.132,0.137,0.098,0.078
1970,385.00,765.95,465,1.904,684.4,0.143,0.265,0.157,0.143,0.096,0.104,0.091
1971,525.00,760.02,529,1.919,684.9,0.184,0.237,0.128,0.156,0.097,0.091,0.106
1972,556.00,750.39,357,1.896,685.4,0.184,0.151,0.114,0.171,0.184,0.151,0.045
1973,1281.00,750.61,1162,1.905,685.7,0.245,0.158,0.117,0.163,0.102,0.138,0.077
1974,1059.00,753.40,614,1.822,685.9,0.214,0.175,0.079,0.135,0.246,0.095,0.056
1975,1080.00,753.42,996,1.912,686.4,0.173,0.176,0.118,0.147,0.144,0.137,0.105
1976,728.00,752.65,695,1.923,687.7,0.180,0.166,0.133,0.131,0.153,0.132,0.105
1977,668.00,750.38,604,1.887,688.1,0.168,0.160,0.116,0.134,0.160,0.093,0.168
1978,534.00,752.01,521,1.800,688.6,0.217,0.193,0.108,0.201,0.129,0.024,0.129
1979,738.00,756.25,713,1.755,689.0,0.313,0.091,0.157,0.131,0.192,0.040,0.076
1980,1001.00,759.59,961,1.808,689.6,0.291,0.110,0.156,0.133,0.150,0.049,0.112
1981,281.00,759.10,349,1.788,690.0,0.284,0.102,0.178,0.140,0.199,0.017,0.081
1982,976.00,766.97,935,1.789,690.2,0.220,0.098,0.121,0.197,0.220,0.030,0.114
1983,619.00,766.36,489,1.623,690.4,0.312,0.073,0.125,0.219,0.167,0.031,0.073
1984,685.00,769.19,694,1.829,690.6,0.278,0.139,0.130,0.122,0.148,0.026,0.157
1985,1008.00,769.60,857,1.875,691.0,0.217,0.157,0.143,0.109,0.178,0.057,0.139
1986,1329.00,778.39,1260,1.786,691.3,0.288,0.098,0.144,0.205,0.129,0.038,0.098
1987,1069.00,781.82,848,1.861,691.8,0.203,0.125,0.154,0.167,0.174,0.030,0.148
1988,1750.00,787.63,1488,1.776,692.2,0.211,0.089,0.211,0.131,0.174,0.042,0.141
1989,461.00,789.47,541,1.672,692.5,0.110,0.039,0.344,0.143,0.201,0.006,0.156
1990,394.00,782.31,389,1.840,693.0,0.167,0.106,0.221,0.133,0.106,0.038,0.228
1991,549.00,778.81,523,1.898,693.6,0.151,0.133,0.123,0.136,0.151,0.078,0.229
1992,1285.00,784.34,1087,1.633,693.8,0.104,0.104,0.312,0.073,0.208,0.010,0.188
1993,452.00,778.50,342,1.793,694.0,0.210,0.129,0.169,0.073,0.258,0.024,0.137
1994,737.00,780.37,690,1.863,694.4,0.163,0.158,0.177,0.077,0.225,0.024,0.177
1995,212.00,776.36,249,1.876,694.7,0.165,0.160,0.105,0.140,0.210,0.040,0.180
1996,309.00,773.71,389,1.893,695.1,0.202,0.147,0.110,0.119,0.179,0.060,0.183
1997,380.00,776.71,333,1.902,695.4,0.229,0.185,0.096,0.121,0.121,0.096,0.153
1998,486.00,776.43,526,1.871,695.6,0.202,0.141,0.131,0.091,0.192,0.061,0.182
1999,87.00,769.64,150,1.846,695.8,0.165,0.174,0.122,0.157,0.243,0.043,0.096
2000,190.00,767.28,230,1.887,696.1,0.248,0.128,0.120,0.105,0.173,0.090,0.135
2001,704.00,764.71,569,1.881,696.5,0.202,0.185,0.134,0.113,0.164,0.067,0.134
2002,568.00,758.57,551,1.870,696.9,0.251,0.096,0.193,0.086,0.187,0.037,0.150
2003,881.00,762.79,576,1.867,697.2,0.236,0.126,0.132,0.144,0.172,0.063,0.126
2004,616.00,764.58,616,1.684,697.3,0.120,0.060,0.193,0.169,0.193,0.000,0.265
2005,412.00,758.80,257,1.914,698.0,0.189,0.162,0.133,0.113,0.133,0.106,0.165
2006,711.00,764.51,652,1.817,698.3,0.242,0.152,0.208,0.107,0.118,0.028,0.146
2007,492.00,757.39,564,1.855,698.6,0.278,0.178,0.183,0.100,0.095,0.058,0.108
2008,922.00,755.30,796,1.841,699.0,0.260,0.135,0.161,0.078,0.146,0.057,0.161
2009,732.00,752.76,780,1.905,699.7,0.229,0.165,0.152,0.083,0.147,0.130,0.094
2010,692.00,750.71,772,1.681,699.9,0.210,0.092,0.387,0.042,0.134,0.025,0.109
2011,628.00,752.31,581,1.902,700.5,0.221,0.150,0.164,0.082,0.113,0.133,0.136
2012,1142.00,752.14,1044,1.686,700.7,0.188,0.171,0.325,0.043,0.077,0.068,0.128
2013,892.00,753.98,857,1.855,701.0,0.284,0.178,0.178,0.056,0.107,0.071,0.127
2014,961.00,762.86,674,1.757,701.2,0.168,0.095,0.263,0.011,0.232,0.074,0.158
2015,493.00,756.49,428,1.874,701.5,0.263,0.170,0.082,0.076,0.140,0.076,0.193
2016,969.00,758.49,932,1.620,701.6,0.049,0.222,0.086,0.000,0.222,0.062,0.358
2017,650.00,748.95,586,1.902,702.2,0.174,0.201,0.137,0.107,0.107,0.091,0.183
2018,374.00,750.01,359,1.892,702.6,0.133,0.216,0.165,0.082,0.102,0.110,0.192
2019,287.00,747.74,274,1.914,703.0,0.113,0.190,0.137,0.113,0.102,0.116,0.229
2020,671.00,744.88,629,1.557,703.2,0.000,0.112,0.404,0.067,0.315,0.022,0.079
2021,908.00,750.07,502,1.846,703.4,0.050,0.150,0.242,0.150,0.275,0.042,0.092
2022,424.00,745.20,383,1.935,703.9,0.145,0.132,0.168,0.213,0.126,0.106,0.110
2023,313.00,736.85,393,1.903,704.2,0.128,0.140,0.146,0.232,0.134,0.098,0.122
2024,281.00,725.78,316,1.893,704.4,0.104,0.139,0.104,0.296,0.165,0.078,0.113
2025,380.00,720.44,313,1.922,704.8,0.153,0.116,0.172,0.213,0.127,0.090,0.131
2026,762.00,721.11,687,1.914,705.1,0.136,0.091,0.136,0.265,0.106,0.136,0.129
2027,347.00,710.82,427,1.903,705.3,0.134,0.101,0.161,0.215,0.128,0.141,0.121
2028,86.00,706.93,166,1.908,705.6,0.146,0.118,0.146,0.194,0.090,0.139,0.167
2029,234.00,705.24,51,1.914,705.8,0.202,0.124,0.178,0.171,0.101,0.109,0.116
2030,1481.00,707.17,1350,1.938,706.0,0.173,0.118,0.145,0.136,0.064,0.155,0.209
2031,357.00,703.45,387,1.941,706.4,0.140,0.123,0.167,0.130,0.127,0.177,0.137
2032,671.00,694.95,642,1.935,706.9,0.194,0.109,0.155,0.151,0.148,0.122,0.122
2033,593.00,696.96,460,1.919,707.3,0.177,0.105,0.143,0.177,0.120,0.124,0.154
2034,225.00,687.72,305,1.879,707.7,0.217,0.078,0.138,0.134,0.124,0.138,0.171
2035,259.00,686.96,299,1.894,708.0,0.256,0.112,0.139,0.108,0.058,0.139,0.188
2036,542.00,686.77,575,1.875,708.3,0.228,0.120,0.063,0.089,0.165,0.133,0.203
2037,524.00,684.76,497,1.853,708.6,0.192,0.076,0.093,0.122,0.145,0.140,0.233
2038,644.00,685.43,594,1.288,708.7,0.023,0.000,0.116,0.047,0.116,0.047,0.651
2039,592.00,687.18,562,1.889,709.1,0.234,0.102,0.098,0.160,0.131,0.119,0.156
2040,833.00,693.99,794,1.914,709.7,0.220,0.098,0.129,0.142,0.168,0.116,0.127
2041,551.00,696.58,511,0.896,709.8,0.000,0.000,0.679,0.019,0.019,0.057,0.226
2042,910.00,699.40,769,1.529,710.0,0.048,0.012,0.464,0.048,0.131,0.060,0.238
2043,559.00,702.35,464,1.893,710.3,0.182,0.070,0.139,0.198,0.144,0.091,0.176
2044,522.00,699.24,557,1.856,710.4,0.257,0.009,0.220,0.092,0.119,0.073,0.229
2045,528.00,693.58,495,1.900,711.0,0.170,0.088,0.148,0.148,0.090,0.159,0.197
2046,669.00,693.43,531,1.796,711.1,0.101,0.025,0.253,0.190,0.063,0.114,0.253
2047,1335.00,703.41,970,1.806,711.3,0.140,0.008,0.256,0.174,0.149,0.074,0.198
2048,982.00,708.79,792,1.826,711.6,0.164,0.067,0.179,0.239,0.104,0.082,0.164
2049,376.00,704.43,456,1.813,711.8,0.121,0.047,0.221,0.201,0.181,0.067,0.161
2050,536.00,702.09,526,1.895,712.2,0.142,0.082,0.206,0.184,0.154,0.067,0.165
2051,684.00,689.00,709,1.844,712.5,0.212,0.102,0.161,0.161,0.168,0.073,0.124
2052,1219.00,684.89,964,1.841,712.7,0.171,0.055,0.178,0.178,0.226,0.075,0.116
2053,818.00,684.96,680,1.905,713.1,0.246,0.127,0.118,0.123,0.140,0.105,0.140
2054,576.00,681.96,429,1.843,713.3,0.185,0.086,0.172,0.139,0.212,0.146,0.060
2055,768.00,672.35,773,1.922,713.7,0.139,0.101,0.181,0.211,0.148,0.105,0.114
2056,2.00,668.83,82,1.920,713.9,0.050,0.133,0.208,0.158,0.150,0.142,0.158
2057,243.00,664.58,271,1.936,714.3,0.111,0.133,0.160,0.178,0.182,0.116,0.120
2058,639.00,665.96,679,1.767,714.5,0.043,0.098,0.250,0.098,0.250,0.130,0.130
2059,1178.00,664.91,1200,1.929,714.9,0.129,0.175,0.156,0.125,0.152,0.118,0.144
2060,732.00,665.63,631,1.912,715.1,0.122,0.150,0.122,0.190,0.184,0.116,0.116
2061,226.00,663.06,234,1.926,715.4,0.089,0.173,0.136,0.215,0.136,0.152,0.099
2062,454.00,653.74,479,1.920,715.6,0.131,0.168,0.093,0.159,0.234,0.131,0.084
2063,324.00,652.83,317,1.866,715.8,0.037,0.188,0.150,0.100,0.287,0.113,0.125
2064,595.00,657.17,563,1.929,716.1,0.171,0.133,0.142,0.100,0.194,0.104,0.156
2065,747.00,660.37,750,1.933,716.7,0.144,0.106,0.134,0.113,0.178,0.194,0.131
2066,391.00,652.50,377,1.915,717.2,0.148,0.137,0.170,0.119,0.173,0.148,0.105
2067,342.00,643.60,269,1.898,717.6,0.185,0.211,0.119,0.070,0.167,0.167,0.079
2068,575.00,639.23,346,1.915,718.2,0.177,0.188,0.094,0.118,0.132,0.208,0.083
2069,399.00,639.47,328,1.909,718.7,0.177,0.196,0.106,0.079,0.106,0.196,0.140
2070,686.00,642.48,528,1.926,719.1,0.234,0.187,0.182,0.075,0.126,0.112,0.084
2071,316.00,640.39,287,1.913,719.5,0.185,0.122,0.189,0.083,0.177,0.110,0.134
2072,436.00,639.19,510,1.869,719.9,0.152,0.122,0.126,0.104,0.230,0.122,0.143
2073,909.00,635.47,761,1.779,720.1,0.277,0.099,0.168,0.040,0.218,0.079,0.119
2074,1342.00,638.30,1041,1.690,720.3,0.216,0.068,0.227,0.057,0.239,0.102,0.091
2075,431.00,631.81,339,1.893,720.9,0.188,0.110,0.143,0.096,0.202,0.162,0.099
2076,125.00,625.78,205,1.793,721.1,0.148,0.113,0.235,0.009,0.200,0.165,0.130
2077,747.00,626.57,664,1.879,721.6,0.278,0.109,0.106,0.081,0.201,0.113,0.113
2078,581.00,627.04,538,1.893,722.6,0.241,0.086,0.132,0.120,0.159,0.163,0.099
2079,1149.00,631.15,1151,1.785,723.0,0.155,0.061,0.203,0.081,0.216,0.135,0.149
2080,746.00,628.60,746,1.519,723.2,0.060,0.070,0.140,0.000,0.320,0.100,0.310
2081,141.00,627.20,181,1.868,723.6,0.124,0.072,0.124,0.062,0.273,0.098,0.247
2082,427.00,621.71,387,1.908,724.2,0.106,0.116,0.144,0.122,0.188,0.113,0.212
2083,446.00,619.98,526,1.831,724.4,0.103,0.130,0.109,0.054,0.326,0.087,0.190
2084,414.00,617.27,451,1.916,725.0,0.146,0.128,0.155,0.098,0.223,0.113,0.137
2085,502.00,612.21,494,1.386,725.1,0.027,0.027,0.123,0.014,0.151,0.425,0.233
2086,1020.00,609.12,939,1.917,725.6,0.162,0.104,0.126,0.136,0.191,0.165,0.117
2087,1106.00,609.49,1013,1.836,725.9,0.137,0.042,0.137,0.089,0.196,0.238,0.161
2088,803.00,600.02,686,1.904,726.7,0.107,0.093,0.142,0.144,0.163,0.181,0.171
2089,356.00,598.97,382,1.924,727.2,0.108,0.129,0.159,0.143,0.178,0.113,0.170
2090,263.00,597.66,339,1.926,727.7,0.087,0.129,0.177,0.155,0.206,0.126,0.119
2091,506.00,597.23,373,1.873,727.9,0.065,0.139,0.148,0.231,0.130,0.148,0.139
2092,579.00,590.17,561,1.884,728.1,0.108,0.097,0.193,0.193,0.159,0.091,0.159
2093,322.00,588.87,282,1.874,728.4,0.049,0.109,0.234,0.147,0.234,0.109,0.120
2094,491.00,586.41,445,1.901,728.8,0.090,0.097,0.184,0.201,0.201,0.097,0.130
2095,216.00,586.45,287,1.849,729.1,0.019,0.128,0.122,0.244,0.179,0.109,0.199
2096,414.00,587.50,424,1.846,729.3,0.043,0.205,0.094,0.222,0.197,0.068,0.171
2097,379.00,587.49,297,1.566,729.4,0.000,0.118,0.314,0.059,0.020,0.294,0.196
2098,225.00,584.88,301,1.912,729.6,0.086,0.125,0.138,0.276,0.118,0.066,0.191
2099,1021.00,594.22,953,1.917,729.8,0.128,0.083,0.119,0.165,0.156,0.083,0.266
2100,771.00,600.03,640,1.927,730.2,0.127,0.124,0.178,0.170,0.174,0.100,0.127
2101,863.00,601.62,878,1.907,730.6,0.123,0.152,0.234,0.107,0.135,0.102,0.148
2102,821.00,604.15,658,1.895,730.8,0.083,0.167,0.218,0.173,0.115,0.071,0.173
2103,125.00,596.59,174,1.827,731.0,0.034,0.137,0.282,0.085,0.137,0.205,0.120
2104,494.00,595.37,448,1.378,731.1,0.015,0.075,0.448,0.015,0.015,0.269,0.164
2105,782.00,599.07,765,1.879,731.4,0.049,0.119,0.224,0.168,0.140,0.119,0.182
2106,1602.00,607.98,1474,1.804,731.5,0.081,0.105,0.256,0.186,0.081,0.105,0.186
2107,618.00,609.24,646,1.863,731.6,0.041,0.124,0.144,0.093,0.206,0.155,0.237
2108,1004.00,610.06,802,1.611,731.7,0.048,0.048,0.306,0.113,0.065,0.258,0.161
2109,117.00,603.91,148,1.912,732.0,0.061,0.107,0.176,0.183,0.168,0.076,0.229
2110,479.00,601.78,348,1.931,732.3,0.127,0.127,0.131,0.143,0.207,0.110,0.156
2111,698.00,602.48,778,1.936,732.6,0.168,0.094,0.134,0.144,0.178,0.168,0.114
2112,406.00,595.12,448,1.912,732.8,0.063,0.138,0.195,0.101,0.119,0.208,0.176
2113,981.00,596.01,754,1.472,733.0,0.071,0.061,0.152,0.040,0.071,0.535,0.071
2114,1029.00,596.69,897,1.841,733.2,0.113,0.170,0.151,0.123,0.094,0.208,0.142
2115,585.00,597.61,579,1.919,734.0,0.142,0.121,0.162,0.154,0.173,0.108,0.140
2116,350.00,591.42,268,1.891,734.3,0.162,0.083,0.127,0.230,0.167,0.167,0.064
2117,732.00,592.24,555,1.822,734.6,0.168,0.067,0.101,0.151,0.145,0.313,0.056
2118,688.00,595.38,430,1.906,735.2,0.156,0.104,0.094,0.248,0.116,0.198,0.084
2119,707.00,599.58,684,1.917,735.6,0.144,0.141,0.141,0.224,0.108,0.162,0.079
2120,341.00,596.28,346,1.923,736.2,0.169,0.122,0.147,0.178,0.144,0.161,0.078
2121,213.00,589.33,154,1.926,736.5,0.112,0.147,0.133,0.238,0.105,0.168,0.098
2122,908.00,594.17,673,1.882,736.7,0.129,0.099,0.175,0.111,0.170,0.199,0.117
2123,760.00,598.64,777,1.883,737.1,0.171,0.140,0.211,0.154,0.123,0.101,0.101
2124,537.00,601.20,380,1.926,737.6,0.179,0.096,0.152,0.168,0.149,0.165,0.091
2125,780.00,605.20,570,1.457,737.7,0.000,0.072,0.116,0.014,0.029,0.493,0.275
2126,998.00,607.56,743,1.907,739.6,0.180,0.112,0.120,0.162,0.164,0.141,0.121
2127,686.00,610.95,402,1.852,739.9,0.167,0.105,0.086,0.136,0.105,0.222,0.179
2128,630.00,616.39,386,1.791,740.3,0.136,0.084,0.028,0.260,0.140,0.156,0.196
2129,227.00,616.32,267,1.723,740.5,0.136,0.064,0.009,0.182,0.182,0.091,0.336
2130,297.00,604.48,274,1.779,740.8,0.092,0.062,0.008,0.300,0.185,0.100,0.254
2131,527.00,606.18,567,1.790,741.4,0.159,0.100,0.006,0.206,0.141,0.100,0.288
2132,657.00,606.04,575,1.852,742.1,0.215,0.099,0.048,0.176,0.210,0.099,0.152
2133,237.00,602.48,237,0.456,742.2,0.030,0.000,0.000,0.000,0.030,0.091,0.848
2134,606.00,606.29,446,1.285,742.3,0.060,0.040,0.000,0.100,0.120,0.180,0.500
2135,1312.00,616.82,1304,1.839,743.7,0.203,0.108,0.067,0.208,0.192,0.107,0.116
2136,785.00,619.25,766,1.843,743.9,0.241,0.159,0.048,0.145,0.076,0.152,0.179
2137,747.00,621.48,741,1.719,744.0,0.198,0.140,0.047,0.023,0.035,0.314,0.244
2138,306.00,618.10,291,1.902,744.6,0.281,0.131,0.110,0.104,0.144,0.126,0.104
2139,318.00,615.36,380,1.906,744.8,0.189,0.182,0.155,0.074,0.054,0.189,0.155
2140,582.00,612.85,375,1.818,745.0,0.174,0.174,0.104,0.052,0.087,0.157,0.252
2141,710.00,614.44,527,1.663,745.1,0.043,0.106,0.085,0.064,0.021,0.340,0.340
2142,720.00,612.54,708,1.911,745.8,0.170,0.139,0.123,0.127,0.149,0.158,0.134
2143,988.00,616.83,346,1.906,746.4,0.129,0.170,0.070,0.152,0.152,0.165,0.162
2144,814.00,619.75,826,1.865,746.6,0.088,0.213,0.081,0.154,0.103,0.213,0.147
2145,438.00,618.85,276,1.898,746.9,0.061,0.151,0.134,0.179,0.095,0.156,0.223
2146,290.00,615.06,330,1.900,747.3,0.096,0.123,0.173,0.143,0.143,0.140,0.183
2147,291.00,604.62,250,1.924,747.7,0.108,0.149,0.181,0.169,0.129,0.092,0.173
2148,613.00,600.93,559,1.885,747.9,0.114,0.150,0.114,0.179,0.100,0.093,0.250
2149,423.00,601.40,305,1.897,748.4,0.111,0.142,0.189,0.152,0.095,0.118,0.193
2150,371.00,599.75,249,1.907,748.8,0.102,0.192,0.128,0.170,0.087,0.125,0.196
2151,418.00,597.09,364,1.934,749.1,0.188,0.139,0.111,0.106,0.120,0.130,0.207
2152,271.00,587.61,288,1.938,749.5,0.167,0.176,0.141,0.110,0.132,0.141,0.132
2153,401.00,583.44,427,1.929,750.0,0.176,0.176,0.127,0.158,0.136,0.112,0.115
2154,530.00,582.98,570,1.904,750.1,0.253,0.132,0.066,0.132,0.099,0.132,0.187
2155,856.00,583.86,576,1.896,750.3,0.150,0.220,0.130,0.090,0.130,0.160,0.120
2156,1006.00,593.90,995,1.894,751.4,0.248,0.139,0.106,0.171,0.104,0.143,0.089
2157,495.00,596.42,512,1.893,751.7,0.125,0.159,0.170,0.074,0.114,0.222,0.136
2158,1002.00,600.05,645,1.825,751.9,0.156,0.172,0.086,0.078,0.125,0.297,0.086
2159,616.00,594.43,650,1.518,752.0,0.060,0.090,0.090,0.030,0.269,0.373,0.090
2160,681.00,593.92,568,1.910,752.4,0.152,0.152,0.124,0.092,0.120,0.198,0.161
2161,518.00,596.84,345,1.911,752.7,0.173,0.086,0.145,0.073,0.123,0.195,0.205
2162,312.00,595.42,248,1.903,752.9,0.190,0.066,0.124,0.116,0.124,0.207,0.174
2163,590.00,598.08,585,1.882,753.1,0.134,0.084,0.143,0.126,0.143,0.118,0.252
2164,589.00,598.02,614,1.918,754.3,0.172,0.108,0.168,0.163,0.146,0.104,0.139
2165,303.00,593.58,340,1.898,754.5,0.100,0.073,0.100,0.133,0.233,0.167,0.193
2166,674.00,596.41,669,1.679,754.6,0.017,0.052,0.052,0.121,0.310,0.224,0.224
2167,711.00,600.10,658,1.832,754.8,0.038,0.048,0.124,0.162,0.190,0.229,0.210
2168,1126.00,605.61,1018,1.819,754.9,0.086,0.071,0.186,0.100,0.129,0.186,0.243
2169,555.00,607.17,378,1.922,755.3,0.105,0.074,0.141,0.152,0.156,0.164,0.207
2170,674.00,607.05,647,1.929,755.7,0.148,0.132,0.164,0.132,0.136,0.124,0.164
2171,691.00,610.80,657,1.934,756.4,0.151,0.128,0.124,0.134,0.191,0.141,0.130
2172,520.00,611.64,385,1.922,756.7,0.137,0.113,0.198,0.151,0.189,0.075,0.137
2173,292.00,605.47,297,1.919,757.1,0.086,0.147,0.181,0.142,0.211,0.121,0.112
2174,265.00,594.70,345,1.935,757.5,0.152,0.137,0.137,0.123,0.188,0.126,0.137
2175,1213.00,602.52,854,1.882,757.7,0.160,0.123,0.104,0.160,0.264,0.104,0.085
2176,957.00,610.84,502,1.909,757.9,0.153,0.146,0.089,0.134,0.280,0.134,0.064
2177,620.00,609.57,595,1.932,758.4,0.172,0.130,0.163,0.166,0.147,0.136,0.086
2178,1298.00,616.74,1165,1.906,758.8,0.165,0.157,0.128,0.161,0.103,0.190,0.095
2179,420.00,609.45,310,1.854,759.1,0.152,0.146,0.110,0.213,0.146,0.171,0.061
2180,809.00,610.08,685,1.876,759.3,0.185,0.151,0.096,0.116,0.130,0.219,0.103
2181,395.00,612.62,413,1.925,759.7,0.155,0.217,0.128,0.112,0.124,0.155,0.109
2182,1122.00,619.57,1096,1.784,759.9,0.109,0.236,0.091,0.145,0.073,0.218,0.127
2183,878.00,623.89,906,1.736,760.1,0.081,0.222,0.030,0.096,0.119,0.393,0.059
2184,735.00,627.10,638,1.804,760.3,0.122,0.200,0.087,0.122,0.078,0.278,0.113
2185,567.00,627.75,597,1.915,760.5,0.193,0.179,0.057,0.136,0.114,0.150,0.171
2186,396.00,621.51,394,1.933,761.0,0.144,0.171,0.132,0.144,0.108,0.171,0.132
2187,128.00,611.73,156,1.934,761.5,0.217,0.140,0.104,0.100,0.140,0.151,0.147
2188,248.00,606.18,328,1.891,761.8,0.151,0.172,0.124,0.124,0.097,0.091,0.242
2189,571.00,608.33,456,1.913,762.1,0.167,0.216,0.086,0.122,0.149,0.095,0.167
2190,351.00,609.21,235,1.895,762.5,0.170,0.177,0.098,0.132,0.185,0.083,0.155
2191,550.00,609.65,493,1.814,762.7,0.139,0.295,0.074,0.098,0.131,0.057,0.205
2192,400.00,607.86,376,1.884,763.0,0.176,0.305,0.090,0.095,0.090,0.071,0.171
2193,182.00,606.46,182,0.469,763.1,0.000,0.022,0.000,0.089,0.000,0.000,0.889
2194,210.00,603.65,210,0.500,763.2,0.000,0.000,0.000,0.103,0.026,0.000,0.872
2195,491.00,606.40,472,1.865,763.3,0.148,0.219,0.086,0.172,0.086,0.070,0.219
2196,658.00,608.84,624,1.899,763.9,0.186,0.156,0.118,0.164,0.123,0.101,0.151
2197,510.00,610.15,488,1.890,764.3,0.174,0.205,0.097,0.160,0.132,0.087,0.146
2198,493.00,612.83,447,1.875,764.7,0.196,0.160,0.098,0.185,0.135,0.076,0.149
2199,903.00,611.65,675,1.927,765.3,0.202,0.155,0.121,0.113,0.172,0.116,0.121
2200,1075.00,614.69,822,1.834,765.8,0.239,0.175,0.118,0.118,0.138,0.111,0.101
2201,1164.00,617.70,453,1.746,765.9,0.246,0.221,0.033,0.066,0.246,0.131,0.057
2202,837.00,617.86,787,1.893,768.1,0.204,0.128,0.133,0.127,0.196,0.108,0.104
2203,1054.00,627.15,1058,1.805,768.6,0.161,0.203,0.075,0.200,0.161,0.149,0.051
2204,542.00,627.63,622,1.788,769.1,0.137,0.266,0.081,0.181,0.177,0.122,0.037
2205,436.00,624.17,333,1.918,769.6,0.135,0.141,0.156,0.210,0.121,0.130,0.107
2206,472.00,612.87,472,1.849,770.1,0.113,0.199,0.103,0.219,0.146,0.172,0.050
2207,1309.00,619.78,1250,1.864,770.3,0.142,0.181,0.077,0.213,0.148,0.148,0.090
2208,386.00,613.60,205,1.893,770.6,0.175,0.153,0.079,0.186,0.141,0.169,0.096
2209,80.00,613.23,89,1.667,770.8,0.058,0.302,0.058,0.070,0.302,0.174,0.035
2210,736.00,615.80,766,1.919,772.5,0.213,0.116,0.134,0.137,0.183,0.114,0.104
2211,332.00,612.14,412,1.933,772.9,0.131,0.169,0.128,0.134,0.150,0.195,0.093
2212,451.00,612.59,482,1.902,773.2,0.187,0.117,0.099,0.117,0.152,0.216,0.111
2213,730.00,610.08,675,1.916,773.9,0.190,0.107,0.168,0.166,0.139,0.132,0.098
2214,505.00,604.84,412,1.923,774.6,0.188,0.104,0.129,0.169,0.158,0.140,0.113
2215,740.00,606.39,562,1.906,774.9,0.168,0.133,0.117,0.163,0.082,0.219,0.117
2216,789.00,610.78,733,1.804,775.2,0.182,0.075,0.044,0.094,0.239,0.220,0.145
2217,372.00,607.18,334,1.882,775.5,0.154,0.074,0.080,0.120,0.194,0.189,0.189
2218,336.00,603.66,376,1.866,775.8,0.199,0.133,0.062,0.115,0.186,0.217,0.088
2219,600.00,602.59,587,1.907,776.4,0.184,0.101,0.092,0.136,0.180,0.177,0.130
2220,1105.00,610.23,805,1.769,776.6,0.163,0.135,0.077,0.038,0.115,0.365,0.106
2221,567.00,613.77,537,1.882,777.1,0.200,0.091,0.095,0.105,0.140,0.225,0.144
2222,466.00,609.35,431,1.899,777.6,0.163,0.103,0.106,0.130,0.117,0.198,0.182
2223,450.00,606.25,438,1.686,777.8,0.168,0.151,0.034,0.008,0.328,0.185,0.126
2224,311.00,603.99,292,1.806,778.1,0.274,0.039,0.056,0.056,0.134,0.229,0.212
2225,751.00,603.70,667,1.731,778.3,0.205,0.062,0.041,0.075,0.158,0.274,0.185
2226,640.00,600.12,582,1.743,778.6,0.146,0.035,0.062,0.056,0.118,0.319,0.264
2227,457.00,597.83,369,1.528,778.7,0.120,0.027,0.000,0.013,0.227,0.293,0.320
2228,299.00,594.52,299,0.861,778.8,0.000,0.000,0.000,0.000,0.194,0.056,0.750
2229,377.00,596.02,305,1.714,779.1,0.184,0.070,0.032,0.032,0.133,0.316,0.234
2230,637.00,599.42,598,1.757,779.3,0.132,0.069,0.056,0.069,0.250,0.278,0.146
2231,480.00,598.95,457,1.907,780.1,0.144,0.091,0.120,0.103,0.189,0.162,0.191
2232,688.00,599.26,431,1.445,780.2,0.060,0.530,0.080,0.030,0.090,0.110,0.100
2233,267.00,599.56,277,1.892,780.7,0.083,0.222,0.083,0.106,0.139,0.212,0.156
2234,528.00,598.78,558,1.912,781.0,0.114,0.148,0.148,0.153,0.193,0.091,0.153
2235,287.00,588.53,276,1.928,781.4,0.163,0.109,0.134,0.149,0.156,0.120,0.170
2236,209.00,582.77,144,1.650,781.6,0.095,0.414,0.103,0.034,0.233,0.034,0.086
2237,351.00,578.81,404,1.913,782.4,0.153,0.137,0.206,0.118,0.153,0.095,0.137
2238,228.00,578.03,308,1.920,782.7,0.148,0.123,0.186,0.089,0.161,0.089,0.203
2239,843.00,583.28,706,1.909,782.9,0.172,0.138,0.126,0.103,0.184,0.115,0.161
2240,253.00,579.99,288,1.934,783.3,0.170,0.098,0.181,0.136,0.143,0.091,0.181
2241,826.00,581.15,658,1.922,783.5,0.176,0.199,0.154,0.096,0.176,0.074,0.125
2242,764.00,581.59,659,1.773,783.6,0.146,0.281,0.135,0.042,0.177,0.094,0.125
2243,651.00,578.22,412,1.864,783.9,0.135,0.211,0.135,0.117,0.228,0.088,0.088
2244,627.00,576.35,667,1.648,784.0,0.164,0.311,0.033,0.016,0.197,0.115,0.164
2245,368.00,575.65,393,1.592,784.1,0.041,0.384,0.110,0.014,0.247,0.082,0.123
2246,1722.00,589.97,1106,1.885,784.3,0.176,0.191,0.137,0.092,0.183,0.115,0.107
2247,624.00,593.30,596,1.930,785.1,0.147,0.135,0.150,0.135,0.173,0.137,0.124
2248,534.00,592.51,504,1.886,785.9,0.184,0.128,0.170,0.139,0.195,0.108,0.076
2249,108.00,589.36,148,1.851,786.2,0.226,0.062,0.139,0.144,0.288,0.087,0.053
2250,532.00,590.97,475,1.912,786.6,0.244,0.088,0.151,0.126,0.172,0.126,0.092
2251,990.00,596.69,719,1.894,786.8,0.162,0.113,0.155,0.176,0.141,0.141,0.113
2252,1718.00,611.16,1380,1.906,787.2,0.261,0.104,0.189,0.117,0.144,0.108,0.077
2253,835.00,615.50,637,1.867,787.4,0.210,0.132,0.210,0.102,0.150,0.144,0.054
2254,1028.00,620.48,681,1.804,787.6,0.186,0.246,0.068,0.008,0.237,0.136,0.119
2255,931.00,621.23,800,1.848,787.8,0.206,0.190,0.135,0.087,0.175,0.095,0.111
2256,644.00,617.61,630,1.818,787.9,0.196,0.216,0.113,0.052,0.216,0.134,0.072
2257,273.00,615.39,262,1.921,788.3,0.209,0.116,0.162,0.096,0.136,0.169,0.113
2258,136.00,606.73,123,1.728,788.4,0.088,0.397,0.088,0.029,0.221,0.088,0.088
2259,918.00,609.75,444,1.785,788.6,0.082,0.273,0.164,0.036,0.291,0.055,0.100
2260,739.00,610.33,657,1.921,788.9,0.207,0.135,0.145,0.150,0.176,0.098,0.088
2261,584.00,610.99,501,1.889,789.2,0.136,0.131,0.213,0.109,0.199,0.118,0.095
2262,295.00,610.82,375,1.925,789.5,0.167,0.142,0.201,0.118,0.167,0.083,0.123
2263,772.00,612.64,765,1.919,789.7,0.142,0.130,0.235,0.093,0.216,0.093,0.093
2264,497.00,611.72,524,1.928,790.1,0.149,0.101,0.164,0.157,0.157,0.149,0.123
2265,409.00,612.78,394,1.839,790.3,0.079,0.184,0.092,0.132,0.270,0.132,0.112
2266,563.00,611.67,323,1.909,790.7,0.146,0.129,0.139,0.206,0.174,0.139,0.066
2267,113.00,605.69,139,1.832,790.9,0.093,0.113,0.100,0.280,0.187,0.167,0.060
2268,651.00,600.94,538,1.891,791.1,0.102,0.126,0.126,0.222,0.156,0.120,0.150
2269,413.00,599.52,403,1.828,791.3,0.082,0.180,0.139,0.189,0.139,0.172,0.098
2270,625.00,599.03,705,1.911,791.7,0.091,0.122,0.091,0.260,0.162,0.135,0.139
2271,810.00,600.22,676,1.881,791.9,0.045,0.236,0.055,0.164,0.209,0.191,0.100
2272,469.00,599.71,392,1.907,792.0,0.068,0.077,0.077,0.154,0.256,0.205,0.162
2273,153.00,598.32,103,1.926,792.2,0.143,0.086,0.107,0.157,0.143,0.193,0.171
2274,407.00,599.74,395,1.936,792.7,0.148,0.123,0.139,0.136,0.130,0.170,0.154
2275,515.00,592.76,489,1.936,793.2,0.187,0.153,0.122,0.113,0.144,0.120,0.161
2276,364.00,586.83,395,1.931,793.4,0.154,0.188,0.145,0.120,0.197,0.077,0.120
2277,366.00,584.29,272,1.921,794.0,0.143,0.109,0.157,0.128,0.165,0.116,0.182
2278,280.00,574.11,299,1.846,794.2,0.226,0.155,0.161,0.097,0.187,0.045,0.129
2279,834.00,578.25,674,1.835,794.4,0.090,0.161,0.148,0.142,0.129,0.039,0.290
2280,709.00,577.25,585,1.752,794.5,0.138,0.147,0.241,0.078,0.069,0.043,0.284
2281,407.00,577.37,402,1.674,794.7,0.052,0.113,0.227,0.113,0.052,0.010,0.433
2282,511.00,571.26,530,1.660,794.9,0.092,0.083,0.183,0.220,0.055,0.009,0.358
2283,826.00,570.74,807,1.662,795.0,0.045,0.129,0.250,0.136,0.083,0.030,0.326
2284,874.00,572.13,914,1.343,795.2,0.043,0.101,0.275,0.000,0.116,0.000,0.464
2285,292.00,569.38,262,1.808,795.5,0.122,0.185,0.215,0.156,0.068,0.044,0.210
2286,422.00,569.64,459,1.869,795.9,0.103,0.170,0.151,0.212,0.090,0.045,0.231
2287,399.00,572.35,350,1.891,796.2,0.149,0.116,0.197,0.157,0.120,0.076,0.185
2288,632.00,576.19,663,1.924,797.5,0.166,0.166,0.155,0.172,0.122,0.085,0.134
2289,707.00,577.55,643,1.804,797.7,0.164,0.101,0.296,0.145,0.019,0.094,0.182
2290,781.00,581.85,644,1.913,798.1,0.217,0.089,0.170,0.158,0.095,0.113,0.158
2291,2031.00,596.66,1752,1.834,798.3,0.167,0.154,0.259,0.105,0.080,0.099,0.136
2292,755.00,600.21,629,1.803,798.7,0.142,0.100,0.358,0.104,0.062,0.117,0.117
2293,77.00,599.16,155,1.831,798.9,0.103,0.091,0.315,0.176,0.048,0.164,0.103
2294,259.00,599.65,247,1.886,799.1,0.107,0.116,0.231,0.215,0.083,0.140,0.107
2295,303.00,597.77,332,1.924,799.4,0.182,0.091,0.190,0.186,0.062,0.153,0.136
2296,408.00,595.27,385,1.926,799.6,0.220,0.102,0.169,0.119,0.068,0.169,0.153
2297,689.00,597.06,545,1.927,799.7,0.144,0.160,0.184,0.104,0.096,0.160,0.152
2298,1638.00,608.51,1597,1.933,800.0,0.179,0.143,0.163,0.158,0.107,0.133,0.117
2299,1768.00,617.16,1635,1.922,800.2,0.224,0.109,0.128,0.103,0.077,0.250,0.109
2300,810.00,614.51,700,1.933,800.6,0.166,0.153,0.131,0.134,0.121,0.146,0.150
2301,1829.00,621.16,1171,1.899,801.0,0.231,0.144,0.125,0.102,0.144,0.134,0.120
2302,856.00,621.35,793,1.888,801.3,0.208,0.141,0.156,0.078,0.126,0.182,0.108
2303,822.00,619.03,748,1.917,801.9,0.229,0.106,0.132,0.118,0.130,0.142,0.144
2304,426.00,617.87,372,1.878,802.2,0.194,0.171,0.100,0.156,0.095,0.194,0.090
2305,378.00,617.29,130,1.822,802.4,0.183,0.209,0.183,0.072,0.105,0.229,0.020
2306,1554.00,628.11,1202,1.860,802.6,0.248,0.133,0.150,0.133,0.080,0.230,0.027
2307,560.00,620.62,569,1.862,802.8,0.192,0.171,0.116,0.178,0.103,0.205,0.034
2308,821.00,624.97,549,1.893,802.9,0.229,0.153,0.102,0.144,0.102,0.186,0.085
2309,1313.00,637.30,517,1.887,803.1,0.217,0.226,0.122,0.113,0.113,0.157,0.052
2310,517.00,635.11,512,1.909,803.4,0.229,0.182,0.102,0.102,0.114,0.161,0.110
2311,582.00,637.61,608,1.934,804.2,0.193,0.137,0.153,0.100,0.140,0.169,0.109
2312,68.00,633.78,148,1.938,804.5,0.150,0.167,0.083,0.139,0.200,0.111,0.150
2313,631.00,632.79,538,1.937,804.8,0.149,0.135,0.163,0.140,0.158,0.116,0.140
2314,448.00,632.22,423,1.936,805.3,0.207,0.130,0.144,0.114,0.139,0.130,0.136
2315,291.00,627.73,251,1.927,805.5,0.123,0.107,0.150,0.150,0.144,0.209,0.118
2316,214.00,621.98,293,1.931,805.8,0.129,0.237,0.087,0.117,0.150,0.158,0.121
2317,801.00,626.27,765,1.933,806.2,0.165,0.141,0.124,0.110,0.175,0.134,0.151
2318,520.00,628.11,476,1.835,806.4,0.189,0.176,0.081,0.054,0.189,0.230,0.081
2319,828.00,630.39,687,1.883,806.5,0.173,0.173,0.110,0.110,0.134,0.205,0.094
2320,286.00,622.20,366,1.889,806.7,0.163,0.156,0.096,0.074,0.193,0.207,0.111
2321,1635.00,632.88,1389,1.887,806.9,0.188,0.277,0.069,0.079,0.129,0.188,0.069
2322,352.00,631.74,301,1.922,807.3,0.149,0.153,0.107,0.110,0.179,0.166,0.136
2323,1034.00,637.58,750,1.879,807.7,0.147,0.209,0.112,0.133,0.115,0.162,0.122
2324,427.00,638.74,463,1.918,808.3,0.183,0.183,0.092,0.117,0.150,0.168,0.107
2325,796.00,639.19,759,1.925,810.4,0.147,0.178,0.109,0.145,0.173,0.132,0.116
2326,328.00,636.07,259,1.557,810.7,0.043,0.406,0.043,0.188,0.043,0.174,0.101
2327,684.00,638.34,587,1.515,810.9,0.009,0.422,0.052,0.181,0.000,0.207,0.129
2328,757.00,642.92,744,1.799,811.3,0.113,0.279,0.122,0.132,0.069,0.107,0.179
2329,439.00,643.54,356,1.827,811.9,0.090,0.269,0.082,0.168,0.048,0.125,0.218
2330,228.00,639.45,258,1.448,812.1,0.014,0.274,0.041,0.192,0.014,0.370,0.096
2331,142.00,636.07,180,1.744,812.4,0.072,0.383,0.091,0.100,0.010,0.201,0.144
2332,316.00,632.35,243,1.887,813.0,0.083,0.368,0.113,0.144,0.089,0.083,0.120
2333,100.00,630.68,180,1.790,813.3,0.081,0.311,0.096,0.163,0.037,0.148,0.163
2334,856.00,633.96,566,1.446,813.4,0.020,0.176,0.059,0.118,0.000,0.412,0.216
2335,176.00,632.85,256,1.767,813.6,0.093,0.340,0.124,0.124,0.031,0.134,0.155
2336,431.00,635.07,471,1.733,813.8,0.085,0.298,0.106,0.106,0.053,0.191,0.160
2337,583.00,637.39,574,1.833,814.0,0.079,0.307,0.134,0.126,0.087,0.047,0.220
2338,802.00,643.13,788,1.188,814.1,0.000,0.033,0.016,0.098,0.000,0.262,0.590
2339,272.00,637.42,272,1.322,814.2,0.019,0.019,0.057,0.057,0.000,0.321,0.528
2340,628.00,641.17,613,1.868,814.6,0.106,0.273,0.116,0.121,0.066,0.136,0.182
2341,422.00,637.13,409,1.880,815.0,0.145,0.206,0.129,0.149,0.121,0.105,0.145
2342,449.00,633.98,416,1.928,816.3,0.138,0.171,0.132,0.168,0.117,0.136,0.138
2343,766.00,635.13,787,1.872,817.5,0.210,0.159,0.197,0.134,0.094,0.109,0.098
2344,637.00,635.23,616,1.911,819.2,0.205,0.143,0.139,0.166,0.129,0.135,0.083
2345,1030.00,641.85,953,1.884,819.9,0.202,0.153,0.180,0.144,0.100,0.131,0.091
2346,468.00,629.31,21,1.717,820.2,0.190,0.144,0.264,0.144,0.057,0.190,0.011
2347,504.00,628.11,161,1.746,820.4,0.136,0.107,0.264,0.129,0.079,0.264,0.021
2348,861.00,631.38,340,1.875,820.9,0.186,0.201,0.224,0.102,0.090,0.169,0.029
2349,792.00,638.22,658,1.831,821.3,0.215,0.152,0.251,0.121,0.090,0.121,0.049
2350,1176.00,644.66,479,1.803,821.6,0.270,0.079,0.191,0.163,0.116,0.126,0.056
2351,947.00,644.23,828,1.725,821.8,0.299,0.068,0.197,0.094,0.128,0.179,0.034
2352,687.00,633.92,458,1.790,822.2,0.356,0.128,0.155,0.105,0.105,0.123,0.027
2353,572.00,631.29,598,1.901,823.0,0.256,0.136,0.100,0.149,0.147,0.121,0.092
2354,757.00,628.58,661,1.814,823.4,0.284,0.161,0.171,0.142,0.066,0.128,0.047
2355,819.00,627.46,814,1.721,823.6,0.271,0.164,0.086,0.150,0.086,0.193,0.050
2356,865.00,629.67,824,1.900,824.4,0.232,0.127,0.087,0.158,0.129,0.131,0.137
2357,708.00,634.02,633,1.913,825.0,0.255,0.143,0.070,0.132,0.114,0.145,0.140
2358,741.00,640.07,681,1.869,825.3,0.267,0.121,0.113,0.100,0.167,0.142,0.092
2359,637.00,637.26,323,1.724,825.5,0.308,0.051,0.043,0.085,0.214,0.222,0.077
2360,878.00,638.65,140,1.792,825.6,0.250,0.030,0.070,0.120,0.220,0.250,0.060
2361,505.00,637.86,362,1.882,825.9,0.206,0.080,0.070,0.151,0.186,0.211,0.095
2362,207.00,636.98,211,1.879,826.3,0.155,0.155,0.099,0.227,0.086,0.185,0.094
2363,527.00,634.53,492,1.892,826.6,0.231,0.077,0.067,0.174,0.113,0.164,0.174
2364,1717.00,646.73,1336,1.837,826.8,0.252,0.102,0.095,0.184,0.116,0.102,0.150
2365,1031.00,652.95,900,1.591,827.0,0.343,0.100,0.043,0.243,0.029,0.143,0.100
2366,850.00,655.82,339,1.668,827.1,0.273,0.041,0.083,0.281,0.050,0.198,0.074
2367,363.00,658.32,398,1.843,827.6,0.240,0.106,0.086,0.182,0.086,0.192,0.110
2368,475.00,656.56,468,1.792,827.8,0.268,0.079,0.134,0.173,0.079,0.205,0.063
2369,720.00,659.63,676,1.876,828.1,0.211,0.084,0.093,0.160,0.152,0.160,0.139
2370,1072.00,664.10,954,1.553,828.3,0.430,0.035,0.070,0.116,0.081,0.128,0.140
2371,1983.00,675.83,1373,1.776,828.5,0.292,0.039,0.130,0.130,0.149,0.130,0.130
2372,695.00,678.09,667,1.798,828.9,0.274,0.083,0.071,0.222,0.090,0.102,0.158
2373,857.00,685.13,453,1.341,829.1,0.467,0.013,0.053,0.307,0.093,0.027,0.040
2374,1466.00,695.72,1292,1.796,829.3,0.287,0.055,0.055,0.204,0.116,0.171,0.110
2375,580.00,696.37,556,1.850,829.7,0.309,0.065,0.115,0.180,0.106,0.078,0.147
2376,960.00,702.33,831,1.833,830.0,0.262,0.075,0.140,0.136,0.136,0.093,0.159
2377,264.00,701.31,229,1.837,830.3,0.287,0.046,0.092,0.201,0.075,0.132,0.167
2378,930.00,707.81,702,1.827,830.5,0.248,0.041,0.231,0.174,0.074,0.124,0.107
2379,528.00,704.75,363,1.883,830.6,0.282,0.029,0.214,0.146,0.107,0.117,0.107
2380,310.00,700.76,390,1.922,831.3,0.211,0.080,0.125,0.115,0.168,0.153,0.148
2381,312.00,699.81,261,1.911,831.7,0.181,0.062,0.086,0.168,0.197,0.135,0.171
2382,422.00,698.92,418,1.914,832.1,0.211,0.094,0.082,0.211,0.129,0.156,0.117
2383,289.00,693.55,339,1.870,832.4,0.152,0.136,0.232,0.208,0.048,0.168,0.056
2384,429.00,689.10,455,1.892,832.8,0.199,0.122,0.168,0.148,0.077,0.133,0.153
2385,941.00,695.59,398,1.895,833.1,0.341,0.093,0.099,0.143,0.093,0.143,0.088
2386,732.00,698.69,581,1.866,833.4,0.215,0.147,0.160,0.166,0.086,0.123,0.104
2387,1206.00,706.76,1196,1.841,833.6,0.215,0.104,0.229,0.139,0.097,0.132,0.083
2388,1642.00,716.86,941,1.778,833.8,0.145,0.161,0.185,0.234,0.073,0.113,0.089
2389,984.00,719.63,902,1.856,834.2,0.212,0.138,0.149,0.156,0.126,0.138,0.082
2390,927.00,721.09,634,1.782,834.5,0.167,0.107,0.200,0.247,0.047,0.144,0.088
2391,1389.00,714.67,378,1.813,834.8,0.281,0.114,0.157,0.210,0.043,0.152,0.043
2392,1314.00,720.26,1240,1.835,835.3,0.257,0.147,0.134,0.140,0.072,0.158,0.092
2393,623.00,725.72,651,1.886,836.0,0.249,0.148,0.118,0.154,0.087,0.148,0.095
2394,1190.00,735.03,950,1.853,836.6,0.277,0.152,0.110,0.100,0.113,0.159,0.088
2395,618.00,738.18,641,1.831,836.9,0.214,0.184,0.159,0.189,0.030,0.159,0.065
2396,321.00,737.31,174,1.737,837.1,0.063,0.238,0.397,0.111,0.032,0.087,0.071
2397,527.00,735.69,454,1.915,837.7,0.214,0.136,0.136,0.141,0.101,0.144,0.128
2398,780.00,727.11,631,1.827,838.0,0.133,0.126,0.105,0.350,0.056,0.119,0.112
2399,1058.00,720.01,951,1.846,838.3,0.150,0.094,0.145,0.205,0.047,0.205,0.154
2400,164.00,713.55,224,1.516,838.5,0.024,0.071,0.224,0.482,0.012,0.094,0.094
2401,582.00,701.08,282,1.521,838.6,0.037,0.120,0.231,0.407,0.000,0.130,0.074
2402,760.00,700.12,622,1.738,838.8,0.056,0.120,0.240,0.392,0.016,0.104,0.072
2403,239.00,694.29,301,1.879,839.3,0.147,0.086,0.110,0.298,0.062,0.171,0.127
2404,430.00,694.33,379,1.783,839.5,0.115,0.107,0.148,0.352,0.033,0.164,0.082
2405,769.00,698.24,721,1.860,839.7,0.150,0.119,0.094,0.206,0.062,0.212,0.156
2406,789.00,690.59,756,1.864,840.1,0.153,0.123,0.092,0.264,0.100,0.153,0.115
2407,380.00,688.79,417,1.882,840.6,0.147,0.152,0.117,0.238,0.062,0.138,0.147
2408,1008.00,690.66,1008,1.818,840.8,0.073,0.236,0.163,0.268,0.041,0.089,0.130
2409,185.00,679.38,118,1.836,841.0,0.126,0.230,0.148,0.230,0.030,0.111,0.126
2410,310.00,677.31,238,1.888,841.3,0.150,0.271,0.083,0.203,0.053,0.075,0.165
2411,250.00,673.99,279,1.906,841.6,0.202,0.122,0.144,0.202,0.106,0.096,0.128
2412,905.00,682.36,671,1.903,841.8,0.189,0.107,0.132,0.195,0.082,0.119,0.176
2413,559.00,681.64,489,1.910,842.1,0.182,0.130,0.117,0.203,0.100,0.130,0.139
2414,958.00,686.74,951,1.858,842.3,0.089,0.241,0.125,0.223,0.036,0.170,0.116
2415,415.00,687.98,433,1.881,842.6,0.078,0.168,0.150,0.263,0.066,0.180,0.096
2416,370.00,689.54,341,1.915,842.9,0.157,0.177,0.145,0.169,0.077,0.169,0.105
2417,981.00,691.34,902,1.909,843.2,0.187,0.115,0.137,0.209,0.094,0.122,0.137
2418,815.00,694.29,706,1.905,843.4,0.160,0.193,0.153,0.133,0.100,0.127,0.133
2419,561.00,691.62,535,1.922,844.2,0.214,0.097,0.109,0.133,0.161,0.165,0.121
2420,403.00,692.79,280,1.846,844.3,0.077,0.115,0.154,0.231,0.026,0.064,0.333
2421,670.00,683.14,595,1.842,844.5,0.079,0.134,0.134,0.213,0.110,0.118,0.213
2422,1519.00,694.81,1444,1.763,844.7,0.043,0.098,0.185,0.239,0.076,0.054,0.304
2423,634.00,690.81,504,1.799,844.9,0.076,0.121,0.167,0.242,0.061,0.091,0.242
2424,391.00,690.45,389,1.508,845.1,0.012,0.058,0.221,0.384,0.105,0.023,0.198
2425,340.00,685.89,297,1.878,845.5,0.093,0.118,0.165,0.207,0.114,0.072,0.232
2426,1324.00,695.85,1232,1.666,845.7,0.037,0.088,0.294,0.316,0.059,0.059,0.147
2427,507.00,694.08,529,1.556,845.9,0.016,0.047,0.445,0.281,0.047,0.008,0.156
2428,71.00,687.22,151,1.801,846.3,0.083,0.063,0.217,0.248,0.071,0.087,0.232
2429,1163.00,694.46,1016,1.568,846.4,0.030,0.045,0.273,0.212,0.045,0.045,0.348
2430,532.00,697.50,473,1.740,846.6,0.021,0.064,0.181,0.170,0.106,0.149,0.309
2431,1113.00,707.21,1113,1.722,846.8,0.087,0.055,0.268,0.189,0.079,0.039,0.283
2432,257.00,706.62,293,1.874,847.2,0.122,0.086,0.233,0.135,0.082,0.098,0.245
2433,49.00,706.11,85,1.892,847.5,0.128,0.054,0.215,0.161,0.114,0.101,0.228
2434,569.00,703.24,471,1.347,847.5,0.000,0.000,0.318,0.068,0.091,0.045,0.477
2435,691.00,708.39,566,1.887,847.7,0.066,0.099,0.174,0.140,0.190,0.124,0.207
2436,548.00,709.56,548,1.286,847.8,0.022,0.022,0.196,0.022,0.152,0.065,0.522
2437,317.00,706.90,310,1.928,848.3,0.156,0.111,0.143,0.169,0.140,0.137,0.143
2438,253.00,701.41,253,1.857,848.5,0.108,0.086,0.172,0.097,0.118,0.172,0.247
2439,288.00,701.57,275,1.883,848.6,0.133,0.089,0.078,0.089,0.111,0.067,0.433
2440,406.00,699.35,405,1.929,849.5,0.192,0.122,0.109,0.145,0.165,0.133,0.133
2441,496.00,700.09,452,1.874,850.0,0.196,0.108,0.088,0.235,0.150,0.069,0.154
2442,673.00,702.33,604,1.839,850.4,0.219,0.105,0.070,0.238,0.164,0.059,0.145
2443,744.00,702.11,646,1.868,851.0,0.214,0.081,0.079,0.211,0.136,0.092,0.187
2444,249.00,698.23,237,1.861,851.6,0.213,0.140,0.043,0.177,0.122,0.064,0.241
2445,771.00,695.64,727,1.791,851.9,0.157,0.127,0.052,0.060,0.366,0.119,0.119
2446,795.00,698.91,612,1.872,852.1,0.212,0.124,0.066,0.146,0.168,0.139,0.146
2447,535.00,699.22,478,1.886,852.8,0.245,0.097,0.082,0.242,0.129,0.112,0.094
2448,321.00,693.82,361,1.849,853.3,0.238,0.110,0.082,0.174,0.121,0.135,0.139
2449,555.00,691.45,553,1.893,854.2,0.226,0.127,0.074,0.243,0.129,0.118,0.083
2450,964.00,689.33,846,1.879,854.5,0.219,0.116,0.121,0.158,0.112,0.172,0.102
2451,1095.00,690.81,741,1.840,854.9,0.145,0.115,0.080,0.295,0.130,0.175,0.060
2452,320.00,687.14,311,1.820,855.1,0.145,0.075,0.102,0.312,0.156,0.124,0.086
2453,965.00,691.07,729,1.907,855.5,0.134,0.105,0.101,0.279,0.162,0.158,0.061
2454,1488.00,698.38,1228,1.875,855.7,0.163,0.141,0.170,0.119,0.126,0.237,0.044
2455,1227.00,702.46,144,1.877,855.9,0.134,0.159,0.140,0.146,0.159,0.197,0.064
2456,909.00,702.90,755,1.914,856.6,0.191,0.146,0.138,0.133,0.140,0.168,0.084
2457,1910.00,714.92,1825,1.812,856.8,0.176,0.059,0.151,0.092,0.168,0.261,0.092
2458,452.00,712.03,431,1.896,857.8,0.162,0.142,0.133,0.137,0.131,0.208,0.086
2459,246.00,708.12,281,1.525,858.2,0.255,0.152,0.100,0.100,0.113,0.203,0.078
2460,743.00,706.77,691,1.743,858.9,0.303,0.224,0.101,0.111,0.063,0.074,0.123
2461,2214.00,723.86,1238,1.366,859.0,0.556,0.194,0.097,0.069,0.014,0.028,0.042
2462,489.00,726.68,463,1.759,859.4,0.256,0.263,0.155,0.135,0.034,0.044,0.114
2463,1000.00,731.41,910,1.789,859.9,0.186,0.315,0.136,0.126,0.057,0.073,0.107
2464,609.00,720.33,344,1.529,860.0,0.296,0.327,0.214,0.061,0.041,0.010,0.051
2465,1459.00,724.61,1176,1.740,860.3,0.222,0.341,0.141,0.114,0.081,0.027,0.076
2466,398.00,720.09,478,1.599,860.4,0.231,0.308,0.141,0.179,0.051,0.000,0.090
2467,1031.00,726.77,909,1.713,860.5,0.189,0.270,0.162,0.234,0.045,0.009,0.090
2468,411.00,726.13,224,1.770,860.8,0.254,0.260,0.171,0.188,0.033,0.017,0.077
2469,472.00,723.65,467,1.851,861.1,0.227,0.207,0.098,0.160,0.070,0.066,0.172
2470,263.00,715.56,244,1.909,861.5,0.153,0.194,0.124,0.204,0.086,0.099,0.140
2471,591.00,701.64,525,1.892,861.8,0.213,0.133,0.128,0.100,0.142,0.095,0.190
2472,325.00,697.94,342,1.810,862.1,0.266,0.133,0.197,0.069,0.080,0.043,0.213
2473,1326.00,702.63,1062,1.721,862.2,0.191,0.036,0.336,0.027,0.127,0.073,0.209
2474,445.00,692.42,398,1.878,862.6,0.199,0.106,0.199,0.071,0.106,0.106,0.212
2475,594.00,692.56,379,1.879,862.9,0.147,0.087,0.192,0.068,0.132,0.098,0.275
2476,431.00,687.27,207,1.479,863.1,0.122,0.054,0.365,0.014,0.378,0.014,0.054
2477,464.00,689.27,544,1.888,863.3,0.276,0.186,0.090,0.124,0.103,0.055,0.166
2478,1252.00,692.49,1154,1.827,863.4,0.190,0.200,0.181,0.143,0.105,0.057,0.124
2479,1111.00,698.32,835,1.812,863.6,0.213,0.056,0.348,0.101,0.180,0.022,0.079
2480,590.00,701.12,491,1.871,863.7,0.188,0.176,0.200,0.165,0.118,0.024,0.129
2481,756.00,705.56,739,1.888,863.9,0.204,0.191,0.112,0.125,0.138,0.059,0.171
2482,339.00,704.73,231,1.896,864.2,0.163,0.189,0.121,0.153,0.079,0.100,0.195
2483,1026.00,712.10,835,1.882,864.3,0.213,0.131,0.115,0.123,0.164,0.107,0.148
2484,681.00,714.62,527,1.897,864.6,0.238,0.163,0.088,0.116,0.109,0.136,0.150
2485,501.00,710.22,453,1.897,864.7,0.205,0.220,0.063,0.102,0.142,0.087,0.181
2486,490.00,707.80,379,1.902,865.0,0.197,0.254,0.081,0.092,0.179,0.087,0.110
2487,946.00,705.20,774,1.851,865.1,0.147,0.112,0.086,0.138,0.345,0.052,0.121
2488,693.00,695.71,712,1.928,865.6,0.146,0.186,0.129,0.129,0.109,0.140,0.163
2489,412.00,689.99,423,1.921,866.0,0.204,0.193,0.144,0.060,0.119,0.144,0.137
2490,510.00,685.82,440,1.930,866.4,0.148,0.155,0.105,0.134,0.130,0.170,0.159
2491,935.00,681.28,716,1.868,866.5,0.092,0.112,0.071,0.184,0.214,0.153,0.173
2492,630.00,674.44,507,1.866,866.8,0.106,0.213,0.130,0.130,0.072,0.179,0.169
2493,513.00,673.34,458,1.879,867.1,0.096,0.239,0.077,0.153,0.043,0.172,0.220
2494,579.00,667.23,547,1.900,867.5,0.094,0.152,0.152,0.156,0.086,0.105,0.254
2495,596.00,667.01,549,1.893,867.6,0.071,0.205,0.125,0.116,0.152,0.116,0.214
2496,932.00,673.12,748,1.903,867.8,0.117,0.108,0.135,0.189,0.090,0.198,0.162
2497,857.00,676.42,817,1.925,868.0,0.135,0.122,0.115,0.167,0.083,0.192,0.186
2498,828.00,676.90,747,1.922,868.3,0.137,0.165,0.058,0.165,0.144,0.129,0.201
2499,1704.00,683.36,1543,1.886,868.5,0.092,0.084,0.134,0.202,0.193,0.160,0.134
2500,38.00,682.10,31,1.700,868.6,0.000,0.109,0.065,0.130,0.283,0.370,0.043
2501,240.00,678.68,253,1.925,869.0,0.141,0.214,0.114,0.173,0.073,0.132,0.155
2502,679.00,677.87,574,1.919,869.1,0.138,0.161,0.138,0.138,0.126,0.172,0.126
2503,386.00,679.34,339,1.918,869.9,0.166,0.173,0.118,0.164,0.133,0.149,0.097
2504,509.00,680.13,425,1.918,870.2,0.200,0.105,0.168,0.182,0.082,0.109,0.155
2505,528.00,677.72,476,1.928,870.9,0.186,0.140,0.109,0.155,0.101,0.184,0.126
2506,463.00,674.46,359,1.919,871.4,0.126,0.137,0.175,0.098,0.105,0.172,0.186
2507,740.00,678.06,664,1.880,871.6,0.110,0.116,0.187,0.187,0.090,0.084,0.226
2508,335.00,671.33,375,1.901,871.9,0.132,0.132,0.208,0.126,0.063,0.075,0.264
2509,775.00,677.23,639,1.912,872.1,0.167,0.083,0.179,0.131,0.107,0.119,0.214
2510,530.00,679.43,409,1.934,872.5,0.122,0.143,0.136,0.172,0.115,0.154,0.158
2511,459.00,681.52,465,1.913,873.1,0.172,0.142,0.133,0.112,0.139,0.124,0.178
2512,759.00,680.06,755,1.753,873.3,0.234,0.075,0.075,0.028,0.271,0.009,0.308
2513,582.00,680.29,594,1.875,873.7,0.241,0.154,0.082,0.123,0.179,0.056,0.164
2514,445.00,675.16,363,1.898,874.1,0.145,0.209,0.099,0.160,0.184,0.085,0.117
2515,416.00,675.17,358,1.904,874.7,0.194,0.162,0.107,0.149,0.149,0.115,0.123
2516,1235.00,683.82,1117,1.846,874.9,0.199,0.156,0.097,0.038,0.215,0.108,0.188
2517,1226.00,686.27,1106,1.532,875.0,0.404,0.018,0.053,0.035,0.035,0.140,0.316
2518,583.00,683.95,563,1.694,875.3,0.227,0.149,0.061,0.072,0.077,0.055,0.359
2519,507.00,683.41,547,1.536,875.5,0.425,0.066,0.057,0.094,0.094,0.038,0.226
2520,1698.00,696.36,1686,1.659,875.7,0.412,0.098,0.052,0.124,0.052,0.085,0.176
2521,354.00,693.20,300,1.677,876.0,0.384,0.119,0.075,0.119,0.044,0.063,0.195
2522,458.00,682.59,441,1.775,876.2,0.277,0.113,0.073,0.141,0.062,0.051,0.282
2523,10.00,676.35,90,1.786,876.5,0.327,0.094,0.129,0.111,0.053,0.047,0.240
2524,656.00,679.00,587,1.797,876.8,0.318,0.130,0.097,0.110,0.058,0.084,0.201
2525,985.00,685.45,779,1.829,877.0,0.159,0.041,0.129,0.265,0.129,0.171,0.106
2526,1477.00,686.98,1397,1.860,877.2,0.159,0.103,0.093,0.168,0.215,0.121,0.140
2527,1004.00,691.95,775,1.851,877.4,0.212,0.212,0.121,0.101,0.152,0.081,0.121
2528,244.00,693.68,232,1.897,877.7,0.202,0.157,0.117,0.157,0.108,0.090,0.170
2529,1192.00,693.97,939,1.765,877.9,0.370,0.120,0.090,0.080,0.160,0.100,0.080
2530,2551.00,714.16,1119,1.790,878.1,0.300,0.156,0.131,0.075,0.156,0.081,0.100
2531,650.00,709.53,645,1.687,878.3,0.455,0.140,0.112,0.063,0.091,0.063,0.077
2532,1107.00,718.03,569,1.624,878.5,0.369,0.097,0.126,0.058,0.252,0.049,0.049
2533,527.00,722.81,417,1.837,878.9,0.303,0.150,0.167,0.068,0.119,0.102,0.092
2534,624.00,723.36,530,1.891,879.5,0.233,0.177,0.135,0.090,0.143,0.095,0.127
2535,156.00,718.01,107,1.797,879.6,0.215,0.240,0.107,0.066,0.116,0.041,0.215
2536,659.00,719.12,659,1.552,879.7,0.105,0.140,0.140,0.000,0.105,0.123,0.386
2537,617.00,722.12,437,1.683,879.8,0.114,0.214,0.200,0.014,0.157,0.043,0.257
2538,537.00,724.96,457,1.877,880.2,0.202,0.211,0.103,0.089,0.155,0.085,0.155
2539,1027.00,732.35,700,1.838,880.4,0.174,0.124,0.140,0.051,0.236,0.090,0.185
2540,295.00,731.24,256,1.863,880.9,0.203,0.149,0.132,0.061,0.223,0.074,0.159
2541,501.00,731.29,477,1.868,881.2,0.158,0.146,0.138,0.089,0.251,0.057,0.162
2542,1291.00,737.47,1279,1.791,881.5,0.150,0.128,0.111,0.033,0.289,0.067,0.222
2543,18.00,730.21,79,0.986,881.6,0.000,0.000,0.065,0.000,0.826,0.000,0.109
2544,761.00,735.33,721,1.850,881.9,0.178,0.189,0.173,0.065,0.184,0.059,0.151
2545,894.00,736.56,811,1.871,882.4,0.187,0.227,0.128,0.081,0.134,0.097,0.146
2546,329.00,731.90,369,1.820,882.7,0.253,0.231,0.093,0.022,0.192,0.060,0.148
2547,496.00,731.51,576,1.913,883.4,0.155,0.184,0.161,0.128,0.161,0.088,0.122
2548,994.00,738.24,726,1.822,883.6,0.248,0.218,0.119,0.040,0.168,0.079,0.129
2549,326.00,735.95,366,1.896,883.9,0.168,0.151,0.189,0.101,0.134,0.092,0.164
2550,800.00,734.31,379,1.738,884.0,0.182,0.106,0.303,0.000,0.227,0.076,0.106
2551,607.00,729.43,532,1.881,884.3,0.200,0.186,0.229,0.071,0.150,0.064,0.100
2552,951.00,735.74,830,1.889,884.5,0.156,0.169,0.234,0.097,0.136,0.052,0.156
2553,134.00,727.43,162,1.885,884.8,0.186,0.147,0.256,0.071,0.083,0.058,0.199
2554,323.00,715.78,403,1.905,885.0,0.188,0.195,0.201,0.094,0.148,0.054,0.121
2555,438.00,707.89,376,1.905,885.3,0.133,0.182,0.230,0.115,0.133,0.067,0.139
2556,571.00,704.51,314,1.917,885.5,0.152,0.145,0.236,0.115,0.133,0.109,0.109
2557,533.00,690.74,217,1.923,886.2,0.143,0.111,0.209,0.145,0.159,0.118,0.114
2558,607.00,692.29,547,1.877,886.4,0.145,0.115,0.248,0.085,0.170,0.079,0.158
2559,677.00,696.60,663,1.914,887.4,0.113,0.133,0.202,0.156,0.171,0.112,0.113
2560,364.00,692.81,394,1.760,887.8,0.231,0.128,0.274,0.068,0.107,0.064,0.128
2561,617.00,676.84,677,1.821,888.3,0.259,0.105,0.285,0.075,0.079,0.061,0.136
2562,1287.00,684.82,935,1.746,888.6,0.214,0.083,0.338,0.069,0.110,0.062,0.124
2563,28.00,675.10,108,1.692,888.9,0.192,0.152,0.424,0.040,0.060,0.033,0.099
2564,455.00,673.56,448,1.881,889.5,0.173,0.144,0.267,0.091,0.136,0.070,0.119
2565,809.00,667.06,707,1.904,890.0,0.265,0.143,0.158,0.112,0.061,0.128,0.133
2566,871.00,671.79,951,1.834,890.4,0.263,0.160,0.177,0.086,0.091,0.097,0.126
2567,564.00,667.12,589,1.901,890.7,0.223,0.117,0.150,0.121,0.136,0.117,0.136
2568,712.00,670.13,691,1.912,891.2,0.204,0.159,0.156,0.127,0.118,0.124,0.111
2569,978.00,675.19,889,1.891,891.5,0.247,0.114,0.139,0.095,0.158,0.120,0.127
2570,426.00,676.82,424,1.919,892.2,0.166,0.170,0.159,0.151,0.100,0.120,0.133
2571,409.00,675.00,405,1.787,892.6,0.253,0.121,0.121,0.172,0.227,0.051,0.056
2572,600.00,677.75,635,1.914,893.2,0.147,0.113,0.176,0.189,0.142,0.113,0.120
2573,278.00,667.27,318,1.917,893.7,0.114,0.142,0.221,0.159,0.149,0.073,0.142
2574,4.00,662.86,71,1.657,893.9,0.104,0.125,0.156,0.135,0.406,0.042,0.031
2575,-31.00,656.61,28,1.141,894.0,0.000,0.060,0.030,0.060,0.776,0.030,0.045
2576,1448.00,666.78,1031,1.821,894.2,0.116,0.171,0.171,0.140,0.256,0.085,0.062
2577,944.00,671.58,921,1.760,894.4,0.136,0.144,0.127,0.169,0.212,0.085,0.127
2578,674.00,665.80,678,1.934,895.1,0.140,0.127,0.105,0.185,0.135,0.162,0.147
2579,218.00,656.87,295,1.214,895.2,0.044,0.022,0.066,0.165,0.615,0.022,0.066
2580,398.00,654.95,431,1.925,895.6,0.106,0.140,0.123,0.153,0.153,0.166,0.157
2581,638.00,653.77,563,1.926,896.2,0.112,0.085,0.158,0.212,0.130,0.106,0.197
2582,995.00,660.33,923,1.786,896.5,0.174,0.052,0.187,0.148,0.213,0.123,0.103
2583,1557.00,665.64,1359,1.717,896.7,0.203,0.060,0.135,0.090,0.308,0.120,0.083
2584,430.00,663.13,367,1.910,897.3,0.164,0.103,0.124,0.121,0.144,0.144,0.201
2585,439.00,662.51,458,1.895,898.0,0.154,0.090,0.159,0.111,0.131,0.150,0.205
2586,307.00,660.68,258,1.864,898.2,0.129,0.034,0.121,0.086,0.284,0.095,0.250
2587,826.00,659.48,606,1.675,898.3,0.245,0.041,0.041,0.082,0.388,0.102,0.102
2588,327.00,655.82,310,1.904,899.6,0.147,0.152,0.126,0.141,0.108,0.155,0.171
2589,365.00,655.35,350,1.829,900.0,0.105,0.201,0.081,0.129,0.206,0.062,0.215
2590,549.00,655.74,487,1.753,900.3,0.042,0.156,0.160,0.142,0.255,0.042,0.203
2591,675.00,653.14,683,1.835,901.1,0.055,0.141,0.157,0.199,0.210,0.057,0.181
2592,1479.00,661.63,1259,1.717,901.7,0.043,0.143,0.235,0.159,0.180,0.082,0.159
2593,333.00,659.83,271,1.668,902.0,0.027,0.081,0.240,0.045,0.299,0.063,0.244
2594,313.00,657.17,224,1.666,902.3,0.024,0.089,0.373,0.030,0.142,0.041,0.302
2595,634.00,657.55,617,1.427,902.4,0.000,0.181,0.194,0.000,0.361,0.014,0.250
2596,773.00,655.96,738,1.707,902.7,0.012,0.124,0.294,0.041,0.171,0.082,0.276
2597,628.00,653.67,668,1.535,902.9,0.011,0.169,0.337,0.034,0.213,0.034,0.202
2598,436.00,649.75,439,1.614,903.1,0.009,0.120,0.274,0.060,0.162,0.026,0.350
2599,341.00,636.12,360,1.816,903.7,0.030,0.143,0.264,0.093,0.137,0.107,0.225
2600,284.00,638.58,364,1.610,903.9,0.016,0.098,0.336,0.041,0.246,0.049,0.213
2601,903.00,645.21,894,1.873,904.5,0.062,0.115,0.221,0.104,0.159,0.136,0.203
2602,519.00,643.61,555,1.530,904.7,0.009,0.057,0.198,0.085,0.255,0.057,0.340
2603,417.00,643.92,372,1.753,905.1,0.038,0.105,0.273,0.097,0.130,0.122,0.235
2604,415.00,642.98,429,1.774,905.4,0.033,0.086,0.218,0.070,0.189,0.128,0.276
2605,483.00,642.53,496,1.758,905.7,0.046,0.054,0.277,0.092,0.177,0.069,0.285
2606,216.00,640.06,295,1.804,906.1,0.054,0.088,0.289,0.113,0.167,0.096,0.192
2607,705.00,639.71,684,1.884,906.5,0.062,0.119,0.210,0.123,0.160,0.144,0.181
2608,397.00,640.33,374,1.855,906.8,0.056,0.082,0.231,0.133,0.179,0.128,0.190
2609,236.00,634.94,264,1.884,907.1,0.077,0.116,0.242,0.121,0.121,0.155,0.169
2610,511.00,634.75,551,1.910,907.9,0.103,0.136,0.228,0.169,0.109,0.113,0.142
2611,644.00,636.60,684,1.883,908.1,0.072,0.159,0.275,0.087,0.087,0.130,0.188
2612,1137.00,640.38,1044,1.923,909.6,0.118,0.153,0.176,0.177,0.111,0.153,0.111
2613,186.00,636.42,266,1.810,909.8,0.042,0.194,0.208,0.097,0.181,0.069,0.208
2614,374.00,635.71,358,1.902,910.3,0.072,0.175,0.155,0.209,0.146,0.123,0.120
2615,643.00,637.98,664,1.860,910.5,0.067,0.173,0.067,0.250,0.106,0.135,0.202
2616,556.00,631.19,556,1.770,910.8,0.058,0.212,0.038,0.173,0.321,0.077,0.122
2617,1181.00,630.74,805,1.855,911.0,0.101,0.203,0.130,0.210,0.210,0.080,0.065
2618,214.00,627.05,219,1.914,911.5,0.081,0.204,0.155,0.184,0.184,0.107,0.084
2619,764.00,629.62,619,1.915,911.9,0.078,0.176,0.156,0.184,0.160,0.139,0.107
2620,283.00,615.47,361,1.924,912.3,0.103,0.210,0.117,0.167,0.142,0.114,0.146
2621,282.00,614.75,278,1.938,912.6,0.088,0.170,0.155,0.119,0.175,0.155,0.139
2622,511.00,615.28,306,1.930,912.8,0.106,0.133,0.097,0.204,0.115,0.204,0.142
2623,769.00,622.87,610,1.924,913.1,0.117,0.178,0.173,0.127,0.132,0.107,0.168
2624,375.00,620.06,293,1.807,913.3,0.011,0.161,0.129,0.086,0.258,0.183,0.172
2625,101.00,611.22,149,1.919,913.6,0.046,0.133,0.122,0.112,0.224,0.179,0.184
2626,264.00,599.09,318,1.937,913.9,0.113,0.187,0.153,0.093,0.160,0.127,0.167
2627,96.00,590.01,167,1.940,914.1,0.153,0.117,0.197,0.088,0.175,0.161,0.109
2628,695.00,594.52,612,1.929,914.3,0.180,0.120,0.130,0.140,0.150,0.140,0.140
2629,925.00,591.85,566,1.936,914.6,0.174,0.116,0.184,0.150,0.101,0.174,0.101
2630,317.00,569.51,393,1.941,915.3,0.120,0.115,0.166,0.153,0.138,0.197,0.110
2631,314.00,566.15,394,1.934,916.3,0.156,0.138,0.135,0.145,0.156,0.146,0.123
2632,1697.00,572.05,1456,1.917,916.6,0.131,0.142,0.102,0.153,0.176,0.165,0.131
2633,277.00,569.55,204,1.935,916.9,0.120,0.188,0.144,0.130,0.115,0.149,0.154
2634,756.00,570.87,589,1.927,917.3,0.103,0.179,0.141,0.147,0.152,0.103,0.174
2635,384.00,573.15,419,1.889,917.5,0.094,0.137,0.165,0.158,0.180,0.137,0.129
2636,477.00,571.33,386,1.899,917.9,0.078,0.193,0.115,0.141,0.250,0.078,0.146
2637,443.00,569.59,411,1.899,918.1,0.058,0.216,0.094,0.094,0.237,0.086,0.216
2638,142.00,565.64,222,1.914,918.4,0.155,0.155,0.106,0.113,0.246,0.063,0.162
2639,258.00,557.95,276,1.916,918.7,0.090,0.241,0.069,0.138,0.186,0.131,0.145
2640,511.00,560.11,551,1.936,920.2,0.134,0.173,0.143,0.158,0.163,0.123,0.106
2641,296.00,558.06,262,1.837,920.4,0.101,0.193,0.064,0.101,0.349,0.101,0.092
2642,362.00,548.77,350,1.870,920.8,0.195,0.148,0.090,0.105,0.199,0.164,0.098
2643,805.00,556.64,785,1.850,921.4,0.258,0.144,0.079,0.052,0.180,0.171,0.117
2644,1554.00,564.57,1041,1.691,921.6,0.250,0.164,0.043,0.026,0.336,0.103,0.078
2645,1076.00,566.39,893,1.663,921.8,0.214,0.170,0.036,0.054,0.259,0.134,0.134
2646,921.00,572.31,889,1.672,922.0,0.228,0.263,0.018,0.035,0.246,0.088,0.123
2647,645.00,573.80,579,1.783,922.4,0.230,0.190,0.044,0.044,0.258,0.129,0.105
2648,1126.00,575.12,619,1.676,922.6,0.257,0.169,0.022,0.007,0.250,0.176,0.118
2649,559.00,577.45,517,1.813,923.2,0.246,0.133,0.048,0.038,0.221,0.183,0.133
2650,1015.00,579.60,916,1.860,923.8,0.198,0.136,0.053,0.065,0.259,0.161,0.128
2651,721.00,580.74,761,1.876,924.4,0.220,0.161,0.054,0.067,0.155,0.207,0.135
2652,904.00,580.27,765,1.832,924.5,0.208,0.094,0.009,0.160,0.132,0.226,0.170
2653,544.00,584.37,584,1.852,925.0,0.127,0.105,0.213,0.098,0.222,0.111,0.124
2654,691.00,588.05,728,1.804,925.2,0.107,0.071,0.125,0.134,0.304,0.116,0.143
2655,675.00,590.42,632,1.858,925.5,0.107,0.107,0.140,0.129,0.292,0.067,0.157
2656,879.00,593.50,515,1.854,925.6,0.106,0.097,0.142,0.177,0.221,0.150,0.106
2657,467.00,592.84,329,1.906,926.1,0.150,0.158,0.158,0.108,0.212,0.073,0.142
2658,264.00,589.41,188,1.829,926.3,0.105,0.119,0.133,0.112,0.350,0.133,0.049
2659,239.00,585.03,288,1.757,926.5,0.012,0.129,0.094,0.271,0.376,0.047,0.071
2660,682.00,588.21,412,1.911,926.8,0.147,0.168,0.084,0.176,0.210,0.143,0.071
2661,641.00,588.45,675,1.898,927.0,0.120,0.190,0.140,0.130,0.180,0.130,0.110
2662,573.00,581.31,494,1.927,927.5,0.133,0.166,0.152,0.120,0.149,0.168,0.111
2663,1028.00,591.31,715,1.692,927.7,0.185,0.092,0.031,0.262,0.077,0.215,0.138
2664,1154.00,598.30,970,1.849,927.9,0.187,0.151,0.050,0.216,0.151,0.151,0.094
2665,405.00,594.26,226,1.834,928.0,0.240,0.154,0.077,0.144,0.144,0.154,0.087
2666,1246.00,598.01,901,1.881,928.3,0.157,0.134,0.110,0.150,0.181,0.150,0.118
2667,1142.00,603.79,941,1.857,928.4,0.198,0.160,0.057,0.189,0.160,0.142,0.094
2668,1069.00,607.36,980,1.917,928.8,0.211,0.227,0.113,0.121,0.141,0.121,0.066
2669,427.00,601.85,389,1.921,929.3,0.115,0.189,0.124,0.153,0.171,0.121,0.127
2670,262.00,600.21,342,1.868,929.7,0.180,0.180,0.039,0.224,0.200,0.086,0.090
2671,1125.00,607.37,606,1.667,929.9,0.223,0.099,0.050,0.306,0.132,0.041,0.149
2672,467.00,606.04,454,1.850,930.1,0.222,0.170,0.047,0.158,0.193,0.099,0.111
2673,909.00,612.35,603,1.711,930.3,0.344,0.100,0.022,0.200,0.178,0.089,0.067
2674,568.00,617.99,605,1.919,931.3,0.184,0.111,0.144,0.091,0.181,0.171,0.118
2675,332.00,621.62,359,1.922,932.0,0.167,0.144,0.099,0.099,0.155,0.184,0.152
2676,557.00,612.71,405,1.886,932.3,0.097,0.176,0.048,0.139,0.255,0.139,0.145
2677,521.00,608.48,510,1.887,932.8,0.111,0.162,0.067,0.124,0.213,0.165,0.159
2678,233.00,604.07,238,1.848,933.0,0.099,0.282,0.084,0.107,0.137,0.153,0.137
2679,278.00,604.67,227,1.912,933.4,0.133,0.195,0.075,0.145,0.216,0.112,0.124
2680,484.00,605.53,460,1.807,933.5,0.120,0.133,0.053,0.147,0.173,0.160,0.213
2681,179.00,600.94,219,1.908,933.9,0.135,0.175,0.061,0.127,0.201,0.127,0.175
2682,436.00,595.35,353,1.909,934.2,0.189,0.090,0.080,0.179,0.169,0.139,0.154
2683,975.00,589.53,867,1.650,934.4,0.155,0.082,0.036,0.336,0.145,0.091,0.155
2684,1081.00,596.04,1001,1.277,934.5,0.076,0.091,0.000,0.409,0.061,0.091,0.273
2685,811.00,599.76,790,1.845,934.9,0.180,0.105,0.067,0.209,0.142,0.142,0.155
2686,1173.00,608.42,1118,1.702,935.2,0.231,0.131,0.025,0.231,0.131,0.062,0.188
2687,602.00,606.18,545,1.913,936.1,0.182,0.155,0.077,0.140,0.185,0.146,0.115
2688,265.00,605.56,261,1.891,936.5,0.186,0.153,0.120,0.153,0.050,0.174,0.165
2689,191.00,603.82,221,1.887,936.9,0.134,0.150,0.097,0.219,0.101,0.109,0.190
2690,394.00,602.27,308,1.859,937.2,0.175,0.135,0.088,0.257,0.099,0.064,0.181
2691,152.00,597.04,226,1.850,937.5,0.150,0.144,0.078,0.242,0.085,0.085,0.216
2692,1003.00,592.28,631,1.709,937.6,0.091,0.256,0.099,0.157,0.074,0.083,0.240
2693,383.00,592.78,463,1.151,937.8,0.041,0.397,0.041,0.096,0.014,0.041,0.370
2694,148.00,591.13,228,1.863,937.9,0.125,0.188,0.179,0.196,0.071,0.089,0.152
2695,167.00,586.46,237,1.911,938.2,0.164,0.134,0.127,0.194,0.052,0.119,0.209
2696,442.00,583.15,440,1.387,938.3,0.044,0.294,0.044,0.103,0.015,0.015,0.485
2697,420.00,581.07,349,1.035,938.4,0.037,0.389,0.000,0.019,0.000,0.019,0.537
2698,756.00,584.27,692,1.934,938.6,0.167,0.161,0.125,0.119,0.077,0.179,0.173
2699,606.00,586.92,364,1.932,939.1,0.241,0.141,0.114,0.090,0.131,0.131,0.152
2700,470.00,588.78,326,1.899,939.3,0.217,0.132,0.113,0.151,0.113,0.094,0.179
2701,242.00,582.17,242,0.581,939.4,0.000,0.132,0.000,0.000,0.000,0.000,0.868
2702,395.00,580.93,297,1.923,939.8,0.213,0.171,0.160,0.137,0.106,0.065,0.148
2703,608.00,582.84,484,1.860,940.1,0.181,0.093,0.208,0.125,0.148,0.111,0.134
2704,570.00,584.39,428,1.842,940.4,0.179,0.040,0.220,0.197,0.179,0.054,0.130
2705,373.00,583.29,334,1.859,940.9,0.136,0.068,0.182,0.256,0.185,0.032,0.140
2706,402.00,585.15,426,1.898,941.5,0.155,0.070,0.203,0.174,0.150,0.086,0.163
2707,256.00,580.66,290,1.916,942.0,0.109,0.112,0.195,0.118,0.227,0.106,0.133
2708,599.00,582.68,502,1.904,942.3,0.215,0.102,0.153,0.124,0.141,0.085,0.181
2709,681.00,587.13,665,1.919,942.9,0.163,0.168,0.145,0.106,0.163,0.108,0.147
2710,392.00,585.94,370,1.906,943.6,0.194,0.109,0.137,0.122,0.162,0.102,0.174
2711,719.00,586.69,666,1.825,943.8,0.152,0.129,0.182,0.144,0.174,0.045,0.174
2712,775.00,583.07,796,1.899,944.8,0.207,0.101,0.141,0.090,0.207,0.094,0.159
2713,91.00,582.12,171,1.858,945.1,0.273,0.137,0.093,0.068,0.124,0.062,0.242
2714,528.00,583.66,518,1.907,946.0,0.214,0.110,0.118,0.142,0.191,0.079,0.146
2715,624.00,583.47,574,1.791,946.3,0.258,0.127,0.131,0.081,0.240,0.041,0.122
2716,972.00,587.63,744,1.693,946.6,0.405,0.168,0.107,0.092,0.099,0.015,0.115
2717,448.00,580.30,464,1.851,947.0,0.211,0.157,0.147,0.144,0.187,0.047,0.107
2718,388.00,582.04,335,1.653,947.1,0.319,0.145,0.014,0.101,0.087,0.000,0.333
2719,389.00,578.29,295,1.669,947.3,0.135,0.189,0.135,0.068,0.135,0.027,0.311
2720,403.00,579.49,483,1.883,947.7,0.263,0.085,0.205,0.135,0.139,0.046,0.127
2721,585.00,582.52,482,1.339,947.8,0.138,0.050,0.087,0.125,0.175,0.037,0.388
2722,266.00,580.07,266,0.792,947.9,0.081,0.000,0.000,0.108,0.054,0.000,0.757
2723,558.00,577.96,503,1.905,948.6,0.193,0.111,0.146,0.137,0.181,0.107,0.125
2724,727.00,581.48,703,1.840,948.8,0.204,0.168,0.204,0.105,0.089,0.052,0.178
2725,529.00,585.76,501,1.853,949.3,0.174,0.135,0.245,0.191,0.039,0.074,0.142
2726,762.00,590.74,749,1.696,949.4,0.139,0.198,0.188,0.218,0.000,0.020,0.238
2727,447.00,594.25,358,1.849,949.9,0.205,0.114,0.255,0.185,0.037,0.087,0.117
2728,1988.00,607.18,1595,1.746,950.0,0.135,0.171,0.216,0.180,0.036,0.081,0.180
2729,564.00,603.57,585,1.878,950.7,0.198,0.111,0.222,0.190,0.071,0.103,0.103
2730,326.00,603.66,366,1.606,950.8,0.041,0.164,0.041,0.288,0.000,0.068,0.397
2731,651.00,607.03,538,1.733,951.0,0.155,0.191,0.118,0.245,0.000,0.064,0.227
2732,569.00,595.75,472,1.620,951.1,0.111,0.323,0.152,0.232,0.030,0.061,0.091
2733,404.00,597.02,484,1.888,951.7,0.232,0.119,0.182,0.166,0.111,0.100,0.090
2734,638.00,595.84,605,1.759,952.0,0.134,0.299,0.146,0.067,0.067,0.165,0.122
2735,847.00,600.47,834,1.850,952.3,0.210,0.095,0.233,0.105,0.086,0.162,0.110
2736,1079.00,606.49,874,1.702,952.5,0.135,0.281,0.188,0.042,0.031,0.198,0.125
2737,1057.00,612.63,952,1.654,952.6,0.056,0.282,0.141,0.042,0.000,0.239,0.239
2738,770.00,618.91,665,1.835,953.0,0.187,0.127,0.239,0.116,0.046,0.158,0.127
2739,890.00,625.23,890,1.744,953.3,0.162,0.154,0.197,0.094,0.009,0.154,0.231
2740,430.00,624.42,380,1.827,953.5,0.231,0.121,0.165,0.115,0.055,0.176,0.137
2741,247.00,623.93,205,1.903,954.0,0.180,0.130,0.210,0.130,0.067,0.153,0.130
2742,430.00,624.61,379,1.921,955.1,0.180,0.111,0.179,0.107,0.111,0.157,0.154
2743,143.00,617.99,183,1.860,955.4,0.196,0.149,0.175,0.088,0.103,0.113,0.175
2744,484.00,607.29,457,1.912,956.1,0.205,0.125,0.168,0.154,0.142,0.082,0.123
2745,422.00,600.75,301,1.571,956.2,0.233,0.083,0.083,0.150,0.067,0.067,0.317
2746,604.00,597.58,562,1.879,956.5,0.223,0.179,0.117,0.112,0.128,0.028,0.212
2747,273.00,593.86,152,1.828,956.7,0.202,0.176,0.109,0.126,0.101,0.092,0.193
2748,276.00,585.36,234,1.813,956.8,0.232,0.134,0.125,0.125,0.071,0.089,0.223
2749,143.00,581.20,143,0.772,957.0,0.113,0.097,0.000,0.048,0.000,0.016,0.726
2750,246.00,573.51,210,1.085,957.1,0.129,0.081,0.016,0.048,0.000,0.065,0.661
2751,162.00,567.92,190,1.913,957.5,0.165,0.199,0.120,0.165,0.124,0.067,0.161
2752,130.00,560.18,119,1.880,957.6,0.211,0.088,0.053,0.193,0.088,0.105,0.263
2753,582.00,560.56,548,1.927,958.5,0.203,0.153,0.143,0.153,0.132,0.092,0.123
2754,339.00,557.04,169,1.043,958.6,0.073,0.036,0.018,0.091,0.018,0.145,0.618
2755,487.00,555.16,524,1.928,959.5,0.158,0.127,0.104,0.195,0.168,0.100,0.148
2756,478.00,551.15,394,1.908,960.0,0.175,0.138,0.126,0.144,0.196,0.110,0.110
2757,680.00,553.28,559,1.806,960.2,0.142,0.113,0.085,0.151,0.151,0.151,0.208
2758,294.00,553.58,374,1.885,960.4,0.117,0.097,0.078,0.194,0.146,0.175,0.194
2759,221.00,553.40,248,1.920,960.8,0.119,0.150,0.135,0.169,0.158,0.104,0.165
2760,362.00,550.20,442,1.881,961.1,0.104,0.145,0.162,0.156,0.156,0.162,0.116
2761,723.00,551.02,734,1.422,961.3,0.073,0.064,0.028,0.147,0.064,0.477,0.147
2762,535.00,550.64,501,1.931,962.4,0.158,0.163,0.125,0.166,0.181,0.121,0.087
2763,510.00,545.46,564,1.904,962.9,0.134,0.176,0.152,0.176,0.131,0.125,0.106
2764,1115.00,545.07,1028,1.523,963.1,0.049,0.206,0.049,0.157,0.010,0.353,0.176
2765,219.00,543.21,299,1.798,963.4,0.046,0.183,0.096,0.220,0.078,0.220,0.156
2766,250.00,533.25,327,1.856,963.7,0.055,0.213,0.137,0.202,0.087,0.164,0.142
2767,441.00,526.24,411,1.851,963.9,0.042,0.139,0.104,0.236,0.111,0.194,0.174
2768,792.00,523.47,697,1.873,964.3,0.069,0.211,0.110,0.234,0.161,0.110,0.106
2769,319.00,522.39,222,1.904,964.7,0.078,0.198,0.174,0.178,0.101,0.147,0.124
2770,321.00,522.98,150,0.831,964.8,0.000,0.027,0.000,0.081,0.027,0.027,0.838
2771,717.00,518.90,532,1.755,965.0,0.105,0.191,0.066,0.204,0.092,0.132,0.211
2772,333.00,517.56,333,1.081,965.1,0.028,0.139,0.000,0.028,0.000,0.028,0.778
2773,424.00,512.71,405,1.733,965.3,0.071,0.183,0.111,0.167,0.056,0.175,0.238
2774,290.00,509.93,212,1.777,965.5,0.071,0.119,0.071,0.167,0.036,0.226,0.310
2775,864.00,515.25,702,1.660,965.6,0.082,0.137,0.082,0.137,0.027,0.260,0.274
2776,640.00,516.08,615,1.884,966.0,0.079,0.181,0.083,0.218,0.106,0.157,0.176
2777,832.00,519.19,687,1.798,966.2,0.107,0.143,0.095,0.220,0.089,0.202,0.143
2778,939.00,526.25,919,1.929,968.9,0.141,0.182,0.140,0.137,0.150,0.124,0.126
2779,611.00,529.58,509,1.831,969.2,0.108,0.077,0.108,0.118,0.359,0.092,0.138
2780,331.00,528.05,325,1.732,969.4,0.159,0.093,0.103,0.075,0.215,0.084,0.271
2781,773.00,533.99,635,1.621,969.7,0.136,0.052,0.078,0.071,0.279,0.117,0.266
2782,346.00,533.09,349,1.909,970.4,0.170,0.103,0.201,0.087,0.144,0.155,0.140
2783,367.00,527.01,357,1.820,970.6,0.148,0.089,0.200,0.089,0.133,0.074,0.267
2784,292.00,519.12,292,1.403,970.8,0.035,0.058,0.000,0.012,0.465,0.116,0.314
2785,1384.00,524.85,1265,1.658,971.0,0.118,0.099,0.072,0.026,0.303,0.158,0.224
2786,531.00,518.43,448,1.158,971.2,0.024,0.012,0.000,0.000,0.590,0.205,0.169
2787,657.00,518.98,682,1.882,971.7,0.139,0.139,0.219,0.077,0.134,0.144,0.147
2788,562.00,521.95,542,1.473,971.9,0.032,0.095,0.048,0.008,0.476,0.206,0.135
2789,682.00,526.86,446,1.875,972.3,0.154,0.154,0.142,0.085,0.202,0.146,0.117
2790,1073.00,533.65,771,1.643,972.5,0.087,0.125,0.010,0.010,0.375,0.212,0.183
2791,730.00,539.43,429,1.617,972.6,0.086,0.114,0.000,0.000,0.343,0.300,0.157
2792,722.00,536.62,755,1.892,973.4,0.154,0.137,0.184,0.114,0.152,0.132,0.127
2793,678.00,539.57,516,1.715,973.6,0.104,0.104,0.104,0.032,0.288,0.184,0.184
2794,541.00,543.50,478,1.760,973.8,0.105,0.105,0.063,0.021,0.294,0.196,0.217
2795,410.00,545.93,438,1.915,974.9,0.152,0.113,0.206,0.094,0.176,0.110,0.149
2796,388.00,545.39,312,1.663,975.0,0.169,0.056,0.011,0.011,0.258,0.303,0.191
2797,725.00,548.44,694,1.884,975.7,0.182,0.148,0.185,0.089,0.153,0.094,0.150
2798,885.00,549.73,879,1.641,975.8,0.180,0.281,0.045,0.011,0.191,0.022,0.270
2799,601.00,549.68,467,1.628,975.9,0.300,0.140,0.040,0.040,0.220,0.000,0.260
2800,496.00,549.94,226,1.680,976.0,0.220,0.329,0.061,0.049,0.146,0.037,0.159
2801,1013.00,557.65,901,1.811,976.3,0.172,0.166,0.159,0.076,0.241,0.034,0.152
2802,55.00,554.25,135,1.844,976.7,0.162,0.162,0.147,0.048,0.180,0.074,0.228
2803,1109.00,559.26,1063,1.864,977.1,0.144,0.183,0.231,0.087,0.163,0.053,0.139
2804,1121.00,564.77,1110,1.621,977.2,0.262,0.279,0.082,0.000,0.148,0.049,0.180
2805,307.00,564.11,345,1.838,977.5,0.187,0.181,0.135,0.088,0.187,0.041,0.181
2806,1058.00,570.67,705,1.530,977.7,0.416,0.112,0.144,0.024,0.176,0.040,0.088
2807,464.00,572.75,469,1.799,978.3,0.325,0.153,0.134,0.073,0.127,0.066,0.122
2808,864.00,575.40,777,1.632,978.5,0.351,0.104,0.097,0.078,0.175,0.091,0.104
2809,632.00,574.91,579,1.822,979.1,0.304,0.116,0.170,0.074,0.111,0.081,0.143
2810,974.00,580.73,920,1.842,979.6,0.263,0.092,0.167,0.092,0.133,0.123,0.130
2811,683.00,580.37,488,1.512,979.7,0.292,0.344,0.021,0.021,0.031,0.177,0.115
2812,659.00,579.21,556,1.509,979.8,0.426,0.185,0.037,0.000,0.148,0.074,0.130
2813,841.00,586.71,789,1.821,980.2,0.317,0.079,0.100,0.042,0.163,0.154,0.146
2814,245.00,583.88,227,1.868,980.5,0.203,0.052,0.155,0.078,0.181,0.198,0.134
2815,841.00,586.05,756,1.903,981.2,0.187,0.089,0.180,0.105,0.158,0.149,0.131
2816,826.00,584.59,826,1.532,981.3,0.237,0.062,0.013,0.000,0.150,0.150,0.388
2817,319.00,583.30,245,1.905,981.9,0.203,0.078,0.186,0.083,0.183,0.161,0.106
2818,669.00,586.11,582,1.707,982.1,0.296,0.074,0.067,0.067,0.163,0.104,0.230
2819,1002.00,592.24,840,1.414,982.2,0.312,0.087,0.013,0.013,0.188,0.037,0.350
2820,278.00,590.99,208,1.833,982.5,0.190,0.132,0.121,0.132,0.098,0.126,0.201
2821,268.00,587.82,228,1.597,982.7,0.407,0.099,0.022,0.033,0.143,0.066,0.231
2822,235.00,587.51,235,1.268,982.8,0.607,0.066,0.016,0.000,0.115,0.066,0.131
2823,776.00,589.69,595,1.837,983.1,0.201,0.055,0.111,0.106,0.181,0.101,0.246
2824,836.00,590.78,761,1.559,983.2,0.325,0.048,0.012,0.000,0.181,0.205,0.229
2825,208.00,587.57,276,1.906,983.6,0.204,0.113,0.104,0.122,0.176,0.068,0.213
2826,370.00,583.65,325,1.908,983.9,0.161,0.101,0.161,0.111,0.151,0.121,0.196
2827,522.00,584.40,522,1.715,984.0,0.187,0.067,0.000,0.040,0.120,0.293,0.293
2828,921.00,573.73,878,1.857,984.4,0.232,0.091,0.091,0.114,0.141,0.136,0.195
2829,506.00,573.15,395,1.869,984.7,0.222,0.107,0.120,0.107,0.111,0.116,0.218
2830,317.00,573.06,299,1.925,985.2,0.184,0.092,0.165,0.142,0.138,0.111,0.169
2831,573.00,572.28,573,1.932,986.2,0.151,0.143,0.139,0.148,0.133,0.123,0.162
2832,189.00,568.48,262,1.882,986.5,0.173,0.106,0.106,0.095,0.145,0.201,0.173
2833,46.00,564.90,115,1.696,986.7,0.078,0.052,0.078,0.104,0.169,0.156,0.364
2834,564.00,564.16,554,1.800,986.9,0.163,0.092,0.085,0.121,0.128,0.113,0.298
2835,373.00,559.42,332,1.567,987.0,0.033,0.067,0.000,0.167,0.217,0.300,0.217
2836,814.00,556.77,814,1.671,987.2,0.063,0.021,0.032,0.095,0.158,0.221,0.411
2837,366.00,549.86,446,1.928,988.0,0.186,0.120,0.126,0.128,0.141,0.122,0.177
2838,259.00,544.75,259,1.923,988.4,0.169,0.157,0.105,0.133,0.089,0.133,0.214
2839,886.00,544.71,881,1.921,989.2,0.142,0.147,0.137,0.147,0.106,0.157,0.164
2840,630.00,546.71,587,1.926,990.2,0.191,0.121,0.159,0.142,0.110,0.120,0.157
2841,749.00,551.73,691,1.886,991.3,0.182,0.106,0.132,0.147,0.125,0.169,0.139
2842,580.00,553.23,505,1.797,991.6,0.029,0.076,0.162,0.195,0.090,0.224,0.224
2843,893.00,560.73,886,1.588,991.9,0.025,0.044,0.050,0.113,0.181,0.381,0.206
2844,547.00,561.36,459,1.849,992.4,0.083,0.102,0.155,0.139,0.145,0.201,0.175
2845,197.00,559.11,277,1.351,992.5,0.000,0.012,0.000,0.119,0.405,0.202,0.262
2846,360.00,556.67,440,1.926,993.6,0.118,0.139,0.160,0.136,0.162,0.144,0.141
2847,303.00,556.97,276,1.877,993.9,0.050,0.145,0.161,0.120,0.169,0.198,0.157
2848,1082.00,565.03,1008,1.908,995.2,0.121,0.169,0.132,0.132,0.144,0.191,0.111
2849,129.00,564.89,205,1.693,995.3,0.009,0.190,0.095,0.112,0.267,0.241,0.086
2850,249.00,564.92,316,1.785,995.6,0.022,0.184,0.141,0.141,0.130,0.330,0.054
2851,756.00,570.86,662,1.832,995.9,0.041,0.143,0.163,0.136,0.245,0.190,0.082
2852,319.00,572.75,320,1.813,996.2,0.054,0.220,0.175,0.045,0.170,0.269,0.067
2853,554.00,572.47,517,1.914,997.0,0.124,0.183,0.176,0.120,0.160,0.160,0.077
2854,1486.00,583.94,1255,1.835,997.3,0.137,0.176,0.132,0.068,0.112,0.273,0.102
2855,1580.00,594.87,1371,1.625,997.5,0.078,0.216,0.043,0.103,0.069,0.362,0.129
2856,15.00,590.24,95,1.569,997.6,0.021,0.250,0.042,0.042,0.031,0.552,0.062
2857,339.00,586.83,359,1.846,998.1,0.079,0.250,0.125,0.138,0.072,0.234,0.102
2858,989.00,593.78,897,1.901,998.6,0.134,0.241,0.158,0.123,0.086,0.174,0.083
2859,720.00,598.77,622,1.899,999.2,0.148,0.172,0.124,0.169,0.100,0.174,0.113
2860,222.00,597.37,302,1.915,999.7,0.134,0.179,0.157,0.123,0.080,0.197,0.131
2861,918.00,599.32,868,1.758,999.8,0.000,0.118,0.039,0.237,0.211,0.197,0.197
2862,518.00,599.15,546,1.764,1000.0,0.049,0.222,0.099,0.173,0.136,0.173,0.148
2863,575.00,599.80,467,1.900,1000.2,0.151,0.233,0.101,0.126,0.145,0.126,0.119
2864,879.00,597.44,828,1.899,1000.5,0.188,0.226,0.118,0.075,0.081,0.194,0.118
2865,632.00,601.57,413,1.668,1000.6,0.091,0.148,0.057,0.080,0.307,0.159,0.159
2866,531.00,604.38,351,1.903,1000.9,0.137,0.213,0.066,0.102,0.107,0.239,0.137
2867,477.00,604.74,487,1.563,1001.0,0.038,0.096,0.038,0.135,0.231,0.173,0.288
2868,827.00,605.09,622,1.908,1001.5,0.184,0.171,0.100,0.097,0.143,0.190,0.115
2869,1104.00,612.94,991,1.774,1001.7,0.082,0.182,0.073,0.073,0.182,0.264,0.145
2870,781.00,617.54,676,1.835,1001.9,0.056,0.112,0.154,0.077,0.175,0.301,0.126
2871,76.00,611.13,113,1.816,1002.1,0.067,0.067,0.281,0.056,0.180,0.236,0.112
2872,118.00,608.98,198,1.911,1002.7,0.141,0.127,0.156,0.122,0.166,0.163,0.124
2873,748.00,612.22,741,1.911,1004.0,0.205,0.148,0.170,0.089,0.139,0.160,0.089
2874,263.00,611.95,225,1.869,1004.2,0.096,0.219,0.219,0.089,0.110,0.178,0.089
2875,406.00,607.37,449,1.730,1004.3,0.036,0.107,0.286,0.107,0.000,0.339,0.125
2876,504.00,606.01,453,1.916,1005.0,0.144,0.120,0.178,0.152,0.110,0.178,0.120
2877,501.00,602.70,481,1.878,1005.3,0.142,0.077,0.237,0.089,0.095,0.231,0.130
2878,1035.00,603.66,668,1.891,1005.5,0.224,0.126,0.196,0.140,0.077,0.133,0.105
2879,731.00,604.86,685,1.898,1005.9,0.156,0.095,0.218,0.115,0.126,0.107,0.183
2880,989.00,611.44,921,1.705,1006.1,0.064,0.117,0.277,0.043,0.096,0.117,0.287
2881,216.00,605.87,249,1.410,1006.2,0.016,0.000,0.508,0.095,0.159,0.048,0.175
2882,868.00,611.09,712,1.880,1006.5,0.132,0.078,0.250,0.103,0.127,0.152,0.157
2883,324.00,610.66,299,1.591,1006.6,0.015,0.015,0.167,0.152,0.318,0.015,0.318
2884,464.00,612.38,295,1.906,1006.9,0.139,0.048,0.175,0.169,0.114,0.127,0.229
2885,638.00,604.92,622,1.919,1007.2,0.159,0.093,0.159,0.110,0.088,0.187,0.203
2886,1019.00,609.80,1054,1.840,1007.3,0.186,0.200,0.071,0.200,0.086,0.057,0.200
2887,324.00,606.47,404,1.919,1007.5,0.171,0.203,0.108,0.152,0.082,0.108,0.177
2888,1373.00,614.58,1266,1.896,1007.7,0.224,0.200,0.129,0.153,0.071,0.094,0.129
2889,1008.00,617.84,944,1.911,1007.9,0.211,0.120,0.128,0.135,0.075,0.143,0.188
2890,1071.00,617.82,976,1.888,1008.1,0.229,0.133,0.143,0.114,0.048,0.143,0.190
2891,1241.00,622.93,1096,1.845,1008.2,0.321,0.136,0.062,0.099,0.099,0.136,0.148
2892,684.00,622.55,539,1.903,1008.4,0.183,0.127,0.198,0.159,0.071,0.143,0.119
2893,724.00,623.01,668,1.925,1008.9,0.186,0.109,0.119,0.176,0.096,0.157,0.157
2894,605.00,623.65,616,1.921,1009.4,0.214,0.148,0.159,0.123,0.121,0.115,0.121
2895,995.00,629.50,928,1.827,1009.7,0.137,0.226,0.055,0.219,0.110,0.110,0.144
2896,814.00,633.76,776,1.927,1011.1,0.215,0.135,0.128,0.153,0.112,0.142,0.114
2897,448.00,630.99,516,1.815,1011.5,0.282,0.123,0.079,0.194,0.067,0.095,0.159
2898,1106.00,633.20,989,1.716,1011.8,0.294,0.027,0.043,0.267,0.086,0.128,0.155
2899,1849.00,645.68,1367,1.576,1011.9,0.337,0.036,0.012,0.217,0.096,0.193,0.108
2900,1321.00,653.93,665,1.551,1012.1,0.270,0.020,0.040,0.330,0.060,0.140,0.140
2901,767.00,651.47,511,1.597,1012.3,0.295,0.023,0.039,0.186,0.078,0.194,0.186
2902,628.00,657.20,590,1.682,1012.7,0.291,0.025,0.029,0.262,0.098,0.127,0.168
2903,1281.00,658.92,1092,1.633,1013.1,0.354,0.016,0.023,0.257,0.105,0.109,0.136
2904,645.00,654.16,623,1.595,1013.4,0.395,0.010,0.029,0.195,0.073,0.127,0.171
2905,742.00,658.51,712,1.620,1013.7,0.399,0.006,0.023,0.162,0.092,0.156,0.162
2906,494.00,652.87,483,1.718,1014.1,0.290,0.020,0.048,0.201,0.140,0.150,0.150
2907,624.00,654.47,542,1.708,1014.5,0.329,0.023,0.041,0.194,0.140,0.126,0.149
2908,429.00,650.12,383,1.665,1014.7,0.299,0.027,0.027,0.170,0.177,0.136,0.163
2909,913.00,652.93,774,1.690,1014.9,0.296,0.019,0.019,0.213,0.093,0.185,0.176
2910,563.00,648.82,553,1.735,1015.1,0.279,0.014,0.036,0.200,0.071,0.179,0.221
2911,370.00,645.69,343,1.758,1015.4,0.227,0.035,0.041,0.186,0.128,0.140,0.244
2912,405.00,643.15,445,1.834,1015.8,0.208,0.048,0.080,0.211,0.163,0.125,0.166
2913,866.00,643.40,862,1.789,1016.1,0.252,0.021,0.035,0.161,0.161,0.168,0.203
2914,1313.00,654.08,1040,1.663,1016.2,0.135,0.115,0.010,0.125,0.312,0.125,0.177
2915,134.00,647.01,156,1.803,1016.5,0.110,0.030,0.055,0.183,0.177,0.146,0.299
2916,1067.00,649.42,1006,1.674,1016.6,0.179,0.090,0.015,0.060,0.194,0.164,0.299
2917,320.00,649.43,352,1.824,1016.8,0.181,0.037,0.044,0.175,0.094,0.181,0.287
2918,737.00,650.11,653,1.833,1017.1,0.198,0.032,0.048,0.144,0.166,0.160,0.251
2919,457.00,644.66,304,1.860,1017.4,0.179,0.094,0.094,0.160,0.156,0.132,0.184
2920,1167.00,653.55,1167,1.649,1017.6,0.329,0.152,0.013,0.101,0.152,0.063,0.190
2921,530.00,656.17,471,1.864,1018.0,0.169,0.081,0.115,0.188,0.138,0.112,0.196
2922,400.00,657.82,417,1.832,1018.2,0.201,0.134,0.040,0.181,0.094,0.094,0.255
2923,579.00,655.85,367,1.867,1018.6,0.205,0.090,0.120,0.184,0.137,0.068,0.197
2924,833.00,655.82,833,1.784,1018.8,0.215,0.141,0.044,0.222,0.119,0.044,0.215
2925,356.00,657.30,379,1.824,1019.1,0.149,0.112,0.059,0.197,0.202,0.117,0.165
2926,1439.00,667.99,1375,1.817,1019.6,0.199,0.116,0.089,0.253,0.146,0.057,0.140
2927,554.00,668.31,583,1.907,1020.9,0.187,0.114,0.119,0.175,0.162,0.083,0.160
2928,492.00,664.02,451,1.874,1021.4,0.152,0.073,0.107,0.201,0.155,0.143,0.168
2929,592.00,664.88,368,1.039,1021.5,0.011,0.115,0.000,0.621,0.034,0.184,0.034
2930,324.00,664.95,324,1.904,1022.2,0.133,0.111,0.136,0.186,0.143,0.140,0.150
2931,328.00,662.50,399,1.787,1022.7,0.120,0.160,0.090,0.247,0.043,0.247,0.093
2932,710.00,667.71,511,1.613,1022.9,0.163,0.109,0.062,0.140,0.039,0.411,0.078
2933,378.00,671.03,254,1.878,1023.3,0.179,0.143,0.112,0.192,0.045,0.192,0.138
2934,3.00,665.42,82,1.566,1023.5,0.085,0.113,0.057,0.179,0.009,0.415,0.142
2935,1332.00,675.01,1269,1.683,1023.7,0.094,0.094,0.115,0.173,0.050,0.309,0.165
2936,272.00,669.59,317,1.260,1023.8,0.000,0.088,0.029,0.118,0.015,0.632,0.118
2937,941.00,675.34,615,1.499,1023.9,0.060,0.030,0.075,0.149,0.000,0.567,0.119
2938,592.00,678.67,434,1.518,1024.1,0.024,0.102,0.047,0.173,0.016,0.543,0.094
2939,491.00,674.72,359,1.530,1024.3,0.059,0.094,0.047,0.235,0.024,0.447,0.094
2940,751.00,675.93,734,1.805,1024.4,0.169,0.068,0.119,0.136,0.059,0.271,0.178
2941,706.00,675.50,715,1.857,1024.9,0.119,0.069,0.184,0.176,0.073,0.211,0.169
2942,293.00,672.63,373,1.879,1025.3,0.091,0.091,0.123,0.142,0.095,0.285,0.174
2943,1162.00,675.32,1019,1.845,1025.4,0.087,0.143,0.079,0.270,0.040,0.183,0.198
2944,427.00,674.12,403,1.917,1025.8,0.209,0.098,0.157,0.166,0.089,0.119,0.162
2945,225.00,674.40,253,1.862,1026.0,0.145,0.122,0.099,0.214,0.084,0.183,0.153
2946,663.00,677.43,412,1.906,1026.4,0.210,0.102,0.146,0.137,0.083,0.171,0.151
2947,867.00,683.07,837,1.727,1026.5,0.188,0.271,0.012,0.247,0.035,0.082,0.165
2948,598.00,678.23,594,1.906,1027.1,0.209,0.146,0.084,0.161,0.118,0.122,0.161
2949,390.00,680.84,355,1.852,1027.3,0.191,0.142,0.021,0.199,0.106,0.170,0.170
2950,256.00,680.91,256,1.907,1027.8,0.223,0.117,0.110,0.135,0.156,0.103,0.156
2951,112.00,674.47,184,1.793,1028.1,0.092,0.087,0.040,0.364,0.156,0.173,0.087
2952,547.00,676.75,348,1.813,1028.3,0.097,0.151,0.027,0.286,0.178,0.205,0.054
2953,137.00,672.58,152,1.893,1028.7,0.127,0.150,0.036,0.241,0.118,0.245,0.082
2954,393.00,661.65,387,1.928,1029.2,0.174,0.165,0.115,0.146,0.137,0.137,0.127
2955,477.00,650.62,407,1.804,1029.4,0.120,0.147,0.067,0.213,0.100,0.287,0.067
2956,603.00,656.50,382,1.684,1029.6,0.125,0.146,0.021,0.375,0.073,0.208,0.052
2957,324.00,656.35,254,1.841,1029.8,0.095,0.135,0.063,0.151,0.127,0.325,0.103
2958,839.00,654.85,653,1.771,1029.9,0.123,0.173,0.037,0.160,0.111,0.333,0.062
2959,474.00,652.39,474,1.927,1030.4,0.184,0.138,0.115,0.151,0.148,0.157,0.108
2960,197.00,652.14,244,1.838,1030.6,0.136,0.182,0.097,0.117,0.078,0.273,0.117
2961,631.00,649.27,639,1.874,1030.9,0.154,0.176,0.053,0.191,0.112,0.229,0.085
2962,1412.00,658.21,1066,1.908,1031.4,0.220,0.127,0.097,0.120,0.203,0.143,0.090
2963,1204.00,664.50,1130,1.867,1031.8,0.180,0.153,0.100,0.142,0.134,0.188,0.103
2964,741.00,663.12,668,1.708,1032.2,0.219,0.181,0.048,0.119,0.071,0.295,0.067
2965,422.00,661.02,431,1.812,1032.7,0.194,0.139,0.035,0.190,0.100,0.271,0.071
2966,1292.00,668.63,1045,1.814,1032.9,0.214,0.087,0.071,0.198,0.087,0.238,0.103
2967,447.00,668.33,348,1.835,1033.2,0.276,0.109,0.057,0.155,0.086,0.224,0.092
2968,778.00,667.84,529,1.807,1033.4,0.154,0.105,0.091,0.196,0.105,0.287,0.063
2969,1686.00,673.66,1176,1.702,1033.6,0.156,0.144,0.000,0.300,0.022,0.289,0.089
2970,400.00,669.85,319,1.832,1033.9,0.091,0.118,0.037,0.225,0.128,0.262,0.139
2971,1105.00,680.14,1072,1.903,1034.8,0.166,0.140,0.088,0.179,0.146,0.165,0.116
2972,482.00,683.78,502,1.837,1035.1,0.139,0.060,0.042,0.247,0.114,0.301,0.096
2973,557.00,681.87,478,1.878,1035.4,0.129,0.119,0.109,0.168,0.124,0.252,0.099
2974,409.00,683.33,382,1.913,1035.9,0.182,0.118,0.121,0.152,0.127,0.197,0.103
2975,459.00,683.86,441,1.900,1036.3,0.137,0.088,0.112,0.246,0.147,0.116,0.154
2976,778.00,686.60,635,1.904,1036.9,0.172,0.138,0.077,0.205,0.140,0.150,0.117
2977,342.00,685.01,320,1.626,1037.1,0.200,0.211,0.022,0.400,0.011,0.144,0.011
2978,407.00,678.73,487,1.763,1037.3,0.172,0.212,0.099,0.338,0.053,0.066,0.060
2979,167.00,673.09,237,1.894,1037.7,0.167,0.152,0.140,0.220,0.114,0.110,0.098
2980,1121.00,674.41,930,1.841,1038.0,0.215,0.161,0.101,0.215,0.128,0.107,0.074
2981,1479.00,687.04,1102,1.686,1038.2,0.165,0.288,0.108,0.173,0.122,0.065,0.079
2982,430.00,682.66,430,1.900,1038.8,0.164,0.148,0.125,0.221,0.146,0.096,0.100
2983,304.00,682.46,122,1.259,1039.0,0.176,0.608,0.000,0.118,0.039,0.000,0.059
2984,495.00,682.77,323,1.471,1039.2,0.197,0.465,0.042,0.099,0.021,0.063,0.113
2985,1220.00,688.59,578,1.717,1039.4,0.280,0.312,0.088,0.128,0.064,0.056,0.072
2986,854.00,686.94,539,1.485,1039.6,0.357,0.345,0.048,0.131,0.000,0.060,0.060
2987,539.00,689.09,424,1.147,1039.7,0.595,0.284,0.000,0.041,0.027,0.000,0.054
2988,1412.00,689.48,1235,1.868,1040.2,0.201,0.154,0.098,0.157,0.139,0.127,0.124
2989,780.00,687.20,776,1.542,1040.4,0.333,0.284,0.039,0.147,0.049,0.039,0.108
2990,377.00,680.26,344,1.608,1040.6,0.362,0.241,0.063,0.178,0.040,0.034,0.080
2991,306.00,670.91,327,1.730,1040.9,0.281,0.182,0.042,0.229,0.073,0.089,0.104
2992,722.00,671.29,736,1.549,1041.1,0.391,0.156,0.047,0.156,0.055,0.062,0.133
2993,825.00,672.30,758,1.582,1041.4,0.340,0.184,0.068,0.197,0.034,0.075,0.102
2994,1032.00,676.57,722,1.441,1041.6,0.436,0.173,0.082,0.155,0.018,0.045,0.091
2995,0.00,666.62,0,0.084,1041.6,1.000,0.000,0.000,0.000,0.000,0.000,0.000
2996,528.00,663.76,568,1.737,1041.9,0.306,0.184,0.041,0.204,0.088,0.034,0.143
2997,1058.00,669.86,1028,1.882,1042.6,0.189,0.164,0.111,0.176,0.122,0.109,0.129
2998,472.00,663.52,443,1.868,1043.3,0.190,0.136,0.122,0.179,0.116,0.132,0.125
2999,538.00,650.41,599,1.462,1043.5,0.478,0.017,0.083,0.206,0.067,0.089,0.061
3000,340.00,640.60,367,1.776,1044.2,0.319,0.067,0.079,0.198,0.128,0.081,0.128
3001,0.00,632.93,0,0.280,1044.3,1.000,0.000,0.000,0.000,0.000,0.000,0.000
3002,1200.00,638.65,1052,1.187,1044.5,0.548,0.032,0.075,0.161,0.054,0.065,0.065
3003,577.00,631.61,543,1.795,1044.9,0.262,0.068,0.144,0.167,0.183,0.095,0.080
3004,307.00,628.23,347,1.847,1045.3,0.257,0.050,0.168,0.122,0.122,0.175,0.106
3005,1056.00,631.37,976,1.748,1045.5,0.323,0.075,0.165,0.098,0.083,0.143,0.113
3006,1710.00,643.53,1472,1.700,1045.8,0.253,0.038,0.247,0.108,0.118,0.113,0.124
3007,167.00,638.96,246,1.790,1046.2,0.278,0.026,0.207,0.115,0.111,0.167,0.096
3008,1116.00,645.83,1082,1.878,1046.8,0.290,0.077,0.168,0.109,0.116,0.129,0.111
3009,1455.00,651.25,1103,1.315,1047.1,0.482,0.014,0.227,0.043,0.099,0.099,0.035
3010,1717.00,662.79,1463,1.041,1047.2,0.606,0.000,0.234,0.032,0.064,0.032,0.032
3011,846.00,667.55,804,1.489,1047.6,0.326,0.012,0.368,0.066,0.089,0.081,0.058
3012,796.00,671.46,694,1.112,1047.8,0.647,0.000,0.221,0.029,0.074,0.015,0.015
3013,473.00,667.53,502,1.855,1048.3,0.234,0.039,0.226,0.126,0.110,0.150,0.115
3014,1557.00,669.97,1104,1.438,1048.5,0.250,0.000,0.180,0.070,0.406,0.047,0.047
3015,1192.00,680.55,1050,1.810,1049.0,0.238,0.048,0.160,0.126,0.153,0.160,0.116
3016,537.00,675.25,510,1.237,1049.1,0.222,0.000,0.378,0.022,0.333,0.033,0.011
3017,64.00,672.69,90,1.461,1049.3,0.182,0.000,0.503,0.063,0.126,0.063,0.063
3018,158.00,666.90,112,1.687,1049.6,0.212,0.000,0.365,0.106,0.135,0.118,0.065
3019,573.00,668.06,595,1.891,1050.4,0.193,0.077,0.185,0.120,0.146,0.166,0.114
3020,69.00,657.08,135,1.689,1050.7,0.102,0.013,0.242,0.140,0.306,0.166,0.032
3021,570.00,657.48,539,1.860,1051.2,0.159,0.045,0.122,0.127,0.265,0.180,0.101
3022,1372.00,667.20,1193,1.804,1051.5,0.172,0.030,0.167,0.172,0.227,0.163,0.069
3023,760.00,669.01,625,1.818,1052.0,0.165,0.067,0.120,0.124,0.221,0.232,0.071
3024,569.00,666.37,292,1.812,1052.4,0.206,0.048,0.165,0.169,0.210,0.114,0.088
3025,575.00,668.56,570,1.875,1053.0,0.235,0.089,0.141,0.149,0.159,0.128,0.099
3026,509.00,659.26,549,1.898,1053.7,0.178,0.088,0.167,0.123,0.181,0.183,0.081
3027,536.00,659.08,510,1.917,1055.5,0.172,0.146,0.117,0.100,0.188,0.143,0.134
3028,941.00,663.57,620,1.608,1055.6,0.440,0.078,0.026,0.086,0.216,0.086,0.069
3029,572.00,663.37,572,1.656,1056.0,0.286,0.104,0.035,0.124,0.228,0.039,0.185
3030,660.00,666.73,546,1.755,1056.7,0.276,0.124,0.051,0.093,0.219,0.079,0.158
3031,434.00,667.79,448,1.614,1057.2,0.349,0.128,0.013,0.114,0.235,0.017,0.144
3032,1077.00,671.46,1047,1.671,1057.5,0.311,0.145,0.034,0.132,0.230,0.026,0.123
3033,1116.00,678.84,1078,1.401,1057.8,0.383,0.098,0.008,0.090,0.308,0.000,0.113
3034,537.00,684.18,461,1.804,1058.6,0.217,0.143,0.044,0.135,0.225,0.060,0.177
3035,383.00,674.69,373,1.714,1059.0,0.302,0.139,0.057,0.078,0.217,0.046,0.160
3036,1664.00,688.61,1390,1.339,1059.2,0.371,0.143,0.029,0.057,0.324,0.000,0.076
3037,906.00,688.26,718,1.389,1059.4,0.381,0.088,0.034,0.068,0.354,0.014,0.061
3038,1060.00,692.94,782,1.113,1059.6,0.540,0.040,0.030,0.000,0.330,0.020,0.040
3039,1908.00,707.11,1731,1.511,1059.8,0.415,0.109,0.041,0.068,0.259,0.020,0.088
3040,685.00,706.45,636,1.874,1061.1,0.231,0.139,0.090,0.152,0.180,0.091,0.117
3041,1527.00,714.66,1176,1.500,1061.3,0.317,0.038,0.240,0.106,0.212,0.067,0.019
3042,873.00,720.46,777,1.729,1061.8,0.239,0.071,0.242,0.180,0.139,0.071,0.059
3043,677.00,715.61,371,1.607,1062.0,0.277,0.040,0.339,0.153,0.068,0.102,0.023
3044,464.00,715.98,128,1.480,1062.3,0.297,0.036,0.283,0.246,0.080,0.036,0.022
3045,630.00,720.03,665,1.819,1062.7,0.239,0.084,0.139,0.216,0.145,0.106,0.071
3046,1525.00,728.65,1087,1.635,1063.0,0.338,0.101,0.151,0.216,0.086,0.072,0.036
3047,1984.00,739.82,1660,1.237,1063.1,0.429,0.000,0.267,0.200,0.057,0.029,0.019
3048,672.00,740.56,686,1.820,1063.8,0.231,0.094,0.163,0.192,0.116,0.110,0.094
3049,433.00,740.99,241,1.721,1064.2,0.333,0.051,0.180,0.220,0.133,0.043,0.039
3050,944.00,747.87,759,1.518,1064.4,0.434,0.071,0.133,0.204,0.097,0.027,0.035
3051,757.00,754.32,728,1.754,1064.8,0.266,0.080,0.182,0.227,0.126,0.066,0.052
3052,641.00,755.26,605,1.810,1065.3,0.239,0.064,0.162,0.205,0.165,0.074,0.091
3053,683.00,760.72,414,1.594,1065.5,0.315,0.054,0.243,0.126,0.135,0.081,0.045
3054,1044.00,767.23,1067,1.847,1066.2,0.216,0.109,0.175,0.139,0.169,0.109,0.083
3055,351.00,765.97,333,1.898,1066.8,0.192,0.084,0.131,0.194,0.171,0.131,0.098
3056,392.00,763.86,222,1.719,1067.1,0.200,0.045,0.220,0.300,0.130,0.085,0.020
3057,419.00,764.81,451,1.871,1067.7,0.196,0.090,0.191,0.225,0.109,0.134,0.054
3058,609.00,762.51,437,1.814,1068.0,0.239,0.061,0.209,0.153,0.129,0.092,0.117
3059,215.00,759.92,277,1.730,1068.2,0.224,0.048,0.192,0.272,0.088,0.072,0.104
3060,53.00,758.48,128,1.848,1068.5,0.287,0.064,0.222,0.205,0.105,0.064,0.053
3061,625.00,758.42,576,1.916,1068.8,0.239,0.090,0.164,0.174,0.139,0.090,0.104
3062,510.00,749.40,527,1.925,1069.8,0.135,0.145,0.133,0.163,0.122,0.170,0.132
3063,694.00,744.30,729,1.870,1070.1,0.213,0.096,0.163,0.135,0.112,0.191,0.090
3064,796.00,744.85,740,1.869,1070.7,0.146,0.105,0.121,0.138,0.138,0.246,0.105
3065,195.00,742.58,226,1.825,1071.2,0.114,0.080,0.105,0.108,0.157,0.370,0.065
3066,969.00,739.35,852,1.791,1071.4,0.175,0.029,0.161,0.095,0.109,0.321,0.109
3067,2128.00,756.16,1704,1.730,1071.7,0.213,0.079,0.220,0.122,0.116,0.201,0.049
3068,227.00,750.65,248,1.844,1072.1,0.160,0.065,0.141,0.106,0.179,0.278,0.072
3069,609.00,739.88,570,1.883,1072.7,0.147,0.103,0.135,0.163,0.126,0.211,0.115
3070,1412.00,750.00,871,1.656,1073.1,0.300,0.040,0.150,0.115,0.145,0.175,0.075
3071,727.00,746.22,669,1.669,1073.3,0.287,0.021,0.252,0.098,0.133,0.140,0.070
3072,330.00,744.70,323,1.782,1073.6,0.263,0.026,0.191,0.139,0.165,0.149,0.067
3073,1512.00,754.25,1290,1.741,1073.9,0.270,0.045,0.174,0.124,0.124,0.208,0.056
3074,287.00,753.03,367,1.901,1074.6,0.116,0.081,0.135,0.135,0.167,0.233,0.133
3075,270.00,751.14,231,1.895,1075.0,0.145,0.138,0.117,0.127,0.170,0.223,0.081
3076,383.00,747.19,340,1.900,1075.5,0.126,0.123,0.133,0.174,0.075,0.280,0.089
3077,620.00,749.97,517,1.921,1076.0,0.091,0.174,0.095,0.128,0.168,0.210,0.134
3078,1026.00,756.16,1041,1.856,1076.5,0.112,0.092,0.193,0.136,0.132,0.224,0.112
3079,591.00,760.40,593,1.819,1076.7,0.094,0.062,0.258,0.180,0.172,0.172,0.062
3080,353.00,752.72,379,1.903,1077.1,0.146,0.100,0.175,0.163,0.129,0.196,0.092
3081,496.00,742.89,461,1.920,1077.4,0.136,0.157,0.149,0.190,0.095,0.169,0.103
3082,479.00,743.38,365,1.897,1077.8,0.121,0.135,0.143,0.161,0.135,0.179,0.126
3083,165.00,741.99,245,1.904,1078.2,0.110,0.122,0.188,0.153,0.129,0.212,0.086
3084,1282.00,749.86,1065,1.769,1078.4,0.112,0.121,0.112,0.095,0.138,0.302,0.121
3085,663.00,744.29,493,1.912,1078.9,0.137,0.150,0.100,0.168,0.121,0.221,0.103
3086,585.00,741.60,590,1.890,1079.2,0.110,0.119,0.150,0.189,0.097,0.242,0.093
3087,688.00,743.09,679,1.904,1079.6,0.081,0.161,0.157,0.123,0.114,0.258,0.106
3088,1139.00,740.36,1011,1.799,1079.8,0.106,0.073,0.298,0.106,0.086,0.272,0.060
3089,552.00,738.08,463,1.920,1080.6,0.122,0.160,0.131,0.149,0.120,0.209,0.109
3090,566.00,739.97,477,1.892,1080.8,0.116,0.149,0.240,0.157,0.107,0.116,0.116
3091,1145.00,748.36,1046,1.850,1081.0,0.144,0.192,0.173,0.106,0.154,0.106,0.125
3092,1104.00,752.18,1072,1.874,1081.3,0.173,0.168,0.125,0.115,0.144,0.149,0.125
3093,342.00,747.35,245,1.214,1081.4,0.028,0.028,0.000,0.000,0.417,0.028,0.500
3094,872.00,745.75,754,1.330,1081.5,0.259,0.000,0.019,0.019,0.241,0.019,0.444
3095,388.00,749.63,404,1.901,1082.1,0.150,0.229,0.108,0.124,0.116,0.158,0.116
3096,678.00,751.13,641,1.614,1082.2,0.168,0.109,0.089,0.050,0.208,0.119,0.257
3097,347.00,744.02,383,1.911,1082.7,0.129,0.214,0.088,0.123,0.145,0.145,0.157
3098,683.00,746.13,686,1.907,1083.3,0.138,0.233,0.095,0.108,0.132,0.156,0.138
3099,240.00,743.15,268,1.924,1083.7,0.168,0.227,0.103,0.109,0.174,0.137,0.081
3100,788.00,747.63,620,1.620,1083.9,0.169,0.101,0.112,0.067,0.124,0.067,0.360
3101,370.00,751.33,394,1.918,1084.4,0.168,0.196,0.125,0.138,0.116,0.138,0.119
3102,618.00,745.51,521,1.697,1084.6,0.175,0.082,0.041,0.124,0.216,0.124,0.237
3103,516.00,744.90,452,1.925,1084.9,0.114,0.145,0.154,0.158,0.171,0.096,0.162
3104,503.00,746.86,484,1.927,1085.9,0.113,0.132,0.116,0.152,0.160,0.196,0.132
3105,701.00,743.31,551,1.828,1086.3,0.124,0.272,0.101,0.134,0.217,0.065,0.088
3106,645.00,732.66,536,1.521,1086.5,0.143,0.170,0.054,0.018,0.384,0.027,0.205
3107,289.00,733.88,186,1.728,1086.8,0.097,0.379,0.106,0.035,0.282,0.031,0.070
3108,338.00,726.10,347,1.505,1086.9,0.048,0.274,0.081,0.016,0.194,0.048,0.339
3109,556.00,717.11,475,1.909,1087.5,0.103,0.202,0.141,0.094,0.190,0.148,0.122
3110,416.00,704.10,324,1.239,1087.7,0.154,0.099,0.055,0.044,0.110,0.077,0.462
3111,394.00,699.58,454,1.926,1088.7,0.142,0.183,0.122,0.111,0.131,0.145,0.166
3112,331.00,694.93,236,1.928,1088.9,0.129,0.161,0.161,0.097,0.142,0.129,0.181
3113,367.00,693.87,339,1.906,1089.3,0.128,0.174,0.128,0.160,0.142,0.082,0.187
3114,482.00,683.12,499,1.900,1089.7,0.124,0.193,0.142,0.124,0.182,0.116,0.120
3115,28.00,671.48,108,1.796,1090.0,0.045,0.167,0.263,0.115,0.237,0.083,0.090
3116,264.00,668.75,253,1.924,1090.8,0.113,0.161,0.175,0.125,0.186,0.113,0.127
3117,969.00,677.80,649,1.813,1091.0,0.185,0.145,0.202,0.081,0.185,0.145,0.056
3118,1871.00,694.93,1286,1.599,1091.1,0.283,0.054,0.141,0.054,0.196,0.196,0.076
3119,238.00,691.58,318,1.892,1091.6,0.160,0.217,0.169,0.093,0.204,0.070,0.086
3120,857.00,699.46,775,1.830,1091.9,0.133,0.144,0.138,0.122,0.199,0.144,0.122
3121,1239.00,706.15,976,1.587,1092.1,0.172,0.074,0.107,0.074,0.270,0.279,0.025
3122,2041.00,712.84,1468,1.457,1092.2,0.215,0.065,0.065,0.075,0.247,0.280,0.054
3123,214.00,707.38,262,1.516,1092.4,0.150,0.100,0.100,0.030,0.410,0.150,0.060
3124,718.00,708.87,516,1.922,1093.2,0.136,0.130,0.132,0.171,0.187,0.134,0.109
3125,307.00,706.19,242,1.575,1093.3,0.250,0.056,0.042,0.014,0.236,0.069,0.333
3126,881.00,709.91,881,1.481,1093.5,0.191,0.074,0.059,0.015,0.221,0.059,0.382
3127,838.00,712.93,642,1.253,1093.6,0.183,0.017,0.017,0.017,0.200,0.117,0.450
3128,455.00,708.07,425,1.905,1094.0,0.110,0.135,0.130,0.140,0.205,0.095,0.185
3129,184.00,704.19,251,1.808,1094.2,0.053,0.074,0.170,0.117,0.223,0.074,0.287
3130,375.00,701.34,436,1.863,1094.5,0.090,0.110,0.125,0.105,0.280,0.080,0.210
3131,1249.00,709.49,977,1.337,1094.6,0.333,0.017,0.000,0.000,0.100,0.383,0.167
3132,808.00,706.80,714,1.662,1094.8,0.213,0.056,0.022,0.067,0.191,0.135,0.315
3133,567.00,701.31,529,1.922,1095.0,0.142,0.142,0.135,0.155,0.169,0.088,0.169
3134,434.00,700.28,436,1.837,1095.2,0.102,0.074,0.120,0.185,0.204,0.083,0.231
3135,1528.00,711.73,1398,1.598,1095.4,0.239,0.080,0.034,0.045,0.239,0.148,0.216
3136,372.00,698.81,296,1.873,1095.5,0.110,0.211,0.156,0.110,0.138,0.055,0.220
3137,680.00,696.55,642,1.926,1096.1,0.096,0.163,0.131,0.142,0.152,0.142,0.174
3138,605.00,692.00,439,1.929,1096.7,0.109,0.131,0.155,0.153,0.148,0.143,0.160
3139,634.00,679.26,669,1.923,1097.0,0.114,0.136,0.136,0.153,0.182,0.108,0.170
3140,850.00,680.91,817,1.940,1097.6,0.138,0.166,0.125,0.184,0.148,0.128,0.110
3141,183.00,667.47,263,1.909,1097.8,0.122,0.194,0.144,0.101,0.173,0.108,0.158
3142,316.00,661.90,396,1.929,1098.2,0.182,0.113,0.165,0.165,0.152,0.104,0.121
3143,858.00,663.71,668,1.703,1098.4,0.316,0.066,0.051,0.059,0.257,0.147,0.103
3144,251.00,661.58,324,1.902,1098.6,0.206,0.176,0.154,0.074,0.176,0.140,0.074
3145,462.00,659.90,376,1.920,1099.0,0.149,0.189,0.086,0.126,0.135,0.176,0.140
3146,1954.00,664.19,1834,1.794,1099.2,0.167,0.186,0.088,0.098,0.098,0.255,0.108
3147,525.00,649.60,377,1.884,1099.5,0.181,0.221,0.097,0.115,0.159,0.159,0.066
3148,606.00,648.94,460,1.890,1099.8,0.254,0.228,0.107,0.094,0.094,0.089,0.134
3149,351.00,648.12,299,1.931,1100.3,0.195,0.159,0.112,0.127,0.130,0.165,0.112
3150,560.00,644.28,549,1.927,1100.7,0.182,0.154,0.126,0.159,0.112,0.131,0.136
3151,403.00,640.74,415,1.923,1101.1,0.167,0.158,0.111,0.154,0.111,0.171,0.128
3152,479.00,639.12,464,1.924,1101.4,0.166,0.187,0.070,0.203,0.144,0.123,0.107
3153,995.00,642.24,913,1.853,1101.6,0.173,0.119,0.083,0.113,0.167,0.179,0.167
3154,430.00,636.10,276,1.923,1101.9,0.247,0.145,0.134,0.183,0.091,0.097,0.102
3155,736.00,639.95,677,1.662,1102.1,0.170,0.038,0.047,0.075,0.132,0.358,0.179
3156,398.00,640.01,338,1.918,1102.3,0.192,0.123,0.110,0.199,0.130,0.137,0.110
3157,103.00,636.85,113,1.918,1102.5,0.127,0.137,0.127,0.137,0.186,0.108,0.176
3158,400.00,634.76,400,0.938,1102.5,0.200,0.000,0.000,0.000,0.171,0.057,0.571
3159,571.00,638.32,429,1.905,1102.8,0.143,0.143,0.114,0.186,0.129,0.129,0.157
3160,611.00,643.90,646,1.839,1103.1,0.114,0.108,0.102,0.153,0.176,0.119,0.227
3161,377.00,641.42,396,1.933,1103.6,0.170,0.113,0.134,0.145,0.155,0.159,0.124
3162,427.00,640.59,399,1.126,1103.8,0.537,0.000,0.015,0.000,0.179,0.000,0.269
3163,234.00,635.99,191,1.928,1104.2,0.173,0.138,0.106,0.161,0.146,0.114,0.161
3164,443.00,632.46,476,1.926,1104.7,0.182,0.113,0.099,0.188,0.151,0.130,0.137
3165,721.00,637.72,604,1.924,1105.0,0.161,0.141,0.132,0.161,0.117,0.141,0.146
3166,173.00,629.76,208,1.933,1105.4,0.157,0.139,0.082,0.186,0.171,0.154,0.111
3167,1033.00,618.81,739,1.888,1105.7,0.207,0.167,0.104,0.149,0.131,0.126,0.117
3168,439.00,620.93,519,1.715,1105.9,0.278,0.188,0.090,0.068,0.150,0.128,0.098
3169,692.00,621.76,687,1.773,1106.1,0.289,0.081,0.104,0.126,0.207,0.096,0.096
3170,436.00,612.00,0,0.095,1106.2,0.969,0.031,0.000,0.000,0.000,0.000,0.000
3171,579.00,610.52,601,1.827,1106.4,0.177,0.172,0.097,0.124,0.177,0.151,0.102
3172,517.00,612.39,526,1.916,1106.7,0.162,0.216,0.083,0.152,0.181,0.118,0.088
3173,613.00,603.40,506,1.549,1106.8,0.433,0.144,0.062,0.113,0.103,0.113,0.031
3174,1833.00,618.86,1711,1.614,1107.0,0.393,0.146,0.090,0.101,0.079,0.157,0.034
3175,935.00,625.51,801,1.570,1107.1,0.355,0.161,0.075,0.032,0.086,0.204,0.086
3176,803.00,629.71,788,1.927,1108.3,0.161,0.151,0.123,0.164,0.126,0.161,0.114
3177,548.00,628.99,489,1.920,1108.9,0.123,0.147,0.123,0.168,0.151,0.151,0.136
3178,41.00,619.14,121,1.732,1109.1,0.235,0.235,0.039,0.088,0.167,0.088,0.147
3179,664.00,619.87,672,1.725,1109.3,0.264,0.202,0.055,0.104,0.110,0.123,0.141
3180,626.00,622.60,496,1.301,1109.4,0.400,0.386,0.014,0.043,0.014,0.014,0.129
3181,852.00,626.16,468,1.639,1109.6,0.309,0.309,0.045,0.073,0.082,0.118,0.064
3182,470.00,626.07,381,1.924,1110.0,0.124,0.151,0.124,0.172,0.136,0.187,0.106
3183,706.00,631.48,587,1.921,1110.6,0.136,0.176,0.083,0.153,0.176,0.146,0.131
3184,461.00,623.27,286,1.363,1110.7,0.278,0.019,0.056,0.000,0.056,0.204,0.389
3185,827.00,624.91,701,1.904,1111.1,0.177,0.145,0.140,0.134,0.113,0.166,0.125
3186,603.00,625.09,551,1.921,1111.5,0.141,0.173,0.121,0.101,0.173,0.167,0.124
3187,526.00,623.47,492,1.750,1111.7,0.124,0.116,0.083,0.116,0.099,0.298,0.165
3188,446.00,616.54,312,1.829,1111.9,0.141,0.193,0.089,0.059,0.074,0.267,0.178
3189,649.00,617.51,689,1.914,1112.8,0.113,0.144,0.108,0.166,0.136,0.206,0.127
3190,467.00,616.52,455,1.905,1113.3,0.146,0.154,0.089,0.177,0.114,0.180,0.140
3191,1008.00,615.15,593,1.319,1113.5,0.120,0.130,0.030,0.030,0.040,0.530,0.120
3192,1565.00,619.76,1080,1.408,1113.6,0.114,0.132,0.070,0.044,0.070,0.447,0.123
3193,507.00,621.41,465,1.852,1113.8,0.208,0.240,0.071,0.084,0.071,0.175,0.149
3194,539.00,618.08,482,1.882,1114.3,0.156,0.176,0.119,0.125,0.095,0.159,0.169
3195,790.00,622.10,682,1.879,1114.5,0.167,0.187,0.123,0.108,0.103,0.192,0.118
3196,848.00,623.80,831,1.922,1115.3,0.181,0.144,0.137,0.137,0.079,0.186,0.137
3197,174.00,622.07,214,1.641,1115.4,0.175,0.206,0.032,0.016,0.032,0.238,0.302
3198,714.00,622.38,739,1.360,1115.5,0.091,0.091,0.000,0.000,0.106,0.470,0.242
3199,165.00,621.63,205,1.841,1115.8,0.155,0.107,0.125,0.060,0.107,0.125,0.321
3200,339.00,617.14,311,1.891,1116.0,0.156,0.113,0.108,0.108,0.113,0.160,0.241
3201,1113.00,624.57,1055,1.861,1116.2,0.115,0.176,0.191,0.084,0.061,0.198,0.176
3202,689.00,625.28,620,1.915,1116.7,0.176,0.121,0.159,0.092,0.112,0.199,0.141
3203,257.00,622.69,272,1.923,1117.2,0.192,0.149,0.144,0.121,0.079,0.146,0.169
3204,309.00,620.75,334,1.926,1117.4,0.172,0.113,0.188,0.167,0.097,0.108,0.156
3205,527.00,619.01,567,1.846,1117.6,0.227,0.170,0.068,0.034,0.091,0.148,0.261
3206,262.00,615.18,302,1.938,1118.0,0.179,0.151,0.144,0.110,0.103,0.120,0.192
3207,571.00,618.00,550,1.932,1118.2,0.188,0.147,0.141,0.182,0.106,0.100,0.135
3208,731.00,621.93,647,1.873,1118.4,0.260,0.137,0.123,0.096,0.123,0.096,0.164
3209,360.00,619.97,384,1.939,1118.7,0.149,0.123,0.188,0.159,0.098,0.152,0.130
3210,157.00,617.38,170,1.920,1118.9,0.165,0.157,0.157,0.181,0.134,0.079,0.126
3211,280.00,616.24,294,1.933,1119.2,0.145,0.145,0.181,0.176,0.081,0.118,0.154
3212,201.00,614.94,280,1.937,1119.5,0.181,0.137,0.165,0.159,0.132,0.121,0.104
3213,496.00,616.23,489,1.941,1119.6,0.137,0.128,0.145,0.188,0.111,0.162,0.128
3214,544.00,616.85,529,1.935,1120.4,0.149,0.152,0.151,0.164,0.123,0.159,0.102
3215,376.00,620.33,410,1.929,1120.6,0.179,0.154,0.103,0.145,0.128,0.171,0.120
3216,326.00,620.95,314,1.936,1120.8,0.147,0.132,0.124,0.140,0.186,0.155,0.116
3217,718.00,618.44,649,1.915,1121.0,0.207,0.185,0.120,0.120,0.120,0.152,0.098
3218,610.00,605.83,510,1.918,1122.4,0.134,0.154,0.143,0.117,0.147,0.199,0.105
3219,313.00,606.58,393,1.913,1122.8,0.115,0.197,0.127,0.115,0.148,0.205,0.094
3220,914.00,607.15,773,1.897,1123.1,0.110,0.147,0.099,0.147,0.183,0.230,0.084
3221,464.00,599.40,467,1.902,1123.5,0.136,0.140,0.104,0.147,0.176,0.233,0.065
3222,486.00,583.85,382,1.898,1124.0,0.155,0.165,0.109,0.169,0.180,0.144,0.077
3223,331.00,585.02,232,1.850,1124.2,0.185,0.185,0.154,0.085,0.162,0.177,0.054
3224,630.00,584.14,464,1.900,1124.6,0.140,0.174,0.148,0.081,0.186,0.178,0.093
3225,327.00,584.34,370,1.874,1124.8,0.196,0.151,0.173,0.095,0.145,0.190,0.050
3226,950.00,585.03,646,1.876,1125.1,0.189,0.189,0.159,0.067,0.177,0.159,0.061
3227,302.00,579.67,326,1.895,1125.4,0.152,0.242,0.117,0.067,0.148,0.188,0.085
3228,256.00,577.68,276,1.902,1125.8,0.117,0.197,0.103,0.113,0.141,0.235,0.094
3229,554.00,581.38,490,1.907,1126.3,0.133,0.176,0.127,0.130,0.136,0.188,0.111
3230,888.00,586.51,795,1.685,1126.5,0.148,0.068,0.136,0.080,0.102,0.307,0.159
3231,82.00,574.84,157,1.834,1126.6,0.124,0.083,0.215,0.132,0.140,0.256,0.050
3232,873.00,575.49,909,1.464,1126.7,0.102,0.034,0.119,0.102,0.102,0.492,0.051
3233,523.00,575.05,595,1.905,1127.3,0.120,0.141,0.125,0.125,0.130,0.260,0.099
3234,906.00,579.77,802,1.896,1127.9,0.176,0.125,0.119,0.122,0.125,0.241,0.091
3235,316.00,567.65,389,1.917,1128.7,0.159,0.137,0.089,0.159,0.150,0.210,0.096
3236,1720.00,581.13,1125,1.786,1128.9,0.120,0.084,0.120,0.241,0.120,0.253,0.060
3237,450.00,578.83,488,1.923,1129.5,0.142,0.125,0.113,0.160,0.147,0.212,0.100
3238,1090.00,583.68,932,1.857,1129.8,0.172,0.104,0.125,0.141,0.156,0.182,0.120
3239,708.00,584.42,672,1.881,1130.1,0.218,0.085,0.138,0.117,0.176,0.218,0.048
3240,1227.00,588.19,1107,1.606,1130.2,0.298,0.009,0.044,0.070,0.088,0.298,0.193
3241,610.00,592.46,445,1.434,1130.3,0.294,0.000,0.039,0.000,0.059,0.275,0.333
3242,664.00,595.94,704,1.777,1130.6,0.214,0.069,0.159,0.069,0.159,0.172,0.159
3243,545.00,592.81,567,1.919,1131.1,0.196,0.106,0.146,0.151,0.151,0.143,0.106
3244,482.00,595.12,437,1.742,1131.3,0.317,0.099,0.158,0.099,0.139,0.069,0.119
3245,571.00,596.21,460,1.859,1131.5,0.315,0.087,0.142,0.102,0.150,0.126,0.079
3246,827.00,584.94,827,1.608,1131.6,0.208,0.000,0.271,0.042,0.094,0.208,0.177
3247,739.00,587.08,699,1.918,1132.1,0.220,0.131,0.115,0.162,0.153,0.140,0.080
3248,990.00,590.92,366,1.883,1132.4,0.165,0.161,0.204,0.100,0.157,0.157,0.057
3249,547.00,592.88,503,1.922,1133.3,0.170,0.166,0.097,0.150,0.165,0.160,0.092
3250,756.00,594.84,790,1.856,1133.6,0.124,0.146,0.101,0.152,0.169,0.118,0.191
3251,539.00,596.20,516,1.715,1133.8,0.362,0.024,0.063,0.165,0.110,0.024,0.252
3252,476.00,596.17,425,1.855,1134.2,0.226,0.098,0.098,0.124,0.103,0.171,0.179
3253,143.00,587.65,221,1.638,1134.3,0.211,0.026,0.035,0.281,0.140,0.061,0.246
3254,172.00,585.07,172,0.360,1134.4,0.000,0.000,0.000,0.000,0.000,0.079,0.921
3255,262.00,580.33,262,0.659,1134.5,0.022,0.000,0.000,0.000,0.022,0.152,0.804
3256,694.00,583.29,548,1.706,1134.7,0.222,0.074,0.056,0.259,0.083,0.065,0.241
3257,557.00,587.83,536,1.888,1135.1,0.211,0.144,0.049,0.144,0.148,0.151,0.151
3258,713.00,590.96,660,1.495,1135.2,0.055,0.018,0.000,0.164,0.018,0.436,0.309
3259,1123.00,596.48,701,1.822,1135.4,0.176,0.082,0.063,0.226,0.170,0.170,0.113
3260,899.00,599.36,816,1.849,1135.7,0.282,0.112,0.063,0.155,0.097,0.150,0.141
3261,215.00,597.74,254,1.787,1136.0,0.289,0.075,0.052,0.202,0.104,0.121,0.156
3262,665.00,600.12,482,1.732,1136.2,0.235,0.049,0.029,0.216,0.118,0.206,0.147
3263,448.00,602.26,388,1.869,1136.6,0.227,0.166,0.068,0.183,0.139,0.095,0.122
3264,1177.00,609.60,1061,1.568,1136.8,0.188,0.087,0.072,0.130,0.014,0.377,0.130
3265,906.00,611.45,797,1.809,1137.4,0.233,0.197,0.090,0.097,0.133,0.169,0.081
3266,839.00,618.11,602,1.625,1137.6,0.239,0.398,0.027,0.159,0.053,0.071,0.053
3267,1370.00,621.48,1254,1.834,1138.1,0.226,0.252,0.050,0.128,0.134,0.122,0.089
3268,936.00,626.45,612,1.747,1138.5,0.291,0.222,0.026,0.152,0.130,0.104,0.074
3269,943.00,628.96,247,1.669,1138.7,0.293,0.261,0.022,0.141,0.098,0.152,0.033
3270,390.00,628.50,470,1.784,1139.1,0.386,0.179,0.052,0.139,0.120,0.052,0.072
3271,1183.00,634.54,483,1.877,1139.3,0.230,0.266,0.094,0.086,0.144,0.101,0.079
3272,708.00,636.45,709,1.908,1139.7,0.202,0.149,0.091,0.116,0.169,0.124,0.149
3273,959.00,639.91,928,1.909,1140.2,0.208,0.129,0.111,0.158,0.135,0.146,0.114
3274,665.00,628.23,513,1.803,1140.4,0.162,0.085,0.265,0.197,0.111,0.120,0.060
3275,338.00,622.26,267,1.924,1141.0,0.166,0.136,0.121,0.153,0.153,0.148,0.123
3276,589.00,620.12,508,1.849,1141.4,0.219,0.132,0.167,0.105,0.154,0.088,0.136
3277,676.00,621.40,624,1.848,1141.8,0.214,0.144,0.077,0.203,0.148,0.077,0.137
3278,756.00,628.55,792,1.804,1142.1,0.266,0.163,0.020,0.192,0.182,0.094,0.084
3279,845.00,630.36,440,1.822,1142.4,0.309,0.183,0.017,0.160,0.091,0.103,0.137
3280,396.00,628.06,346,1.807,1142.6,0.255,0.155,0.018,0.118,0.155,0.155,0.145
3281,1008.00,629.62,527,1.775,1142.7,0.276,0.153,0.000,0.173,0.092,0.112,0.194
3282,744.00,632.36,586,1.866,1143.1,0.235,0.173,0.043,0.200,0.118,0.106,0.125
3283,353.00,628.83,346,1.803,1143.4,0.311,0.153,0.033,0.115,0.096,0.158,0.134
3284,439.00,628.61,287,1.808,1143.7,0.284,0.128,0.007,0.196,0.155,0.122,0.108
3285,651.00,626.85,731,1.890,1144.2,0.213,0.085,0.074,0.159,0.155,0.155,0.159
3286,1280.00,633.62,1101,1.846,1144.5,0.211,0.151,0.054,0.162,0.130,0.168,0.124
3287,622.00,634.58,643,1.864,1145.1,0.209,0.136,0.081,0.184,0.100,0.125,0.165
3288,398.00,634.10,318,1.849,1145.4,0.256,0.147,0.043,0.133,0.114,0.142,0.166
3289,769.00,635.30,515,1.758,1145.7,0.223,0.074,0.059,0.202,0.144,0.149,0.149
3290,496.00,635.59,494,1.814,1146.3,0.250,0.097,0.068,0.180,0.146,0.148,0.112
3291,2293.00,648.44,1816,1.520,1146.5,0.455,0.075,0.015,0.187,0.134,0.067,0.067
3292,1689.00,649.68,933,1.188,1146.7,0.488,0.037,0.037,0.317,0.037,0.037,0.049
3293,656.00,651.17,592,1.876,1147.8,0.226,0.138,0.069,0.172,0.124,0.148,0.123
3294,500.00,650.78,494,1.860,1148.5,0.217,0.145,0.081,0.158,0.128,0.175,0.096
3295,2490.00,667.78,1708,1.373,1148.7,0.274,0.161,0.032,0.097,0.040,0.363,0.032
3296,1613.00,675.43,1374,1.639,1149.0,0.112,0.211,0.069,0.207,0.082,0.246,0.073
3297,450.00,678.19,241,1.454,1149.3,0.058,0.165,0.029,0.331,0.022,0.353,0.043
3298,494.00,675.99,405,1.876,1149.9,0.103,0.225,0.083,0.192,0.060,0.212,0.125
3299,271.00,677.05,328,1.700,1150.1,0.065,0.244,0.016,0.171,0.089,0.260,0.154
3300,402.00,677.68,434,1.718,1150.4,0.028,0.224,0.028,0.224,0.112,0.259,0.126
3301,83.00,667.38,142,1.749,1150.6,0.073,0.315,0.030,0.139,0.152,0.170,0.121
3302,382.00,664.31,364,1.793,1150.9,0.053,0.301,0.038,0.158,0.128,0.195,0.128
3303,551.00,667.25,503,1.908,1152.2,0.131,0.173,0.071,0.162,0.120,0.184,0.160
3304,505.00,669.21,563,1.583,1152.4,0.191,0.400,0.045,0.100,0.082,0.082,0.100
3305,1682.00,680.76,1317,1.685,1152.6,0.206,0.335,0.052,0.103,0.084,0.103,0.116
3306,1614.00,694.28,1528,1.664,1153.0,0.195,0.292,0.025,0.161,0.097,0.106,0.123
3307,715.00,695.72,620,1.570,1153.5,0.232,0.399,0.009,0.155,0.095,0.051,0.060
3308,695.00,695.36,687,1.641,1153.9,0.247,0.368,0.003,0.139,0.108,0.034,0.101
3309,542.00,697.18,461,1.641,1154.2,0.351,0.221,0.014,0.173,0.106,0.067,0.067
3310,485.00,700.46,326,1.680,1154.5,0.287,0.208,0.000,0.191,0.124,0.096,0.096
3311,513.00,702.79,486,1.787,1154.9,0.198,0.201,0.067,0.205,0.123,0.060,0.146
3312,431.00,705.09,450,1.782,1155.4,0.261,0.203,0.039,0.137,0.114,0.065,0.180
3313,856.00,708.69,739,1.357,1155.5,0.471,0.157,0.000,0.114,0.100,0.043,0.114
3314,508.00,708.33,499,1.652,1155.8,0.330,0.213,0.027,0.117,0.090,0.080,0.144
3315,503.00,709.60,472,1.461,1156.0,0.468,0.149,0.007,0.085,0.078,0.035,0.177
3316,295.00,709.29,375,1.638,1156.3,0.348,0.236,0.006,0.152,0.140,0.028,0.090
3317,667.00,708.78,599,1.293,1156.4,0.224,0.020,0.000,0.082,0.020,0.082,0.571
3318,922.00,711.90,916,1.758,1156.6,0.289,0.157,0.025,0.157,0.151,0.038,0.182
3319,1044.00,719.21,753,1.431,1156.7,0.220,0.020,0.000,0.120,0.080,0.300,0.260
3320,1122.00,721.29,858,1.787,1157.1,0.206,0.167,0.044,0.215,0.145,0.083,0.140
3321,469.00,721.34,409,1.629,1157.3,0.350,0.155,0.000,0.126,0.068,0.049,0.252
3322,769.00,724.17,697,1.829,1157.8,0.210,0.164,0.031,0.188,0.123,0.120,0.164
3323,1168.00,732.54,1022,1.576,1158.0,0.435,0.152,0.000,0.098,0.098,0.098,0.120
3324,1107.00,737.31,1016,1.779,1158.7,0.235,0.198,0.017,0.174,0.150,0.102,0.122
3325,508.00,739.12,453,1.747,1159.2,0.320,0.164,0.014,0.133,0.133,0.089,0.147
3326,479.00,734.41,441,1.763,1159.8,0.256,0.195,0.028,0.108,0.160,0.120,0.134
3327,2164.00,753.03,1963,1.508,1160.1,0.399,0.133,0.000,0.121,0.092,0.092,0.162
3328,2301.00,773.48,1503,1.336,1160.3,0.452,0.052,0.000,0.133,0.119,0.178,0.067
3329,897.00,776.91,777,1.423,1160.7,0.550,0.078,0.005,0.133,0.119,0.041,0.073
3330,673.00,774.76,376,1.295,1160.9,0.542,0.076,0.000,0.111,0.125,0.076,0.069
3331,1460.00,788.54,1337,1.565,1161.2,0.468,0.143,0.000,0.110,0.104,0.097,0.078
3332,424.00,784.05,414,1.720,1161.6,0.323,0.130,0.011,0.126,0.147,0.119,0.144
3333,1287.00,791.69,1166,1.517,1161.8,0.258,0.086,0.000,0.195,0.141,0.227,0.094
3334,1160.00,794.23,778,1.565,1162.0,0.260,0.080,0.020,0.140,0.080,0.360,0.060
3335,519.00,796.26,444,1.776,1162.2,0.301,0.131,0.016,0.148,0.131,0.126,0.148
3336,533.00,784.39,502,1.815,1162.7,0.242,0.154,0.020,0.124,0.148,0.171,0.141
3337,871.00,788.60,824,1.811,1163.0,0.221,0.181,0.035,0.159,0.115,0.111,0.177
3338,661.00,784.31,694,1.789,1163.5,0.254,0.157,0.027,0.127,0.167,0.110,0.157
3339,1424.00,791.47,1276,1.759,1163.8,0.337,0.089,0.030,0.107,0.207,0.095,0.136
3340,451.00,783.71,450,1.832,1164.3,0.225,0.180,0.042,0.177,0.126,0.108,0.144
3341,540.00,783.01,576,1.855,1165.0,0.220,0.142,0.041,0.142,0.154,0.146,0.154
3342,786.00,784.23,791,1.667,1165.3,0.277,0.103,0.013,0.098,0.237,0.125,0.147
3343,870.00,787.48,786,1.761,1165.5,0.280,0.133,0.035,0.133,0.182,0.140,0.098
3344,618.00,788.84,590,1.829,1166.1,0.231,0.158,0.038,0.153,0.155,0.142,0.123
3345,641.00,789.54,662,1.762,1166.3,0.160,0.174,0.021,0.097,0.264,0.118,0.167
3346,1068.00,791.95,461,1.653,1166.5,0.293,0.188,0.008,0.053,0.180,0.165,0.113
3347,1908.00,803.64,1602,1.721,1166.7,0.265,0.068,0.038,0.098,0.159,0.242,0.129
3348,918.00,802.92,510,1.655,1167.1,0.350,0.141,0.010,0.165,0.136,0.155,0.044
3349,1175.00,809.20,638,1.519,1167.2,0.345,0.095,0.000,0.083,0.083,0.321,0.071
3350,625.00,807.89,635,1.728,1167.5,0.332,0.200,0.010,0.093,0.141,0.141,0.083
3351,513.00,807.63,480,1.855,1168.0,0.206,0.169,0.058,0.147,0.172,0.086,0.163
3352,347.00,806.34,334,1.892,1168.7,0.206,0.145,0.083,0.143,0.147,0.136,0.140
3353,626.00,811.17,591,1.867,1169.3,0.182,0.129,0.064,0.115,0.198,0.174,0.137
3354,1006.00,819.51,1037,1.711,1169.7,0.248,0.120,0.035,0.093,0.217,0.136,0.151
3355,519.00,822.08,515,1.855,1170.2,0.235,0.113,0.052,0.131,0.211,0.144,0.113
3356,744.00,822.58,694,1.824,1170.7,0.229,0.135,0.073,0.153,0.135,0.131,0.144
3357,1246.00,829.47,1102,1.144,1170.8,0.293,0.000,0.000,0.000,0.086,0.500,0.121
3358,513.00,827.47,503,1.839,1171.7,0.207,0.108,0.073,0.127,0.207,0.168,0.110
3359,321.00,819.45,255,1.691,1172.0,0.162,0.098,0.029,0.075,0.277,0.191,0.168
3360,549.00,815.95,393,1.713,1172.3,0.224,0.082,0.036,0.061,0.337,0.199,0.061
3361,870.00,822.50,608,1.786,1172.6,0.236,0.126,0.087,0.094,0.244,0.110,0.102
3362,105.00,816.90,175,1.786,1173.0,0.201,0.111,0.064,0.107,0.282,0.150,0.085
3363,1022.00,822.64,918,1.822,1173.2,0.205,0.126,0.110,0.142,0.236,0.110,0.071
3364,548.00,816.35,559,1.871,1173.7,0.193,0.159,0.071,0.122,0.199,0.162,0.095
3365,945.00,816.74,931,1.897,1174.2,0.195,0.130,0.099,0.154,0.185,0.144,0.092
3366,678.00,815.13,642,1.807,1174.5,0.213,0.118,0.100,0.122,0.154,0.176,0.118
3367,566.00,807.09,579,1.724,1174.7,0.281,0.089,0.027,0.144,0.308,0.062,0.089
3368,156.00,799.29,192,1.852,1175.1,0.226,0.146,0.020,0.181,0.251,0.080,0.095
3369,507.00,794.93,474,1.925,1175.6,0.144,0.150,0.111,0.141,0.158,0.155,0.141
3370,1857.00,809.60,1775,1.815,1175.8,0.195,0.053,0.045,0.180,0.233,0.165,0.128
3371,658.00,804.35,635,1.869,1176.3,0.185,0.134,0.112,0.112,0.203,0.108,0.147
3372,215.00,799.42,295,1.906,1176.8,0.189,0.120,0.103,0.151,0.158,0.158,0.120
3373,234.00,792.17,308,1.922,1177.2,0.197,0.137,0.124,0.124,0.178,0.105,0.137
3374,367.00,789.19,315,1.933,1177.5,0.206,0.101,0.101,0.136,0.151,0.186,0.121
3375,314.00,788.95,221,1.909,1177.7,0.182,0.106,0.091,0.114,0.167,0.174,0.167
3376,298.00,786.04,265,1.927,1178.2,0.155,0.144,0.112,0.164,0.152,0.118,0.155
3377,794.00,787.22,345,1.832,1178.3,0.287,0.149,0.089,0.089,0.069,0.178,0.139
3378,334.00,783.00,294,1.883,1178.7,0.222,0.111,0.124,0.120,0.107,0.120,0.197
3379,164.00,776.19,0,0.745,1178.7,0.267,0.000,0.000,0.000,0.022,0.000,0.711
3380,393.00,776.16,382,1.855,1179.0,0.271,0.088,0.105,0.094,0.166,0.110,0.166
3381,680.00,772.88,629,1.845,1179.3,0.192,0.076,0.100,0.120,0.144,0.156,0.212
3382,490.00,770.34,459,1.550,1179.5,0.330,0.055,0.022,0.055,0.110,0.033,0.396
3383,281.00,769.62,281,0.705,1179.5,0.081,0.000,0.000,0.027,0.081,0.000,0.811
3384,253.00,767.76,212,1.881,1180.0,0.215,0.101,0.104,0.117,0.165,0.089,0.209
3385,526.00,766.51,478,1.730,1180.1,0.284,0.011,0.116,0.063,0.200,0.095,0.232
3386,378.00,757.49,388,1.647,1180.3,0.371,0.008,0.106,0.121,0.182,0.098,0.114
3387,543.00,756.70,566,1.748,1180.6,0.333,0.028,0.117,0.106,0.139,0.156,0.122
3388,1007.00,762.79,914,1.855,1180.8,0.191,0.082,0.191,0.158,0.153,0.120,0.104
3389,1584.00,770.94,631,1.759,1181.0,0.239,0.030,0.246,0.164,0.082,0.149,0.090
3390,1611.00,782.09,1163,1.761,1181.2,0.333,0.017,0.162,0.128,0.085,0.137,0.137
3391,409.00,763.25,370,1.842,1181.7,0.231,0.096,0.150,0.127,0.153,0.124,0.119
3392,1253.00,758.89,1250,1.625,1182.1,0.339,0.064,0.141,0.113,0.138,0.102,0.102
3393,297.00,755.30,321,1.245,1182.4,0.577,0.017,0.091,0.074,0.057,0.097,0.086
3394,1356.00,763.86,1192,1.620,1182.8,0.440,0.060,0.096,0.093,0.119,0.099,0.093
3395,1032.00,749.28,775,1.669,1183.2,0.383,0.070,0.120,0.095,0.133,0.136,0.063
3396,1331.00,746.46,599,1.473,1183.3,0.379,0.010,0.058,0.117,0.068,0.350,0.019
3397,1375.00,755.71,1175,1.772,1184.0,0.354,0.094,0.107,0.107,0.128,0.113,0.098
3398,1180.00,762.57,701,1.626,1184.4,0.464,0.044,0.058,0.119,0.159,0.098,0.058
3399,2056.00,780.42,1628,1.583,1184.5,0.519,0.099,0.037,0.111,0.037,0.148,0.049
3400,1472.00,791.12,819,1.801,1184.6,0.375,0.125,0.102,0.114,0.068,0.159,0.057
3401,747.00,797.76,644,1.771,1184.9,0.331,0.083,0.053,0.107,0.213,0.148,0.065
3402,883.00,802.77,662,1.777,1185.0,0.421,0.053,0.061,0.123,0.105,0.132,0.105
3403,330.00,800.56,304,1.789,1185.4,0.379,0.072,0.083,0.114,0.155,0.110,0.087
3404,391.00,799.42,409,1.717,1185.7,0.339,0.047,0.104,0.156,0.161,0.125,0.068
3405,926.00,791.86,695,1.648,1185.8,0.286,0.071,0.204,0.112,0.102,0.010,0.214
3406,696.00,782.68,609,1.771,1186.0,0.301,0.052,0.105,0.124,0.222,0.059,0.137
3407,333.00,778.86,333,0.823,1186.1,0.000,0.000,0.162,0.000,0.000,0.000,0.838
3408,724.00,779.15,596,1.740,1186.2,0.140,0.140,0.161,0.140,0.172,0.032,0.215
3409,514.00,778.87,446,1.879,1186.9,0.176,0.092,0.172,0.142,0.161,0.140,0.117
3410,1276.00,786.78,900,1.594,1187.2,0.173,0.066,0.385,0.075,0.155,0.053,0.093
3411,321.00,784.86,355,1.908,1187.7,0.146,0.098,0.253,0.122,0.157,0.120,0.104
3412,336.00,783.91,300,1.916,1188.0,0.188,0.110,0.212,0.137,0.102,0.161,0.090
3413,842.00,783.77,546,1.604,1188.2,0.104,0.052,0.418,0.164,0.179,0.000,0.082
3414,698.00,785.67,582,1.769,1188.4,0.220,0.098,0.182,0.121,0.265,0.038,0.076
3415,592.00,786.56,630,1.710,1188.6,0.174,0.123,0.210,0.188,0.196,0.029,0.080
3416,569.00,789.30,426,1.889,1189.1,0.238,0.106,0.148,0.138,0.132,0.122,0.116
3417,839.00,791.02,826,1.842,1189.4,0.286,0.123,0.077,0.123,0.191,0.086,0.114
3418,720.00,789.00,635,1.810,1189.7,0.268,0.136,0.126,0.136,0.187,0.091,0.056
3419,1544.00,794.00,714,1.764,1189.8,0.212,0.133,0.230,0.150,0.159,0.018,0.097
3420,357.00,786.35,345,1.908,1190.2,0.200,0.123,0.142,0.146,0.108,0.154,0.127
3421,469.00,786.35,359,1.927,1190.7,0.181,0.122,0.114,0.111,0.162,0.173,0.138
3422,497.00,783.63,427,1.923,1191.1,0.159,0.113,0.165,0.133,0.118,0.202,0.110
3423,795.00,779.90,781,1.851,1191.6,0.191,0.086,0.143,0.154,0.129,0.189,0.109
3424,726.00,776.09,594,1.722,1191.9,0.276,0.066,0.224,0.173,0.015,0.168,0.077
3425,1024.00,781.25,1061,1.690,1192.1,0.239,0.123,0.174,0.130,0.022,0.174,0.138
3426,951.00,785.97,546,1.662,1192.3,0.219,0.155,0.277,0.129,0.039,0.123,0.058
3427,1225.00,776.58,1100,1.744,1192.6,0.233,0.206,0.194,0.146,0.028,0.083,0.111
3428,572.00,759.29,561,1.835,1193.3,0.246,0.129,0.165,0.142,0.028,0.190,0.101
3429,1036.00,760.68,953,1.863,1194.1,0.170,0.127,0.192,0.146,0.092,0.170,0.103
3430,769.00,761.64,672,1.721,1194.4,0.149,0.185,0.324,0.126,0.014,0.126,0.077
3431,767.00,754.71,724,1.790,1194.8,0.099,0.169,0.230,0.214,0.029,0.128,0.132
3432,390.00,754.37,413,1.868,1195.2,0.175,0.125,0.209,0.194,0.023,0.110,0.163
3433,1167.00,753.17,922,1.904,1195.6,0.144,0.125,0.174,0.189,0.110,0.152,0.106
3434,894.00,750.51,791,1.887,1196.2,0.139,0.120,0.176,0.157,0.123,0.157,0.128
3435,503.00,750.35,412,1.546,1196.3,0.041,0.301,0.397,0.055,0.000,0.014,0.192
3436,582.00,750.84,606,1.854,1196.6,0.214,0.214,0.126,0.223,0.028,0.070,0.126
3437,735.00,749.48,532,1.880,1196.9,0.169,0.192,0.128,0.157,0.087,0.180,0.087
3438,931.00,752.18,931,1.557,1197.0,0.034,0.237,0.186,0.220,0.034,0.034,0.254
3439,173.00,739.67,253,1.780,1197.2,0.104,0.313,0.157,0.127,0.030,0.067,0.201
3440,497.00,740.13,413,1.905,1197.6,0.140,0.129,0.151,0.211,0.086,0.158,0.125
3441,361.00,738.34,398,1.855,1197.9,0.094,0.182,0.157,0.226,0.088,0.075,0.176
3442,456.00,735.04,431,1.922,1198.4,0.142,0.140,0.225,0.142,0.123,0.117,0.111
3443,520.00,731.54,521,1.914,1198.8,0.190,0.135,0.147,0.163,0.143,0.115,0.107
3444,532.00,730.68,438,1.907,1199.3,0.173,0.126,0.156,0.167,0.150,0.146,0.082
3445,939.00,733.66,732,1.879,1199.7,0.166,0.084,0.118,0.199,0.128,0.172,0.132
3446,340.00,726.38,375,1.811,1200.0,0.059,0.059,0.222,0.267,0.067,0.096,0.230
3447,637.00,713.67,625,1.874,1200.3,0.160,0.101,0.124,0.183,0.118,0.172,0.142
3448,994.00,714.43,976,1.883,1200.5,0.128,0.077,0.128,0.274,0.094,0.128,0.171
3449,730.00,709.98,802,1.894,1200.8,0.127,0.064,0.147,0.167,0.137,0.235,0.123
3450,456.00,708.29,464,1.888,1201.1,0.195,0.075,0.062,0.168,0.221,0.164,0.115
3451,489.00,708.05,399,1.910,1201.7,0.162,0.105,0.132,0.170,0.195,0.127,0.110
3452,392.00,708.50,271,1.902,1202.1,0.136,0.105,0.086,0.230,0.206,0.128,0.109
3453,317.00,705.41,301,1.913,1202.4,0.137,0.145,0.097,0.161,0.145,0.153,0.161
3454,790.00,703.25,789,1.909,1202.5,0.118,0.094,0.106,0.200,0.188,0.106,0.188
3455,784.00,705.90,749,1.925,1203.3,0.142,0.112,0.101,0.176,0.188,0.171,0.110
3456,571.00,704.17,391,1.890,1203.5,0.219,0.158,0.068,0.096,0.164,0.205,0.089
3457,946.00,701.17,785,1.913,1203.9,0.169,0.133,0.076,0.185,0.185,0.173,0.080
3458,733.00,703.37,504,1.882,1204.3,0.213,0.135,0.082,0.131,0.143,0.234,0.061
3459,173.00,701.89,187,1.866,1204.5,0.191,0.198,0.062,0.130,0.086,0.259,0.074
3460,579.00,702.19,485,1.878,1204.8,0.136,0.154,0.080,0.142,0.148,0.216,0.123
3461,1375.00,707.24,1067,1.898,1205.2,0.151,0.117,0.068,0.140,0.219,0.223,0.083
3462,76.00,706.95,122,1.328,1205.3,0.018,0.618,0.073,0.000,0.073,0.073,0.145
3463,549.00,702.22,553,1.876,1205.7,0.113,0.107,0.061,0.113,0.236,0.230,0.139
3464,714.00,703.88,707,1.905,1206.1,0.124,0.149,0.074,0.145,0.202,0.132,0.174
3465,584.00,700.27,553,1.893,1206.4,0.152,0.152,0.076,0.126,0.182,0.162,0.152
3466,683.00,700.32,511,1.396,1206.5,0.017,0.466,0.069,0.052,0.017,0.069,0.310
3467,613.00,700.79,587,1.908,1206.8,0.109,0.167,0.089,0.167,0.099,0.182,0.188
3468,158.00,700.81,189,1.916,1207.0,0.136,0.102,0.102,0.095,0.218,0.143,0.204
3469,409.00,699.83,489,1.921,1207.3,0.144,0.113,0.094,0.119,0.156,0.194,0.181
3470,616.00,687.42,560,1.920,1207.6,0.201,0.112,0.142,0.112,0.183,0.107,0.142
3471,300.00,683.84,340,1.930,1207.9,0.182,0.089,0.111,0.156,0.124,0.191,0.147
3472,436.00,686.05,364,1.918,1208.3,0.161,0.106,0.128,0.101,0.161,0.202,0.142
3473,562.00,689.33,460,1.929,1209.1,0.168,0.106,0.111,0.162,0.143,0.158,0.151
3474,792.00,693.58,675,1.912,1209.3,0.149,0.121,0.132,0.213,0.109,0.115,0.161
3475,710.00,697.54,550,1.873,1209.5,0.188,0.060,0.120,0.256,0.135,0.098,0.143
3476,713.00,701.69,660,1.790,1209.8,0.132,0.185,0.119,0.232,0.053,0.126,0.152
3477,1097.00,704.72,878,1.806,1210.1,0.193,0.144,0.094,0.249,0.066,0.116,0.138
3478,678.00,708.16,513,1.830,1210.3,0.250,0.144,0.112,0.202,0.080,0.106,0.106
3479,1031.00,716.83,933,1.899,1212.9,0.166,0.119,0.133,0.201,0.134,0.147,0.099
3480,1185.00,724.75,791,1.346,1213.1,0.222,0.037,0.022,0.119,0.037,0.533,0.030
3481,1752.00,735.47,1597,1.549,1213.4,0.422,0.143,0.014,0.122,0.068,0.170,0.061
3482,1048.00,741.05,851,1.135,1213.5,0.574,0.082,0.000,0.098,0.000,0.213,0.033
3483,453.00,742.77,246,1.573,1213.8,0.341,0.147,0.033,0.289,0.071,0.076,0.043
3484,1317.00,753.41,492,1.556,1214.1,0.403,0.147,0.039,0.155,0.062,0.163,0.031
3485,1541.00,763.56,1372,1.557,1214.3,0.352,0.221,0.007,0.193,0.041,0.152,0.034
3486,751.00,767.29,767,1.815,1215.0,0.218,0.198,0.067,0.180,0.165,0.102,0.069
3487,763.00,769.49,741,1.765,1215.5,0.297,0.145,0.020,0.198,0.116,0.149,0.076
3488,839.00,767.81,795,1.896,1217.1,0.197,0.188,0.076,0.168,0.144,0.130,0.097
3489,510.00,757.07,550,1.432,1217.2,0.235,0.082,0.000,0.092,0.041,0.153,0.398
3490,589.00,746.85,516,1.631,1217.4,0.196,0.134,0.054,0.089,0.054,0.161,0.312
3491,689.00,749.65,676,1.746,1217.7,0.235,0.134,0.027,0.096,0.096,0.118,0.294
3492,319.00,740.31,280,1.775,1218.0,0.209,0.134,0.055,0.134,0.085,0.174,0.209
3493,168.00,739.02,168,1.855,1218.3,0.248,0.126,0.051,0.112,0.107,0.150,0.206
3494,394.00,729.40,376,1.913,1219.1,0.185,0.143,0.078,0.181,0.122,0.147,0.145
3495,271.00,721.79,262,1.880,1219.3,0.162,0.180,0.090,0.168,0.036,0.198,0.168
3496,906.00,717.54,745,1.878,1219.6,0.172,0.146,0.060,0.146,0.073,0.225,0.179
3497,668.00,710.47,748,1.903,1219.9,0.242,0.129,0.101,0.149,0.081,0.133,0.165
3498,288.00,701.55,261,1.916,1220.5,0.198,0.130,0.099,0.135,0.115,0.186,0.137
3499,357.00,684.56,437,1.920,1221.5,0.176,0.133,0.126,0.156,0.146,0.143,0.120
3500,570.00,675.54,603,1.880,1221.9,0.194,0.073,0.140,0.210,0.099,0.175,0.108
3501,687.00,674.94,589,1.902,1222.8,0.169,0.077,0.117,0.177,0.173,0.185,0.102
3502,102.00,667.13,102,0.309,1222.9,0.000,0.000,0.000,0.000,0.000,0.111,0.889
3503,205.00,665.88,171,1.122,1223.0,0.018,0.000,0.036,0.036,0.055,0.255,0.600
3504,254.00,664.51,254,0.353,1223.1,0.000,0.000,0.000,0.000,0.000,0.167,0.833
3505,334.00,658.59,287,1.913,1223.6,0.200,0.100,0.167,0.180,0.103,0.140,0.110
3506,945.00,661.08,669,1.723,1223.8,0.120,0.064,0.104,0.184,0.112,0.184,0.232
3507,585.00,663.60,639,1.920,1224.8,0.180,0.106,0.149,0.171,0.124,0.142,0.128
3508,241.00,658.77,241,0.908,1224.9,0.000,0.055,0.036,0.036,0.000,0.055,0.818
3509,518.00,658.81,316,1.430,1225.1,0.037,0.122,0.085,0.073,0.037,0.098,0.549
3510,731.00,653.36,645,1.931,1225.9,0.157,0.144,0.170,0.155,0.124,0.129,0.122
3511,713.00,657.28,630,1.927,1226.5,0.199,0.147,0.153,0.142,0.120,0.131,0.109
3512,414.00,658.06,333,1.902,1226.9,0.158,0.190,0.172,0.154,0.100,0.122,0.104
3513,385.00,653.49,277,1.912,1227.2,0.211,0.157,0.172,0.108,0.137,0.137,0.078
3514,1439.00,660.90,1175,1.728,1227.5,0.070,0.169,0.169,0.116,0.081,0.250,0.145
3515,432.00,659.30,428,1.881,1228.0,0.132,0.139,0.109,0.116,0.205,0.205,0.096
3516,745.00,661.06,785,1.376,1228.1,0.000,0.143,0.100,0.014,0.043,0.286,0.414
3517,609.00,658.76,527,1.886,1228.3,0.123,0.103,0.116,0.103,0.174,0.187,0.194
3518,391.00,655.47,386,1.932,1228.8,0.118,0.115,0.122,0.153,0.156,0.188,0.149
3519,554.00,645.57,529,1.906,1229.2,0.109,0.105,0.163,0.175,0.218,0.152,0.078
3520,437.00,646.37,434,1.919,1229.8,0.129,0.056,0.191,0.209,0.135,0.185,0.094
3521,977.00,651.45,867,1.890,1230.2,0.120,0.105,0.163,0.194,0.159,0.128,0.132
3522,883.00,655.31,771,1.401,1230.3,0.061,0.030,0.121,0.030,0.015,0.333,0.409
3523,299.00,650.35,320,1.915,1231.1,0.187,0.074,0.137,0.124,0.137,0.181,0.159
3524,468.00,647.77,444,1.780,1231.2,0.186,0.134,0.165,0.010,0.124,0.216,0.165
3525,415.00,641.68,399,1.771,1231.5,0.098,0.152,0.174,0.030,0.159,0.273,0.114
3526,658.00,638.75,678,1.893,1232.3,0.183,0.101,0.163,0.144,0.157,0.142,0.111
3527,857.00,635.07,763,1.710,1232.5,0.118,0.079,0.126,0.071,0.189,0.299,0.118
3528,366.00,633.01,386,1.787,1232.7,0.142,0.085,0.142,0.019,0.142,0.330,0.142
3529,217.00,624.82,248,1.900,1233.2,0.191,0.133,0.122,0.079,0.140,0.151,0.183
3530,828.00,625.41,781,1.781,1233.5,0.146,0.028,0.185,0.067,0.107,0.253,0.213
3531,472.00,622.46,500,1.868,1234.0,0.124,0.069,0.183,0.098,0.134,0.196,0.196
3532,1070.00,629.26,1150,1.568,1234.2,0.027,0.209,0.145,0.009,0.082,0.364,0.164
3533,511.00,622.70,511,1.851,1234.4,0.109,0.078,0.202,0.039,0.124,0.248,0.202
3534,445.00,618.21,472,1.829,1234.7,0.126,0.052,0.149,0.069,0.190,0.207,0.207
3535,343.00,616.61,311,1.909,1235.2,0.142,0.077,0.129,0.139,0.177,0.148,0.187
3536,979.00,620.58,862,1.760,1235.4,0.079,0.101,0.146,0.067,0.180,0.348,0.079
3537,1318.00,626.41,847,1.717,1235.5,0.176,0.059,0.137,0.039,0.275,0.275,0.039
3538,323.00,620.33,375,1.709,1235.6,0.086,0.129,0.075,0.043,0.215,0.344,0.108
3539,912.00,627.72,804,1.751,1235.8,0.066,0.132,0.211,0.026,0.224,0.250,0.092
3540,287.00,625.62,248,1.910,1236.3,0.152,0.085,0.171,0.111,0.225,0.142,0.114
3541,611.00,628.12,483,1.782,1236.6,0.143,0.065,0.208,0.101,0.304,0.095,0.083
3542,865.00,632.21,874,1.803,1236.9,0.128,0.041,0.190,0.123,0.318,0.077,0.123
3543,424.00,631.25,387,1.843,1237.3,0.176,0.067,0.213,0.142,0.201,0.075,0.126
3544,500.00,630.93,532,1.881,1237.9,0.247,0.089,0.173,0.108,0.154,0.087,0.141
3545,536.00,626.90,616,1.838,1238.1,0.200,0.044,0.178,0.189,0.211,0.078,0.100
3546,442.00,627.92,242,1.725,1238.3,0.054,0.153,0.252,0.108,0.342,0.036,0.054
3547,343.00,624.98,423,1.899,1238.8,0.173,0.102,0.219,0.152,0.148,0.060,0.145
3548,174.00,616.78,254,1.894,1239.1,0.128,0.167,0.100,0.156,0.239,0.117,0.094
3549,575.00,615.23,615,1.762,1239.3,0.055,0.110,0.154,0.077,0.352,0.077,0.176
3550,526.00,615.93,472,1.915,1239.8,0.153,0.133,0.139,0.204,0.177,0.091,0.103
3551,517.00,616.21,477,1.887,1240.2,0.128,0.108,0.185,0.103,0.236,0.108,0.133
3552,656.00,618.85,624,1.889,1240.6,0.132,0.112,0.140,0.163,0.186,0.109,0.159
3553,1320.00,628.88,1072,1.876,1241.0,0.121,0.131,0.188,0.163,0.199,0.096,0.103
3554,483.00,625.81,483,1.911,1241.8,0.166,0.111,0.131,0.120,0.220,0.113,0.140
3555,1233.00,630.30,1016,1.813,1242.0,0.152,0.114,0.171,0.067,0.276,0.143,0.076
3556,786.00,632.45,615,1.875,1242.3,0.213,0.058,0.187,0.200,0.168,0.077,0.097
3557,396.00,626.95,363,1.909,1242.8,0.166,0.082,0.177,0.168,0.136,0.117,0.155
3558,479.00,624.41,451,1.892,1243.0,0.160,0.113,0.170,0.160,0.094,0.113,0.189
3559,295.00,625.63,259,1.915,1243.3,0.196,0.141,0.184,0.104,0.092,0.135,0.147
3560,767.00,627.51,517,1.906,1243.6,0.262,0.122,0.152,0.146,0.122,0.104,0.091
3561,1298.00,626.74,1153,1.882,1243.9,0.184,0.095,0.127,0.165,0.196,0.165,0.070
3562,1211.00,638.09,1200,1.884,1244.3,0.217,0.132,0.132,0.190,0.153,0.111,0.063
3563,423.00,636.83,503,1.546,1244.4,0.046,0.299,0.046,0.069,0.253,0.184,0.103
3564,734.00,637.03,380,1.689,1244.6,0.051,0.195,0.042,0.102,0.254,0.280,0.076
3565,397.00,635.16,423,1.916,1245.1,0.206,0.128,0.128,0.224,0.128,0.107,0.078
3566,1117.00,639.50,707,1.865,1245.4,0.207,0.152,0.097,0.171,0.166,0.152,0.055
3567,787.00,641.24,823,1.862,1245.9,0.196,0.196,0.155,0.095,0.130,0.152,0.076
3568,661.00,646.27,320,1.739,1246.1,0.125,0.221,0.067,0.077,0.202,0.279,0.029
3569,475.00,646.93,304,1.869,1246.5,0.240,0.179,0.148,0.099,0.103,0.152,0.080
3570,416.00,644.93,475,1.905,1247.3,0.183,0.145,0.124,0.174,0.118,0.153,0.103
3571,649.00,648.42,110,1.800,1247.4,0.215,0.269,0.151,0.000,0.194,0.129,0.043
3572,821.00,652.27,802,1.872,1247.7,0.240,0.158,0.120,0.126,0.142,0.153,0.060
3573,464.00,651.29,454,1.877,1248.1,0.167,0.212,0.077,0.158,0.149,0.158,0.081
3574,277.00,646.14,341,1.910,1248.4,0.232,0.129,0.120,0.120,0.183,0.145,0.071
3575,429.00,643.33,385,1.912,1248.8,0.208,0.151,0.147,0.196,0.098,0.106,0.094
3576,510.00,641.30,417,1.908,1249.3,0.192,0.173,0.128,0.157,0.096,0.160,0.096
3577,283.00,633.16,285,1.898,1249.7,0.235,0.126,0.112,0.172,0.070,0.161,0.123
3578,640.00,632.78,582,1.855,1250.0,0.254,0.127,0.098,0.162,0.116,0.110,0.133
3579,593.00,628.40,533,1.832,1250.4,0.281,0.107,0.112,0.138,0.087,0.168,0.107
3580,936.00,625.91,875,1.780,1250.5,0.047,0.078,0.016,0.109,0.344,0.156,0.250
3581,934.00,617.73,863,1.853,1250.8,0.287,0.096,0.072,0.240,0.114,0.114,0.078
3582,1083.00,618.08,810,1.882,1251.9,0.199,0.120,0.124,0.219,0.090,0.142,0.107
3583,365.00,617.20,281,1.859,1252.2,0.205,0.070,0.114,0.238,0.086,0.162,0.124
3584,350.00,607.53,341,1.889,1252.5,0.159,0.084,0.116,0.267,0.100,0.155,0.120
3585,613.00,598.25,608,1.915,1253.4,0.176,0.114,0.114,0.201,0.112,0.154,0.129
3586,532.00,596.06,572,1.742,1253.5,0.108,0.031,0.092,0.185,0.031,0.092,0.462
3587,194.00,590.37,132,1.870,1253.8,0.247,0.108,0.182,0.160,0.039,0.152,0.113
3588,619.00,588.17,518,1.858,1254.2,0.286,0.107,0.143,0.156,0.067,0.138,0.103
3589,785.00,590.92,761,1.840,1254.5,0.296,0.097,0.133,0.194,0.041,0.082,0.158
3590,450.00,589.53,446,1.796,1254.8,0.260,0.027,0.133,0.227,0.047,0.167,0.140
3591,1199.00,594.63,1090,1.859,1255.3,0.242,0.050,0.154,0.252,0.066,0.116,0.119
3592,882.00,600.26,777,1.790,1255.6,0.232,0.056,0.106,0.261,0.099,0.120,0.127
3593,475.00,603.33,504,1.892,1256.2,0.217,0.117,0.122,0.222,0.079,0.138,0.105
3594,711.00,606.50,395,1.518,1256.3,0.080,0.080,0.060,0.160,0.060,0.040,0.520
3595,267.00,606.46,298,1.872,1256.7,0.165,0.096,0.124,0.221,0.116,0.112,0.165
3596,407.00,601.47,300,1.902,1257.0,0.176,0.121,0.141,0.171,0.070,0.116,0.206
3597,764.00,602.43,627,1.329,1257.1,0.058,0.019,0.038,0.212,0.115,0.077,0.481
3598,884.00,608.39,843,1.804,1257.4,0.126,0.063,0.107,0.195,0.094,0.119,0.296
3599,320.00,608.02,285,1.910,1258.1,0.172,0.092,0.101,0.200,0.139,0.103,0.193
3600,704.00,609.36,676,1.772,1258.3,0.120,0.080,0.120,0.113,0.153,0.113,0.300
3601,782.00,610.31,765,1.793,1258.7,0.122,0.061,0.192,0.135,0.122,0.110,0.257
3602,240.00,611.69,265,1.258,1258.8,0.000,0.000,0.135,0.019,0.365,0.077,0.404
3603,356.00,613.20,349,1.850,1259.1,0.067,0.071,0.210,0.116,0.192,0.125,0.219
3604,632.00,616.98,611,1.910,1259.8,0.143,0.117,0.154,0.128,0.150,0.137,0.171
3605,356.00,617.20,313,1.848,1260.1,0.136,0.056,0.203,0.045,0.164,0.141,0.254
3606,817.00,615.92,734,1.883,1260.6,0.187,0.096,0.140,0.082,0.126,0.135,0.234
3607,878.00,618.85,861,1.526,1260.8,0.098,0.041,0.131,0.008,0.082,0.139,0.500
3608,384.00,620.28,342,0.973,1260.8,0.020,0.039,0.098,0.020,0.059,0.020,0.745
3609,404.00,619.14,404,1.273,1261.0,0.021,0.085,0.170,0.021,0.096,0.032,0.574
3610,222.00,614.05,205,1.133,1261.1,0.000,0.000,0.093,0.000,0.093,0.056,0.759
3611,790.00,614.82,775,1.665,1261.4,0.101,0.093,0.140,0.039,0.124,0.109,0.395
3612,741.00,618.09,642,1.891,1262.0,0.149,0.128,0.202,0.094,0.125,0.145,0.157
3613,367.00,617.91,331,1.894,1262.3,0.189,0.137,0.205,0.089,0.100,0.095,0.184
3614,441.00,607.93,302,1.879,1262.5,0.127,0.104,0.220,0.133,0.104,0.075,0.237
3615,911.00,612.72,881,1.902,1262.9,0.189,0.115,0.242,0.111,0.090,0.074,0.180
3616,644.00,611.71,625,1.805,1263.1,0.115,0.058,0.269,0.125,0.115,0.067,0.250
3617,682.00,612.44,534,1.691,1263.2,0.012,0.061,0.280,0.110,0.207,0.085,0.244
3618,1118.00,619.71,998,1.816,1263.4,0.037,0.092,0.211,0.092,0.174,0.193,0.202
3619,308.00,617.25,208,1.913,1263.7,0.154,0.117,0.186,0.133,0.138,0.154,0.117
3620,85.00,613.73,148,1.933,1263.9,0.161,0.105,0.231,0.133,0.056,0.161,0.154
3621,884.00,612.80,832,1.876,1264.1,0.059,0.118,0.151,0.160,0.168,0.168,0.176
3622,433.00,608.30,513,1.910,1264.2,0.114,0.132,0.140,0.184,0.105,0.140,0.184
3623,528.00,610.59,515,1.933,1264.7,0.181,0.144,0.129,0.150,0.110,0.129,0.156
3624,491.00,610.82,395,1.923,1265.2,0.184,0.136,0.129,0.112,0.153,0.129,0.156
3625,256.00,609.23,315,1.794,1265.3,0.032,0.032,0.085,0.245,0.245,0.213,0.149
3626,483.00,607.48,394,1.926,1265.7,0.206,0.111,0.123,0.144,0.140,0.136,0.140
3627,41.00,599.32,121,1.899,1266.0,0.102,0.117,0.088,0.204,0.204,0.146,0.139
3628,950.00,605.16,883,1.869,1266.2,0.128,0.096,0.088,0.152,0.272,0.104,0.160
3629,801.00,611.00,828,1.929,1267.5,0.156,0.160,0.105,0.154,0.136,0.135,0.153
3630,449.00,607.21,307,1.901,1267.7,0.168,0.060,0.094,0.168,0.215,0.114,0.181
3631,905.00,611.54,601,1.733,1267.9,0.080,0.053,0.093,0.133,0.360,0.107,0.173
3632,566.00,606.50,548,1.914,1269.7,0.199,0.148,0.115,0.176,0.137,0.113,0.111
3633,554.00,606.93,634,1.761,1270.0,0.343,0.073,0.090,0.180,0.124,0.096,0.096
3634,826.00,610.74,826,1.651,1270.1,0.406,0.109,0.047,0.234,0.016,0.062,0.125
3635,338.00,610.69,305,1.690,1270.3,0.329,0.139,0.044,0.171,0.032,0.146,0.139
3636,1678.00,617.68,1280,1.672,1270.5,0.270,0.148,0.025,0.254,0.066,0.107,0.131
3637,719.00,611.69,550,1.474,1270.7,0.058,0.087,0.000,0.420,0.014,0.116,0.304
3638,632.00,614.78,606,1.634,1270.9,0.362,0.113,0.014,0.170,0.057,0.085,0.199
3639,438.00,610.04,431,1.325,1271.0,0.172,0.031,0.016,0.266,0.000,0.094,0.422
3640,597.00,613.14,527,1.560,1271.2,0.270,0.052,0.009,0.270,0.009,0.104,0.287
3641,211.00,609.14,211,1.656,1271.5,0.294,0.106,0.006,0.206,0.017,0.106,0.267
3642,685.00,607.34,552,1.441,1271.6,0.110,0.014,0.000,0.192,0.068,0.123,0.493
3643,473.00,607.83,464,1.499,1271.7,0.085,0.070,0.000,0.155,0.056,0.225,0.408
3644,729.00,610.12,751,1.562,1271.8,0.088,0.088,0.000,0.193,0.018,0.281,0.333
3645,168.00,606.44,168,1.729,1272.1,0.221,0.123,0.031,0.202,0.018,0.135,0.270
3646,192.00,603.94,192,1.802,1272.5,0.282,0.172,0.024,0.120,0.072,0.139,0.191
3647,598.00,606.49,558,1.808,1272.8,0.224,0.215,0.042,0.136,0.033,0.140,0.210
3648,1272.00,617.47,1023,1.776,1273.2,0.223,0.261,0.014,0.161,0.076,0.156,0.109
3649,1278.00,624.50,442,1.668,1273.3,0.218,0.228,0.020,0.119,0.079,0.327,0.010
3650,932.00,628.56,490,1.555,1273.5,0.077,0.121,0.011,0.231,0.088,0.396,0.077
3651,422.00,627.61,480,1.637,1273.7,0.103,0.162,0.000,0.243,0.081,0.331,0.081
3652,764.00,628.69,555,1.688,1273.9,0.117,0.195,0.008,0.242,0.070,0.281,0.086
3653,384.00,619.33,343,1.753,1274.3,0.245,0.153,0.041,0.224,0.071,0.204,0.061
3654,308.00,617.58,358,1.702,1274.5,0.286,0.173,0.008,0.203,0.038,0.218,0.075
3655,739.00,612.64,572,1.795,1274.9,0.297,0.161,0.016,0.188,0.057,0.172,0.109
3656,436.00,609.14,401,1.798,1275.2,0.210,0.185,0.066,0.173,0.058,0.189,0.119
3657,618.00,611.36,550,1.797,1275.6,0.276,0.145,0.044,0.193,0.075,0.132,0.136
3658,1157.00,618.14,1210,1.786,1275.9,0.264,0.127,0.036,0.203,0.071,0.157,0.142
3659,848.00,623.67,785,1.820,1276.2,0.248,0.150,0.021,0.231,0.073,0.197,0.081
3660,239.00,618.39,223,1.765,1276.4,0.194,0.165,0.022,0.201,0.086,0.273,0.058
3661,380.00,609.21,343,1.838,1276.8,0.278,0.153,0.042,0.171,0.079,0.157,0.120
3662,726.00,604.36,513,1.763,1277.0,0.148,0.141,0.047,0.148,0.117,0.289,0.109
3663,944.00,609.57,925,1.864,1277.4,0.172,0.131,0.077,0.195,0.094,0.182,0.148
3664,347.00,605.70,262,1.828,1277.7,0.132,0.193,0.030,0.289,0.112,0.142,0.102
3665,528.00,607.01,504,1.880,1278.4,0.197,0.134,0.052,0.203,0.087,0.167,0.160
3666,1038.00,606.22,911,1.557,1278.6,0.064,0.118,0.045,0.482,0.073,0.100,0.118
3667,509.00,603.44,453,1.764,1279.1,0.085,0.151,0.060,0.375,0.066,0.109,0.154
3668,439.00,601.22,439,1.792,1279.4,0.097,0.135,0.058,0.290,0.068,0.111,0.242
3669,155.00,598.02,180,1.684,1279.7,0.080,0.080,0.033,0.373,0.093,0.067,0.273
3670,561.00,599.47,410,1.751,1279.9,0.132,0.113,0.033,0.298,0.126,0.066,0.232
3671,217.00,595.15,256,1.750,1280.1,0.100,0.182,0.055,0.255,0.082,0.100,0.227
3672,478.00,591.72,473,1.865,1280.8,0.149,0.129,0.042,0.235,0.133,0.111,0.202
3673,553.00,592.61,543,1.101,1280.9,0.000,0.000,0.592,0.158,0.039,0.026,0.184
3674,355.00,593.39,317,1.838,1281.3,0.141,0.094,0.175,0.124,0.090,0.060,0.316
3675,282.00,591.92,246,1.837,1281.5,0.124,0.099,0.240,0.116,0.091,0.091,0.240
3676,626.00,593.08,596,1.899,1282.4,0.140,0.098,0.158,0.218,0.098,0.114,0.174
3677,516.00,595.41,596,1.906,1282.9,0.088,0.096,0.124,0.215,0.163,0.154,0.160
3678,562.00,594.63,556,1.920,1283.3,0.135,0.101,0.140,0.174,0.174,0.140,0.135
3679,507.00,593.77,425,1.904,1283.6,0.080,0.099,0.198,0.179,0.179,0.108,0.156
3680,1695.00,601.36,1178,1.905,1283.7,0.265,0.108,0.133,0.145,0.120,0.120,0.108
3681,211.00,594.13,191,1.922,1284.5,0.215,0.114,0.070,0.184,0.132,0.134,0.151
3682,824.00,591.54,492,1.722,1284.7,0.091,0.102,0.227,0.182,0.193,0.102,0.102
3683,338.00,591.27,322,1.925,1285.1,0.156,0.137,0.180,0.156,0.109,0.109,0.152
3684,365.00,591.42,399,1.918,1285.4,0.123,0.190,0.199,0.128,0.142,0.100,0.118
3685,843.00,593.72,512,1.752,1285.6,0.062,0.196,0.309,0.103,0.113,0.082,0.134
3686,412.00,592.52,492,1.925,1286.4,0.153,0.145,0.135,0.149,0.137,0.131,0.149
3687,234.00,592.92,263,1.298,1286.4,0.022,0.065,0.696,0.022,0.000,0.065,0.130
3688,648.00,593.21,546,1.913,1286.7,0.156,0.141,0.094,0.198,0.068,0.193,0.151
3689,482.00,590.18,462,1.921,1287.1,0.169,0.100,0.126,0.203,0.130,0.104,0.169
3690,304.00,588.72,332,1.891,1287.5,0.143,0.177,0.251,0.171,0.057,0.120,0.080
3691,959.00,586.32,987,1.705,1287.7,0.058,0.135,0.442,0.058,0.067,0.077,0.163
3692,511.00,582.61,470,1.920,1288.2,0.175,0.166,0.103,0.183,0.089,0.095,0.189
3693,566.00,583.52,566,1.901,1288.6,0.180,0.161,0.115,0.146,0.123,0.096,0.180
3694,323.00,579.64,363,1.352,1288.7,0.024,0.000,0.293,0.024,0.000,0.024,0.634
3695,278.00,579.75,273,1.885,1289.0,0.242,0.114,0.109,0.100,0.109,0.118,0.209
3696,748.00,583.16,478,1.885,1289.3,0.170,0.145,0.145,0.139,0.097,0.127,0.176
3697,512.00,580.64,392,1.891,1289.6,0.254,0.144,0.167,0.144,0.100,0.067,0.124
3698,1317.00,584.97,1209,1.893,1289.9,0.178,0.086,0.173,0.117,0.091,0.162,0.193
3699,455.00,586.32,480,1.908,1290.4,0.169,0.119,0.129,0.198,0.122,0.104,0.158
3700,926.00,588.54,816,1.888,1290.5,0.127,0.069,0.157,0.196,0.147,0.088,0.216
3701,1127.00,591.99,959,1.887,1290.7,0.152,0.141,0.182,0.192,0.081,0.111,0.141
3702,1049.00,600.08,309,1.823,1290.8,0.118,0.088,0.250,0.221,0.059,0.074,0.191
3703,838.00,604.90,760,1.890,1291.0,0.081,0.128,0.302,0.035,0.116,0.081,0.256
3704,403.00,602.61,357,1.920,1291.7,0.205,0.137,0.105,0.185,0.102,0.135,0.131
3705,1266.00,611.71,815,1.631,1291.8,0.097,0.264,0.250,0.056,0.056,0.069,0.208
3706,837.00,611.91,820,1.621,1292.0,0.081,0.203,0.162,0.000,0.135,0.054,0.365
3707,266.00,605.79,236,1.898,1292.4,0.127,0.175,0.102,0.098,0.138,0.164,0.196
3708,530.00,607.25,432,1.408,1292.6,0.012,0.200,0.165,0.000,0.176,0.012,0.435
3709,202.00,605.23,242,1.907,1293.0,0.251,0.115,0.119,0.072,0.128,0.132,0.183
3710,804.00,611.05,501,1.475,1293.1,0.118,0.137,0.118,0.059,0.098,0.039,0.431
3711,795.00,611.10,714,1.815,1293.3,0.162,0.182,0.081,0.071,0.101,0.111,0.293
3712,1145.00,615.14,951,1.662,1293.4,0.133,0.200,0.100,0.089,0.089,0.078,0.311
3713,746.00,618.93,613,1.905,1294.1,0.196,0.166,0.080,0.113,0.118,0.128,0.198
3714,280.00,617.32,279,1.912,1294.5,0.160,0.143,0.148,0.089,0.131,0.118,0.211
3715,78.00,608.99,142,1.195,1294.6,0.017,0.067,0.183,0.000,0.650,0.017,0.067
3716,658.00,609.13,622,1.924,1295.2,0.166,0.132,0.093,0.113,0.152,0.152,0.192
3717,278.00,605.09,358,1.896,1295.4,0.248,0.146,0.095,0.088,0.117,0.168,0.139
3718,254.00,596.45,294,1.802,1295.5,0.206,0.015,0.103,0.162,0.162,0.029,0.324
3719,649.00,599.86,613,1.897,1295.8,0.256,0.083,0.144,0.128,0.144,0.122,0.122
3720,513.00,604.14,455,1.908,1296.5,0.190,0.145,0.108,0.145,0.116,0.114,0.182
3721,248.00,597.78,318,1.818,1296.7,0.173,0.183,0.202,0.077,0.135,0.106,0.125
3722,747.00,600.92,612,1.863,1296.8,0.287,0.074,0.064,0.149,0.149,0.170,0.106
3723,551.00,601.15,551,1.909,1297.5,0.226,0.117,0.099,0.160,0.151,0.111,0.135
3724,455.00,600.79,340,1.886,1297.8,0.266,0.139,0.092,0.110,0.145,0.127,0.121
3725,569.00,603.92,469,1.888,1298.1,0.180,0.157,0.143,0.124,0.152,0.166,0.078
3726,166.00,600.75,210,1.865,1298.4,0.208,0.194,0.139,0.090,0.139,0.181,0.049
3727,471.00,605.05,495,1.922,1299.1,0.186,0.129,0.096,0.195,0.129,0.169,0.094
3728,1222.00,607.77,1201,1.901,1299.4,0.211,0.149,0.082,0.124,0.129,0.211,0.093
3729,1050.00,610.26,879,1.796,1299.6,0.119,0.090,0.209,0.097,0.269,0.112,0.104
3730,470.00,610.47,496,1.910,1300.2,0.190,0.113,0.155,0.097,0.182,0.134,0.129
3731,835.00,609.77,668,1.288,1300.3,0.073,0.000,0.549,0.012,0.195,0.037,0.134
3732,590.00,610.01,549,1.795,1300.5,0.173,0.041,0.316,0.010,0.214,0.071,0.173
3733,479.00,609.26,559,1.920,1300.9,0.162,0.100,0.154,0.085,0.165,0.165,0.169
3734,689.00,607.89,611,1.922,1301.5,0.172,0.119,0.116,0.150,0.139,0.166,0.139
3735,434.00,608.85,370,1.920,1302.1,0.145,0.098,0.126,0.181,0.140,0.169,0.140
3736,1560.00,607.67,1398,1.782,1302.2,0.114,0.029,0.257,0.114,0.086,0.114,0.286
3737,776.00,608.24,727,1.911,1302.6,0.185,0.095,0.150,0.185,0.135,0.090,0.160
3738,748.00,609.40,699,1.662,1302.7,0.059,0.129,0.165,0.071,0.165,0.094,0.318
3739,463.00,609.65,540,1.891,1302.9,0.090,0.128,0.248,0.150,0.060,0.150,0.173
3740,224.00,605.92,224,0.754,1303.0,0.021,0.021,0.000,0.000,0.234,0.000,0.723
3741,161.00,605.42,241,1.926,1303.3,0.123,0.102,0.171,0.155,0.150,0.102,0.198
3742,273.00,601.30,238,1.590,1303.4,0.091,0.073,0.091,0.073,0.091,0.073,0.509
3743,410.00,600.67,358,1.899,1303.7,0.156,0.059,0.111,0.156,0.133,0.163,0.222
3744,523.00,598.61,462,1.923,1304.4,0.172,0.095,0.136,0.175,0.138,0.133,0.150
3745,118.00,598.11,177,1.840,1304.7,0.091,0.162,0.123,0.104,0.136,0.182,0.201
3746,535.00,601.54,519,1.877,1305.0,0.104,0.098,0.098,0.152,0.159,0.116,0.274
3747,760.00,603.16,759,1.769,1305.3,0.092,0.122,0.092,0.179,0.168,0.041,0.306
3748,407.00,594.51,447,1.860,1305.7,0.074,0.152,0.119,0.165,0.144,0.082,0.263
3749,475.00,586.48,515,1.916,1306.3,0.116,0.119,0.139,0.170,0.149,0.108,0.198
3750,629.00,583.45,640,1.670,1306.4,0.022,0.089,0.078,0.022,0.311,0.100,0.378
3751,366.00,582.89,349,1.853,1306.6,0.062,0.138,0.150,0.100,0.175,0.100,0.275
3752,885.00,584.10,820,1.464,1306.7,0.097,0.194,0.048,0.016,0.194,0.016,0.435
3753,355.00,583.81,348,1.921,1307.2,0.084,0.120,0.120,0.195,0.171,0.150,0.159
3754,325.00,583.98,405,1.826,1307.4,0.071,0.196,0.107,0.098,0.161,0.250,0.116
3755,928.00,585.87,763,1.742,1307.6,0.054,0.230,0.061,0.088,0.216,0.196,0.155
3756,619.00,587.70,699,1.837,1308.1,0.048,0.173,0.078,0.173,0.200,0.185,0.143
3757,695.00,588.47,324,1.630,1308.3,0.000,0.207,0.054,0.081,0.414,0.099,0.144
3758,157.00,578.47,215,1.795,1308.6,0.025,0.127,0.076,0.082,0.234,0.278,0.177
3759,794.00,577.93,719,1.829,1308.9,0.060,0.180,0.096,0.132,0.180,0.150,0.204
3760,322.00,578.76,337,1.903,1309.3,0.059,0.143,0.117,0.161,0.172,0.158,0.190
3761,434.00,579.30,442,1.329,1309.4,0.000,0.091,0.127,0.000,0.273,0.018,0.491
3762,798.00,580.02,763,1.713,1309.6,0.023,0.189,0.106,0.136,0.235,0.053,0.258
3763,473.00,575.31,368,1.883,1310.1,0.106,0.133,0.130,0.143,0.169,0.110,0.209
3764,225.00,574.09,266,1.852,1310.5,0.029,0.172,0.148,0.094,0.324,0.074,0.160
3765,620.00,575.01,522,1.893,1310.9,0.115,0.115,0.124,0.184,0.197,0.120,0.145
3766,1225.00,576.88,558,1.498,1311.0,0.032,0.095,0.111,0.095,0.365,0.016,0.286
3767,1312.00,584.91,1019,1.663,1311.2,0.080,0.109,0.123,0.203,0.217,0.065,0.203
3768,435.00,584.87,417,1.349,1311.4,0.000,0.067,0.040,0.080,0.453,0.000,0.360
3769,393.00,587.25,376,1.890,1311.8,0.100,0.103,0.172,0.145,0.197,0.079,0.203
3770,240.00,584.04,234,1.893,1312.2,0.089,0.098,0.183,0.129,0.170,0.147,0.183
3771,383.00,585.70,309,1.018,1312.2,0.000,0.025,0.050,0.025,0.325,0.000,0.575
3772,186.00,582.78,173,1.902,1312.5,0.066,0.118,0.105,0.158,0.178,0.158,0.217
3773,735.00,584.60,613,1.913,1312.8,0.165,0.110,0.138,0.138,0.147,0.115,0.188
3774,983.00,590.88,973,1.862,1313.2,0.143,0.109,0.089,0.186,0.093,0.116,0.264
3775,728.00,595.34,623,1.851,1313.5,0.044,0.131,0.144,0.156,0.181,0.081,0.263
3776,583.00,594.91,463,1.679,1313.6,0.015,0.182,0.121,0.076,0.212,0.212,0.182
3777,482.00,594.57,425,1.914,1314.0,0.093,0.150,0.186,0.111,0.146,0.119,0.195
3778,219.00,591.14,188,1.919,1314.3,0.123,0.107,0.156,0.111,0.140,0.132,0.230
3779,704.00,593.11,744,1.531,1314.4,0.061,0.041,0.000,0.122,0.184,0.204,0.388
3780,551.00,581.67,591,1.492,1314.5,0.025,0.025,0.100,0.050,0.200,0.275,0.325
3781,224.00,581.80,222,1.908,1314.7,0.078,0.084,0.096,0.169,0.181,0.151,0.241
3782,737.00,580.93,777,1.879,1315.0,0.082,0.099,0.115,0.159,0.165,0.088,0.291
3783,260.00,580.15,168,1.920,1315.5,0.159,0.136,0.097,0.169,0.110,0.162,0.166
3784,468.00,581.18,386,1.761,1315.6,0.061,0.073,0.195,0.146,0.073,0.171,0.280
3785,406.00,576.81,343,1.906,1315.9,0.138,0.056,0.154,0.159,0.118,0.149,0.226
3786,860.00,581.29,815,1.904,1316.5,0.123,0.139,0.123,0.194,0.115,0.157,0.147
3787,706.00,586.01,746,1.326,1316.6,0.000,0.000,0.014,0.068,0.219,0.493,0.205
3788,343.00,582.96,336,1.918,1317.1,0.147,0.097,0.110,0.134,0.140,0.167,0.204
3789,207.00,580.21,287,1.923,1317.7,0.098,0.118,0.170,0.164,0.147,0.135,0.167
3790,592.00,583.09,627,1.816,1317.8,0.031,0.083,0.198,0.125,0.135,0.125,0.302
3791,934.00,582.84,707,1.640,1317.9,0.049,0.033,0.082,0.082,0.164,0.262,0.328
3792,474.00,582.47,469,1.906,1318.4,0.139,0.117,0.142,0.139,0.117,0.149,0.196
3793,367.00,580.48,389,1.897,1318.7,0.074,0.079,0.148,0.158,0.212,0.148,0.182
3794,709.00,584.34,600,1.879,1319.1,0.122,0.087,0.114,0.087,0.175,0.197,0.218
3795,1011.00,591.67,951,1.720,1319.2,0.058,0.012,0.140,0.163,0.221,0.163,0.244
3796,404.00,588.23,358,1.919,1319.6,0.182,0.123,0.126,0.151,0.067,0.186,0.165
3797,259.00,585.70,339,1.914,1320.1,0.130,0.112,0.171,0.119,0.126,0.134,0.208
3798,601.00,578.54,439,1.926,1320.6,0.205,0.077,0.157,0.157,0.107,0.136,0.160
3799,563.00,579.62,435,1.917,1321.2,0.175,0.137,0.140,0.132,0.086,0.170,0.160
3800,1113.00,581.49,892,1.722,1321.4,0.067,0.058,0.087,0.183,0.125,0.260,0.221
3801,340.00,573.62,315,1.898,1322.1,0.160,0.087,0.152,0.207,0.107,0.167,0.120
3802,1239.00,575.52,821,1.663,1322.3,0.118,0.059,0.059,0.336,0.092,0.193,0.143
3803,206.00,569.20,286,1.819,1322.5,0.056,0.070,0.169,0.225,0.120,0.197,0.162
3804,690.00,572.07,679,1.875,1323.0,0.147,0.069,0.121,0.221,0.121,0.190,0.130
3805,388.00,563.29,382,1.898,1323.5,0.141,0.084,0.122,0.134,0.107,0.198,0.214
3806,691.00,561.83,421,1.901,1323.9,0.202,0.157,0.124,0.131,0.075,0.165,0.146
3807,385.00,563.02,398,1.855,1324.2,0.110,0.073,0.155,0.174,0.078,0.169,0.242
3808,544.00,563.16,494,1.708,1324.4,0.074,0.053,0.128,0.117,0.074,0.202,0.351
3809,887.00,570.01,870,1.892,1325.5,0.225,0.098,0.117,0.124,0.092,0.176,0.167
3810,452.00,566.49,454,1.845,1325.8,0.149,0.026,0.227,0.058,0.078,0.260,0.201
3811,996.00,568.50,1036,1.815,1325.9,0.188,0.013,0.075,0.087,0.138,0.275,0.225
3812,775.00,564.80,688,1.903,1326.6,0.199,0.096,0.172,0.151,0.119,0.140,0.122
3813,985.00,567.19,873,1.881,1326.9,0.212,0.048,0.153,0.190,0.090,0.201,0.106
3814,554.00,569.93,452,1.881,1327.2,0.223,0.092,0.158,0.141,0.092,0.152,0.141
3815,493.00,574.08,364,1.887,1327.4,0.244,0.081,0.170,0.200,0.104,0.104,0.096
3816,300.00,570.50,257,1.894,1327.7,0.244,0.054,0.155,0.214,0.089,0.125,0.119
3817,515.00,572.87,468,1.889,1328.0,0.287,0.098,0.115,0.138,0.161,0.069,0.132
3818,1147.00,581.80,904,1.605,1328.1,0.474,0.010,0.062,0.062,0.227,0.103,0.062
3819,1487.00,590.18,1073,1.731,1328.3,0.314,0.023,0.070,0.198,0.151,0.093,0.151
3820,571.00,590.76,566,1.924,1328.6,0.177,0.096,0.173,0.165,0.137,0.116,0.137
3821,1890.00,607.18,1213,1.872,1329.0,0.233,0.132,0.185,0.145,0.110,0.097,0.097
3822,734.00,607.05,811,1.897,1329.5,0.237,0.090,0.150,0.150,0.116,0.186,0.071
3823,1210.00,613.64,1237,1.876,1329.8,0.189,0.100,0.137,0.184,0.126,0.189,0.074
3824,406.00,613.15,243,1.909,1330.1,0.190,0.059,0.127,0.211,0.093,0.211,0.110
3825,1095.00,618.41,721,1.809,1330.4,0.183,0.046,0.150,0.222,0.163,0.176,0.059
3826,811.00,624.86,817,1.909,1331.6,0.239,0.108,0.135,0.127,0.129,0.165,0.097
3827,398.00,624.13,478,1.875,1331.8,0.219,0.050,0.163,0.106,0.125,0.194,0.144
3828,625.00,618.16,528,1.890,1332.1,0.257,0.073,0.126,0.168,0.063,0.136,0.178
3829,356.00,611.22,357,1.895,1332.4,0.306,0.083,0.108,0.172,0.096,0.102,0.134
3830,459.00,611.11,362,1.890,1332.7,0.283,0.085,0.126,0.126,0.089,0.158,0.134
3831,481.00,607.57,467,1.906,1333.2,0.209,0.154,0.108,0.134,0.108,0.160,0.127
3832,447.00,606.14,393,1.907,1333.5,0.231,0.101,0.116,0.111,0.181,0.141,0.121
3833,677.00,608.12,684,1.885,1333.7,0.212,0.091,0.152,0.106,0.159,0.106,0.174
3834,569.00,606.92,550,1.929,1334.6,0.204,0.119,0.150,0.140,0.154,0.099,0.134
3835,707.00,609.65,564,1.818,1334.8,0.159,0.088,0.182,0.153,0.188,0.094,0.135
3836,487.00,598.92,49,1.355,1335.0,0.130,0.000,0.220,0.120,0.450,0.050,0.030
3837,1058.00,601.74,941,1.781,1335.4,0.166,0.047,0.209,0.132,0.272,0.102,0.072
3838,526.00,599.52,349,1.804,1335.8,0.182,0.032,0.194,0.115,0.273,0.111,0.095
3839,468.00,599.57,548,1.659,1335.9,0.153,0.010,0.337,0.102,0.286,0.031,0.082
3840,421.00,601.54,388,1.473,1336.0,0.116,0.000,0.302,0.047,0.465,0.023,0.047
3841,418.00,604.11,372,1.828,1336.3,0.219,0.045,0.213,0.110,0.123,0.155,0.135
3842,402.00,605.40,385,1.859,1336.8,0.237,0.040,0.170,0.107,0.187,0.130,0.130
3843,658.00,607.88,512,1.857,1337.0,0.263,0.053,0.123,0.184,0.096,0.140,0.140
3844,626.00,608.91,666,1.873,1337.4,0.276,0.064,0.156,0.124,0.116,0.124,0.140
3845,419.00,611.92,431,1.873,1337.7,0.234,0.051,0.173,0.117,0.213,0.107,0.107
3846,313.00,609.70,313,1.915,1338.4,0.202,0.080,0.161,0.141,0.141,0.161,0.112
3847,1158.00,613.68,1078,1.839,1338.6,0.235,0.114,0.114,0.129,0.174,0.091,0.144
3848,1474.00,624.35,1323,1.852,1339.1,0.304,0.093,0.088,0.144,0.144,0.116,0.111
3849,216.00,621.76,137,1.824,1339.4,0.392,0.048,0.104,0.132,0.120,0.072,0.132
3850,354.00,619.01,324,1.856,1339.8,0.295,0.091,0.116,0.124,0.183,0.095,0.095
3851,515.00,620.50,414,1.869,1340.0,0.285,0.115,0.127,0.091,0.152,0.121,0.109
3852,938.00,621.03,961,1.882,1340.5,0.232,0.116,0.155,0.139,0.149,0.121,0.088
3853,962.00,627.10,750,1.876,1340.7,0.278,0.119,0.188,0.108,0.119,0.114,0.074
3854,379.00,627.64,441,1.900,1341.1,0.243,0.165,0.165,0.100,0.139,0.074,0.113
3855,1332.00,631.68,777,1.879,1341.2,0.184,0.112,0.173,0.163,0.122,0.173,0.071
3856,446.00,629.95,434,1.899,1341.8,0.223,0.124,0.124,0.105,0.127,0.152,0.144
3857,319.00,626.19,192,1.397,1342.0,0.048,0.060,0.143,0.107,0.536,0.048,0.060
3858,548.00,630.10,420,1.515,1342.1,0.024,0.167,0.143,0.119,0.476,0.024,0.048
3859,165.00,623.81,73,1.541,1342.3,0.046,0.185,0.074,0.120,0.463,0.056,0.056
3860,160.00,622.19,240,1.781,1342.4,0.050,0.125,0.083,0.167,0.383,0.083,0.108
3861,744.00,625.29,667,1.927,1343.1,0.169,0.132,0.102,0.138,0.175,0.157,0.128
3862,420.00,621.51,355,1.884,1343.4,0.096,0.154,0.096,0.163,0.284,0.101,0.106
3863,1058.00,627.36,1007,1.766,1343.5,0.028,0.139,0.069,0.181,0.306,0.125,0.153
3864,293.00,628.04,373,1.935,1343.9,0.128,0.166,0.100,0.184,0.175,0.113,0.134
3865,719.00,629.03,576,1.917,1344.2,0.137,0.193,0.071,0.193,0.127,0.099,0.179
3866,541.00,622.19,577,1.920,1344.7,0.152,0.176,0.095,0.116,0.131,0.173,0.158
3867,836.00,617.43,586,1.871,1344.8,0.091,0.227,0.136,0.182,0.182,0.121,0.061
3868,497.00,618.05,484,1.925,1345.5,0.173,0.159,0.119,0.156,0.112,0.133,0.147
3869,351.00,617.63,358,1.840,1345.8,0.221,0.149,0.039,0.149,0.138,0.193,0.110
3870,386.00,619.09,354,1.876,1346.2,0.257,0.115,0.099,0.204,0.133,0.130,0.062
3871,495.00,620.21,448,1.887,1346.6,0.183,0.093,0.123,0.247,0.123,0.167,0.063
3872,938.00,627.73,562,1.908,1347.0,0.241,0.136,0.097,0.163,0.128,0.156,0.078
3873,437.00,624.75,418,1.850,1347.3,0.254,0.129,0.110,0.153,0.196,0.110,0.048
3874,703.00,621.95,743,1.914,1348.5,0.217,0.140,0.121,0.135,0.139,0.150,0.097
3875,1154.00,626.21,1113,1.824,1348.8,0.229,0.129,0.157,0.157,0.133,0.114,0.081
3876,759.00,627.97,748,1.881,1350.6,0.212,0.140,0.164,0.112,0.180,0.108,0.084
3877,853.00,631.68,545,1.834,1350.9,0.294,0.118,0.100,0.122,0.226,0.059,0.081
3878,937.00,638.86,834,1.839,1351.3,0.232,0.125,0.136,0.159,0.229,0.061,0.058
3879,1097.00,642.79,735,1.673,1351.5,0.288,0.125,0.096,0.183,0.250,0.000,0.058
3880,400.00,641.28,386,1.857,1352.0,0.276,0.092,0.124,0.098,0.193,0.080,0.138
3881,1156.00,650.60,907,1.665,1352.2,0.282,0.076,0.122,0.275,0.145,0.015,0.084
3882,500.00,648.23,405,1.838,1352.7,0.288,0.073,0.148,0.150,0.174,0.073,0.096
3883,1268.00,658.31,1264,1.782,1352.9,0.329,0.103,0.185,0.144,0.130,0.034,0.075
3884,553.00,659.16,274,1.643,1353.1,0.342,0.076,0.101,0.291,0.139,0.038,0.013
3885,810.00,663.20,812,1.906,1354.7,0.208,0.122,0.137,0.112,0.173,0.138,0.109
3886,439.00,658.99,411,1.761,1355.1,0.152,0.126,0.041,0.307,0.159,0.111,0.104
3887,808.00,660.01,751,1.672,1355.5,0.129,0.076,0.080,0.407,0.087,0.110,0.110
3888,610.00,662.68,300,1.623,1355.8,0.146,0.047,0.066,0.514,0.061,0.066,0.099
3889,352.00,664.13,388,1.918,1356.4,0.110,0.137,0.108,0.241,0.106,0.113,0.185
3890,690.00,665.11,570,1.824,1356.7,0.130,0.179,0.090,0.265,0.076,0.117,0.143
3891,215.00,657.92,237,1.721,1356.9,0.097,0.121,0.048,0.339,0.097,0.137,0.161
3892,374.00,656.92,319,1.913,1357.3,0.101,0.176,0.135,0.204,0.107,0.138,0.138
3893,103.00,654.28,183,0.974,1357.4,0.012,0.060,0.048,0.750,0.012,0.060,0.060
3894,335.00,650.54,415,1.848,1357.8,0.103,0.099,0.113,0.295,0.103,0.178,0.110
3895,255.00,642.98,242,1.932,1358.1,0.111,0.090,0.111,0.159,0.148,0.148,0.233
3896,566.00,644.60,560,1.894,1358.3,0.173,0.102,0.112,0.218,0.102,0.142,0.152
3897,45.00,642.46,121,0.905,1358.4,0.081,0.048,0.032,0.726,0.032,0.032,0.048
3898,438.00,640.83,494,1.795,1358.8,0.115,0.135,0.061,0.373,0.111,0.111,0.094
3899,493.00,640.13,530,1.885,1359.1,0.178,0.140,0.127,0.237,0.068,0.119,0.131
3900,629.00,635.29,610,1.936,1360.2,0.153,0.125,0.138,0.116,0.156,0.159,0.153
3901,294.00,634.83,296,1.916,1360.5,0.089,0.156,0.178,0.211,0.172,0.111,0.083
3902,88.00,623.32,120,1.891,1360.8,0.153,0.094,0.076,0.276,0.182,0.129,0.088
3903,953.00,630.79,894,1.930,1361.2,0.121,0.137,0.169,0.140,0.160,0.163,0.111
3904,1254.00,636.43,1198,1.891,1361.4,0.138,0.143,0.128,0.112,0.168,0.199,0.112
3905,815.00,640.70,515,1.731,1361.6,0.185,0.085,0.100,0.308,0.108,0.162,0.054
3906,372.00,637.51,299,1.789,1361.8,0.173,0.071,0.064,0.301,0.160,0.167,0.064
3907,243.00,636.09,238,1.882,1362.0,0.159,0.095,0.079,0.262,0.135,0.151,0.119
3908,664.00,637.29,625,1.930,1362.6,0.169,0.124,0.142,0.119,0.227,0.105,0.114
3909,522.00,633.64,544,1.807,1362.8,0.172,0.070,0.108,0.293,0.140,0.115,0.102
3910,732.00,636.44,719,1.930,1363.7,0.142,0.104,0.154,0.125,0.212,0.133,0.131
3911,1264.00,639.12,1105,1.871,1363.9,0.214,0.052,0.136,0.136,0.143,0.201,0.117
3912,664.00,638.01,620,1.801,1364.1,0.225,0.067,0.083,0.217,0.108,0.208,0.092
3913,805.00,636.21,789,1.870,1364.3,0.217,0.081,0.081,0.168,0.143,0.205,0.106
3914,680.00,637.47,723,1.850,1364.5,0.154,0.122,0.090,0.199,0.109,0.250,0.077
3915,414.00,636.68,359,1.882,1364.7,0.171,0.072,0.105,0.112,0.178,0.191,0.171
3916,954.00,643.22,844,1.879,1365.0,0.206,0.057,0.069,0.177,0.154,0.206,0.131
3917,416.00,642.23,481,1.891,1365.2,0.230,0.067,0.045,0.157,0.185,0.163,0.152
3918,762.00,638.38,703,1.779,1365.3,0.167,0.028,0.125,0.139,0.069,0.319,0.153
3919,325.00,626.76,359,1.899,1365.6,0.174,0.067,0.067,0.141,0.228,0.181,0.141
3920,154.00,622.59,234,1.891,1365.7,0.183,0.037,0.085,0.146,0.305,0.073,0.171
3921,644.00,610.13,624,1.916,1365.9,0.143,0.098,0.053,0.143,0.241,0.143,0.180
3922,736.00,610.15,743,1.917,1366.2,0.153,0.116,0.120,0.099,0.178,0.174,0.161
3923,550.00,603.55,590,1.912,1366.3,0.206,0.093,0.072,0.134,0.196,0.144,0.155
3924,520.00,604.69,545,1.923,1366.6,0.171,0.177,0.114,0.131,0.177,0.097,0.131
3925,1155.00,605.29,948,1.933,1367.0,0.117,0.124,0.120,0.134,0.173,0.166,0.166
3926,1242.00,609.60,1282,1.822,1367.1,0.203,0.095,0.149,0.108,0.014,0.270,0.162
3927,458.00,610.20,386,1.891,1367.4,0.175,0.166,0.083,0.111,0.152,0.120,0.194
3928,811.00,612.06,692,1.888,1367.8,0.148,0.257,0.074,0.109,0.148,0.135,0.130
3929,354.00,612.04,333,1.921,1368.1,0.172,0.155,0.134,0.177,0.116,0.147,0.099
3930,382.00,611.27,462,1.915,1368.6,0.140,0.184,0.096,0.158,0.101,0.158,0.162
3931,185.00,608.31,221,1.935,1369.0,0.128,0.151,0.144,0.111,0.154,0.154,0.158
3932,335.00,607.19,328,1.933,1369.3,0.209,0.127,0.133,0.127,0.120,0.114,0.171
3933,311.00,603.53,320,1.937,1369.6,0.144,0.102,0.108,0.198,0.138,0.156,0.156
3934,657.00,604.41,650,1.938,1369.9,0.118,0.113,0.196,0.127,0.142,0.132,0.172
3935,995.00,607.29,962,1.905,1370.0,0.143,0.143,0.127,0.190,0.111,0.175,0.111
3936,747.00,609.89,365,1.898,1370.2,0.197,0.099,0.127,0.211,0.099,0.141,0.127
3937,369.00,603.00,363,1.934,1370.7,0.126,0.119,0.172,0.116,0.142,0.162,0.162
3938,245.00,600.19,271,1.905,1370.9,0.156,0.095,0.109,0.156,0.143,0.129,0.211
3939,1149.00,607.00,1137,1.932,1372.0,0.154,0.131,0.149,0.109,0.151,0.145,0.161
3940,770.00,610.49,810,1.728,1372.1,0.250,0.233,0.117,0.117,0.033,0.033,0.217
3941,332.00,609.63,372,1.934,1372.9,0.144,0.114,0.194,0.140,0.126,0.108,0.174
3942,268.00,608.29,280,1.882,1373.1,0.212,0.146,0.139,0.139,0.119,0.066,0.179
3943,919.00,610.90,912,1.913,1373.5,0.196,0.069,0.200,0.115,0.162,0.108,0.150
3944,988.00,614.52,826,1.832,1373.7,0.189,0.150,0.165,0.110,0.134,0.118,0.134
3945,266.00,612.99,302,1.897,1374.0,0.190,0.109,0.149,0.172,0.121,0.098,0.161
3946,1236.00,622.22,785,1.786,1374.2,0.303,0.110,0.138,0.119,0.083,0.083,0.165
3947,1157.00,622.21,818,1.791,1374.3,0.256,0.264,0.140,0.091,0.058,0.083,0.107
3948,1069.00,618.16,641,1.689,1374.4,0.355,0.145,0.097,0.129,0.016,0.129,0.129
3949,1030.00,626.30,844,1.767,1374.6,0.303,0.172,0.141,0.081,0.071,0.081,0.152
3950,167.00,624.43,244,1.909,1375.0,0.190,0.100,0.161,0.142,0.114,0.109,0.185
3951,655.00,625.83,586,1.929,1376.2,0.166,0.123,0.155,0.117,0.152,0.149,0.138
3952,827.00,624.72,855,1.512,1376.3,0.400,0.173,0.067,0.080,0.000,0.133,0.147
3953,513.00,620.23,454,1.918,1377.5,0.204,0.097,0.158,0.132,0.142,0.145,0.121
3954,432.00,620.76,423,1.883,1377.9,0.313,0.119,0.154,0.088,0.093,0.123,0.110
3955,174.00,609.18,251,1.871,1378.4,0.252,0.080,0.113,0.109,0.118,0.122,0.206
3956,349.00,608.21,342,1.574,1378.6,0.274,0.194,0.048,0.113,0.016,0.016,0.339
3957,668.00,611.70,592,1.609,1378.7,0.484,0.109,0.078,0.062,0.016,0.078,0.172
3958,902.00,615.24,942,1.664,1379.0,0.330,0.080,0.070,0.150,0.060,0.030,0.280
3959,1236.00,625.95,1141,1.558,1379.1,0.300,0.100,0.000,0.080,0.060,0.120,0.340
3960,527.00,629.62,567,1.845,1379.4,0.288,0.115,0.079,0.152,0.136,0.084,0.147
3961,408.00,626.26,332,1.782,1379.6,0.341,0.110,0.077,0.099,0.110,0.066,0.198
3962,275.00,624.81,243,1.757,1379.9,0.207,0.098,0.073,0.244,0.049,0.073,0.256
3963,395.00,618.18,395,1.905,1380.5,0.169,0.108,0.115,0.104,0.115,0.126,0.263
3964,220.00,617.45,242,1.853,1380.7,0.170,0.104,0.104,0.185,0.111,0.148,0.178
3965,620.00,616.46,583,1.519,1380.9,0.083,0.036,0.095,0.262,0.000,0.345,0.179
3966,206.00,613.11,184,1.930,1381.3,0.130,0.070,0.195,0.130,0.125,0.165,0.185
3967,466.00,609.41,381,1.891,1381.5,0.138,0.097,0.172,0.152,0.103,0.152,0.186
3968,899.00,613.43,844,1.825,1381.8,0.146,0.129,0.146,0.181,0.099,0.088,0.211
3969,456.00,614.48,423,1.919,1383.1,0.147,0.101,0.152,0.119,0.150,0.186,0.146
3970,382.00,614.44,327,1.772,1383.4,0.235,0.100,0.150,0.105,0.095,0.130,0.185
3971,667.00,616.16,507,1.788,1383.7,0.279,0.112,0.084,0.067,0.101,0.196,0.162
3972,654.00,613.32,654,1.679,1384.0,0.380,0.093,0.157,0.037,0.046,0.111,0.176
3973,426.00,613.21,503,1.859,1384.6,0.147,0.173,0.104,0.072,0.156,0.193,0.156
3974,1012.00,616.30,776,1.869,1385.1,0.166,0.169,0.119,0.059,0.134,0.194,0.159
3975,621.00,610.97,701,1.792,1385.5,0.191,0.191,0.113,0.113,0.057,0.196,0.139
3976,782.00,611.20,777,1.860,1386.0,0.169,0.156,0.095,0.108,0.095,0.227,0.149
3977,500.00,607.67,476,1.894,1386.7,0.156,0.171,0.078,0.085,0.111,0.254,0.145
3978,905.00,607.35,801,1.879,1387.3,0.114,0.151,0.163,0.117,0.130,0.175,0.151
3979,1633.00,612.71,982,1.466,1387.5,0.098,0.098,0.472,0.114,0.057,0.049,0.114
3980,2364.00,632.35,1666,1.708,1387.8,0.129,0.135,0.303,0.155,0.052,0.084,0.142
3981,441.00,625.20,440,1.429,1388.0,0.038,0.000,0.500,0.115,0.013,0.051,0.282
3982,338.00,623.58,338,1.894,1388.4,0.164,0.154,0.123,0.116,0.113,0.119,0.212
3983,492.00,615.82,437,1.876,1388.9,0.135,0.115,0.132,0.149,0.175,0.115,0.181
3984,795.00,618.24,786,1.417,1389.1,0.239,0.000,0.196,0.120,0.054,0.011,0.380
3985,573.00,615.87,430,1.804,1389.4,0.260,0.125,0.115,0.161,0.120,0.083,0.135
3986,350.00,614.98,369,1.871,1389.8,0.208,0.125,0.131,0.118,0.138,0.100,0.180
3987,688.00,613.78,580,1.849,1390.3,0.185,0.098,0.167,0.160,0.124,0.105,0.160
3988,569.00,613.37,540,1.878,1390.9,0.169,0.090,0.207,0.186,0.117,0.079,0.152
3989,209.00,611.94,190,1.883,1391.2,0.166,0.104,0.194,0.194,0.100,0.076,0.166
3990,814.00,613.18,772,1.906,1392.0,0.169,0.123,0.161,0.127,0.154,0.133,0.133
3991,346.00,614.49,418,1.842,1392.4,0.132,0.100,0.200,0.295,0.114,0.050,0.109
3992,614.00,616.89,547,1.706,1392.5,0.156,0.044,0.167,0.356,0.078,0.000,0.200
3993,486.00,620.72,461,1.932,1393.2,0.126,0.144,0.137,0.116,0.186,0.162,0.129
3994,213.00,619.50,127,1.586,1393.4,0.181,0.103,0.147,0.388,0.017,0.052,0.112
3995,469.00,621.64,293,1.591,1393.5,0.143,0.083,0.119,0.476,0.024,0.036,0.119
3996,518.00,621.16,455,1.940,1394.0,0.160,0.112,0.156,0.153,0.146,0.139,0.133
3997,1129.00,632.00,1047,1.801,1394.1,0.224,0.105,0.197,0.184,0.092,0.105,0.092
3998,683.00,634.45,655,1.816,1394.3,0.236,0.094,0.252,0.197,0.079,0.031,0.110
3999,589.00,635.41,609,1.925,1394.9,0.174,0.126,0.156,0.126,0.126,0.146,0.146
4000,423.00,633.35,434,1.924,1395.2,0.126,0.175,0.204,0.144,0.119,0.095,0.137
4001,967.00,640.08,824,1.928,1395.8,0.120,0.114,0.142,0.139,0.167,0.164,0.153
4002,519.00,644.39,419,1.923,1396.2,0.170,0.103,0.148,0.125,0.128,0.167,0.159
4003,699.00,641.85,705,1.906,1396.5,0.185,0.125,0.097,0.167,0.125,0.185,0.116
4004,648.00,635.79,565,1.885,1396.9,0.175,0.104,0.127,0.171,0.151,0.147,0.124
4005,585.00,633.49,550,1.896,1397.4,0.202,0.101,0.121,0.121,0.128,0.170,0.158
4006,512.00,634.89,592,1.880,1397.7,0.260,0.119,0.141,0.189,0.057,0.093,0.141
4007,1029.00,642.75,727,1.719,1397.8,0.183,0.099,0.127,0.268,0.042,0.070,0.211
4008,278.00,638.89,294,1.929,1398.3,0.160,0.148,0.145,0.145,0.108,0.164,0.130
4009,594.00,639.61,468,1.933,1398.6,0.137,0.161,0.121,0.121,0.149,0.181,0.129
4010,861.00,640.90,775,1.913,1398.8,0.168,0.124,0.117,0.124,0.153,0.153,0.161
4011,968.00,637.94,695,1.787,1398.9,0.149,0.128,0.074,0.245,0.074,0.128,0.202
4012,649.00,637.79,438,1.696,1399.1,0.154,0.128,0.051,0.308,0.103,0.128,0.128
4013,669.00,636.43,545,1.919,1399.4,0.192,0.132,0.091,0.151,0.155,0.170,0.109
4014,664.00,636.27,564,1.887,1399.7,0.161,0.156,0.091,0.113,0.129,0.172,0.177
4015,120.00,633.33,194,1.856,1399.9,0.093,0.221,0.107,0.086,0.129,0.207,0.157
4016,1120.00,634.99,948,1.214,1400.0,0.073,0.018,0.036,0.036,0.036,0.345,0.455
4017,618.00,637.01,597,1.918,1400.6,0.152,0.165,0.128,0.099,0.111,0.208,0.138
4018,529.00,634.68,512,1.855,1400.8,0.139,0.176,0.111,0.046,0.167,0.111,0.250
4019,598.00,637.41,595,1.881,1401.1,0.183,0.188,0.046,0.091,0.142,0.162,0.188
4020,348.00,639.35,379,1.905,1401.5,0.113,0.173,0.116,0.066,0.209,0.229,0.093
4021,92.00,633.83,163,1.905,1401.7,0.090,0.211,0.143,0.083,0.143,0.218,0.113
4022,386.00,630.33,466,1.921,1402.1,0.148,0.226,0.131,0.084,0.138,0.168,0.104
4023,484.00,629.67,439,1.916,1402.4,0.183,0.129,0.095,0.091,0.154,0.220,0.129
4024,893.00,633.40,747,1.851,1402.6,0.264,0.192,0.080,0.088,0.128,0.176,0.072
4025,744.00,629.29,677,1.886,1403.0,0.139,0.220,0.146,0.068,0.142,0.129,0.156
4026,844.00,625.31,759,1.834,1403.3,0.236,0.178,0.115,0.069,0.138,0.063,0.201
4027,257.00,623.30,226,1.792,1403.4,0.274,0.185,0.153,0.040,0.065,0.048,0.234
4028,411.00,619.30,382,1.880,1403.8,0.180,0.256,0.169,0.102,0.109,0.083,0.102
4029,398.00,619.74,430,1.883,1404.1,0.201,0.248,0.093,0.093,0.136,0.089,0.140
4030,253.00,618.45,245,1.922,1404.4,0.186,0.164,0.150,0.111,0.137,0.111,0.142
4031,521.00,621.81,601,1.882,1404.7,0.201,0.232,0.116,0.112,0.103,0.121,0.116
4032,1250.00,630.96,1179,1.848,1404.9,0.333,0.146,0.122,0.073,0.089,0.163,0.073
4033,526.00,633.11,517,1.921,1405.7,0.202,0.155,0.123,0.103,0.132,0.162,0.123
4034,831.00,634.85,657,1.882,1406.5,0.162,0.145,0.123,0.118,0.155,0.148,0.148
4035,1006.00,634.96,958,1.687,1406.7,0.143,0.264,0.121,0.071,0.057,0.286,0.057
4036,1136.00,638.85,961,1.508,1406.8,0.156,0.229,0.092,0.064,0.064,0.321,0.073
4037,672.00,641.88,484,1.918,1407.6,0.208,0.134,0.136,0.087,0.114,0.212,0.109
4038,693.00,646.36,628,1.919,1408.1,0.156,0.121,0.178,0.114,0.121,0.187,0.123
4039,1063.00,645.50,1004,1.921,1408.4,0.173,0.105,0.142,0.111,0.111,0.198,0.160
4040,637.00,644.17,635,1.931,1408.8,0.164,0.121,0.133,0.127,0.139,0.179,0.136
4041,716.00,648.01,545,1.367,1408.9,0.179,0.018,0.036,0.089,0.018,0.250,0.411
4042,1112.00,656.45,1104,1.808,1409.1,0.273,0.147,0.070,0.091,0.084,0.189,0.147
4043,1715.00,664.41,1601,1.577,1409.3,0.295,0.023,0.011,0.102,0.057,0.330,0.182
4044,756.00,662.09,553,1.207,1409.3,0.405,0.024,0.000,0.024,0.024,0.238,0.286
4045,261.00,662.04,253,1.911,1409.7,0.218,0.114,0.131,0.104,0.156,0.142,0.135
4046,915.00,658.83,738,1.647,1409.9,0.412,0.206,0.029,0.049,0.069,0.108,0.127
4047,919.00,656.45,946,1.896,1410.5,0.213,0.145,0.111,0.079,0.184,0.143,0.125
4048,390.00,649.66,360,1.906,1411.1,0.213,0.141,0.115,0.101,0.143,0.145,0.143
4049,1633.00,655.69,1376,1.302,1411.2,0.413,0.011,0.043,0.054,0.054,0.293,0.130
4050,626.00,660.28,666,1.766,1411.4,0.273,0.174,0.083,0.091,0.091,0.197,0.091
4051,674.00,660.47,620,1.760,1411.5,0.291,0.233,0.093,0.128,0.047,0.116,0.093
4052,548.00,657.68,537,1.884,1411.9,0.169,0.146,0.101,0.082,0.154,0.240,0.109
4053,1039.00,662.94,727,1.497,1412.0,0.338,0.081,0.054,0.041,0.054,0.257,0.176
4054,207.00,660.69,225,1.877,1412.3,0.173,0.165,0.177,0.137,0.133,0.173,0.044
4055,385.00,662.80,372,1.857,1412.5,0.260,0.125,0.144,0.067,0.115,0.115,0.173
4056,355.00,662.86,335,1.866,1412.8,0.197,0.150,0.111,0.115,0.137,0.226,0.064
4057,689.00,663.07,695,1.847,1413.0,0.243,0.088,0.169,0.074,0.101,0.209,0.115
4058,1173.00,665.78,508,1.747,1413.2,0.357,0.082,0.122,0.082,0.112,0.143,0.102
4059,934.00,662.76,923,1.888,1413.6,0.215,0.160,0.114,0.117,0.148,0.160,0.086
4060,328.00,660.77,408,1.275,1413.7,0.172,0.017,0.000,0.552,0.017,0.017,0.224
4061,415.00,660.84,478,1.881,1414.0,0.239,0.171,0.127,0.141,0.068,0.166,0.088
4062,159.00,659.68,233,1.833,1414.1,0.259,0.333,0.123,0.123,0.037,0.086,0.037
4063,449.00,660.22,440,1.908,1414.5,0.205,0.165,0.147,0.115,0.126,0.144,0.097
4064,402.00,662.04,419,1.899,1415.1,0.216,0.164,0.142,0.104,0.102,0.179,0.092
4065,918.00,665.02,737,1.863,1415.3,0.148,0.193,0.133,0.126,0.119,0.156,0.126
4066,212.00,665.08,287,1.834,1415.5,0.137,0.216,0.253,0.047,0.074,0.195,0.079
4067,740.00,667.82,497,1.569,1415.7,0.063,0.114,0.215,0.291,0.063,0.076,0.177
4068,777.00,666.60,717,1.691,1415.8,0.066,0.092,0.132,0.316,0.092,0.079,0.224
4069,1004.00,672.08,858,1.900,1416.0,0.114,0.203,0.146,0.120,0.127,0.158,0.133
4070,503.00,673.29,517,1.899,1416.4,0.160,0.164,0.201,0.096,0.130,0.177,0.072
4071,438.00,671.00,365,1.917,1416.9,0.169,0.143,0.135,0.090,0.116,0.193,0.153
4072,394.00,668.40,417,1.890,1417.2,0.170,0.144,0.218,0.133,0.096,0.122,0.117
4073,210.00,666.24,227,1.922,1417.4,0.148,0.168,0.174,0.174,0.094,0.128,0.114
4074,457.00,660.69,410,1.933,1417.7,0.143,0.139,0.135,0.102,0.107,0.230,0.143
4075,1121.00,665.69,1129,1.926,1418.7,0.175,0.116,0.130,0.141,0.147,0.153,0.138
4076,536.00,663.23,383,1.922,1419.1,0.163,0.138,0.128,0.131,0.124,0.170,0.145
4077,352.00,661.75,299,1.897,1419.4,0.222,0.165,0.191,0.139,0.088,0.062,0.134
4078,657.00,659.27,600,1.795,1419.5,0.200,0.137,0.211,0.168,0.105,0.021,0.158
4079,1071.00,653.65,1061,1.816,1419.7,0.163,0.124,0.155,0.209,0.093,0.093,0.163
4080,338.00,633.39,279,1.924,1420.4,0.202,0.127,0.135,0.129,0.115,0.149,0.143
4081,517.00,634.15,517,1.927,1421.1,0.161,0.135,0.132,0.155,0.128,0.112,0.178
4082,647.00,637.24,549,1.846,1421.3,0.177,0.125,0.198,0.120,0.115,0.141,0.125
4083,355.00,635.87,330,1.890,1421.7,0.205,0.183,0.129,0.122,0.094,0.086,0.180
4084,1015.00,638.07,1015,1.375,1421.8,0.121,0.000,0.030,0.242,0.318,0.000,0.288
4085,1290.00,645.24,757,1.787,1422.0,0.302,0.073,0.106,0.179,0.145,0.045,0.151
4086,115.00,642.89,104,1.735,1422.3,0.219,0.096,0.212,0.137,0.082,0.041,0.212
4087,923.00,645.24,897,1.917,1423.2,0.162,0.112,0.159,0.161,0.135,0.119,0.152
4088,252.00,642.07,292,1.286,1423.3,0.053,0.000,0.000,0.333,0.105,0.000,0.509
4089,707.00,647.05,747,1.860,1423.6,0.249,0.122,0.081,0.167,0.104,0.122,0.154
4090,445.00,643.36,426,1.879,1424.1,0.235,0.151,0.185,0.144,0.064,0.101,0.121
4091,1020.00,650.10,999,1.910,1425.0,0.187,0.130,0.144,0.184,0.126,0.120,0.109
4092,749.00,651.45,477,1.772,1425.2,0.221,0.061,0.153,0.198,0.076,0.076,0.214
4093,343.00,650.02,322,0.803,1425.2,0.000,0.000,0.000,0.067,0.178,0.000,0.756
4094,727.00,655.16,635,1.886,1425.6,0.201,0.070,0.158,0.165,0.128,0.143,0.136
4095,1213.00,662.60,1207,1.449,1425.7,0.197,0.028,0.042,0.113,0.239,0.028,0.352
4096,1085.00,668.27,936,1.443,1425.8,0.091,0.000,0.036,0.182,0.309,0.018,0.364
4097,463.00,661.61,465,1.495,1425.9,0.227,0.000,0.015,0.227,0.227,0.015,0.288
4098,486.00,659.64,400,1.816,1426.1,0.293,0.120,0.109,0.174,0.076,0.098,0.130
4099,222.00,655.97,171,1.840,1426.2,0.264,0.113,0.123,0.142,0.085,0.075,0.198
4100,726.00,659.00,604,1.731,1426.3,0.212,0.125,0.037,0.250,0.200,0.037,0.138
4101,943.00,658.76,923,1.886,1426.6,0.211,0.081,0.149,0.168,0.106,0.130,0.155
4102,1124.00,664.81,1086,1.918,1427.1,0.214,0.117,0.159,0.138,0.117,0.143,0.112
4103,804.00,665.86,844,1.833,1427.2,0.194,0.113,0.210,0.032,0.145,0.065,0.242
4104,1125.00,670.63,988,1.817,1427.2,0.333,0.193,0.070,0.070,0.123,0.035,0.175
4105,524.00,670.02,480,1.912,1427.9,0.229,0.110,0.139,0.145,0.100,0.149,0.129
4106,2208.00,686.98,1773,1.850,1428.1,0.206,0.144,0.125,0.138,0.169,0.150,0.069
4107,651.00,683.20,627,1.912,1428.7,0.236,0.129,0.133,0.170,0.120,0.114,0.098
4108,636.00,686.78,615,1.916,1429.6,0.201,0.128,0.140,0.128,0.143,0.136,0.124
4109,888.00,689.72,747,1.565,1429.9,0.278,0.155,0.170,0.077,0.144,0.046,0.129
4110,702.00,688.13,742,1.799,1431.0,0.221,0.114,0.252,0.130,0.105,0.096,0.082
4111,192.00,680.37,186,1.710,1431.6,0.248,0.187,0.275,0.153,0.067,0.024,0.046
4112,297.00,676.85,279,1.812,1432.0,0.241,0.159,0.244,0.119,0.071,0.092,0.075
4113,544.00,675.60,157,1.699,1432.2,0.239,0.239,0.239,0.158,0.043,0.038,0.043
4114,821.00,677.17,377,1.520,1432.4,0.250,0.337,0.120,0.239,0.022,0.011,0.022
4115,489.00,680.86,449,1.854,1432.9,0.192,0.233,0.241,0.121,0.038,0.085,0.090
4116,803.00,677.69,678,1.848,1433.5,0.214,0.185,0.177,0.125,0.137,0.083,0.080
4117,328.00,674.79,328,1.766,1433.9,0.173,0.146,0.353,0.132,0.088,0.031,0.078
4118,769.00,677.19,652,1.882,1434.7,0.180,0.170,0.224,0.149,0.147,0.060,0.068
4119,1177.00,682.98,1106,1.763,1435.0,0.271,0.138,0.188,0.105,0.116,0.039,0.144
4120,618.00,685.68,518,1.792,1435.5,0.317,0.074,0.226,0.117,0.135,0.043,0.087
4121,1166.00,696.42,945,1.728,1435.7,0.304,0.080,0.120,0.264,0.072,0.000,0.160
4122,578.00,698.34,558,1.892,1436.7,0.195,0.148,0.152,0.150,0.179,0.085,0.090
4123,887.00,702.37,656,1.882,1437.4,0.174,0.113,0.141,0.204,0.229,0.066,0.072
4124,951.00,702.95,866,1.707,1437.6,0.185,0.185,0.083,0.231,0.222,0.019,0.074
4125,814.00,703.65,603,1.867,1438.2,0.252,0.142,0.169,0.107,0.193,0.065,0.071
4126,453.00,699.74,406,1.854,1438.8,0.226,0.136,0.125,0.168,0.206,0.052,0.087
4127,444.00,701.61,114,1.422,1439.0,0.157,0.127,0.020,0.529,0.088,0.000,0.078
4128,1922.00,716.72,1035,1.631,1439.3,0.154,0.114,0.081,0.396,0.114,0.040,0.101
4129,209.00,714.83,249,1.837,1439.6,0.176,0.151,0.119,0.264,0.113,0.044,0.132
4130,609.00,718.39,513,1.863,1440.0,0.153,0.181,0.141,0.249,0.153,0.051,0.073
4131,552.00,718.70,520,1.561,1440.3,0.067,0.173,0.029,0.452,0.096,0.048,0.135
4132,910.00,715.30,887,1.479,1440.4,0.100,0.157,0.014,0.443,0.114,0.014,0.157
4133,532.00,715.36,475,1.923,1441.6,0.144,0.169,0.113,0.159,0.190,0.118,0.107
4134,582.00,712.87,622,1.629,1441.8,0.160,0.120,0.027,0.253,0.093,0.027,0.320
4135,901.00,711.82,686,1.669,1442.0,0.116,0.098,0.080,0.384,0.098,0.080,0.143
4136,367.00,704.13,424,1.767,1442.3,0.148,0.115,0.082,0.322,0.175,0.077,0.082
4137,440.00,701.81,318,1.513,1442.6,0.149,0.083,0.017,0.512,0.083,0.025,0.132
4138,938.00,704.26,670,1.622,1442.9,0.096,0.077,0.048,0.452,0.163,0.038,0.125
4139,956.00,703.19,672,1.863,1443.2,0.133,0.177,0.108,0.259,0.165,0.076,0.082
4140,827.00,705.09,715,1.903,1444.0,0.152,0.166,0.132,0.193,0.169,0.078,0.111
4141,195.00,699.88,201,1.874,1444.4,0.132,0.122,0.159,0.280,0.196,0.042,0.069
4142,260.00,691.36,291,1.897,1445.0,0.113,0.130,0.151,0.212,0.178,0.065,0.151
4143,769.00,681.90,798,1.921,1445.8,0.120,0.176,0.115,0.199,0.207,0.092,0.090
4144,387.00,678.21,311,0.962,1445.8,0.026,0.103,0.000,0.077,0.051,0.026,0.718
4145,149.00,677.09,144,1.872,1446.2,0.171,0.117,0.156,0.254,0.137,0.029,0.137
4146,599.00,673.93,540,1.883,1446.6,0.213,0.107,0.147,0.249,0.107,0.096,0.081
4147,919.00,673.93,782,1.898,1446.9,0.146,0.173,0.146,0.189,0.157,0.059,0.130
4148,534.00,675.37,561,1.929,1447.7,0.169,0.121,0.145,0.181,0.157,0.113,0.113
4149,482.00,663.86,492,1.925,1448.2,0.187,0.136,0.167,0.133,0.139,0.116,0.122
4150,45.00,658.05,124,1.897,1448.5,0.239,0.156,0.183,0.073,0.018,0.110,0.220
4151,201.00,653.32,281,1.931,1449.2,0.148,0.161,0.138,0.170,0.116,0.138,0.129
4152,128.00,649.12,208,1.909,1449.5,0.170,0.178,0.170,0.074,0.111,0.141,0.156
4153,539.00,644.12,406,1.937,1449.9,0.124,0.131,0.131,0.155,0.147,0.151,0.159
4154,688.00,648.93,689,1.931,1450.8,0.118,0.152,0.129,0.154,0.122,0.198,0.127
4155,234.00,647.42,223,1.936,1451.3,0.130,0.142,0.134,0.159,0.142,0.130,0.163
4156,585.00,649.72,539,1.925,1451.7,0.148,0.148,0.122,0.127,0.111,0.217,0.127
4157,869.00,651.52,828,1.910,1451.9,0.122,0.212,0.135,0.167,0.077,0.147,0.141
4158,376.00,643.55,422,1.910,1452.4,0.098,0.191,0.082,0.191,0.102,0.207,0.129
4159,241.00,636.62,244,1.919,1452.8,0.134,0.181,0.080,0.156,0.094,0.236,0.120
4160,603.00,639.37,557,1.896,1453.4,0.128,0.178,0.103,0.174,0.112,0.168,0.137
4161,1063.00,645.85,951,1.717,1453.7,0.186,0.032,0.128,0.202,0.122,0.271,0.059
4162,590.00,650.16,587,1.826,1454.6,0.145,0.039,0.118,0.204,0.141,0.210,0.143
4163,955.00,655.22,653,1.653,1454.8,0.239,0.000,0.087,0.239,0.029,0.312,0.094
4164,616.00,657.36,605,1.736,1455.2,0.165,0.021,0.132,0.202,0.066,0.230,0.185
4165,938.00,657.56,809,1.643,1455.6,0.252,0.000,0.095,0.195,0.052,0.290,0.114
4166,498.00,660.42,474,1.812,1456.3,0.216,0.035,0.156,0.216,0.106,0.172,0.100
4167,496.00,657.98,481,1.818,1457.1,0.214,0.025,0.150,0.181,0.121,0.185,0.125
4168,141.00,651.62,162,1.708,1457.6,0.130,0.008,0.146,0.107,0.233,0.146,0.229
4169,266.00,644.24,286,1.747,1458.0,0.087,0.013,0.143,0.127,0.237,0.163,0.230
4170,750.00,646.71,634,1.631,1458.3,0.087,0.006,0.206,0.069,0.294,0.131,0.206
4171,551.00,647.84,577,1.285,1458.5,0.019,0.000,0.133,0.000,0.457,0.114,0.276
4172,178.00,645.68,163,1.739,1458.9,0.068,0.021,0.230,0.098,0.230,0.098,0.255
4173,289.00,646.47,289,0.781,1458.9,0.000,0.000,0.000,0.000,0.231,0.051,0.718
4174,756.00,649.46,583,1.799,1459.3,0.110,0.039,0.110,0.204,0.176,0.165,0.196
4175,313.00,641.38,313,0.744,1459.4,0.000,0.000,0.000,0.000,0.200,0.050,0.750
4176,95.00,636.97,95,1.722,1459.8,0.079,0.025,0.143,0.103,0.177,0.153,0.320
4177,302.00,636.47,302,0.964,1459.8,0.083,0.000,0.000,0.000,0.278,0.000,0.639
4178,346.00,633.36,338,1.707,1460.1,0.055,0.008,0.102,0.173,0.150,0.157,0.354
4179,518.00,627.83,526,1.873,1460.9,0.168,0.049,0.119,0.149,0.151,0.187,0.177
4180,350.00,627.95,351,1.762,1461.4,0.095,0.004,0.121,0.201,0.159,0.170,0.250
4181,892.00,631.70,711,1.835,1461.7,0.174,0.019,0.103,0.207,0.150,0.122,0.225
4182,355.00,628.78,369,1.631,1461.9,0.100,0.000,0.058,0.175,0.125,0.175,0.367
4183,698.00,632.21,559,1.806,1462.2,0.137,0.000,0.127,0.213,0.142,0.178,0.203
4184,602.00,628.08,532,1.735,1462.5,0.163,0.000,0.199,0.170,0.078,0.149,0.241
4185,578.00,620.96,505,1.776,1462.9,0.168,0.008,0.107,0.172,0.134,0.191,0.221
4186,846.00,628.27,627,1.590,1463.1,0.125,0.000,0.050,0.200,0.113,0.138,0.375
4187,388.00,622.92,372,1.750,1463.4,0.174,0.005,0.105,0.163,0.142,0.179,0.232
4188,344.00,623.84,345,1.793,1463.9,0.159,0.003,0.141,0.260,0.095,0.138,0.205
4189,371.00,620.48,333,1.821,1464.3,0.164,0.022,0.113,0.182,0.138,0.185,0.196
4190,705.00,623.08,695,1.543,1464.6,0.091,0.000,0.077,0.175,0.385,0.126,0.147
4191,635.00,619.23,667,1.797,1465.1,0.167,0.006,0.109,0.202,0.250,0.147,0.119
4192,598.00,617.72,410,1.777,1465.4,0.163,0.007,0.098,0.203,0.248,0.144,0.137
4193,834.00,622.63,701,1.733,1465.7,0.144,0.010,0.111,0.197,0.255,0.154,0.130
4194,311.00,618.47,311,1.745,1465.9,0.212,0.000,0.071,0.118,0.247,0.153,0.200
4195,1271.00,619.05,1255,1.742,1466.1,0.150,0.000,0.113,0.138,0.175,0.175,0.250
4196,794.00,616.14,536,1.653,1466.2,0.186,0.000,0.070,0.140,0.140,0.279,0.186
4197,1064.00,622.15,893,1.809,1466.9,0.166,0.026,0.184,0.205,0.108,0.179,0.132
4198,639.00,623.68,661,1.656,1467.4,0.179,0.004,0.147,0.223,0.132,0.253,0.062
4199,831.00,629.77,534,1.715,1467.9,0.176,0.004,0.162,0.243,0.081,0.290,0.044
4200,696.00,629.47,475,1.544,1468.2,0.146,0.000,0.095,0.219,0.095,0.343,0.102
4201,825.00,628.29,285,1.558,1468.5,0.092,0.000,0.123,0.331,0.069,0.346,0.038
4202,642.00,623.47,521,1.773,1469.0,0.171,0.003,0.158,0.250,0.113,0.226,0.079
4203,577.00,621.20,496,1.810,1469.6,0.161,0.028,0.142,0.241,0.101,0.187,0.139
4204,326.00,613.21,316,1.781,1470.0,0.111,0.000,0.274,0.158,0.128,0.214,0.115
4205,347.00,611.44,258,1.837,1470.5,0.165,0.025,0.161,0.184,0.155,0.142,0.168
4206,730.00,596.66,636,1.736,1470.9,0.093,0.006,0.180,0.230,0.130,0.267,0.093
4207,293.00,593.08,257,1.852,1471.5,0.138,0.021,0.148,0.210,0.119,0.213,0.151
4208,495.00,591.67,502,1.846,1472.4,0.177,0.033,0.179,0.196,0.138,0.154,0.124
4209,901.00,591.80,720,1.832,1472.7,0.173,0.027,0.124,0.189,0.184,0.151,0.151
4210,879.00,593.57,909,1.841,1473.2,0.178,0.004,0.149,0.204,0.142,0.178,0.145
4211,693.00,598.58,646,1.814,1473.7,0.159,0.019,0.163,0.194,0.116,0.194,0.155
4212,1280.00,608.41,1049,1.743,1473.9,0.130,0.000,0.098,0.207,0.141,0.250,0.174
4213,142.00,604.39,222,1.738,1474.1,0.078,0.000,0.147,0.157,0.245,0.196,0.176
4214,632.00,602.50,587,1.867,1475.4,0.150,0.057,0.175,0.170,0.160,0.170,0.119
4215,584.00,603.45,513,1.611,1475.7,0.138,0.000,0.250,0.087,0.250,0.173,0.102
4216,1174.00,607.16,508,1.667,1476.0,0.111,0.012,0.199,0.105,0.368,0.123,0.082
4217,99.00,604.87,179,1.529,1476.4,0.047,0.007,0.270,0.054,0.419,0.155,0.047
4218,157.00,598.75,136,1.538,1476.6,0.085,0.000,0.205,0.026,0.376,0.265,0.043
4219,1048.00,597.46,508,1.671,1476.9,0.141,0.000,0.201,0.047,0.295,0.208,0.107
4220,123.00,592.51,194,1.640,1477.2,0.100,0.007,0.207,0.087,0.320,0.213,0.067
4221,616.00,587.01,566,1.830,1477.7,0.156,0.020,0.218,0.143,0.214,0.136,0.112
4222,812.00,589.35,587,1.750,1478.4,0.153,0.019,0.191,0.139,0.182,0.182,0.134
4223,1305.00,593.53,826,1.604,1478.7,0.142,0.017,0.167,0.058,0.308,0.242,0.067
4224,872.00,592.74,912,1.863,1480.0,0.186,0.055,0.183,0.135,0.149,0.180,0.113
4225,467.00,589.27,483,1.793,1480.5,0.202,0.007,0.235,0.093,0.162,0.175,0.126
4226,953.00,594.27,868,1.826,1481.2,0.199,0.057,0.187,0.089,0.148,0.194,0.126
4227,587.00,595.70,560,1.782,1481.8,0.201,0.011,0.164,0.106,0.139,0.255,0.124
4228,688.00,583.36,539,1.753,1482.1,0.206,0.011,0.180,0.058,0.190,0.249,0.106
4229,666.00,587.93,706,1.798,1482.5,0.180,0.004,0.114,0.110,0.193,0.259,0.140
4230,1220.00,594.04,1057,1.612,1482.7,0.163,0.011,0.163,0.054,0.228,0.261,0.120
4231,166.00,590.18,175,1.814,1483.1,0.178,0.000,0.182,0.103,0.196,0.178,0.164
4232,805.00,589.13,434,1.827,1483.6,0.234,0.004,0.124,0.099,0.204,0.204,0.131
4233,89.00,584.70,169,1.690,1483.8,0.214,0.000,0.116,0.009,0.277,0.241,0.143
4234,974.00,588.62,761,1.760,1484.2,0.199,0.015,0.158,0.112,0.204,0.184,0.128
4235,163.00,581.24,181,1.828,1484.6,0.210,0.013,0.131,0.096,0.188,0.223,0.140
4236,388.00,581.45,331,1.573,1484.8,0.105,0.000,0.116,0.047,0.326,0.140,0.267
4237,682.00,583.87,680,1.879,1485.4,0.148,0.027,0.193,0.125,0.142,0.199,0.166
4238,468.00,579.17,508,1.040,1485.5,0.000,0.000,0.073,0.000,0.415,0.000,0.512
4239,889.00,578.50,798,1.307,1485.6,0.000,0.000,0.155,0.000,0.414,0.052,0.379
4240,361.00,573.84,401,1.775,1485.8,0.155,0.000,0.178,0.047,0.217,0.171,0.233
4241,692.00,578.81,457,1.323,1485.9,0.040,0.040,0.320,0.020,0.140,0.060,0.380
4242,609.00,582.30,563,1.850,1486.4,0.160,0.030,0.167,0.103,0.179,0.179,0.183
4243,748.00,582.09,777,1.804,1486.9,0.229,0.040,0.176,0.123,0.172,0.145,0.115
4244,241.00,580.63,264,1.764,1487.2,0.254,0.005,0.239,0.061,0.142,0.162,0.137
4245,1045.00,589.59,1041,1.879,1489.2,0.205,0.065,0.151,0.150,0.141,0.161,0.128
4246,659.00,590.19,520,1.637,1489.4,0.421,0.011,0.126,0.105,0.084,0.116,0.137
4247,1563.00,596.63,739,1.528,1489.6,0.373,0.000,0.072,0.217,0.108,0.096,0.133
4248,1194.00,603.23,1045,1.536,1489.8,0.361,0.019,0.056,0.222,0.167,0.102,0.074
4249,808.00,606.49,705,1.816,1490.8,0.232,0.039,0.095,0.215,0.173,0.152,0.095
4250,868.00,614.72,879,1.621,1491.0,0.267,0.017,0.075,0.217,0.183,0.025,0.217
4251,682.00,619.53,558,1.727,1491.4,0.300,0.017,0.091,0.178,0.178,0.091,0.143
4252,1012.00,628.37,942,1.730,1492.1,0.301,0.032,0.120,0.160,0.186,0.080,0.120
4253,1137.00,634.35,925,1.563,1492.4,0.297,0.021,0.052,0.172,0.177,0.047,0.234
4254,687.00,634.34,655,1.797,1493.1,0.253,0.050,0.069,0.227,0.174,0.090,0.137
4255,706.00,639.06,667,1.604,1493.2,0.443,0.127,0.076,0.089,0.127,0.013,0.127
4256,162.00,634.83,157,1.515,1493.4,0.462,0.000,0.096,0.125,0.106,0.067,0.144
4257,411.00,630.25,391,1.519,1493.6,0.443,0.000,0.028,0.057,0.245,0.057,0.170
4258,439.00,630.88,519,1.738,1493.9,0.335,0.042,0.094,0.141,0.183,0.063,0.141
4259,392.00,632.39,352,1.792,1494.2,0.294,0.035,0.078,0.173,0.169,0.113,0.139
4260,1097.00,637.33,1133,1.742,1494.4,0.367,0.023,0.047,0.078,0.273,0.078,0.133
4261,923.00,635.93,790,1.803,1494.7,0.216,0.036,0.086,0.173,0.180,0.101,0.209
4262,347.00,633.50,324,1.828,1495.0,0.208,0.046,0.081,0.133,0.191,0.110,0.231
4263,136.00,625.31,170,1.804,1495.2,0.225,0.058,0.029,0.130,0.138,0.181,0.239
4264,1012.00,629.27,912,1.772,1495.3,0.213,0.160,0.093,0.133,0.133,0.080,0.187
4265,617.00,626.06,611,1.899,1496.2,0.177,0.081,0.112,0.166,0.149,0.158,0.158
4266,412.00,625.20,336,1.891,1496.8,0.191,0.061,0.140,0.196,0.156,0.107,0.148
4267,509.00,625.33,498,1.824,1497.1,0.201,0.047,0.107,0.278,0.041,0.136,0.189
4268,742.00,631.34,706,1.850,1497.6,0.217,0.056,0.125,0.194,0.089,0.138,0.181
4269,302.00,631.70,342,1.792,1497.7,0.303,0.158,0.053,0.066,0.066,0.132,0.224
4270,842.00,632.62,763,1.843,1497.9,0.229,0.093,0.086,0.179,0.107,0.086,0.221
4271,496.00,632.07,536,1.870,1498.3,0.216,0.075,0.117,0.146,0.122,0.094,0.230
4272,445.00,634.74,429,1.865,1498.4,0.152,0.136,0.136,0.242,0.121,0.061,0.152
4273,860.00,640.45,808,1.899,1499.0,0.236,0.073,0.125,0.163,0.117,0.139,0.147
4274,183.00,634.72,176,1.855,1499.2,0.231,0.038,0.131,0.223,0.054,0.123,0.200
4275,462.00,636.21,467,1.885,1499.7,0.212,0.088,0.117,0.153,0.120,0.150,0.161
4276,1277.00,648.03,1204,1.898,1500.0,0.150,0.117,0.121,0.140,0.103,0.220,0.150
4277,465.00,649.66,479,1.915,1500.6,0.162,0.075,0.164,0.202,0.084,0.148,0.164
4278,458.00,650.78,264,1.922,1501.0,0.197,0.111,0.128,0.138,0.125,0.131,0.170
4279,1641.00,662.01,1428,1.804,1501.4,0.154,0.218,0.128,0.124,0.141,0.098,0.137
4280,98.00,659.49,162,1.478,1501.6,0.077,0.462,0.135,0.010,0.202,0.019,0.096
4281,625.00,656.82,561,1.913,1502.1,0.120,0.161,0.148,0.123,0.164,0.156,0.128
4282,327.00,656.54,244,1.890,1502.6,0.144,0.229,0.116,0.120,0.127,0.088,0.176
4283,803.00,657.59,684,1.734,1502.8,0.086,0.195,0.250,0.039,0.164,0.062,0.203
4284,578.00,657.35,541,1.868,1503.0,0.201,0.174,0.208,0.060,0.094,0.094,0.168
4285,641.00,657.98,534,1.384,1503.1,0.000,0.167,0.278,0.037,0.074,0.000,0.444
4286,1095.00,660.47,733,1.778,1503.4,0.145,0.211,0.175,0.036,0.108,0.048,0.277
4287,491.00,661.50,481,1.871,1503.9,0.164,0.200,0.154,0.086,0.111,0.129,0.157
4288,869.00,666.75,869,1.667,1504.0,0.105,0.256,0.116,0.023,0.093,0.023,0.384
4289,119.00,664.23,119,1.819,1504.2,0.195,0.255,0.114,0.047,0.081,0.067,0.242
4290,467.00,661.85,374,1.712,1504.4,0.106,0.330,0.170,0.021,0.117,0.032,0.223
4291,182.00,657.32,253,1.586,1504.6,0.100,0.400,0.189,0.022,0.100,0.011,0.178
4292,828.00,659.62,744,1.636,1504.7,0.085,0.141,0.254,0.070,0.056,0.042,0.352
4293,561.00,656.89,414,1.681,1504.8,0.041,0.347,0.102,0.061,0.082,0.061,0.306
4294,821.00,661.99,645,1.735,1504.9,0.135,0.302,0.250,0.094,0.094,0.042,0.083
4295,685.00,656.13,644,1.914,1505.3,0.206,0.139,0.177,0.115,0.057,0.148,0.158
4296,486.00,653.05,526,1.916,1505.7,0.187,0.183,0.123,0.103,0.113,0.123,0.167
4297,447.00,646.88,396,1.923,1506.4,0.148,0.181,0.137,0.143,0.110,0.170,0.112
4298,736.00,647.85,737,1.907,1507.3,0.141,0.141,0.182,0.193,0.090,0.150,0.105
4299,192.00,641.46,272,1.902,1507.6,0.151,0.194,0.156,0.156,0.038,0.172,0.134
4300,531.00,639.81,332,1.909,1507.8,0.208,0.087,0.148,0.186,0.093,0.164,0.115
4301,1102.00,642.58,1028,1.918,1508.4,0.162,0.119,0.135,0.199,0.102,0.167,0.116
4302,203.00,638.19,216,1.892,1508.6,0.154,0.238,0.131,0.154,0.046,0.131,0.146
4303,501.00,637.43,540,1.921,1509.1,0.214,0.147,0.144,0.151,0.105,0.109,0.130
4304,581.00,639.98,509,1.882,1509.2,0.223,0.128,0.149,0.138,0.053,0.170,0.138
4305,836.00,644.87,812,1.889,1509.5,0.166,0.127,0.191,0.083,0.070,0.191,0.172
4306,210.00,639.67,290,1.850,1509.7,0.217,0.233,0.133,0.058,0.042,0.150,0.167
4307,1302.00,649.76,1146,1.795,1509.9,0.248,0.119,0.193,0.110,0.128,0.092,0.110
4308,260.00,647.41,334,1.856,1510.1,0.173,0.154,0.111,0.043,0.086,0.160,0.272
4309,791.00,646.31,831,1.895,1510.3,0.259,0.148,0.141,0.119,0.067,0.126,0.141
4310,532.00,642.84,501,1.925,1511.3,0.151,0.123,0.127,0.209,0.107,0.162,0.121
4311,380.00,639.71,389,1.854,1511.6,0.182,0.273,0.105,0.105,0.129,0.129,0.077
4312,218.00,629.09,202,1.924,1512.0,0.095,0.216,0.166,0.120,0.095,0.183,0.124
4313,662.00,634.29,522,1.904,1512.2,0.115,0.223,0.123,0.123,0.192,0.138,0.085
4314,521.00,633.18,492,1.903,1512.4,0.103,0.183,0.143,0.071,0.135,0.206,0.159
4315,795.00,635.29,689,1.922,1512.6,0.164,0.141,0.164,0.102,0.141,0.181,0.107
4316,457.00,628.12,441,1.927,1513.1,0.143,0.118,0.139,0.136,0.146,0.157,0.161
4317,1054.00,637.67,568,1.779,1513.3,0.240,0.077,0.221,0.115,0.221,0.067,0.058
4318,745.00,643.55,664,1.933,1514.3,0.145,0.155,0.171,0.122,0.118,0.204,0.085
4319,280.00,635.87,244,1.906,1514.7,0.109,0.193,0.122,0.129,0.141,0.167,0.138
4320,851.00,643.15,806,1.851,1514.9,0.198,0.283,0.019,0.151,0.104,0.132,0.113
4321,381.00,640.80,447,1.892,1515.4,0.130,0.175,0.110,0.116,0.086,0.260,0.123
4322,819.00,640.87,836,1.904,1516.2,0.166,0.166,0.105,0.116,0.101,0.193,0.153
4323,1150.00,639.32,1122,1.837,1516.4,0.255,0.135,0.050,0.099,0.142,0.184,0.135
4324,409.00,634.69,330,1.902,1516.9,0.146,0.142,0.097,0.120,0.109,0.202,0.184
4325,249.00,632.51,275,1.889,1517.1,0.199,0.125,0.080,0.165,0.153,0.125,0.153
4326,435.00,627.33,390,1.909,1517.4,0.167,0.153,0.097,0.146,0.097,0.111,0.229
4327,1368.00,635.14,967,1.046,1517.5,0.619,0.032,0.016,0.143,0.095,0.048,0.048
4328,370.00,631.96,397,1.897,1517.7,0.246,0.154,0.086,0.131,0.120,0.051,0.211
4329,814.00,633.44,740,1.687,1518.0,0.322,0.118,0.066,0.158,0.105,0.046,0.184
4330,1428.00,635.52,1250,1.681,1518.1,0.358,0.074,0.086,0.086,0.111,0.074,0.210
4331,295.00,636.81,269,1.908,1518.5,0.135,0.177,0.135,0.158,0.096,0.119,0.181
4332,450.00,633.26,481,1.926,1519.5,0.139,0.161,0.177,0.116,0.110,0.125,0.174
4333,598.00,638.35,411,1.909,1519.7,0.171,0.132,0.092,0.171,0.158,0.092,0.184
4334,430.00,632.91,419,1.901,1520.1,0.114,0.107,0.132,0.207,0.168,0.093,0.179
4335,606.00,637.34,600,1.818,1520.4,0.095,0.190,0.083,0.220,0.256,0.054,0.101
4336,735.00,640.81,485,1.923,1520.7,0.111,0.146,0.133,0.186,0.173,0.111,0.142
4337,163.00,635.62,200,1.916,1521.0,0.127,0.164,0.122,0.254,0.085,0.085,0.164
4338,899.00,639.93,401,1.929,1521.5,0.132,0.166,0.136,0.182,0.146,0.106,0.132
4339,270.00,633.74,350,1.896,1521.7,0.112,0.224,0.100,0.182,0.141,0.071,0.171
4340,766.00,637.79,663,1.866,1522.0,0.129,0.140,0.129,0.175,0.240,0.070,0.117
4341,319.00,634.06,288,1.927,1522.4,0.151,0.147,0.129,0.165,0.129,0.129,0.147
4342,-7.00,627.90,69,1.812,1522.7,0.044,0.252,0.107,0.201,0.201,0.164,0.031
4343,117.00,621.59,139,1.820,1522.9,0.059,0.178,0.225,0.213,0.154,0.148,0.024
4344,689.00,626.07,532,1.867,1523.1,0.061,0.114,0.298,0.211,0.158,0.114,0.044
4345,273.00,618.35,310,1.915,1524.0,0.108,0.167,0.189,0.192,0.135,0.117,0.092
4346,470.00,616.46,403,1.910,1524.6,0.125,0.127,0.166,0.230,0.100,0.159,0.093
4347,906.00,609.89,848,1.898,1525.0,0.102,0.134,0.185,0.209,0.150,0.138,0.083
4348,261.00,600.56,232,1.855,1525.3,0.119,0.169,0.181,0.169,0.198,0.130,0.034
4349,565.00,598.13,457,1.801,1525.5,0.033,0.183,0.258,0.217,0.142,0.125,0.042
4350,183.00,591.28,151,1.901,1525.8,0.056,0.203,0.188,0.183,0.213,0.132,0.025
4351,1293.00,597.39,1203,1.907,1526.1,0.128,0.146,0.165,0.152,0.159,0.183,0.067
4352,822.00,595.49,662,1.858,1526.3,0.077,0.179,0.197,0.188,0.171,0.103,0.085
4353,234.00,586.46,296,1.856,1526.5,0.109,0.168,0.143,0.134,0.202,0.151,0.092
4354,310.00,582.69,253,1.908,1526.8,0.130,0.139,0.199,0.134,0.213,0.144,0.042
4355,430.00,579.93,417,1.932,1527.4,0.135,0.185,0.118,0.180,0.152,0.154,0.076
4356,762.00,585.93,760,1.937,1528.1,0.152,0.141,0.121,0.143,0.170,0.172,0.100
4357,618.00,588.00,473,1.825,1528.2,0.250,0.056,0.264,0.056,0.222,0.097,0.056
4358,476.00,588.37,486,1.930,1528.8,0.147,0.139,0.173,0.147,0.107,0.163,0.125
4359,696.00,591.41,312,1.895,1529.0,0.185,0.129,0.145,0.137,0.153,0.177,0.073
4360,455.00,584.99,453,1.904,1529.4,0.184,0.118,0.139,0.215,0.076,0.160,0.108
4361,720.00,582.96,754,1.880,1529.8,0.199,0.072,0.136,0.149,0.095,0.231,0.118
4362,556.00,585.05,502,1.851,1530.1,0.177,0.106,0.066,0.121,0.187,0.232,0.111
4363,637.00,590.06,635,1.916,1530.8,0.191,0.110,0.126,0.131,0.113,0.172,0.156
4364,1076.00,590.70,957,1.875,1531.1,0.230,0.062,0.081,0.191,0.191,0.139,0.105
4365,360.00,588.13,332,1.922,1531.5,0.178,0.091,0.111,0.164,0.141,0.181,0.134
4366,1257.00,596.58,989,1.729,1531.8,0.101,0.101,0.123,0.181,0.239,0.130,0.123
4367,677.00,598.26,408,1.885,1532.2,0.126,0.105,0.109,0.202,0.214,0.134,0.109
4368,493.00,595.77,478,1.742,1532.4,0.191,0.043,0.135,0.348,0.149,0.057,0.078
4369,1479.00,607.54,751,1.795,1532.5,0.182,0.020,0.162,0.273,0.172,0.051,0.141
4370,1074.00,609.86,1114,1.861,1532.8,0.180,0.100,0.073,0.207,0.160,0.093,0.187
4371,437.00,609.27,424,1.903,1533.1,0.180,0.090,0.102,0.229,0.143,0.102,0.155
4372,1231.00,617.13,600,1.703,1533.3,0.329,0.029,0.186,0.243,0.014,0.114,0.086
4373,210.00,610.63,206,1.905,1533.6,0.146,0.098,0.098,0.176,0.093,0.156,0.234
4374,1299.00,621.79,939,1.838,1533.8,0.170,0.050,0.262,0.177,0.035,0.163,0.142
4375,660.00,623.77,740,1.894,1534.1,0.159,0.106,0.212,0.144,0.091,0.152,0.136
4376,148.00,612.48,228,1.925,1534.4,0.194,0.136,0.131,0.131,0.087,0.146,0.175
4377,1183.00,619.66,717,1.356,1534.5,0.481,0.058,0.096,0.077,0.154,0.019,0.115
4378,1240.00,627.48,984,1.778,1534.6,0.371,0.043,0.114,0.086,0.157,0.086,0.143
4379,306.00,614.13,336,1.932,1535.1,0.172,0.107,0.120,0.172,0.127,0.131,0.172
4380,228.00,615.43,186,1.932,1535.5,0.150,0.147,0.119,0.140,0.150,0.171,0.122
4381,392.00,613.10,421,1.904,1535.9,0.168,0.101,0.189,0.155,0.092,0.189,0.105
4382,0.00,609.83,0,0.060,1536.0,1.000,0.000,0.000,0.000,0.000,0.000,0.000
4383,839.00,610.19,526,1.886,1536.4,0.236,0.179,0.122,0.106,0.076,0.183,0.099
4384,926.00,613.67,759,1.868,1536.9,0.219,0.145,0.187,0.138,0.071,0.166,0.074
4385,1326.00,620.52,1180,1.789,1537.1,0.182,0.145,0.127,0.188,0.145,0.164,0.048
4386,587.00,615.44,413,1.893,1537.7,0.210,0.158,0.142,0.161,0.087,0.180,0.063
4387,265.00,613.18,287,1.886,1538.1,0.211,0.211,0.121,0.184,0.058,0.081,0.135
4388,557.00,610.06,343,1.898,1538.5,0.179,0.175,0.139,0.192,0.093,0.146,0.076
4389,510.00,613.97,458,1.906,1538.9,0.196,0.122,0.220,0.167,0.090,0.118,0.086
4390,884.00,618.14,784,1.867,1539.1,0.150,0.133,0.142,0.250,0.167,0.058,0.100
4391,646.00,622.78,582,1.930,1539.6,0.167,0.145,0.167,0.148,0.148,0.117,0.107
4392,1485.00,629.35,1378,1.840,1539.7,0.194,0.113,0.081,0.177,0.065,0.113,0.258
4393,243.00,626.17,230,1.939,1540.0,0.200,0.159,0.123,0.086,0.141,0.191,0.100
4394,258.00,620.54,308,1.933,1540.2,0.121,0.143,0.099,0.187,0.088,0.165,0.198
4395,471.00,618.40,505,1.936,1540.4,0.108,0.208,0.117,0.108,0.117,0.142,0.200
4396,282.00,616.36,277,1.930,1540.6,0.159,0.172,0.089,0.153,0.115,0.146,0.166
4397,434.00,616.23,470,1.935,1541.1,0.158,0.146,0.158,0.129,0.108,0.184,0.117
4398,548.00,614.35,584,1.927,1541.9,0.158,0.176,0.174,0.120,0.110,0.174,0.089
4399,487.00,617.30,567,1.909,1542.4,0.183,0.170,0.159,0.130,0.098,0.156,0.103
4400,264.00,614.63,342,1.899,1542.7,0.209,0.241,0.099,0.115,0.131,0.141,0.063
4401,803.00,611.64,666,1.901,1543.0,0.201,0.140,0.152,0.232,0.110,0.061,0.104
4402,804.00,617.65,830,1.916,1543.9,0.191,0.152,0.170,0.152,0.101,0.132,0.101
4403,488.00,617.52,505,1.911,1544.9,0.165,0.153,0.197,0.124,0.109,0.128,0.124
4404,555.00,617.26,423,1.847,1545.3,0.154,0.196,0.095,0.199,0.131,0.121,0.105
4405,392.00,612.82,390,1.871,1546.0,0.185,0.207,0.087,0.185,0.159,0.096,0.082
4406,592.00,616.64,387,1.465,1546.2,0.124,0.395,0.124,0.132,0.132,0.023,0.070
4407,327.00,606.89,29,1.392,1546.3,0.152,0.552,0.067,0.133,0.029,0.029,0.038
4408,385.00,608.14,432,1.719,1546.6,0.173,0.393,0.081,0.173,0.087,0.012,0.081
4409,668.00,606.91,645,1.887,1547.6,0.206,0.193,0.139,0.136,0.092,0.116,0.119
4410,692.00,608.51,654,1.879,1548.4,0.202,0.178,0.171,0.138,0.078,0.120,0.113
4411,1037.00,615.08,887,1.848,1548.6,0.187,0.219,0.142,0.155,0.097,0.077,0.123
4412,307.00,615.97,336,1.872,1549.0,0.171,0.224,0.154,0.215,0.088,0.022,0.127
4413,831.00,617.66,649,1.821,1549.2,0.108,0.272,0.196,0.215,0.044,0.044,0.120
4414,988.00,622.33,946,1.835,1549.5,0.170,0.164,0.164,0.230,0.067,0.061,0.145
4415,976.00,624.14,994,1.645,1549.6,0.059,0.382,0.176,0.216,0.059,0.029,0.078
4416,666.00,626.23,573,1.859,1550.0,0.137,0.200,0.149,0.188,0.078,0.102,0.145
4417,655.00,622.24,590,1.840,1550.3,0.125,0.256,0.138,0.119,0.138,0.037,0.188
4418,372.00,618.51,408,1.929,1551.1,0.134,0.110,0.172,0.147,0.136,0.110,0.190
4419,285.00,618.56,312,1.919,1551.4,0.167,0.157,0.134,0.144,0.130,0.120,0.148
4420,1543.00,625.48,1082,1.769,1551.5,0.177,0.290,0.113,0.097,0.177,0.048,0.097
4421,947.00,631.14,655,1.935,1552.0,0.203,0.126,0.132,0.159,0.137,0.113,0.129
4422,541.00,628.36,478,1.929,1552.7,0.159,0.157,0.135,0.140,0.145,0.126,0.138
4423,396.00,620.82,476,1.847,1552.9,0.215,0.190,0.133,0.209,0.114,0.038,0.101
4424,287.00,619.60,276,1.904,1553.6,0.237,0.133,0.130,0.130,0.074,0.130,0.165
4425,267.00,619.78,347,1.848,1554.0,0.202,0.110,0.132,0.239,0.096,0.154,0.066
4426,872.00,624.15,872,1.907,1555.3,0.180,0.138,0.138,0.166,0.098,0.156,0.123
4427,275.00,613.22,303,1.876,1555.6,0.187,0.072,0.134,0.206,0.153,0.163,0.086
4428,666.00,616.18,553,1.790,1555.8,0.226,0.131,0.071,0.262,0.167,0.083,0.060
4429,498.00,613.02,572,1.892,1556.1,0.166,0.127,0.155,0.210,0.122,0.166,0.055
4430,1285.00,611.59,926,1.873,1556.4,0.209,0.091,0.155,0.195,0.086,0.182,0.082
4431,518.00,613.82,479,1.891,1556.8,0.184,0.140,0.216,0.120,0.132,0.128,0.080
4432,215.00,611.47,177,1.773,1556.9,0.155,0.209,0.091,0.191,0.245,0.055,0.055
4433,1128.00,616.77,1007,1.745,1557.1,0.279,0.115,0.107,0.172,0.148,0.107,0.074
4434,236.00,614.83,270,1.905,1557.6,0.167,0.134,0.170,0.170,0.118,0.157,0.082
4435,896.00,617.73,859,1.913,1557.9,0.208,0.066,0.156,0.160,0.099,0.189,0.123
4436,445.00,614.83,392,1.908,1558.2,0.192,0.105,0.122,0.180,0.203,0.116,0.081
4437,662.00,619.82,688,1.902,1558.5,0.214,0.126,0.176,0.088,0.138,0.151,0.107
4438,343.00,614.26,282,1.906,1558.8,0.200,0.171,0.153,0.076,0.153,0.129,0.118
4439,895.00,620.51,948,1.919,1559.5,0.201,0.119,0.176,0.128,0.128,0.142,0.105
4440,596.00,618.81,582,1.658,1559.7,0.378,0.133,0.122,0.061,0.143,0.041,0.122
4441,627.00,621.89,627,1.416,1559.9,0.507,0.055,0.110,0.027,0.110,0.000,0.192
4442,321.00,625.17,297,1.851,1560.1,0.314,0.072,0.190,0.105,0.124,0.092,0.105
4443,916.00,633.16,757,1.879,1560.4,0.297,0.081,0.134,0.105,0.129,0.148,0.105
4444,625.00,632.52,517,1.873,1560.8,0.191,0.079,0.242,0.121,0.107,0.088,0.172
4445,732.00,637.11,684,1.910,1562.4,0.223,0.095,0.184,0.110,0.113,0.156,0.118
4446,67.00,633.08,136,1.431,1562.7,0.109,0.306,0.279,0.129,0.020,0.088,0.068
4447,299.00,627.01,97,1.576,1563.0,0.086,0.210,0.390,0.081,0.019,0.176,0.038
4448,127.00,625.67,122,1.766,1563.6,0.138,0.162,0.332,0.090,0.045,0.189,0.043
4449,93.00,620.95,68,1.661,1564.0,0.085,0.181,0.356,0.130,0.040,0.186,0.023
4450,322.00,622.34,253,1.692,1564.4,0.093,0.234,0.298,0.088,0.039,0.200,0.049
4451,212.00,611.53,114,1.600,1564.7,0.082,0.304,0.304,0.120,0.070,0.089,0.032
4452,18.00,603.49,52,1.565,1564.9,0.076,0.381,0.257,0.086,0.000,0.181,0.019
4453,358.00,604.73,363,1.850,1565.5,0.118,0.145,0.224,0.138,0.082,0.224,0.069
4454,1179.00,613.42,1051,1.780,1566.1,0.163,0.244,0.211,0.114,0.098,0.106,0.065
4455,321.00,612.33,338,1.814,1566.7,0.114,0.205,0.233,0.148,0.040,0.205,0.057
4456,191.00,606.62,269,1.862,1567.6,0.115,0.206,0.198,0.141,0.084,0.210,0.046
4457,-5.00,600.39,71,1.766,1567.9,0.099,0.287,0.168,0.158,0.059,0.208,0.020
4458,215.00,597.78,101,1.781,1568.2,0.058,0.267,0.225,0.200,0.042,0.175,0.033
4459,865.00,599.47,782,1.903,1568.9,0.126,0.164,0.208,0.087,0.131,0.169,0.115
4460,604.00,600.96,577,1.914,1569.8,0.155,0.184,0.179,0.115,0.101,0.163,0.104
4461,538.00,599.14,518,1.903,1570.9,0.153,0.170,0.153,0.153,0.096,0.189,0.087
4462,1818.00,611.76,989,1.871,1571.3,0.168,0.189,0.195,0.126,0.089,0.137,0.095
4463,791.00,613.30,706,1.880,1571.9,0.152,0.155,0.227,0.136,0.095,0.144,0.091
4464,45.00,602.99,125,1.873,1572.3,0.133,0.180,0.251,0.129,0.094,0.180,0.031
4465,207.00,601.46,62,1.581,1572.5,0.086,0.358,0.210,0.173,0.099,0.074,0.000
4466,468.00,593.57,349,1.904,1572.8,0.165,0.169,0.210,0.111,0.115,0.156,0.074
4467,898.00,595.78,924,1.906,1573.5,0.222,0.145,0.138,0.131,0.118,0.138,0.108
4468,172.00,592.57,209,1.833,1573.8,0.116,0.276,0.131,0.231,0.126,0.095,0.025
4469,257.00,580.35,242,1.904,1574.1,0.153,0.158,0.149,0.163,0.205,0.102,0.070
4470,667.00,576.28,703,1.916,1574.5,0.159,0.155,0.159,0.203,0.121,0.101,0.101
4471,621.00,578.12,658,1.921,1575.2,0.146,0.183,0.142,0.152,0.123,0.162,0.092
4472,97.00,566.78,139,1.765,1575.4,0.145,0.420,0.072,0.145,0.058,0.101,0.058
4473,518.00,569.86,334,1.928,1576.2,0.163,0.141,0.180,0.156,0.099,0.165,0.095
4474,533.00,562.20,569,1.932,1577.0,0.180,0.140,0.126,0.169,0.136,0.132,0.117
4475,269.00,558.29,207,1.926,1577.6,0.216,0.121,0.137,0.137,0.092,0.146,0.151
4476,270.00,559.51,206,1.914,1578.0,0.187,0.206,0.179,0.115,0.091,0.099,0.123
4477,428.00,551.96,364,1.926,1578.6,0.175,0.161,0.187,0.118,0.106,0.111,0.142
4478,280.00,542.36,253,1.907,1578.9,0.201,0.132,0.106,0.175,0.101,0.153,0.132
4479,339.00,542.69,334,1.912,1579.5,0.191,0.149,0.144,0.198,0.139,0.101,0.077
4480,826.00,548.67,750,1.905,1580.4,0.234,0.155,0.135,0.127,0.096,0.124,0.130
4481,579.00,550.54,480,1.874,1580.7,0.376,0.174,0.107,0.101,0.081,0.087,0.074
4482,435.00,554.89,425,1.926,1581.3,0.199,0.132,0.140,0.135,0.162,0.103,0.130
4483,267.00,549.17,273,1.847,1581.4,0.131,0.323,0.091,0.162,0.162,0.051,0.081
4484,1188.00,551.79,961,1.906,1581.7,0.183,0.194,0.137,0.086,0.126,0.149,0.126
4485,235.00,540.88,235,1.909,1582.2,0.186,0.124,0.108,0.082,0.144,0.186,0.170
4486,906.00,544.07,723,1.864,1582.3,0.138,0.154,0.215,0.031,0.138,0.200,0.123
4487,348.00,544.90,344,1.905,1582.5,0.159,0.178,0.121,0.103,0.093,0.187,0.159
4488,792.00,547.25,713,1.855,1582.6,0.066,0.132,0.209,0.055,0.154,0.242,0.143
4489,581.00,547.96,496,1.921,1582.9,0.133,0.120,0.127,0.139,0.114,0.165,0.203
4490,925.00,548.37,959,1.928,1584.0,0.175,0.150,0.119,0.115,0.129,0.159,0.153
4491,192.00,543.83,186,1.924,1584.3,0.212,0.090,0.137,0.075,0.123,0.137,0.226
4492,1428.00,543.26,997,1.737,1584.5,0.149,0.266,0.160,0.117,0.149,0.074,0.085
4493,781.00,548.64,758,1.795,1584.7,0.117,0.305,0.117,0.156,0.102,0.102,0.102
4494,930.00,555.36,758,1.927,1585.4,0.168,0.133,0.138,0.145,0.110,0.120,0.186
4495,227.00,552.92,304,1.804,1585.8,0.060,0.265,0.205,0.159,0.106,0.079,0.126
4496,688.00,556.98,544,1.888,1586.2,0.114,0.214,0.143,0.162,0.100,0.071,0.195
4497,241.00,555.05,194,1.886,1586.4,0.120,0.173,0.260,0.120,0.107,0.060,0.160
4498,293.00,552.50,329,1.929,1586.8,0.107,0.170,0.189,0.155,0.107,0.102,0.170
4499,840.00,556.03,820,1.931,1587.8,0.170,0.142,0.134,0.134,0.132,0.139,0.149
4500,889.00,562.28,747,1.376,1587.9,0.022,0.200,0.022,0.378,0.067,0.000,0.311
4501,921.00,563.46,851,1.909,1588.2,0.126,0.152,0.131,0.167,0.101,0.116,0.207
4502,832.00,563.74,598,1.590,1588.4,0.015,0.182,0.258,0.197,0.045,0.000,0.303
4503,484.00,563.70,519,1.921,1588.8,0.123,0.107,0.174,0.192,0.110,0.104,0.189
4504,579.00,563.94,550,1.932,1589.9,0.137,0.122,0.125,0.140,0.153,0.148,0.174
4505,924.00,569.26,836,1.793,1590.1,0.124,0.150,0.131,0.137,0.078,0.137,0.242
4506,89.00,564.23,89,0.576,1590.2,0.020,0.000,0.000,0.020,0.000,0.000,0.961
4507,177.00,562.73,210,1.725,1590.6,0.187,0.046,0.079,0.095,0.087,0.191,0.315
4508,394.00,562.82,228,1.836,1591.2,0.153,0.058,0.089,0.153,0.089,0.196,0.261
4509,297.00,559.11,337,1.649,1591.3,0.115,0.000,0.213,0.115,0.033,0.082,0.443
4510,156.00,553.75,146,1.829,1591.5,0.222,0.057,0.095,0.044,0.114,0.190,0.278
4511,1062.00,554.00,832,1.763,1591.7,0.167,0.056,0.111,0.139,0.097,0.083,0.347
4512,466.00,555.59,383,1.432,1591.7,0.152,0.087,0.130,0.022,0.087,0.022,0.500
4513,603.00,553.31,514,1.856,1592.0,0.172,0.046,0.152,0.086,0.126,0.212,0.205
4514,707.00,550.50,581,1.348,1592.1,0.053,0.053,0.105,0.088,0.140,0.018,0.544
4515,316.00,543.90,291,1.862,1592.4,0.146,0.045,0.159,0.159,0.127,0.140,0.223
4516,310.00,540.34,276,1.871,1592.6,0.180,0.020,0.140,0.120,0.100,0.180,0.260
4517,194.00,535.73,206,1.880,1592.8,0.190,0.007,0.190,0.085,0.176,0.148,0.204
4518,355.00,535.56,332,1.903,1593.3,0.195,0.055,0.136,0.114,0.176,0.151,0.173
4519,580.00,538.51,537,1.914,1594.0,0.171,0.088,0.147,0.105,0.176,0.152,0.161
4520,849.00,531.57,741,1.564,1594.1,0.036,0.164,0.145,0.182,0.182,0.000,0.291
4521,68.00,522.78,148,1.897,1594.3,0.172,0.082,0.180,0.082,0.098,0.221,0.164
4522,752.00,524.89,671,1.661,1594.4,0.094,0.170,0.113,0.208,0.132,0.038,0.245
4523,425.00,525.18,456,1.903,1594.8,0.174,0.113,0.122,0.122,0.139,0.187,0.143
4524,550.00,527.81,429,1.928,1595.2,0.213,0.119,0.144,0.137,0.134,0.148,0.105
4525,923.00,534.37,841,1.932,1595.6,0.188,0.170,0.157,0.130,0.135,0.126,0.094
4526,824.00,533.89,622,1.925,1596.0,0.128,0.121,0.140,0.156,0.167,0.202,0.086
4527,577.00,536.91,260,1.899,1596.3,0.133,0.158,0.127,0.209,0.139,0.171,0.063
4528,660.00,536.85,518,1.915,1596.6,0.141,0.164,0.107,0.124,0.102,0.215,0.147
4529,848.00,540.35,720,1.923,1597.0,0.204,0.149,0.114,0.129,0.110,0.204,0.090
4530,623.00,533.73,621,1.856,1597.2,0.093,0.178,0.085,0.240,0.163,0.132,0.109
4531,771.00,536.26,742,1.910,1597.6,0.231,0.162,0.097,0.139,0.134,0.130,0.106
4532,396.00,538.07,441,1.916,1597.8,0.197,0.102,0.184,0.122,0.095,0.177,0.122
4533,860.00,535.39,635,1.917,1598.2,0.185,0.124,0.133,0.124,0.167,0.150,0.116
4534,408.00,537.11,406,1.887,1598.5,0.206,0.162,0.137,0.093,0.157,0.132,0.113
4535,1056.00,538.71,875,1.714,1598.7,0.144,0.081,0.099,0.054,0.342,0.099,0.180
4536,446.00,538.72,475,1.907,1599.1,0.176,0.109,0.156,0.105,0.191,0.160,0.102
4537,1006.00,542.16,1015,1.923,1600.5,0.175,0.156,0.133,0.131,0.158,0.141,0.107
4538,483.00,543.56,448,1.759,1600.7,0.133,0.141,0.070,0.078,0.227,0.250,0.102
4539,548.00,540.09,444,1.671,1600.9,0.119,0.179,0.036,0.071,0.131,0.274,0.190
4540,804.00,542.17,781,1.834,1601.5,0.163,0.123,0.094,0.083,0.137,0.318,0.083
4541,674.00,542.64,688,1.871,1602.2,0.191,0.100,0.083,0.098,0.149,0.289,0.090
4542,721.00,546.64,676,1.842,1602.4,0.136,0.141,0.114,0.092,0.158,0.212,0.147
4543,323.00,540.71,229,1.808,1602.7,0.174,0.161,0.067,0.114,0.161,0.255,0.067
4544,907.00,543.53,819,1.867,1603.1,0.195,0.191,0.041,0.083,0.149,0.237,0.104
4545,650.00,542.71,464,1.436,1603.2,0.042,0.113,0.042,0.085,0.211,0.141,0.366
4546,442.00,546.46,395,1.761,1603.4,0.130,0.167,0.101,0.072,0.130,0.326,0.072
4547,1191.00,555.38,848,1.881,1604.1,0.177,0.126,0.112,0.112,0.167,0.227,0.078
4548,899.00,563.10,705,1.882,1604.5,0.211,0.147,0.154,0.061,0.097,0.240,0.090
4549,0.00,562.17,0,0.207,1604.6,0.049,0.000,0.000,0.000,0.000,0.000,0.951
4550,881.00,567.76,517,1.890,1604.9,0.233,0.148,0.125,0.080,0.085,0.256,0.074
4551,547.00,571.11,523,1.900,1605.2,0.258,0.127,0.092,0.087,0.175,0.157,0.105
4552,784.00,578.77,732,1.897,1605.5,0.208,0.157,0.119,0.069,0.113,0.201,0.132
4553,1241.00,587.60,1199,1.800,1605.7,0.164,0.089,0.151,0.130,0.103,0.110,0.253
4554,617.00,581.98,559,1.898,1606.0,0.222,0.111,0.183,0.089,0.167,0.111,0.117
4555,331.00,582.08,411,1.915,1606.4,0.208,0.124,0.155,0.071,0.173,0.146,0.124
4556,198.00,582.15,231,1.926,1606.8,0.218,0.100,0.170,0.097,0.142,0.138,0.135
4557,663.00,588.83,663,1.748,1606.9,0.200,0.075,0.125,0.100,0.050,0.050,0.400
4558,891.00,595.59,735,1.852,1607.1,0.155,0.144,0.175,0.155,0.144,0.093,0.134
4559,459.00,591.53,494,1.929,1607.5,0.172,0.121,0.164,0.168,0.102,0.172,0.102
4560,40.00,585.89,95,1.928,1607.8,0.153,0.140,0.145,0.186,0.120,0.140,0.116
4561,745.00,587.96,607,1.921,1608.4,0.192,0.164,0.127,0.155,0.115,0.142,0.105
4562,573.00,575.51,465,1.924,1608.6,0.170,0.143,0.143,0.214,0.143,0.099,0.088
4563,1260.00,580.20,911,1.836,1608.8,0.139,0.215,0.101,0.190,0.089,0.152,0.114
4564,412.00,583.87,492,1.908,1609.0,0.157,0.124,0.132,0.215,0.140,0.107,0.124
4565,238.00,584.18,238,0.688,1609.0,0.027,0.000,0.000,0.054,0.027,0.000,0.892
4566,428.00,583.78,353,1.909,1609.4,0.150,0.109,0.145,0.181,0.145,0.140,0.130
4567,486.00,579.66,526,1.921,1609.8,0.170,0.083,0.160,0.234,0.106,0.119,0.128
4568,422.00,582.16,490,1.738,1610.0,0.082,0.068,0.178,0.301,0.055,0.041,0.274
4569,345.00,583.04,352,1.922,1610.3,0.169,0.129,0.164,0.164,0.124,0.104,0.144
4570,627.00,582.64,621,1.924,1610.8,0.190,0.122,0.149,0.122,0.127,0.133,0.157
4571,643.00,582.86,654,1.907,1611.2,0.210,0.135,0.195,0.095,0.075,0.135,0.155
4572,285.00,584.74,341,1.910,1611.6,0.176,0.070,0.162,0.158,0.110,0.162,0.162
4573,743.00,586.99,719,1.857,1611.8,0.155,0.145,0.145,0.236,0.109,0.045,0.164
4574,679.00,588.45,620,1.915,1612.2,0.207,0.075,0.189,0.164,0.114,0.139,0.111
4575,411.00,589.87,430,1.904,1612.7,0.164,0.140,0.164,0.134,0.104,0.211,0.084
4576,936.00,596.53,766,1.917,1614.0,0.187,0.135,0.144,0.126,0.136,0.159,0.114
4577,846.00,600.71,408,1.490,1614.2,0.116,0.151,0.070,0.035,0.442,0.047,0.140
4578,565.00,603.56,226,1.875,1614.5,0.145,0.110,0.175,0.114,0.250,0.118,0.088
4579,395.00,604.12,395,0.955,1614.6,0.043,0.022,0.000,0.000,0.217,0.022,0.696
4580,231.00,598.17,311,1.920,1614.9,0.100,0.153,0.176,0.088,0.241,0.118,0.124
4581,362.00,596.00,402,1.912,1615.2,0.109,0.075,0.184,0.075,0.150,0.218,0.190
4582,1102.00,602.67,820,1.654,1615.4,0.100,0.127,0.127,0.118,0.200,0.100,0.227
4583,46.00,600.46,126,1.917,1615.5,0.034,0.146,0.169,0.101,0.124,0.157,0.270
4584,633.00,594.91,575,1.929,1615.9,0.191,0.128,0.121,0.152,0.136,0.175,0.097
4585,0.00,592.56,72,1.908,1616.2,0.062,0.169,0.108,0.123,0.115,0.192,0.231
4586,237.00,585.87,237,0.916,1616.2,0.019,0.000,0.000,0.000,0.259,0.000,0.722
4587,184.00,584.23,113,1.925,1616.5,0.145,0.102,0.181,0.114,0.120,0.163,0.175
4588,690.00,583.21,591,1.933,1616.9,0.108,0.142,0.138,0.147,0.138,0.194,0.134
4589,401.00,581.41,383,1.937,1617.3,0.110,0.114,0.147,0.154,0.106,0.198,0.172
4590,427.00,576.43,378,1.931,1618.1,0.171,0.135,0.124,0.093,0.140,0.205,0.133
4591,225.00,576.76,298,1.882,1618.3,0.111,0.133,0.111,0.233,0.178,0.111,0.122
4592,805.00,570.53,839,1.905,1618.6,0.186,0.172,0.107,0.149,0.065,0.153,0.167
4593,272.00,565.44,242,1.905,1619.0,0.223,0.096,0.086,0.137,0.092,0.219,0.147
4594,314.00,559.28,314,0.978,1619.1,0.023,0.114,0.000,0.136,0.045,0.000,0.682
4595,614.00,563.15,532,1.919,1619.7,0.196,0.177,0.132,0.106,0.119,0.153,0.116
4596,229.00,558.56,213,1.260,1619.8,0.020,0.060,0.000,0.480,0.120,0.000,0.320
4597,1234.00,568.49,1139,1.605,1619.9,0.061,0.256,0.073,0.232,0.085,0.061,0.232
4598,582.00,571.38,570,1.679,1620.0,0.034,0.322,0.085,0.339,0.051,0.034,0.136
4599,671.00,569.69,537,1.895,1620.3,0.151,0.208,0.146,0.135,0.057,0.115,0.188
4600,683.00,567.63,444,1.904,1620.6,0.204,0.118,0.129,0.145,0.059,0.210,0.134
4601,294.00,561.36,213,1.919,1621.0,0.171,0.163,0.188,0.117,0.071,0.142,0.150
4602,692.00,559.96,643,1.912,1621.4,0.227,0.145,0.164,0.129,0.094,0.105,0.137
4603,1100.00,566.12,1095,1.788,1621.6,0.234,0.203,0.102,0.219,0.055,0.031,0.156
4604,729.00,567.62,741,1.876,1622.3,0.140,0.168,0.194,0.158,0.092,0.086,0.164
4605,341.00,561.79,326,1.832,1622.6,0.194,0.163,0.131,0.156,0.119,0.037,0.200
4606,856.00,569.46,798,1.778,1622.8,0.221,0.221,0.093,0.140,0.140,0.023,0.163
4607,795.00,575.64,764,1.869,1623.1,0.223,0.149,0.126,0.171,0.051,0.109,0.171
4608,584.00,577.54,659,1.854,1623.6,0.215,0.142,0.132,0.160,0.046,0.078,0.228
4609,111.00,575.68,188,1.856,1624.0,0.178,0.127,0.140,0.233,0.093,0.055,0.174
4610,346.00,577.58,326,1.911,1624.5,0.208,0.146,0.136,0.130,0.143,0.078,0.159
4611,303.00,569.99,303,0.918,1624.6,0.014,0.027,0.000,0.649,0.014,0.000,0.297
4612,292.00,568.25,311,1.866,1625.0,0.173,0.164,0.140,0.089,0.131,0.056,0.248
4613,440.00,566.62,195,1.915,1625.5,0.225,0.144,0.147,0.096,0.105,0.120,0.165
4614,211.00,561.66,168,1.721,1625.7,0.130,0.120,0.120,0.360,0.140,0.010,0.120
4615,444.00,562.94,442,1.924,1626.5,0.179,0.134,0.163,0.138,0.154,0.092,0.141
4616,492.00,564.76,370,1.919,1626.9,0.146,0.153,0.160,0.190,0.157,0.090,0.104
4617,333.00,566.15,306,1.884,1627.2,0.155,0.148,0.134,0.169,0.141,0.049,0.204
4618,427.00,566.87,366,1.913,1627.6,0.135,0.198,0.171,0.104,0.113,0.095,0.185
4619,84.00,561.91,131,1.809,1627.8,0.110,0.132,0.121,0.198,0.132,0.088,0.220
4620,1008.00,563.50,755,1.842,1628.0,0.155,0.161,0.118,0.224,0.130,0.068,0.143
4621,447.00,567.29,527,1.797,1628.2,0.076,0.152,0.143,0.200,0.133,0.086,0.210
4622,565.00,565.42,581,1.688,1628.3,0.075,0.134,0.075,0.209,0.090,0.060,0.358
4623,512.00,566.29,482,1.791,1628.5,0.076,0.177,0.127,0.139,0.215,0.038,0.228
4624,642.00,567.21,722,1.843,1628.6,0.108,0.154,0.092,0.169,0.169,0.046,0.262
4625,698.00,564.96,627,1.925,1628.9,0.176,0.142,0.159,0.108,0.153,0.119,0.142
4626,457.00,561.29,430,1.824,1629.1,0.184,0.072,0.128,0.096,0.336,0.072,0.112
4627,1069.00,566.21,971,1.888,1629.5,0.181,0.136,0.113,0.091,0.249,0.113,0.117
4628,552.00,565.13,497,1.919,1630.3,0.160,0.128,0.144,0.130,0.195,0.118,0.125
4629,395.00,560.60,473,1.753,1630.5,0.088,0.074,0.162,0.081,0.392,0.115,0.088
4630,1189.00,566.26,593,1.842,1630.8,0.132,0.118,0.118,0.112,0.283,0.158,0.079
4631,1301.00,571.56,967,1.858,1631.0,0.157,0.113,0.157,0.151,0.220,0.107,0.094
4632,396.00,571.56,309,1.904,1631.3,0.201,0.058,0.190,0.138,0.153,0.138,0.122
4633,468.00,567.64,447,1.914,1631.9,0.204,0.082,0.148,0.111,0.169,0.135,0.151
4634,434.00,567.90,386,1.907,1632.5,0.185,0.096,0.137,0.117,0.185,0.168,0.112
4635,1234.00,569.68,1091,1.867,1632.8,0.257,0.120,0.156,0.072,0.102,0.168,0.126
4636,629.00,571.51,654,1.905,1633.4,0.208,0.142,0.180,0.098,0.106,0.151,0.115
4637,589.00,567.34,595,1.907,1634.0,0.195,0.110,0.190,0.137,0.129,0.139,0.100
4638,975.00,572.26,808,1.899,1634.9,0.235,0.122,0.164,0.119,0.128,0.128,0.102
4639,439.00,571.17,479,1.892,1635.2,0.204,0.106,0.170,0.077,0.162,0.115,0.166
4640,467.00,567.80,268,1.890,1635.5,0.218,0.182,0.107,0.102,0.111,0.138,0.142
4641,143.00,562.49,136,1.833,1635.7,0.207,0.216,0.103,0.052,0.095,0.103,0.224
4642,1133.00,566.61,940,1.907,1636.5,0.208,0.162,0.149,0.104,0.136,0.143,0.097
4643,1508.00,578.46,974,1.815,1636.7,0.236,0.159,0.121,0.051,0.127,0.172,0.134
4644,293.00,572.32,371,1.827,1637.0,0.267,0.180,0.145,0.017,0.047,0.180,0.163
4645,609.00,571.91,636,1.761,1637.1,0.286,0.133,0.105,0.086,0.038,0.181,0.171
4646,1121.00,578.70,874,1.395,1637.3,0.359,0.126,0.019,0.029,0.330,0.068,0.068
4647,519.00,571.98,534,1.905,1637.8,0.240,0.130,0.156,0.102,0.078,0.138,0.156
4648,441.00,567.40,418,1.892,1638.1,0.278,0.111,0.135,0.123,0.075,0.143,0.135
4649,586.00,573.26,413,1.824,1638.3,0.288,0.198,0.045,0.099,0.108,0.108,0.153
4650,422.00,568.67,410,1.896,1638.6,0.192,0.129,0.106,0.153,0.098,0.122,0.200
4651,481.00,568.01,391,1.915,1639.1,0.181,0.125,0.090,0.172,0.117,0.140,0.175
4652,984.00,570.01,822,1.906,1639.5,0.191,0.125,0.148,0.164,0.078,0.160,0.133
4653,974.00,567.34,813,1.761,1639.6,0.105,0.149,0.105,0.079,0.219,0.246,0.096
4654,442.00,565.59,480,1.910,1639.9,0.196,0.190,0.164,0.063,0.079,0.175,0.132
4655,591.00,568.19,469,1.926,1640.3,0.181,0.164,0.155,0.135,0.102,0.148,0.115
4656,1206.00,578.27,1158,1.834,1640.5,0.209,0.198,0.187,0.055,0.143,0.132,0.077
4657,984.00,581.48,855,1.907,1641.0,0.177,0.124,0.146,0.131,0.126,0.157,0.139
4658,1054.00,583.11,972,1.605,1641.1,0.173,0.173,0.051,0.071,0.316,0.122,0.092
4659,369.00,582.21,347,1.929,1641.5,0.182,0.162,0.126,0.126,0.095,0.186,0.123
4660,1048.00,592.29,706,1.880,1641.7,0.229,0.163,0.127,0.096,0.139,0.163,0.084
4661,1140.00,596.24,849,1.902,1642.1,0.189,0.123,0.132,0.145,0.129,0.170,0.110
4662,708.00,597.59,354,1.719,1642.3,0.212,0.190,0.066,0.066,0.255,0.146,0.066
4663,660.00,591.59,642,1.874,1642.8,0.312,0.125,0.071,0.154,0.125,0.113,0.100
4664,1091.00,598.38,647,1.725,1642.9,0.282,0.126,0.039,0.078,0.282,0.146,0.049
4665,1389.00,609.89,1286,1.744,1643.1,0.288,0.169,0.051,0.068,0.178,0.178,0.068
4666,874.00,614.35,334,1.660,1643.2,0.305,0.171,0.038,0.067,0.181,0.200,0.038
4667,372.00,613.21,324,1.874,1643.6,0.237,0.134,0.113,0.087,0.113,0.188,0.128
4668,800.00,616.99,769,1.781,1643.8,0.264,0.225,0.054,0.047,0.147,0.124,0.140
4669,216.00,615.70,216,1.878,1644.2,0.283,0.084,0.139,0.089,0.110,0.105,0.190
4670,825.00,617.68,734,1.838,1644.5,0.230,0.167,0.139,0.134,0.105,0.115,0.110
4671,1188.00,623.13,601,1.749,1644.7,0.321,0.111,0.121,0.089,0.111,0.132,0.116
4672,533.00,625.61,589,1.806,1645.1,0.305,0.133,0.107,0.069,0.137,0.103,0.146
4673,1504.00,633.22,1358,1.628,1645.2,0.427,0.094,0.103,0.051,0.120,0.077,0.128
4674,1147.00,637.90,746,1.478,1645.4,0.416,0.059,0.158,0.030,0.158,0.089,0.089
4675,1366.00,647.45,1048,1.487,1645.5,0.342,0.090,0.090,0.009,0.207,0.144,0.117
4676,372.00,641.81,319,1.853,1646.0,0.315,0.090,0.125,0.090,0.137,0.084,0.159
4677,994.00,643.29,487,1.388,1646.1,0.500,0.034,0.023,0.091,0.170,0.068,0.114
4678,509.00,642.73,546,1.701,1646.5,0.230,0.091,0.085,0.085,0.309,0.117,0.082
4679,1634.00,655.12,1574,1.667,1646.9,0.245,0.090,0.083,0.076,0.296,0.134,0.076
4680,146.00,654.27,0,0.208,1647.0,0.981,0.000,0.000,0.000,0.019,0.000,0.000
4681,419.00,654.84,0,0.171,1647.1,0.950,0.000,0.000,0.000,0.000,0.050,0.000
4682,1639.00,660.21,1100,1.615,1647.5,0.297,0.120,0.069,0.043,0.268,0.152,0.051
4683,323.00,662.98,316,1.802,1648.1,0.248,0.102,0.100,0.094,0.223,0.164,0.070
4684,1508.00,671.73,1327,1.746,1648.9,0.229,0.115,0.072,0.104,0.177,0.226,0.077
4685,641.00,678.14,312,1.588,1649.2,0.162,0.110,0.058,0.073,0.110,0.424,0.063
4686,483.00,680.60,487,1.862,1649.7,0.218,0.137,0.110,0.088,0.203,0.149,0.095
4687,1096.00,689.72,871,1.795,1650.0,0.171,0.192,0.110,0.110,0.155,0.208,0.053
4688,356.00,686.38,331,1.888,1650.6,0.164,0.210,0.084,0.105,0.162,0.148,0.126
4689,366.00,686.03,431,1.865,1651.0,0.187,0.195,0.082,0.157,0.097,0.210,0.071
4690,592.00,687.68,524,1.840,1651.3,0.139,0.248,0.129,0.139,0.064,0.198,0.084
4691,809.00,693.52,744,1.917,1652.1,0.153,0.166,0.106,0.143,0.174,0.119,0.139
4692,535.00,690.82,406,1.907,1652.5,0.095,0.198,0.158,0.183,0.172,0.114,0.081
4693,566.00,693.76,534,1.784,1652.7,0.150,0.293,0.109,0.150,0.034,0.150,0.116
4694,631.00,696.93,425,1.925,1653.3,0.149,0.134,0.134,0.151,0.151,0.174,0.108
4695,1532.00,706.11,1223,1.773,1653.6,0.141,0.288,0.083,0.103,0.090,0.199,0.096
4696,497.00,708.79,413,1.922,1654.0,0.135,0.160,0.147,0.147,0.157,0.106,0.147
4697,117.00,697.62,101,1.847,1654.1,0.110,0.229,0.128,0.092,0.046,0.193,0.202
4698,997.00,701.77,954,1.734,1654.3,0.077,0.368,0.077,0.094,0.043,0.171,0.171
4699,1043.00,705.49,894,1.889,1654.5,0.185,0.196,0.119,0.101,0.137,0.113,0.149
4700,419.00,702.85,357,1.925,1654.9,0.169,0.145,0.145,0.100,0.189,0.096,0.157
4701,723.00,707.14,633,1.822,1655.1,0.099,0.282,0.056,0.141,0.042,0.232,0.148
4702,342.00,703.64,334,1.744,1655.3,0.060,0.286,0.060,0.274,0.095,0.155,0.071
4703,580.00,698.44,474,1.917,1655.6,0.132,0.178,0.095,0.169,0.145,0.186,0.095
4704,625.00,697.40,568,1.788,1655.7,0.061,0.283,0.071,0.152,0.061,0.202,0.172
4705,929.00,703.28,864,1.834,1655.9,0.089,0.234,0.105,0.121,0.137,0.137,0.177
4706,786.00,702.58,659,1.847,1656.1,0.089,0.253,0.082,0.108,0.133,0.152,0.184
4707,1298.00,707.61,1294,1.703,1656.3,0.061,0.235,0.071,0.153,0.082,0.184,0.214
4708,157.00,703.34,189,1.856,1656.5,0.037,0.225,0.075,0.107,0.171,0.187,0.198
4709,687.00,709.10,767,1.754,1656.7,0.034,0.264,0.047,0.115,0.088,0.223,0.230
4710,565.00,711.29,513,1.914,1657.2,0.138,0.154,0.113,0.099,0.154,0.163,0.179
4711,1273.00,720.99,896,1.727,1657.5,0.078,0.311,0.111,0.117,0.083,0.167,0.133
4712,258.00,720.65,328,1.818,1657.8,0.072,0.251,0.130,0.112,0.063,0.135,0.238
4713,2176.00,738.01,1850,1.700,1657.9,0.134,0.291,0.150,0.134,0.047,0.142,0.102
4714,280.00,738.70,313,1.904,1658.3,0.126,0.196,0.152,0.070,0.122,0.181,0.152
4715,648.00,740.74,630,1.916,1658.6,0.087,0.173,0.163,0.111,0.159,0.168,0.139
4716,320.00,739.02,400,1.780,1658.8,0.094,0.282,0.197,0.111,0.043,0.137,0.137
4717,759.00,743.28,693,1.891,1659.2,0.096,0.186,0.186,0.132,0.111,0.143,0.146
4718,191.00,740.92,250,1.760,1659.3,0.081,0.244,0.252,0.138,0.041,0.073,0.171
4719,919.00,749.27,588,1.855,1659.6,0.087,0.257,0.188,0.096,0.106,0.138,0.128
4720,223.00,741.42,223,1.913,1659.9,0.083,0.154,0.167,0.128,0.103,0.154,0.212
4721,361.00,740.56,382,1.937,1660.2,0.148,0.118,0.182,0.118,0.153,0.138,0.143
4722,638.00,741.29,593,1.925,1660.6,0.180,0.133,0.133,0.170,0.109,0.126,0.150
4723,362.00,739.79,351,1.910,1661.0,0.160,0.115,0.139,0.160,0.167,0.111,0.149
4724,593.00,739.30,314,1.903,1661.4,0.199,0.130,0.149,0.124,0.174,0.086,0.138
4725,341.00,735.73,306,1.897,1661.9,0.117,0.125,0.128,0.180,0.276,0.073,0.102
4726,483.00,735.99,485,1.628,1662.1,0.173,0.198,0.111,0.333,0.099,0.037,0.049
4727,1392.00,739.22,1392,1.906,1663.1,0.192,0.114,0.144,0.163,0.185,0.092,0.110
4728,683.00,740.53,673,1.903,1663.3,0.218,0.208,0.112,0.152,0.096,0.081,0.132
4729,446.00,741.04,396,1.918,1663.8,0.190,0.159,0.121,0.111,0.187,0.111,0.121
4730,686.00,736.01,597,1.915,1664.2,0.181,0.110,0.174,0.123,0.174,0.116,0.123
4731,1143.00,734.43,649,1.797,1664.4,0.148,0.281,0.104,0.178,0.074,0.119,0.096
4732,643.00,736.90,555,1.879,1664.7,0.204,0.177,0.137,0.093,0.146,0.111,0.133
4733,611.00,738.33,516,1.633,1664.8,0.083,0.278,0.000,0.389,0.014,0.097,0.139
4734,954.00,743.53,956,1.847,1665.0,0.146,0.228,0.063,0.165,0.082,0.177,0.139
4735,1213.00,743.32,1196,1.931,1665.7,0.213,0.112,0.151,0.117,0.172,0.143,0.092
4736,874.00,745.77,414,1.653,1665.8,0.074,0.198,0.074,0.185,0.074,0.235,0.160
4737,431.00,744.19,474,1.515,1665.9,0.019,0.132,0.019,0.226,0.019,0.434,0.151
4738,1623.00,750.67,1142,1.767,1666.0,0.111,0.208,0.083,0.153,0.042,0.278,0.125
4739,648.00,752.76,635,1.898,1666.3,0.142,0.154,0.166,0.047,0.118,0.213,0.160
4740,441.00,752.50,429,1.917,1666.6,0.127,0.110,0.202,0.110,0.139,0.139,0.173
4741,681.00,757.88,438,1.916,1666.8,0.146,0.100,0.192,0.054,0.131,0.185,0.192
4742,351.00,750.06,348,1.904,1667.1,0.137,0.120,0.171,0.103,0.103,0.171,0.194
4743,1362.00,748.60,1362,1.820,1667.2,0.095,0.111,0.079,0.190,0.095,0.127,0.302
4744,530.00,750.97,511,1.929,1667.7,0.173,0.087,0.133,0.152,0.176,0.136,0.144
4745,1748.00,762.36,1624,1.791,1667.9,0.135,0.135,0.047,0.243,0.095,0.189,0.155
4746,337.00,754.52,285,1.815,1668.2,0.303,0.097,0.097,0.086,0.141,0.103,0.173
4747,1256.00,761.89,1214,1.736,1668.4,0.131,0.095,0.054,0.220,0.113,0.185,0.202
4748,827.00,765.75,653,1.859,1668.7,0.264,0.053,0.091,0.087,0.125,0.202,0.178
4749,371.00,763.60,342,1.816,1668.9,0.305,0.073,0.130,0.096,0.119,0.085,0.192
4750,332.00,762.70,323,1.625,1669.1,0.080,0.218,0.046,0.276,0.046,0.080,0.253
4751,828.00,766.17,781,1.855,1669.3,0.259,0.088,0.176,0.094,0.094,0.118,0.171
4752,547.00,761.80,479,1.894,1669.9,0.235,0.097,0.162,0.114,0.097,0.147,0.147
4753,726.00,759.32,627,1.783,1670.3,0.269,0.101,0.183,0.123,0.104,0.119,0.101
4754,497.00,759.87,463,1.829,1670.8,0.288,0.077,0.207,0.067,0.135,0.179,0.047
4755,567.00,759.63,499,1.887,1671.4,0.211,0.166,0.140,0.076,0.152,0.172,0.083
4756,44.00,748.01,69,1.621,1671.6,0.178,0.329,0.137,0.219,0.041,0.096,0.000
4757,892.00,747.09,819,1.886,1672.1,0.171,0.147,0.203,0.127,0.130,0.125,0.098
4758,1088.00,747.43,544,1.657,1672.3,0.193,0.136,0.121,0.193,0.050,0.236,0.071
4759,459.00,748.33,480,1.870,1672.8,0.147,0.110,0.226,0.110,0.121,0.223,0.062
4760,697.00,744.82,277,1.854,1673.1,0.239,0.115,0.161,0.124,0.087,0.211,0.064
4761,881.00,742.23,839,1.820,1673.6,0.168,0.171,0.123,0.159,0.099,0.183,0.096
4762,865.00,743.80,818,1.894,1674.1,0.240,0.122,0.129,0.118,0.127,0.176,0.088
4763,355.00,740.75,430,1.820,1674.5,0.208,0.143,0.104,0.069,0.139,0.260,0.078
4764,988.00,739.72,754,1.775,1674.6,0.165,0.173,0.071,0.142,0.055,0.323,0.071
4765,1069.00,736.52,970,1.870,1675.0,0.198,0.153,0.104,0.072,0.099,0.261,0.113
4766,1220.00,739.98,984,1.826,1675.2,0.229,0.147,0.094,0.135,0.088,0.206,0.100
4767,348.00,739.74,379,1.880,1675.6,0.236,0.118,0.128,0.095,0.072,0.210,0.141
4768,447.00,736.21,418,1.858,1676.0,0.285,0.119,0.111,0.111,0.079,0.217,0.079
4769,880.00,742.85,430,1.692,1676.1,0.244,0.130,0.033,0.203,0.065,0.236,0.089
4770,846.00,743.06,761,1.897,1676.6,0.196,0.124,0.080,0.141,0.124,0.221,0.113
4771,707.00,738.25,709,1.902,1677.2,0.161,0.122,0.087,0.092,0.151,0.250,0.138
4772,327.00,736.19,244,1.310,1677.3,0.067,0.146,0.045,0.483,0.045,0.213,0.000
4773,-80.00,720.35,0,1.489,1677.4,0.115,0.069,0.000,0.483,0.046,0.230,0.057
4774,1124.00,720.12,823,1.788,1677.7,0.096,0.112,0.096,0.283,0.086,0.235,0.091
4775,818.00,714.64,475,1.908,1678.1,0.160,0.092,0.099,0.191,0.113,0.201,0.143
4776,658.00,717.50,528,1.928,1678.5,0.138,0.107,0.104,0.161,0.238,0.148,0.104
4777,1014.00,717.70,840,1.834,1678.7,0.137,0.168,0.043,0.217,0.193,0.137,0.106
4778,697.00,719.58,584,1.894,1679.3,0.181,0.132,0.125,0.132,0.201,0.127,0.100
4779,1934.00,722.58,1373,1.826,1679.6,0.239,0.161,0.144,0.089,0.217,0.078,0.072
4780,787.00,728.99,758,1.899,1680.7,0.201,0.109,0.146,0.123,0.197,0.111,0.114
4781,606.00,730.86,686,1.381,1680.8,0.312,0.000,0.172,0.047,0.422,0.031,0.016
4782,2002.00,734.49,1451,1.489,1681.1,0.275,0.031,0.187,0.057,0.342,0.057,0.052
4783,569.00,736.95,377,1.260,1681.3,0.226,0.013,0.155,0.026,0.529,0.019,0.032
4784,827.00,730.14,813,1.792,1682.5,0.210,0.056,0.202,0.117,0.265,0.066,0.085
4785,296.00,726.69,149,1.220,1682.7,0.129,0.000,0.105,0.032,0.645,0.040,0.048
4786,723.00,729.09,668,1.711,1683.3,0.186,0.024,0.121,0.107,0.353,0.118,0.090
4787,265.00,720.78,168,1.402,1683.5,0.131,0.000,0.072,0.026,0.641,0.039,0.092
4788,1079.00,728.01,444,1.509,1683.7,0.171,0.000,0.034,0.103,0.410,0.137,0.145
4789,443.00,728.78,431,1.652,1683.9,0.200,0.005,0.100,0.053,0.432,0.084,0.126
4790,1156.00,734.42,974,1.610,1684.0,0.261,0.011,0.033,0.087,0.380,0.098,0.130
4791,1445.00,740.78,806,1.739,1684.2,0.203,0.008,0.153,0.102,0.331,0.119,0.085
4792,713.00,742.56,509,1.516,1684.3,0.175,0.000,0.100,0.100,0.350,0.100,0.175
4793,872.00,745.62,856,1.619,1684.4,0.204,0.000,0.120,0.083,0.417,0.093,0.083
4794,414.00,743.45,406,1.795,1684.8,0.215,0.004,0.152,0.109,0.207,0.164,0.148
4795,529.00,733.42,510,1.819,1685.1,0.159,0.035,0.133,0.168,0.181,0.168,0.155
4796,399.00,732.44,426,1.795,1685.4,0.165,0.013,0.134,0.112,0.281,0.125,0.170
4797,614.00,737.41,646,1.821,1685.7,0.146,0.019,0.160,0.175,0.238,0.150,0.112
4798,276.00,730.20,299,1.881,1686.5,0.143,0.062,0.164,0.190,0.198,0.137,0.105
4799,591.00,725.68,535,1.853,1686.8,0.174,0.036,0.190,0.130,0.231,0.121,0.117
4800,702.00,728.51,586,1.554,1687.0,0.174,0.022,0.141,0.087,0.413,0.109,0.054
4801,482.00,726.10,562,1.777,1687.3,0.195,0.006,0.177,0.116,0.274,0.122,0.110
4802,175.00,724.43,193,1.763,1687.4,0.236,0.009,0.191,0.082,0.264,0.155,0.064
4803,161.00,720.24,99,1.685,1687.5,0.271,0.000,0.237,0.051,0.220,0.186,0.034
4804,546.00,719.45,518,1.873,1687.9,0.186,0.033,0.178,0.119,0.182,0.190,0.112
4805,556.00,715.72,476,1.782,1688.0,0.211,0.000,0.168,0.179,0.242,0.105,0.095
4806,729.00,715.15,620,1.824,1688.3,0.256,0.015,0.116,0.156,0.146,0.211,0.101
4807,643.00,708.60,559,1.874,1688.9,0.159,0.054,0.096,0.211,0.155,0.190,0.136
4808,1073.00,717.76,810,1.821,1689.1,0.128,0.000,0.120,0.144,0.256,0.200,0.152
4809,540.00,716.29,537,1.784,1689.2,0.185,0.011,0.109,0.239,0.141,0.109,0.207
4810,461.00,715.25,464,1.819,1689.4,0.170,0.000,0.160,0.138,0.160,0.128,0.245
4811,908.00,711.60,824,1.822,1689.5,0.143,0.009,0.152,0.170,0.161,0.188,0.179
4812,1339.00,722.41,1312,1.792,1689.7,0.147,0.018,0.266,0.147,0.128,0.073,0.220
4813,651.00,707.16,644,1.864,1690.0,0.116,0.076,0.223,0.129,0.188,0.107,0.161
4814,614.00,710.50,556,1.876,1690.4,0.148,0.077,0.194,0.135,0.175,0.135,0.135
4815,525.00,709.27,542,1.845,1690.8,0.225,0.027,0.149,0.084,0.202,0.153,0.160
4816,218.00,708.25,275,1.772,1691.0,0.200,0.033,0.108,0.058,0.208,0.233,0.158
4817,208.00,702.74,244,1.884,1691.3,0.189,0.066,0.136,0.103,0.148,0.169,0.189
4818,650.00,707.33,649,1.928,1692.7,0.165,0.099,0.147,0.124,0.179,0.142,0.143
4819,942.00,707.56,982,1.836,1693.1,0.209,0.093,0.142,0.056,0.268,0.113,0.119
4820,364.00,708.97,361,1.685,1693.4,0.245,0.076,0.060,0.049,0.163,0.071,0.337
4821,268.00,708.04,267,1.702,1693.6,0.254,0.079,0.056,0.045,0.158,0.068,0.339
4822,827.00,709.93,867,1.461,1693.8,0.217,0.340,0.009,0.019,0.151,0.038,0.226
4823,177.00,708.08,120,1.820,1694.1,0.169,0.077,0.058,0.077,0.208,0.097,0.314
4824,393.00,706.08,354,1.827,1694.4,0.218,0.082,0.107,0.115,0.144,0.095,0.239
4825,713.00,709.80,713,1.855,1694.9,0.251,0.106,0.088,0.136,0.172,0.097,0.151
4826,1395.00,718.92,1183,1.762,1695.2,0.292,0.121,0.071,0.138,0.154,0.117,0.108
4827,2540.00,730.40,1183,1.623,1695.4,0.348,0.146,0.076,0.108,0.089,0.127,0.108
4828,570.00,729.27,534,1.798,1695.8,0.352,0.121,0.051,0.114,0.128,0.110,0.125
4829,394.00,728.75,431,1.807,1696.1,0.259,0.127,0.036,0.142,0.147,0.122,0.168
4830,1234.00,734.23,1068,1.625,1696.3,0.331,0.299,0.019,0.143,0.071,0.091,0.045
4831,750.00,730.30,672,1.780,1696.5,0.211,0.169,0.077,0.190,0.162,0.085,0.106
4832,333.00,727.20,309,1.914,1696.8,0.150,0.110,0.117,0.183,0.168,0.117,0.154
4833,623.00,727.32,560,1.934,1697.8,0.167,0.124,0.124,0.137,0.167,0.138,0.143
4834,444.00,722.22,371,1.898,1698.3,0.146,0.081,0.163,0.180,0.185,0.084,0.160
4835,402.00,714.11,429,1.903,1698.7,0.069,0.121,0.172,0.141,0.197,0.110,0.190
4836,593.00,711.30,599,1.926,1699.4,0.157,0.106,0.161,0.159,0.194,0.102,0.121
4837,314.00,710.13,358,1.890,1699.6,0.195,0.180,0.211,0.141,0.148,0.055,0.070
4838,-33.00,693.57,0,1.703,1699.7,0.291,0.018,0.400,0.109,0.164,0.000,0.018
4839,1266.00,699.75,1148,1.858,1699.9,0.204,0.082,0.163,0.218,0.122,0.102,0.109
4840,379.00,699.13,319,1.920,1700.1,0.163,0.233,0.178,0.163,0.101,0.070,0.093
4841,648.00,698.80,600,1.930,1700.5,0.158,0.147,0.172,0.129,0.176,0.104,0.115
4842,484.00,700.13,458,1.695,1700.7,0.119,0.143,0.357,0.198,0.079,0.024,0.079
4843,167.00,688.18,240,1.796,1700.8,0.058,0.077,0.337,0.192,0.173,0.019,0.144
4844,998.00,692.86,932,1.860,1701.0,0.084,0.240,0.198,0.180,0.156,0.084,0.060
4845,1190.00,687.28,984,1.832,1701.2,0.130,0.103,0.199,0.253,0.151,0.075,0.089
4846,723.00,691.14,586,1.752,1701.4,0.174,0.196,0.185,0.239,0.109,0.022,0.076
4847,396.00,682.54,342,1.892,1701.6,0.116,0.122,0.175,0.217,0.196,0.074,0.101
4848,1011.00,684.38,946,1.821,1701.8,0.189,0.152,0.129,0.174,0.182,0.068,0.106
4849,1133.00,692.00,1082,1.662,1702.0,0.397,0.151,0.096,0.137,0.082,0.027,0.110
4850,270.00,691.38,341,1.919,1702.5,0.113,0.137,0.148,0.113,0.208,0.119,0.162
4851,306.00,686.16,267,1.918,1702.9,0.100,0.110,0.185,0.165,0.205,0.065,0.170
4852,388.00,684.57,372,1.918,1703.2,0.159,0.135,0.122,0.151,0.147,0.078,0.208
4853,455.00,681.86,479,1.932,1704.4,0.146,0.184,0.129,0.143,0.143,0.123,0.133
4854,1323.00,690.12,1016,1.776,1704.8,0.293,0.221,0.104,0.095,0.099,0.104,0.086
4855,194.00,686.39,188,1.744,1704.9,0.366,0.183,0.197,0.099,0.042,0.056,0.056
4856,332.00,689.27,412,1.880,1705.3,0.241,0.167,0.211,0.078,0.056,0.126,0.122
4857,446.00,684.81,418,1.870,1705.7,0.225,0.157,0.186,0.110,0.089,0.127,0.106
4858,1291.00,686.84,894,1.744,1706.0,0.194,0.230,0.103,0.055,0.073,0.236,0.109
4859,772.00,689.97,721,1.804,1706.3,0.239,0.202,0.186,0.064,0.053,0.170,0.085
4860,1195.00,694.95,561,1.710,1706.5,0.170,0.076,0.281,0.076,0.041,0.222,0.135
4861,1099.00,697.13,1064,1.827,1706.8,0.240,0.141,0.188,0.073,0.078,0.167,0.115
4862,479.00,693.27,461,1.819,1707.1,0.303,0.176,0.200,0.055,0.055,0.085,0.127
4863,793.00,697.65,699,1.924,1708.1,0.185,0.158,0.152,0.115,0.118,0.158,0.114
4864,518.00,692.95,464,1.892,1708.5,0.182,0.161,0.109,0.094,0.091,0.182,0.179
4865,1222.00,694.48,1134,1.779,1708.9,0.255,0.209,0.084,0.084,0.063,0.192,0.113
4866,471.00,686.99,488,1.918,1710.4,0.162,0.147,0.161,0.108,0.120,0.160,0.140
4867,789.00,691.40,298,1.410,1710.6,0.345,0.014,0.407,0.028,0.055,0.083,0.069
4868,1597.00,702.90,1506,1.741,1711.2,0.197,0.140,0.226,0.062,0.122,0.143,0.109
4869,590.00,700.00,334,1.661,1711.6,0.278,0.084,0.319,0.029,0.077,0.150,0.062
4870,825.00,699.79,738,1.770,1712.0,0.240,0.157,0.209,0.029,0.100,0.180,0.086
4871,230.00,695.02,269,1.840,1712.6,0.228,0.154,0.154,0.046,0.090,0.192,0.136
4872,761.00,699.36,721,1.782,1712.9,0.271,0.153,0.100,0.024,0.153,0.206,0.094
4873,770.00,707.86,751,1.844,1713.4,0.187,0.125,0.164,0.042,0.139,0.214,0.128
4874,1664.00,713.26,1133,1.556,1713.6,0.260,0.107,0.183,0.031,0.099,0.267,0.053
4875,784.00,712.92,783,1.903,1715.5,0.173,0.147,0.138,0.093,0.155,0.174,0.120
4876,342.00,709.76,57,1.587,1716.0,0.172,0.067,0.038,0.496,0.093,0.099,0.035
4877,265.00,702.27,87,1.033,1716.1,0.088,0.053,0.009,0.728,0.053,0.044,0.026
4878,559.00,700.89,428,1.380,1716.3,0.102,0.120,0.037,0.537,0.065,0.111,0.028
4879,1448.00,696.03,1079,1.785,1716.6,0.140,0.140,0.072,0.338,0.106,0.121,0.082
4880,654.00,694.70,694,1.910,1718.5,0.144,0.185,0.097,0.148,0.140,0.183,0.103
4881,1034.00,698.98,875,1.755,1718.8,0.210,0.121,0.081,0.234,0.093,0.206,0.056
4882,277.00,681.73,316,1.853,1719.3,0.250,0.126,0.113,0.180,0.099,0.169,0.062
4883,850.00,684.54,769,1.817,1719.8,0.241,0.135,0.106,0.162,0.109,0.159,0.088
4884,719.00,683.46,737,1.839,1720.5,0.258,0.122,0.116,0.140,0.134,0.145,0.086
4885,972.00,690.22,718,1.532,1720.7,0.285,0.131,0.054,0.300,0.146,0.077,0.008
4886,1024.00,693.23,953,1.841,1721.3,0.204,0.146,0.126,0.150,0.102,0.167,0.104
4887,734.00,697.92,814,1.876,1722.0,0.224,0.119,0.103,0.131,0.131,0.181,0.112
4888,631.00,693.44,670,1.909,1723.1,0.213,0.144,0.137,0.130,0.144,0.128,0.104
4889,1679.00,705.80,1378,1.712,1723.4,0.242,0.135,0.084,0.208,0.101,0.169,0.062
4890,2111.00,715.35,1755,1.172,1723.5,0.347,0.083,0.014,0.069,0.042,0.431,0.014
4891,2390.00,724.80,1483,1.166,1723.7,0.351,0.099,0.008,0.053,0.023,0.458,0.008
4892,2304.00,740.71,1523,1.528,1724.1,0.359,0.103,0.056,0.070,0.120,0.262,0.030
4893,849.00,740.48,787,1.520,1724.4,0.375,0.176,0.026,0.049,0.056,0.296,0.022
4894,1027.00,746.61,435,1.507,1724.7,0.257,0.236,0.007,0.050,0.107,0.314,0.029
4895,386.00,745.18,377,1.827,1725.2,0.321,0.110,0.074,0.084,0.140,0.199,0.071
4896,1082.00,752.01,850,1.723,1725.5,0.249,0.153,0.119,0.042,0.169,0.184,0.084
4897,1160.00,757.47,984,1.647,1725.8,0.371,0.114,0.024,0.029,0.167,0.214,0.081
4898,817.00,762.88,801,1.746,1726.3,0.336,0.209,0.093,0.016,0.112,0.153,0.081
4899,351.00,760.48,333,1.898,1727.2,0.218,0.145,0.106,0.089,0.148,0.157,0.136
4900,538.00,758.84,551,1.860,1727.8,0.274,0.120,0.143,0.068,0.158,0.127,0.111
4901,945.00,763.47,921,1.890,1728.3,0.208,0.144,0.156,0.073,0.142,0.149,0.128
4902,83.00,762.55,99,1.755,1728.5,0.275,0.067,0.292,0.017,0.183,0.108,0.058
4903,657.00,767.51,683,1.713,1728.7,0.173,0.188,0.173,0.008,0.135,0.218,0.105
4904,659.00,768.64,728,1.858,1729.1,0.237,0.107,0.173,0.047,0.143,0.143,0.150
4905,74.00,763.82,154,1.199,1729.2,0.106,0.553,0.106,0.000,0.000,0.043,0.191
4906,970.00,766.23,778,1.819,1729.4,0.223,0.151,0.139,0.042,0.175,0.151,0.120
4907,954.00,769.34,968,1.778,1729.7,0.203,0.121,0.188,0.043,0.179,0.159,0.106
4908,677.00,765.38,599,1.792,1729.9,0.243,0.187,0.215,0.019,0.121,0.065,0.150
4909,1325.00,773.23,1310,1.803,1730.1,0.206,0.156,0.163,0.035,0.156,0.113,0.170
4910,558.00,774.20,466,1.754,1730.2,0.090,0.191,0.270,0.011,0.157,0.157,0.124
4911,926.00,774.38,950,1.863,1730.5,0.153,0.140,0.231,0.050,0.116,0.161,0.149
4912,967.00,770.66,698,1.676,1730.6,0.072,0.205,0.169,0.036,0.072,0.181,0.265
4913,621.00,770.36,483,1.842,1731.1,0.277,0.093,0.174,0.051,0.138,0.132,0.135
4914,1016.00,774.38,876,1.508,1731.2,0.132,0.368,0.088,0.000,0.088,0.074,0.250
4915,466.00,773.79,445,1.784,1731.4,0.178,0.135,0.153,0.061,0.135,0.123,0.215
4916,386.00,775.47,418,1.899,1731.8,0.208,0.162,0.127,0.065,0.158,0.165,0.115
4917,571.00,779.10,319,1.753,1731.9,0.060,0.280,0.130,0.090,0.120,0.080,0.240
4918,345.00,776.05,327,1.915,1732.4,0.158,0.116,0.191,0.085,0.161,0.106,0.182
4919,585.00,772.48,367,1.536,1732.5,0.075,0.225,0.125,0.075,0.050,0.100,0.350
4920,1184.00,780.68,767,1.869,1732.6,0.231,0.144,0.135,0.115,0.096,0.135,0.144
4921,759.00,785.59,573,1.861,1732.8,0.177,0.167,0.135,0.135,0.062,0.167,0.156
4922,705.00,784.37,745,1.893,1733.2,0.246,0.132,0.114,0.129,0.092,0.160,0.126
4923,704.00,789.64,671,1.882,1733.6,0.282,0.110,0.121,0.110,0.095,0.176,0.106
4924,856.00,794.27,643,1.700,1733.8,0.351,0.115,0.086,0.080,0.103,0.218,0.046
4925,1098.00,798.12,1034,1.211,1733.9,0.625,0.111,0.069,0.000,0.097,0.056,0.042
4926,1494.00,799.11,506,1.430,1734.1,0.566,0.105,0.079,0.026,0.066,0.092,0.066
4927,484.00,778.55,445,1.876,1734.6,0.223,0.106,0.155,0.124,0.109,0.155,0.127
4928,468.00,777.53,456,1.865,1735.0,0.227,0.097,0.120,0.097,0.125,0.185,0.148
4929,1479.00,788.38,1161,1.699,1735.2,0.398,0.151,0.118,0.054,0.054,0.086,0.140
4930,745.00,783.49,603,1.867,1735.5,0.233,0.128,0.123,0.132,0.082,0.160,0.142
4931,425.00,780.24,281,1.840,1735.9,0.312,0.156,0.092,0.071,0.078,0.142,0.149
4932,247.00,779.38,287,0.757,1736.1,0.000,0.310,0.000,0.000,0.024,0.000,0.667
4933,547.00,778.62,518,1.921,1737.1,0.192,0.147,0.133,0.117,0.093,0.174,0.145
4934,580.00,779.98,487,1.881,1737.4,0.198,0.162,0.096,0.114,0.144,0.126,0.162
4935,595.00,781.91,634,1.875,1738.0,0.192,0.120,0.038,0.216,0.160,0.163,0.111
4936,933.00,785.31,658,1.278,1738.2,0.096,0.518,0.012,0.145,0.048,0.000,0.181
4937,649.00,788.66,542,1.819,1738.5,0.241,0.157,0.026,0.257,0.094,0.105,0.120
4938,354.00,792.53,314,1.703,1738.7,0.202,0.118,0.008,0.319,0.143,0.101,0.109
4939,839.00,788.26,774,1.752,1739.1,0.275,0.115,0.016,0.234,0.135,0.098,0.127
4940,733.00,791.80,692,1.857,1739.7,0.189,0.175,0.043,0.183,0.149,0.077,0.183
4941,419.00,789.51,292,1.560,1739.8,0.217,0.217,0.000,0.100,0.067,0.033,0.367
4942,578.00,790.45,519,1.795,1740.1,0.229,0.144,0.020,0.176,0.131,0.131,0.170
4943,948.00,798.26,904,1.796,1740.3,0.224,0.141,0.032,0.205,0.096,0.160,0.141
4944,104.00,789.32,104,0.416,1740.4,0.024,0.024,0.000,0.000,0.000,0.000,0.952
4945,879.00,786.21,846,1.239,1740.5,0.115,0.098,0.000,0.115,0.082,0.049,0.541
4946,679.00,785.77,573,1.761,1740.8,0.299,0.132,0.028,0.146,0.083,0.097,0.215
4947,178.00,783.59,211,1.793,1741.2,0.223,0.099,0.021,0.262,0.116,0.155,0.124
4948,911.00,782.59,950,1.716,1741.4,0.292,0.208,0.009,0.198,0.104,0.094,0.094
4949,314.00,774.40,344,1.708,1741.7,0.273,0.136,0.011,0.256,0.108,0.108,0.108
4950,926.00,780.96,626,1.796,1742.0,0.316,0.152,0.051,0.177,0.076,0.082,0.146
4951,602.00,783.92,594,1.856,1742.5,0.268,0.116,0.060,0.130,0.130,0.183,0.113
4952,568.00,785.72,539,1.907,1743.3,0.210,0.145,0.093,0.142,0.117,0.136,0.156
4953,462.00,785.79,370,1.497,1743.4,0.250,0.163,0.022,0.391,0.076,0.033,0.065
4954,918.00,781.74,626,1.473,1743.6,0.167,0.125,0.000,0.500,0.097,0.014,0.097
4955,458.00,784.38,437,1.814,1743.9,0.281,0.143,0.071,0.205,0.080,0.094,0.125
4956,1323.00,794.29,1276,1.782,1744.2,0.250,0.157,0.050,0.186,0.129,0.114,0.114
4957,261.00,792.44,341,1.894,1745.1,0.212,0.122,0.081,0.177,0.122,0.127,0.160
4958,570.00,785.23,470,1.914,1745.8,0.195,0.145,0.098,0.131,0.100,0.171,0.160
4959,530.00,782.81,526,1.908,1746.6,0.209,0.127,0.093,0.151,0.130,0.173,0.117
4960,671.00,777.57,664,1.905,1747.0,0.201,0.114,0.090,0.149,0.097,0.208,0.142
4961,588.00,772.46,487,1.886,1747.5,0.223,0.103,0.092,0.149,0.121,0.188,0.124
4962,703.00,774.70,631,1.803,1747.7,0.290,0.085,0.068,0.131,0.131,0.233,0.062
4963,757.00,774.34,200,1.630,1747.9,0.204,0.074,0.000,0.269,0.259,0.157,0.037
4964,443.00,773.59,184,1.601,1748.1,0.316,0.034,0.000,0.282,0.188,0.145,0.034
4965,583.00,767.20,407,1.817,1748.3,0.308,0.075,0.058,0.125,0.108,0.242,0.083
4966,620.00,768.69,413,1.791,1748.5,0.265,0.145,0.060,0.162,0.137,0.171,0.060
4967,633.00,767.13,655,1.911,1749.1,0.212,0.114,0.112,0.100,0.128,0.207,0.126
4968,954.00,760.70,470,1.736,1749.3,0.234,0.130,0.052,0.247,0.169,0.130,0.039
4969,561.00,760.41,512,1.912,1749.9,0.228,0.118,0.127,0.138,0.110,0.189,0.090
4970,580.00,757.96,587,1.917,1750.8,0.172,0.161,0.103,0.144,0.093,0.219,0.109
4971,1291.00,768.57,1097,1.880,1751.0,0.176,0.145,0.176,0.183,0.130,0.122,0.069
4972,1333.00,774.29,1035,1.877,1751.3,0.250,0.157,0.136,0.100,0.143,0.143,0.071
4973,528.00,771.87,360,1.880,1751.5,0.202,0.101,0.185,0.160,0.134,0.151,0.067
4974,47.00,755.70,127,1.840,1751.6,0.210,0.050,0.118,0.118,0.210,0.185,0.109
4975,367.00,751.53,227,1.779,1751.7,0.235,0.162,0.088,0.279,0.132,0.044,0.059
4976,74.00,748.85,154,1.892,1752.1,0.165,0.101,0.148,0.148,0.131,0.236,0.072
4977,1215.00,758.35,730,1.881,1752.2,0.160,0.080,0.133,0.227,0.173,0.067,0.160
4978,448.00,757.24,410,1.931,1752.6,0.176,0.117,0.172,0.099,0.143,0.172,0.121
4979,317.00,745.93,284,1.908,1752.9,0.125,0.113,0.208,0.143,0.101,0.202,0.107
4980,455.00,743.94,413,1.934,1753.4,0.143,0.135,0.135,0.152,0.103,0.163,0.169
4981,921.00,742.81,783,1.928,1754.3,0.157,0.114,0.181,0.136,0.132,0.156,0.124
4982,764.00,747.68,574,1.908,1754.7,0.161,0.140,0.168,0.115,0.097,0.219,0.100
4983,473.00,743.91,553,1.886,1755.3,0.154,0.129,0.218,0.124,0.117,0.146,0.112
4984,161.00,738.33,223,1.803,1755.5,0.095,0.060,0.250,0.121,0.095,0.284,0.095
4985,119.00,729.80,183,1.854,1755.8,0.133,0.077,0.221,0.110,0.099,0.309,0.050
4986,994.00,729.50,803,1.903,1756.0,0.160,0.104,0.201,0.097,0.090,0.215,0.132
4987,597.00,728.13,617,1.921,1756.7,0.136,0.144,0.211,0.097,0.136,0.144,0.132
4988,820.00,730.02,856,1.902,1757.2,0.153,0.106,0.168,0.128,0.084,0.219,0.142
4989,226.00,715.49,189,1.902,1757.5,0.143,0.114,0.131,0.105,0.114,0.211,0.181
4990,475.00,699.13,446,1.930,1758.1,0.153,0.121,0.114,0.107,0.162,0.186,0.158
4991,958.00,684.81,763,1.856,1758.3,0.128,0.231,0.090,0.051,0.192,0.103,0.205
4992,422.00,665.99,401,1.920,1758.9,0.194,0.141,0.165,0.076,0.136,0.145,0.143
4993,658.00,664.08,626,1.572,1759.0,0.094,0.078,0.141,0.031,0.156,0.016,0.484
4994,385.00,657.66,268,1.903,1759.3,0.201,0.209,0.122,0.029,0.144,0.137,0.158
4995,121.00,655.01,201,1.914,1759.8,0.184,0.189,0.160,0.073,0.136,0.092,0.165
4996,831.00,652.50,794,1.865,1760.1,0.177,0.206,0.097,0.080,0.246,0.097,0.097
4997,964.00,650.54,749,1.835,1760.2,0.202,0.125,0.115,0.077,0.288,0.058,0.135
4998,1175.00,654.12,938,1.834,1760.4,0.143,0.231,0.253,0.077,0.110,0.033,0.154
4999,1118.00,661.79,1098,1.864,1760.5,0.258,0.136,0.106,0.121,0.106,0.015,0.258
5000,1140.00,667.81,774,1.892,1760.8,0.309,0.122,0.149,0.101,0.138,0.096,0.085
5001,955.00,667.91,493,1.807,1761.0,0.171,0.103,0.128,0.103,0.154,0.179,0.162
5002,567.00,672.75,512,1.895,1761.2,0.196,0.167,0.123,0.109,0.072,0.145,0.188
5003,198.00,668.16,238,1.919,1761.6,0.168,0.152,0.141,0.102,0.145,0.113,0.180
5004,911.00,670.68,894,1.912,1762.0,0.178,0.154,0.151,0.112,0.139,0.143,0.124
5005,324.00,673.18,254,1.908,1762.2,0.199,0.169,0.114,0.139,0.169,0.066,0.145
5006,572.00,669.20,546,1.925,1762.7,0.178,0.161,0.127,0.106,0.192,0.103,0.134
5007,680.00,666.46,656,1.547,1762.8,0.060,0.112,0.362,0.129,0.121,0.026,0.190
5008,397.00,663.66,421,1.924,1763.6,0.148,0.167,0.134,0.089,0.198,0.132,0.130
5009,521.00,655.62,536,1.918,1764.4,0.176,0.145,0.165,0.094,0.158,0.132,0.130
5010,295.00,652.99,286,1.887,1764.7,0.181,0.172,0.167,0.081,0.158,0.104,0.136
5011,294.00,646.67,374,1.901,1765.4,0.182,0.210,0.199,0.072,0.102,0.111,0.125
5012,697.00,643.97,621,1.813,1765.6,0.139,0.192,0.245,0.026,0.132,0.139,0.126
5013,393.00,641.69,418,1.786,1765.8,0.101,0.217,0.225,0.039,0.209,0.047,0.163
5014,376.00,635.29,398,1.670,1765.9,0.116,0.221,0.326,0.047,0.105,0.070,0.116
5015,2508.00,655.71,1763,1.886,1766.1,0.186,0.177,0.177,0.071,0.168,0.080,0.142
5016,707.00,658.92,571,1.880,1766.4,0.134,0.195,0.146,0.073,0.165,0.140,0.146
5017,1047.00,663.68,931,1.784,1766.6,0.083,0.179,0.221,0.055,0.200,0.124,0.138
5018,342.00,663.65,422,1.908,1767.1,0.169,0.131,0.182,0.059,0.185,0.142,0.131
5019,422.00,662.02,416,1.908,1767.6,0.162,0.101,0.129,0.079,0.191,0.173,0.165
5020,425.00,654.43,376,1.909,1768.0,0.128,0.084,0.215,0.084,0.120,0.179,0.190
5021,391.00,650.75,408,1.850,1768.2,0.194,0.125,0.153,0.056,0.139,0.188,0.146
5022,428.00,647.98,466,1.902,1768.7,0.145,0.141,0.199,0.064,0.145,0.154,0.151
5023,793.00,648.87,639,1.849,1768.9,0.255,0.105,0.105,0.072,0.163,0.203,0.098
5024,606.00,646.37,686,1.829,1769.1,0.363,0.104,0.096,0.052,0.126,0.133,0.126
5025,733.00,642.72,698,1.893,1769.5,0.215,0.124,0.116,0.096,0.135,0.127,0.187
5026,684.00,634.62,637,1.847,1769.7,0.187,0.114,0.057,0.057,0.252,0.138,0.195
5027,993.00,639.71,752,1.842,1769.8,0.168,0.139,0.089,0.020,0.228,0.139,0.218
5028,174.00,636.77,207,1.885,1770.2,0.156,0.135,0.127,0.066,0.160,0.160,0.197
5029,319.00,625.17,399,1.885,1770.5,0.162,0.151,0.106,0.045,0.156,0.162,0.218
5030,574.00,623.46,557,1.922,1770.9,0.176,0.113,0.148,0.101,0.119,0.170,0.173
5031,581.00,625.02,588,1.902,1771.2,0.158,0.152,0.152,0.076,0.146,0.135,0.181
5032,485.00,627.40,389,1.905,1771.5,0.183,0.139,0.133,0.094,0.150,0.150,0.150
5033,782.00,629.75,714,1.803,1771.6,0.096,0.169,0.133,0.036,0.193,0.229,0.145
5034,299.00,626.94,307,1.910,1772.1,0.134,0.150,0.150,0.096,0.153,0.145,0.172
5035,816.00,629.15,586,1.868,1772.4,0.162,0.132,0.180,0.054,0.162,0.198,0.114
5036,700.00,626.82,512,1.816,1772.6,0.156,0.220,0.147,0.037,0.156,0.202,0.083
5037,554.00,625.87,509,1.913,1773.0,0.162,0.113,0.190,0.057,0.182,0.134,0.162
5038,439.00,626.72,385,1.909,1773.4,0.120,0.167,0.097,0.109,0.143,0.229,0.136
5039,918.00,627.51,744,1.836,1773.6,0.229,0.146,0.062,0.069,0.188,0.125,0.181
5040,553.00,625.71,494,1.827,1773.9,0.202,0.197,0.127,0.069,0.156,0.116,0.133
5041,533.00,626.85,506,1.835,1774.2,0.246,0.156,0.090,0.035,0.191,0.156,0.126
5042,725.00,628.32,670,1.803,1774.4,0.280,0.171,0.109,0.011,0.160,0.091,0.177
5043,891.00,627.75,575,1.852,1774.7,0.192,0.212,0.159,0.026,0.159,0.139,0.113
5044,351.00,630.22,345,1.875,1774.9,0.245,0.141,0.185,0.043,0.152,0.076,0.158
5045,1091.00,632.34,1152,1.748,1775.2,0.228,0.162,0.221,0.051,0.096,0.118,0.125
5046,202.00,627.57,214,1.835,1775.5,0.206,0.217,0.191,0.064,0.116,0.112,0.094
5047,569.00,631.48,538,1.906,1776.3,0.168,0.200,0.152,0.092,0.138,0.138,0.112
5048,1187.00,634.24,866,1.642,1776.4,0.260,0.356,0.125,0.038,0.125,0.038,0.058
5049,471.00,635.81,468,1.882,1777.0,0.240,0.161,0.133,0.079,0.123,0.115,0.148
5050,1488.00,641.43,1274,1.695,1777.2,0.237,0.183,0.140,0.065,0.204,0.065,0.108
5051,1286.00,648.27,935,1.720,1777.4,0.243,0.199,0.162,0.059,0.243,0.029,0.066
5052,440.00,646.99,405,1.867,1777.9,0.232,0.166,0.143,0.097,0.175,0.092,0.095
5053,1250.00,654.87,1034,1.828,1778.2,0.314,0.195,0.095,0.089,0.130,0.059,0.118
5054,896.00,654.65,830,1.910,1779.1,0.210,0.154,0.117,0.098,0.157,0.132,0.133
5055,488.00,654.95,522,1.893,1779.7,0.196,0.177,0.214,0.087,0.156,0.087,0.082
5056,1059.00,652.31,754,1.646,1779.9,0.202,0.097,0.379,0.105,0.113,0.024,0.081
5057,786.00,657.56,694,1.848,1780.1,0.267,0.114,0.256,0.074,0.125,0.074,0.091
5058,210.00,653.96,227,1.833,1780.4,0.289,0.102,0.182,0.091,0.150,0.059,0.128
5059,354.00,652.20,379,1.749,1780.6,0.317,0.139,0.139,0.109,0.109,0.069,0.119
5060,923.00,654.72,774,1.840,1780.9,0.306,0.093,0.164,0.093,0.158,0.049,0.137
5061,577.00,654.61,519,1.923,1781.7,0.216,0.152,0.154,0.100,0.120,0.116,0.141
5062,997.00,657.55,875,1.914,1782.3,0.189,0.153,0.110,0.124,0.139,0.153,0.133
5063,1241.00,662.39,1106,1.888,1782.7,0.199,0.135,0.102,0.113,0.195,0.147,0.109
5064,334.00,661.30,332,1.891,1783.1,0.238,0.098,0.111,0.152,0.102,0.139,0.160
5065,855.00,664.02,663,1.839,1783.3,0.286,0.152,0.062,0.125,0.214,0.089,0.071
5066,374.00,661.56,358,1.909,1783.6,0.221,0.072,0.169,0.097,0.103,0.159,0.179
5067,511.00,660.34,488,1.911,1784.0,0.163,0.061,0.133,0.246,0.095,0.129,0.174
5068,360.00,654.40,349,1.901,1784.3,0.188,0.097,0.109,0.133,0.182,0.164,0.127
5069,850.00,657.29,685,1.886,1784.5,0.158,0.113,0.075,0.128,0.143,0.263,0.120
5070,939.00,660.88,739,1.853,1784.6,0.160,0.140,0.070,0.190,0.140,0.220,0.080
5071,1186.00,659.83,924,1.834,1784.8,0.216,0.108,0.054,0.189,0.095,0.270,0.068
5072,765.00,654.15,616,1.901,1785.0,0.211,0.199,0.062,0.130,0.099,0.211,0.087
5073,538.00,654.25,532,1.909,1785.3,0.172,0.137,0.054,0.127,0.162,0.186,0.162
5074,545.00,659.23,399,1.830,1785.5,0.173,0.173,0.086,0.123,0.086,0.259,0.099
5075,804.00,663.60,639,1.915,1785.6,0.235,0.163,0.082,0.173,0.133,0.122,0.092
5076,311.00,665.97,335,1.926,1786.0,0.108,0.161,0.103,0.139,0.152,0.224,0.112
5077,798.00,661.80,778,1.920,1786.2,0.214,0.098,0.134,0.116,0.152,0.188,0.098
5078,440.00,661.72,446,1.925,1786.5,0.192,0.154,0.103,0.103,0.136,0.182,0.131
5079,495.00,663.50,509,1.903,1786.7,0.241,0.090,0.105,0.120,0.083,0.180,0.180
5080,713.00,666.08,753,1.898,1786.9,0.220,0.127,0.102,0.093,0.178,0.136,0.144
5081,360.00,660.47,300,1.930,1787.2,0.169,0.164,0.127,0.080,0.174,0.150,0.136
5082,648.00,659.31,639,1.924,1787.4,0.164,0.103,0.095,0.121,0.172,0.112,0.233
5083,792.00,662.50,713,1.923,1787.6,0.115,0.077,0.115,0.115,0.144,0.231,0.202
5084,861.00,669.50,668,1.914,1787.9,0.153,0.074,0.134,0.134,0.134,0.223,0.149
5085,1451.00,682.82,1462,1.848,1788.0,0.082,0.061,0.163,0.092,0.173,0.194,0.235
5086,471.00,677.59,330,1.737,1788.2,0.108,0.027,0.081,0.135,0.068,0.189,0.392
5087,279.00,674.41,255,1.878,1788.4,0.136,0.076,0.169,0.059,0.102,0.161,0.297
5088,275.00,668.96,180,1.923,1788.9,0.156,0.134,0.148,0.088,0.134,0.156,0.185
5089,860.00,675.30,806,1.929,1789.9,0.155,0.112,0.134,0.173,0.113,0.185,0.128
5090,651.00,677.06,691,1.846,1790.0,0.184,0.184,0.068,0.175,0.049,0.155,0.184
5091,281.00,670.29,360,1.905,1790.5,0.208,0.141,0.102,0.123,0.144,0.155,0.127
5092,790.00,673.97,591,1.836,1790.7,0.232,0.141,0.090,0.198,0.085,0.136,0.119
5093,312.00,670.51,264,1.882,1791.1,0.192,0.160,0.105,0.220,0.091,0.091,0.143
5094,412.00,670.78,430,1.831,1791.5,0.190,0.123,0.107,0.289,0.040,0.099,0.154
5095,192.00,671.49,169,1.856,1791.8,0.294,0.145,0.089,0.192,0.098,0.061,0.121
5096,906.00,672.24,625,1.813,1792.0,0.297,0.099,0.063,0.207,0.117,0.117,0.099
5097,649.00,669.09,614,1.870,1792.3,0.254,0.169,0.104,0.159,0.070,0.104,0.139
5098,595.00,663.29,461,1.840,1792.6,0.210,0.114,0.097,0.216,0.068,0.119,0.176
5099,844.00,660.55,787,1.861,1793.0,0.299,0.076,0.112,0.162,0.122,0.097,0.133
5100,218.00,651.33,228,1.873,1793.4,0.231,0.122,0.135,0.188,0.074,0.114,0.135
5101,1163.00,653.41,1147,1.910,1794.5,0.214,0.146,0.103,0.166,0.109,0.126,0.135
5102,1611.00,663.85,1110,1.807,1794.7,0.214,0.197,0.103,0.162,0.043,0.145,0.137
5103,808.00,669.95,666,1.867,1795.3,0.211,0.172,0.156,0.100,0.053,0.150,0.158
5104,576.00,666.60,565,1.823,1795.6,0.255,0.192,0.096,0.130,0.024,0.130,0.173
5105,43.00,663.79,123,1.782,1795.7,0.134,0.061,0.146,0.305,0.000,0.073,0.280
5106,150.00,659.57,177,1.839,1796.0,0.215,0.041,0.110,0.145,0.023,0.169,0.297
5107,1464.00,667.41,1432,1.851,1796.3,0.145,0.126,0.195,0.132,0.044,0.195,0.164
5108,472.00,668.16,490,1.857,1797.1,0.163,0.087,0.178,0.096,0.043,0.207,0.226
5109,54.00,663.49,134,1.843,1797.4,0.189,0.061,0.189,0.129,0.045,0.182,0.205
5110,723.00,667.77,676,1.858,1797.8,0.179,0.094,0.174,0.129,0.031,0.196,0.196
5111,645.00,671.28,595,1.908,1798.5,0.225,0.108,0.135,0.091,0.086,0.236,0.119
5112,529.00,669.60,437,1.901,1799.0,0.212,0.139,0.131,0.161,0.117,0.117,0.124
5113,1093.00,676.60,1079,1.867,1799.4,0.104,0.179,0.179,0.255,0.085,0.085,0.113
5114,583.00,678.67,505,1.820,1799.7,0.051,0.124,0.213,0.337,0.101,0.073,0.101
5115,446.00,658.05,526,1.935,1800.9,0.117,0.138,0.160,0.141,0.136,0.156,0.153
5116,343.00,654.41,364,1.883,1801.2,0.088,0.135,0.200,0.224,0.153,0.059,0.141
5117,731.00,651.25,664,1.871,1801.4,0.092,0.130,0.267,0.145,0.130,0.084,0.153
5118,1167.00,659.50,1141,1.782,1801.6,0.050,0.084,0.235,0.160,0.176,0.160,0.134
5119,688.00,662.16,420,1.818,1801.8,0.064,0.074,0.213,0.074,0.245,0.213,0.117
5120,635.00,664.26,540,1.931,1802.1,0.099,0.076,0.153,0.206,0.198,0.069,0.198
5121,481.00,665.16,513,1.876,1802.2,0.084,0.116,0.137,0.200,0.126,0.116,0.221
5122,581.00,666.69,565,1.938,1803.3,0.148,0.141,0.154,0.127,0.129,0.141,0.161
5123,111.00,659.87,151,1.845,1803.7,0.202,0.093,0.169,0.101,0.129,0.089,0.218
5124,722.00,661.03,395,1.639,1803.9,0.081,0.122,0.027,0.149,0.068,0.324,0.230
5125,1307.00,666.77,978,1.847,1804.2,0.167,0.115,0.080,0.236,0.092,0.195,0.115
5126,645.00,666.38,601,1.902,1804.5,0.196,0.113,0.093,0.235,0.074,0.157,0.132
5127,941.00,665.86,926,1.841,1804.8,0.181,0.103,0.090,0.174,0.065,0.252,0.135
5128,363.00,667.75,397,1.900,1805.2,0.214,0.093,0.105,0.198,0.089,0.149,0.153
5129,394.00,668.50,421,1.918,1805.6,0.201,0.106,0.117,0.182,0.073,0.164,0.157
5130,1028.00,673.04,971,1.772,1805.9,0.387,0.095,0.095,0.088,0.066,0.168,0.102
5131,874.00,675.97,879,1.858,1806.2,0.284,0.142,0.103,0.132,0.098,0.088,0.152
5132,455.00,675.67,393,1.876,1806.6,0.256,0.175,0.110,0.175,0.077,0.102,0.106
5133,597.00,673.82,563,1.890,1806.9,0.223,0.188,0.094,0.173,0.099,0.054,0.168
5134,284.00,673.67,216,1.885,1807.2,0.215,0.131,0.069,0.315,0.085,0.069,0.115
5135,574.00,671.25,539,1.899,1807.5,0.214,0.124,0.154,0.174,0.090,0.104,0.139
5136,544.00,669.69,624,1.923,1808.2,0.206,0.132,0.105,0.184,0.108,0.132,0.134
5137,283.00,666.98,289,1.900,1808.6,0.187,0.104,0.112,0.162,0.129,0.141,0.166
5138,413.00,666.72,406,1.902,1809.0,0.148,0.140,0.076,0.092,0.100,0.196,0.248
5139,284.00,660.38,313,1.922,1809.4,0.152,0.087,0.157,0.113,0.096,0.152,0.243
5140,571.00,660.56,501,1.913,1809.7,0.214,0.134,0.104,0.124,0.100,0.189,0.134
5141,1195.00,667.18,1100,1.913,1810.4,0.221,0.161,0.108,0.127,0.092,0.136,0.154
5142,177.00,661.70,254,1.853,1810.7,0.177,0.071,0.092,0.234,0.064,0.191,0.170
5143,747.00,660.26,511,1.867,1810.9,0.231,0.121,0.071,0.165,0.071,0.176,0.165
5144,550.00,662.25,537,1.881,1811.3,0.244,0.101,0.134,0.181,0.055,0.147,0.139
5145,442.00,655.76,441,1.841,1811.5,0.210,0.086,0.124,0.140,0.097,0.183,0.161
5146,619.00,659.93,520,1.792,1811.8,0.146,0.070,0.178,0.184,0.070,0.276,0.076
5147,723.00,661.47,694,1.920,1812.6,0.199,0.146,0.120,0.140,0.110,0.152,0.132
5148,128.00,650.88,156,1.802,1812.7,0.138,0.121,0.112,0.190,0.095,0.250,0.095
5149,981.00,655.98,541,1.575,1812.9,0.054,0.065,0.185,0.163,0.185,0.304,0.043
5150,440.00,645.50,343,1.845,1813.1,0.075,0.125,0.142,0.142,0.117,0.333,0.067
5151,582.00,638.46,413,1.799,1813.3,0.068,0.117,0.233,0.165,0.087,0.272,0.058
5152,294.00,637.00,267,1.922,1813.7,0.140,0.107,0.177,0.167,0.077,0.201,0.130
5153,723.00,631.73,677,1.898,1814.0,0.085,0.234,0.154,0.128,0.074,0.213,0.112
5154,438.00,627.15,511,1.897,1814.4,0.108,0.157,0.157,0.138,0.127,0.209,0.104
5155,393.00,626.20,298,1.924,1814.7,0.073,0.199,0.097,0.102,0.180,0.218,0.131
5156,282.00,618.43,328,1.925,1814.9,0.143,0.128,0.158,0.098,0.211,0.113,0.150
5157,1008.00,620.65,783,1.896,1815.1,0.212,0.183,0.087,0.096,0.125,0.173,0.125
5158,1320.00,631.75,890,1.873,1815.3,0.181,0.223,0.181,0.064,0.149,0.106,0.096
5159,560.00,633.81,554,1.763,1815.4,0.029,0.130,0.174,0.101,0.435,0.072,0.058
5160,696.00,631.54,702,1.924,1815.7,0.160,0.203,0.144,0.080,0.112,0.150,0.150
5161,43.00,626.20,112,1.929,1815.8,0.128,0.138,0.128,0.191,0.160,0.128,0.128
5162,896.00,625.19,928,1.933,1816.4,0.168,0.132,0.154,0.152,0.113,0.127,0.154
5163,394.00,616.72,372,1.927,1817.1,0.139,0.174,0.162,0.112,0.135,0.135,0.143
5164,470.00,618.08,460,1.903,1817.4,0.148,0.167,0.148,0.039,0.163,0.163,0.172
5165,925.00,618.78,888,1.912,1818.1,0.165,0.158,0.175,0.103,0.195,0.106,0.099
5166,561.00,620.65,119,1.530,1818.2,0.045,0.102,0.102,0.193,0.375,0.159,0.023
5167,171.00,617.25,160,1.820,1818.5,0.072,0.094,0.174,0.167,0.384,0.065,0.043
5168,394.00,617.59,419,1.919,1818.9,0.095,0.105,0.149,0.167,0.247,0.116,0.120
5169,1490.00,623.99,830,1.893,1819.1,0.127,0.145,0.218,0.173,0.155,0.118,0.064
5170,855.00,623.15,829,1.855,1819.2,0.092,0.069,0.172,0.126,0.276,0.149,0.115
5171,306.00,614.35,307,1.913,1819.6,0.109,0.100,0.155,0.201,0.117,0.146,0.172
5172,801.00,614.71,769,1.915,1819.9,0.198,0.156,0.193,0.070,0.136,0.156,0.091
5173,1141.00,620.74,852,1.903,1820.1,0.188,0.145,0.210,0.094,0.101,0.109,0.152
5174,1294.00,628.23,1241,1.823,1820.3,0.093,0.227,0.196,0.072,0.124,0.165,0.124
5175,504.00,625.23,491,1.923,1820.7,0.132,0.103,0.186,0.194,0.070,0.169,0.145
5176,537.00,627.49,460,1.936,1820.9,0.092,0.144,0.144,0.167,0.109,0.207,0.138
5177,257.00,622.08,325,1.829,1821.1,0.089,0.165,0.089,0.228,0.089,0.241,0.101
5178,481.00,622.49,497,1.932,1821.5,0.172,0.142,0.139,0.135,0.135,0.150,0.127
5179,1240.00,629.94,764,1.913,1822.6,0.184,0.163,0.153,0.117,0.140,0.124,0.120
5180,1591.00,638.72,1213,1.892,1823.0,0.247,0.119,0.115,0.094,0.153,0.170,0.102
5181,1634.00,651.46,1023,1.810,1823.2,0.162,0.088,0.103,0.103,0.199,0.250,0.096
5182,739.00,652.37,743,1.887,1824.1,0.227,0.186,0.131,0.070,0.115,0.184,0.086
5183,293.00,647.38,261,1.925,1824.7,0.179,0.152,0.138,0.106,0.141,0.160,0.125
5184,1235.00,651.12,988,1.757,1824.9,0.117,0.102,0.086,0.297,0.164,0.141,0.094
5185,411.00,640.72,491,1.885,1825.2,0.197,0.082,0.139,0.221,0.101,0.159,0.101
5186,1081.00,646.82,932,1.900,1825.7,0.229,0.114,0.164,0.121,0.118,0.132,0.121
5187,435.00,648.38,445,1.858,1825.9,0.165,0.144,0.079,0.216,0.194,0.144,0.058
5188,817.00,653.80,766,1.909,1826.3,0.195,0.084,0.195,0.151,0.127,0.163,0.084
5189,1135.00,656.55,617,1.825,1826.5,0.103,0.159,0.138,0.179,0.117,0.207,0.097
5190,210.00,652.14,170,1.934,1827.0,0.205,0.123,0.164,0.147,0.099,0.178,0.082
5191,296.00,652.29,330,1.924,1827.4,0.184,0.122,0.165,0.114,0.114,0.176,0.125
5192,284.00,647.23,364,1.924,1827.8,0.097,0.109,0.195,0.136,0.109,0.198,0.156
5193,954.00,653.65,852,1.920,1828.7,0.158,0.134,0.188,0.121,0.118,0.163,0.118
5194,346.00,652.99,362,1.922,1828.9,0.099,0.140,0.187,0.135,0.076,0.199,0.164
5195,451.00,655.58,414,1.911,1829.5,0.141,0.130,0.159,0.112,0.141,0.177,0.141
5196,241.00,648.93,321,1.919,1829.9,0.110,0.091,0.179,0.137,0.133,0.156,0.194
5197,789.00,650.33,632,1.764,1830.0,0.121,0.220,0.077,0.088,0.077,0.308,0.110
5198,199.00,646.37,217,1.927,1830.5,0.135,0.125,0.195,0.096,0.092,0.224,0.132
5199,611.00,644.04,637,1.919,1830.8,0.141,0.154,0.158,0.124,0.094,0.209,0.120
5200,1039.00,652.25,1000,1.493,1831.0,0.054,0.380,0.065,0.109,0.022,0.261,0.109
5201,641.00,647.03,646,1.726,1831.2,0.157,0.288,0.085,0.105,0.033,0.176,0.157
5202,561.00,636.53,588,1.899,1831.6,0.164,0.164,0.145,0.156,0.082,0.152,0.137
5203,566.00,634.11,362,1.274,1831.7,0.032,0.365,0.000,0.079,0.016,0.413,0.095
5204,1725.00,645.60,1585,1.611,1831.9,0.067,0.277,0.025,0.151,0.034,0.294,0.151
5205,192.00,647.09,265,1.158,1832.0,0.032,0.127,0.000,0.063,0.079,0.571,0.127
5206,399.00,649.58,309,1.845,1832.3,0.137,0.158,0.100,0.121,0.058,0.253,0.174
5207,545.00,640.39,533,0.975,1832.4,0.000,0.109,0.000,0.073,0.000,0.673,0.145
5208,217.00,637.84,242,1.915,1832.7,0.122,0.155,0.070,0.150,0.178,0.141,0.183
5209,670.00,644.00,710,1.928,1833.4,0.152,0.122,0.118,0.141,0.150,0.169,0.148
5210,343.00,640.20,299,1.903,1833.9,0.167,0.139,0.128,0.181,0.090,0.149,0.146
5211,335.00,637.10,219,1.894,1834.3,0.170,0.095,0.111,0.164,0.138,0.180,0.141
5212,997.00,641.78,694,1.593,1834.5,0.155,0.155,0.052,0.175,0.062,0.351,0.052
5213,576.00,636.61,543,1.627,1834.7,0.107,0.195,0.034,0.208,0.107,0.322,0.027
5214,1075.00,641.53,896,1.884,1835.2,0.141,0.128,0.111,0.164,0.164,0.210,0.082
5215,1095.00,648.02,702,1.563,1835.4,0.098,0.147,0.039,0.206,0.098,0.382,0.029
5216,383.00,648.42,360,1.887,1835.8,0.127,0.145,0.071,0.173,0.155,0.226,0.102
5217,955.00,650.66,718,1.874,1836.2,0.183,0.172,0.107,0.117,0.145,0.200,0.076
5218,356.00,642.55,297,1.842,1836.5,0.137,0.223,0.071,0.213,0.137,0.132,0.086
5219,1208.00,647.75,892,1.821,1836.7,0.217,0.261,0.026,0.217,0.113,0.113,0.052
5220,131.00,642.71,183,1.834,1836.9,0.172,0.217,0.045,0.268,0.146,0.115,0.038
5221,444.00,642.34,523,1.920,1837.5,0.190,0.142,0.100,0.164,0.148,0.166,0.090
5222,391.00,640.44,404,1.884,1838.0,0.193,0.226,0.080,0.119,0.110,0.169,0.104
5223,104.00,640.37,184,1.867,1838.3,0.123,0.294,0.114,0.083,0.110,0.171,0.105
5224,1835.00,651.50,1364,1.881,1838.5,0.254,0.193,0.105,0.132,0.096,0.149,0.070
5225,1267.00,651.10,1153,1.920,1839.9,0.164,0.162,0.163,0.132,0.149,0.154,0.076
5226,308.00,647.73,211,1.910,1840.5,0.222,0.152,0.146,0.115,0.104,0.124,0.138
5227,478.00,643.10,420,1.902,1840.9,0.248,0.163,0.137,0.095,0.108,0.147,0.101
5228,912.00,648.59,704,1.767,1841.1,0.096,0.375,0.096,0.096,0.154,0.125,0.058
5229,211.00,646.76,274,1.503,1841.2,0.164,0.452,0.000,0.123,0.027,0.137,0.096
5230,813.00,644.61,686,1.727,1841.4,0.115,0.375,0.029,0.183,0.096,0.125,0.077
5231,556.00,641.43,588,1.883,1841.7,0.197,0.173,0.062,0.154,0.163,0.139,0.111
5232,909.00,645.97,857,1.883,1842.1,0.239,0.162,0.059,0.165,0.118,0.151,0.107
5233,667.00,646.67,671,1.900,1842.8,0.185,0.216,0.075,0.137,0.137,0.124,0.127
5234,903.00,652.86,841,1.756,1843.1,0.194,0.272,0.042,0.099,0.147,0.204,0.042
5235,374.00,650.86,404,1.887,1843.8,0.219,0.184,0.109,0.149,0.091,0.179,0.070
5236,188.00,647.30,175,1.889,1844.2,0.199,0.188,0.083,0.112,0.137,0.141,0.141
5237,713.00,651.60,486,1.732,1844.4,0.138,0.336,0.026,0.078,0.069,0.224,0.129
5238,243.00,649.90,237,1.904,1844.7,0.202,0.151,0.037,0.147,0.092,0.179,0.193
5239,635.00,653.41,553,1.914,1845.0,0.171,0.136,0.070,0.184,0.127,0.149,0.162
5240,842.00,656.12,817,1.889,1845.4,0.169,0.165,0.077,0.130,0.119,0.192,0.149
5241,605.00,650.22,556,1.826,1845.7,0.103,0.178,0.075,0.075,0.116,0.308,0.144
5242,1030.00,658.75,976,1.895,1846.1,0.129,0.229,0.110,0.086,0.110,0.157,0.181
5243,260.00,653.88,296,1.920,1847.0,0.166,0.153,0.123,0.153,0.129,0.132,0.144
5244,304.00,651.42,335,1.897,1847.5,0.274,0.116,0.076,0.122,0.135,0.125,0.152
5245,525.00,652.25,503,1.769,1847.7,0.282,0.121,0.107,0.087,0.174,0.081,0.148
5246,623.00,652.29,513,1.712,1847.8,0.412,0.062,0.163,0.113,0.075,0.087,0.087
5247,1070.00,655.76,990,1.684,1848.0,0.384,0.121,0.111,0.101,0.141,0.071,0.071
5248,1071.00,665.19,1013,1.710,1848.2,0.389,0.065,0.102,0.102,0.139,0.111,0.093
5249,1444.00,669.82,1337,1.765,1848.4,0.311,0.113,0.124,0.119,0.085,0.147,0.102
5250,183.00,667.25,110,1.715,1848.6,0.352,0.112,0.104,0.096,0.088,0.160,0.088
5251,799.00,669.42,782,1.907,1850.0,0.214,0.140,0.126,0.138,0.143,0.114,0.124
5252,1530.00,681.78,1118,1.817,1850.5,0.254,0.092,0.130,0.193,0.081,0.182,0.069
5253,540.00,679.95,492,1.814,1851.1,0.196,0.117,0.137,0.191,0.048,0.206,0.104
5254,282.00,678.39,274,1.895,1851.8,0.216,0.124,0.152,0.163,0.071,0.150,0.124
5255,1313.00,687.59,982,0.794,1852.0,0.095,0.012,0.000,0.083,0.000,0.714,0.095
5256,418.00,688.95,498,1.286,1852.2,0.275,0.051,0.000,0.087,0.014,0.507,0.065
5257,1045.00,689.32,865,1.472,1852.4,0.293,0.096,0.036,0.072,0.048,0.365,0.090
5258,667.00,682.79,654,1.472,1852.7,0.423,0.060,0.011,0.066,0.016,0.313,0.110
5259,658.00,683.77,658,1.731,1853.1,0.294,0.080,0.059,0.088,0.076,0.231,0.172
5260,372.00,680.53,352,1.803,1853.4,0.237,0.095,0.057,0.114,0.033,0.270,0.194
5261,872.00,688.82,813,1.369,1853.6,0.136,0.074,0.000,0.037,0.012,0.457,0.284
5262,811.00,687.97,668,1.499,1853.7,0.175,0.062,0.037,0.075,0.075,0.275,0.300
5263,758.00,691.61,755,1.856,1854.2,0.170,0.134,0.080,0.141,0.105,0.196,0.174
5264,644.00,693.35,591,1.677,1854.4,0.156,0.184,0.035,0.085,0.043,0.277,0.220
5265,503.00,689.13,529,1.889,1855.0,0.137,0.155,0.092,0.130,0.087,0.244,0.155
5266,248.00,686.00,193,1.905,1855.3,0.238,0.114,0.099,0.094,0.094,0.183,0.178
5267,552.00,689.81,461,1.901,1855.6,0.207,0.138,0.149,0.069,0.106,0.186,0.144
5268,555.00,691.42,503,1.932,1856.2,0.151,0.134,0.165,0.134,0.122,0.153,0.141
5269,798.00,684.50,570,1.342,1856.4,0.163,0.228,0.016,0.041,0.024,0.463,0.065
5270,290.00,678.85,276,1.935,1857.2,0.156,0.164,0.141,0.132,0.106,0.152,0.149
5271,403.00,679.82,377,1.923,1858.0,0.165,0.130,0.128,0.109,0.179,0.148,0.142
5272,689.00,678.70,528,1.876,1858.3,0.105,0.167,0.088,0.154,0.228,0.154,0.105
5273,259.00,669.88,213,1.769,1858.6,0.159,0.313,0.051,0.169,0.133,0.113,0.062
5274,553.00,662.47,487,1.915,1859.3,0.182,0.187,0.124,0.135,0.135,0.151,0.086
5275,712.00,664.55,678,1.873,1859.6,0.186,0.191,0.137,0.113,0.123,0.162,0.088
5276,754.00,666.72,796,1.890,1860.0,0.266,0.159,0.111,0.083,0.143,0.171,0.067
5277,906.00,673.21,765,1.874,1860.3,0.261,0.114,0.125,0.108,0.125,0.176,0.091
5278,975.00,678.15,838,1.699,1860.5,0.280,0.280,0.087,0.040,0.060,0.193,0.060
5279,693.00,672.68,685,1.859,1861.0,0.215,0.257,0.142,0.109,0.074,0.153,0.050
5280,483.00,661.60,414,1.865,1861.5,0.193,0.213,0.114,0.132,0.117,0.140,0.091
5281,721.00,652.47,105,1.595,1861.8,0.186,0.428,0.076,0.062,0.097,0.124,0.028
5282,270.00,647.78,310,1.874,1862.2,0.223,0.241,0.073,0.120,0.117,0.142,0.084
5283,1022.00,655.07,950,1.782,1862.4,0.141,0.308,0.119,0.119,0.092,0.119,0.103
5284,1236.00,655.08,854,1.593,1862.6,0.179,0.268,0.071,0.098,0.062,0.259,0.062
5285,533.00,656.30,133,1.674,1862.9,0.129,0.276,0.129,0.086,0.049,0.288,0.043
5286,806.00,653.55,672,1.867,1863.4,0.179,0.187,0.133,0.128,0.109,0.171,0.093
5287,874.00,657.94,493,1.872,1863.9,0.146,0.158,0.106,0.122,0.152,0.249,0.067
5288,483.00,654.60,242,1.738,1864.2,0.114,0.256,0.176,0.057,0.085,0.290,0.023
5289,580.00,649.05,362,1.706,1864.4,0.195,0.203,0.109,0.102,0.078,0.297,0.016
5290,685.00,653.80,663,1.903,1865.0,0.128,0.135,0.225,0.133,0.116,0.191,0.072
5291,561.00,656.45,502,1.929,1865.6,0.135,0.139,0.151,0.111,0.188,0.180,0.096
5292,1175.00,665.36,992,1.857,1865.8,0.165,0.191,0.070,0.165,0.104,0.243,0.061
5293,488.00,660.70,450,1.805,1865.9,0.095,0.286,0.012,0.190,0.083,0.274,0.060
5294,243.00,659.67,214,1.919,1866.3,0.140,0.205,0.078,0.136,0.109,0.178,0.155
5295,116.00,656.32,196,1.816,1866.6,0.148,0.348,0.052,0.084,0.161,0.071,0.135
5296,1237.00,666.28,1123,1.861,1866.8,0.225,0.250,0.083,0.125,0.100,0.058,0.158
5297,1498.00,673.37,1393,1.801,1866.9,0.163,0.265,0.041,0.082,0.204,0.071,0.173
5298,316.00,674.54,396,1.917,1867.6,0.155,0.151,0.124,0.148,0.129,0.094,0.199
5299,374.00,672.17,362,1.910,1867.9,0.221,0.159,0.043,0.111,0.154,0.144,0.168
5300,424.00,666.02,463,1.838,1868.2,0.141,0.136,0.045,0.151,0.146,0.141,0.241
5301,398.00,663.59,325,1.904,1868.6,0.177,0.118,0.123,0.091,0.105,0.141,0.245
5302,647.00,664.45,620,1.900,1869.0,0.161,0.153,0.088,0.134,0.088,0.169,0.207
5303,204.00,660.83,199,1.897,1869.3,0.127,0.191,0.069,0.104,0.162,0.150,0.197
5304,315.00,646.73,395,1.818,1869.4,0.120,0.173,0.053,0.147,0.120,0.227,0.160
5305,775.00,652.56,696,1.721,1869.5,0.131,0.111,0.071,0.182,0.091,0.303,0.111
5306,644.00,655.01,644,1.925,1870.1,0.182,0.106,0.111,0.139,0.119,0.175,0.167
5307,523.00,654.79,504,1.929,1871.3,0.179,0.101,0.151,0.162,0.138,0.130,0.139
5308,490.00,657.52,465,1.925,1871.6,0.132,0.165,0.142,0.137,0.080,0.189,0.156
5309,1162.00,662.44,779,1.921,1872.1,0.149,0.068,0.155,0.152,0.170,0.158,0.149
5310,810.00,667.11,803,1.894,1872.4,0.192,0.089,0.118,0.158,0.133,0.128,0.182
5311,721.00,670.97,611,1.896,1872.7,0.199,0.078,0.078,0.265,0.108,0.108,0.163
5312,721.00,668.21,728,1.674,1872.8,0.104,0.194,0.119,0.164,0.075,0.313,0.030
5313,707.00,669.52,689,1.925,1873.4,0.173,0.081,0.128,0.171,0.142,0.133,0.173
5314,457.00,663.34,445,1.878,1874.1,0.114,0.056,0.129,0.180,0.160,0.148,0.214
5315,466.00,657.05,464,1.881,1874.3,0.120,0.038,0.164,0.115,0.175,0.153,0.235
5316,923.00,662.45,789,1.826,1874.4,0.111,0.153,0.083,0.042,0.319,0.139,0.153
5317,286.00,655.76,257,1.914,1875.0,0.158,0.063,0.158,0.106,0.201,0.106,0.209
5318,962.00,661.82,858,1.798,1875.3,0.212,0.148,0.122,0.095,0.201,0.090,0.132
5319,504.00,654.78,472,1.850,1875.8,0.316,0.167,0.103,0.088,0.112,0.073,0.140
5320,366.00,657.13,317,1.847,1876.0,0.295,0.087,0.142,0.071,0.186,0.104,0.115
5321,1156.00,664.25,961,1.665,1876.3,0.293,0.127,0.116,0.072,0.144,0.166,0.083
5322,907.00,669.41,741,1.660,1876.7,0.371,0.074,0.144,0.114,0.118,0.087,0.092
5323,1731.00,685.68,504,1.696,1876.9,0.326,0.167,0.159,0.036,0.087,0.188,0.036
5324,325.00,670.58,364,1.757,1877.2,0.397,0.039,0.109,0.135,0.109,0.105,0.105
5325,579.00,663.70,425,1.824,1877.4,0.343,0.067,0.134,0.067,0.082,0.187,0.119
5326,665.00,667.27,665,1.678,1877.5,0.119,0.071,0.048,0.024,0.095,0.238,0.405
5327,707.00,669.56,458,1.894,1877.7,0.252,0.036,0.230,0.108,0.079,0.129,0.165
5328,695.00,667.39,732,1.893,1878.0,0.129,0.116,0.142,0.135,0.110,0.148,0.219
5329,926.00,674.54,814,1.495,1878.1,0.019,0.151,0.019,0.057,0.132,0.396,0.226
5330,594.00,672.35,602,1.707,1878.2,0.054,0.152,0.120,0.098,0.109,0.163,0.304
5331,356.00,670.35,396,1.361,1878.3,0.000,0.019,0.000,0.058,0.115,0.250,0.558
5332,808.00,669.34,597,1.662,1878.4,0.071,0.155,0.107,0.083,0.083,0.083,0.417
5333,664.00,669.31,608,1.925,1878.9,0.188,0.122,0.205,0.129,0.076,0.145,0.135
5334,1043.00,670.71,906,1.850,1879.1,0.126,0.136,0.146,0.184,0.029,0.165,0.214
5335,232.00,669.29,234,1.895,1879.3,0.200,0.069,0.172,0.207,0.117,0.145,0.090
5336,432.00,671.73,501,1.918,1880.2,0.165,0.122,0.170,0.163,0.105,0.114,0.161
5337,779.00,672.39,463,1.572,1880.4,0.138,0.046,0.177,0.069,0.062,0.154,0.354
5338,0.00,669.96,0,0.040,1880.4,0.000,0.000,0.000,0.000,0.000,0.000,1.000
5339,88.00,664.49,88,1.532,1880.7,0.168,0.066,0.051,0.051,0.036,0.204,0.423
5340,422.00,660.29,400,1.593,1880.9,0.152,0.067,0.036,0.073,0.109,0.200,0.364
5341,280.00,657.04,252,1.758,1881.4,0.161,0.092,0.062,0.062,0.155,0.161,0.306
5342,91.00,647.65,91,0.018,1881.5,0.000,0.000,0.000,0.000,0.000,0.025,0.975
5343,0.00,645.05,0,0.020,1881.5,0.000,0.000,0.000,0.000,0.000,0.000,1.000
5344,0.00,642.01,0,0.080,1881.6,0.000,0.000,0.000,0.000,0.000,0.000,1.000
5345,224.00,639.00,133,1.611,1881.9,0.292,0.038,0.059,0.076,0.141,0.054,0.341
5346,282.00,635.59,266,1.789,1882.2,0.214,0.070,0.105,0.114,0.122,0.057,0.319
5347,255.00,627.44,255,0.931,1882.3,0.136,0.045,0.000,0.114,0.000,0.000,0.705
5348,169.00,618.42,160,1.865,1882.6,0.164,0.123,0.114,0.155,0.105,0.041,0.297
5349,555.00,609.53,623,1.824,1882.9,0.161,0.118,0.113,0.172,0.124,0.059,0.253
5350,486.00,612.56,483,1.902,1883.3,0.136,0.136,0.121,0.175,0.164,0.093,0.175
5351,332.00,607.89,292,1.750,1883.6,0.132,0.184,0.123,0.167,0.061,0.053,0.281
5352,383.00,596.42,375,1.865,1883.9,0.185,0.190,0.097,0.138,0.097,0.051,0.241
5353,361.00,594.63,338,1.908,1884.2,0.181,0.189,0.145,0.104,0.149,0.088,0.145
5354,199.00,593.80,199,1.495,1884.3,0.203,0.153,0.017,0.051,0.085,0.034,0.458
5355,543.00,586.10,536,1.679,1884.5,0.196,0.107,0.107,0.134,0.107,0.054,0.295
5356,161.00,583.53,161,0.922,1884.6,0.162,0.000,0.027,0.000,0.000,0.054,0.757
5357,470.00,577.78,500,1.895,1885.0,0.142,0.162,0.142,0.105,0.159,0.105,0.186
5358,536.00,576.47,518,1.060,1885.2,0.169,0.042,0.042,0.056,0.070,0.028,0.592
5359,264.00,572.53,246,1.321,1885.3,0.120,0.107,0.040,0.080,0.067,0.040,0.547
5360,327.00,572.08,367,1.634,1885.5,0.225,0.137,0.078,0.069,0.069,0.049,0.373
5361,947.00,572.83,742,1.625,1885.6,0.147,0.133,0.040,0.093,0.067,0.160,0.360
5362,507.00,569.79,439,1.777,1885.8,0.196,0.154,0.070,0.133,0.056,0.133,0.259
5363,393.00,566.14,393,1.381,1885.9,0.056,0.093,0.019,0.019,0.037,0.111,0.667
5364,410.00,563.80,355,1.406,1886.0,0.000,0.086,0.000,0.171,0.000,0.200,0.543
5365,488.00,563.65,451,1.866,1886.2,0.155,0.217,0.124,0.149,0.106,0.050,0.199
5366,123.00,562.40,84,1.785,1886.4,0.135,0.189,0.027,0.230,0.027,0.108,0.284
5367,983.00,566.71,709,1.827,1886.5,0.078,0.195,0.091,0.286,0.078,0.078,0.195
5368,475.00,565.91,366,1.854,1886.7,0.268,0.179,0.122,0.163,0.065,0.065,0.138
5369,542.00,563.35,517,1.886,1887.0,0.189,0.179,0.138,0.128,0.107,0.077,0.184
5370,375.00,564.20,377,1.899,1887.3,0.199,0.120,0.153,0.139,0.153,0.074,0.162
5371,742.00,567.59,708,1.912,1887.8,0.191,0.155,0.191,0.126,0.119,0.079,0.140
5372,766.00,568.36,798,1.813,1887.9,0.129,0.095,0.164,0.198,0.060,0.095,0.259
5373,885.00,574.62,954,1.913,1888.6,0.183,0.111,0.147,0.128,0.149,0.128,0.154
5374,907.00,578.16,861,1.908,1889.0,0.202,0.149,0.113,0.146,0.089,0.119,0.182
5375,259.00,573.63,243,1.845,1889.3,0.135,0.191,0.090,0.180,0.079,0.084,0.242
5376,489.00,570.98,477,1.610,1889.4,0.102,0.082,0.031,0.235,0.051,0.184,0.316
5377,777.00,569.69,678,1.680,1889.6,0.120,0.093,0.040,0.213,0.027,0.160,0.347
5378,398.00,563.92,392,1.911,1890.3,0.181,0.134,0.126,0.144,0.146,0.107,0.163
5379,265.00,559.64,261,1.868,1890.6,0.282,0.158,0.066,0.079,0.091,0.129,0.195
5380,287.00,557.68,252,1.824,1891.0,0.242,0.081,0.089,0.169,0.059,0.225,0.136
5381,818.00,558.65,854,1.815,1891.4,0.198,0.085,0.105,0.162,0.073,0.194,0.182
5382,551.00,561.46,545,1.774,1891.7,0.199,0.060,0.085,0.199,0.050,0.214,0.194
5383,444.00,555.68,416,1.818,1892.0,0.233,0.053,0.115,0.145,0.110,0.167,0.176
5384,516.00,548.48,471,1.638,1892.2,0.248,0.023,0.030,0.120,0.023,0.346,0.211
5385,2133.00,564.48,2130,1.404,1892.4,0.156,0.010,0.010,0.177,0.062,0.375,0.208
5386,994.00,566.36,917,0.841,1892.5,0.033,0.000,0.016,0.115,0.000,0.623,0.213
5387,374.00,561.36,387,1.548,1892.8,0.128,0.048,0.059,0.123,0.043,0.353,0.246
5388,669.00,563.22,669,1.250,1892.9,0.095,0.008,0.016,0.127,0.032,0.484,0.238
5389,964.00,567.06,858,0.910,1893.1,0.011,0.000,0.011,0.077,0.000,0.648,0.253
5390,436.00,564.57,404,1.715,1893.3,0.190,0.044,0.109,0.080,0.036,0.277,0.263
5391,468.00,563.64,548,0.864,1893.4,0.000,0.000,0.000,0.118,0.000,0.574,0.309
5392,501.00,556.90,420,1.407,1893.6,0.113,0.009,0.038,0.132,0.000,0.349,0.358
5393,458.00,556.60,396,1.428,1893.7,0.058,0.000,0.029,0.145,0.029,0.478,0.261
5394,528.00,559.45,543,1.888,1894.3,0.184,0.089,0.154,0.108,0.122,0.198,0.144
5395,418.00,562.47,458,1.539,1894.4,0.183,0.033,0.000,0.117,0.067,0.250,0.350
5396,484.00,554.94,439,1.784,1894.7,0.139,0.077,0.173,0.106,0.120,0.149,0.236
5397,318.00,543.14,245,1.071,1894.8,0.069,0.042,0.014,0.014,0.056,0.042,0.764
5398,422.00,544.20,326,1.803,1895.2,0.127,0.122,0.181,0.093,0.114,0.127,0.236
5399,1314.00,553.60,1314,1.073,1895.3,0.049,0.000,0.000,0.033,0.049,0.410,0.459
5400,215.00,551.51,202,1.249,1895.4,0.038,0.013,0.064,0.026,0.051,0.205,0.603
5401,456.00,552.09,456,0.808,1895.5,0.000,0.000,0.024,0.000,0.000,0.439,0.537
5402,920.00,554.82,932,1.889,1896.5,0.214,0.127,0.178,0.090,0.130,0.137,0.123
5403,1693.00,569.71,1733,1.214,1896.7,0.041,0.041,0.124,0.041,0.041,0.392,0.320
5404,1006.00,576.62,723,1.506,1896.8,0.107,0.024,0.119,0.048,0.119,0.262,0.321
5405,537.00,574.24,375,1.826,1897.0,0.139,0.060,0.199,0.086,0.139,0.139,0.238
5406,370.00,571.50,336,1.912,1897.6,0.125,0.105,0.208,0.139,0.105,0.161,0.158
5407,273.00,569.00,313,1.823,1897.9,0.106,0.123,0.154,0.106,0.084,0.233,0.194
5408,1139.00,575.49,1092,1.355,1898.1,0.038,0.075,0.057,0.047,0.057,0.472,0.255
5409,297.00,566.84,216,1.780,1898.4,0.130,0.086,0.168,0.043,0.108,0.265,0.200
5410,351.00,562.25,343,1.826,1898.6,0.058,0.148,0.174,0.045,0.103,0.310,0.161
5411,411.00,559.15,417,1.895,1899.0,0.147,0.088,0.143,0.080,0.118,0.244,0.181
5412,999.00,561.93,806,1.777,1899.4,0.154,0.139,0.112,0.075,0.157,0.213,0.150
5413,1184.00,566.70,1143,1.467,1899.6,0.113,0.099,0.071,0.050,0.149,0.369,0.149
5414,545.00,567.58,543,1.918,1900.1,0.159,0.159,0.148,0.084,0.179,0.151,0.120
5415,671.00,569.63,693,1.254,1900.3,0.030,0.040,0.010,0.010,0.525,0.149,0.238
5416,820.00,568.60,649,1.823,1900.5,0.119,0.170,0.068,0.080,0.227,0.199,0.136
5417,646.00,572.20,612,1.931,1901.4,0.150,0.154,0.153,0.123,0.154,0.143,0.123
5418,677.00,569.35,444,1.815,1901.6,0.050,0.155,0.062,0.193,0.174,0.217,0.149
5419,298.00,567.29,288,1.930,1902.0,0.104,0.208,0.099,0.156,0.146,0.160,0.127
5420,424.00,567.87,224,1.940,1902.2,0.177,0.091,0.183,0.134,0.140,0.140,0.134
5421,419.00,560.50,345,1.801,1902.4,0.087,0.106,0.067,0.163,0.183,0.144,0.250
5422,627.00,557.70,618,1.922,1902.8,0.188,0.105,0.152,0.152,0.125,0.117,0.160
5423,444.00,544.83,471,1.875,1903.0,0.145,0.082,0.145,0.119,0.132,0.126,0.252
5424,570.00,547.28,530,1.882,1903.4,0.192,0.088,0.154,0.142,0.119,0.146,0.158
5425,423.00,545.72,371,1.862,1903.7,0.307,0.111,0.118,0.137,0.118,0.052,0.157
5426,215.00,541.22,234,1.874,1904.0,0.246,0.123,0.145,0.127,0.114,0.114,0.132
5427,372.00,537.87,360,1.921,1905.0,0.186,0.116,0.207,0.116,0.125,0.107,0.143
5428,373.00,534.65,371,1.743,1905.4,0.165,0.104,0.227,0.119,0.115,0.162,0.108
5429,380.00,529.19,328,1.727,1905.6,0.250,0.056,0.315,0.037,0.093,0.093,0.157
5430,369.00,526.94,449,1.719,1905.7,0.294,0.094,0.224,0.035,0.129,0.059,0.165
5431,704.00,530.42,682,1.866,1906.2,0.226,0.082,0.201,0.119,0.144,0.107,0.122
5432,198.00,524.32,278,1.487,1906.4,0.183,0.000,0.155,0.028,0.225,0.113,0.296
5433,747.00,525.15,713,1.877,1907.1,0.229,0.098,0.184,0.098,0.120,0.135,0.135
5434,631.00,521.03,599,1.817,1907.4,0.276,0.050,0.199,0.090,0.163,0.104,0.118
5435,710.00,525.81,632,1.686,1907.7,0.237,0.023,0.191,0.023,0.168,0.229,0.130
5436,750.00,528.99,637,1.829,1908.1,0.189,0.070,0.182,0.094,0.168,0.196,0.101
5437,375.00,524.95,346,1.810,1908.4,0.226,0.006,0.190,0.125,0.083,0.208,0.161
5438,1024.00,535.19,842,1.774,1908.5,0.057,0.048,0.162,0.190,0.143,0.248,0.152
5439,713.00,541.44,521,1.391,1908.6,0.049,0.000,0.066,0.115,0.344,0.295,0.131
5440,579.00,543.01,496,1.857,1909.1,0.142,0.088,0.258,0.139,0.124,0.142,0.106
5441,501.00,545.22,567,1.836,1910.1,0.160,0.058,0.235,0.145,0.132,0.174,0.096
5442,429.00,548.60,494,1.782,1910.3,0.160,0.035,0.278,0.132,0.111,0.146,0.139
5443,338.00,551.98,331,1.835,1910.7,0.212,0.044,0.256,0.172,0.076,0.124,0.116
5444,919.00,561.17,683,1.866,1910.9,0.216,0.049,0.154,0.198,0.160,0.093,0.130
5445,430.00,563.23,431,1.903,1911.7,0.212,0.086,0.168,0.167,0.121,0.156,0.090
5446,383.00,564.24,354,1.839,1912.4,0.167,0.103,0.228,0.136,0.066,0.202,0.099
5447,581.00,567.50,364,1.893,1913.0,0.120,0.104,0.184,0.181,0.094,0.195,0.122
5448,820.00,574.01,641,1.779,1913.3,0.116,0.089,0.147,0.237,0.042,0.158,0.211
5449,180.00,570.26,180,0.710,1913.3,0.025,0.000,0.000,0.150,0.000,0.050,0.775
5450,420.00,569.60,319,1.864,1913.9,0.117,0.068,0.263,0.135,0.050,0.190,0.177
5451,771.00,573.99,727,1.877,1914.5,0.171,0.096,0.171,0.181,0.092,0.140,0.149
5452,1095.00,581.11,1065,1.412,1914.7,0.055,0.037,0.018,0.413,0.092,0.018,0.367
5453,643.00,583.93,568,1.759,1914.9,0.185,0.038,0.100,0.238,0.077,0.123,0.238
5454,668.00,588.62,458,1.817,1915.3,0.186,0.052,0.113,0.238,0.113,0.139,0.160
5455,747.00,590.66,634,1.914,1916.0,0.169,0.117,0.131,0.173,0.096,0.173,0.142
5456,619.00,595.24,424,1.878,1916.3,0.103,0.048,0.186,0.193,0.152,0.152,0.166
5457,521.00,595.75,554,1.920,1916.7,0.163,0.099,0.167,0.107,0.116,0.172,0.176
5458,397.00,594.36,431,1.920,1917.4,0.147,0.108,0.178,0.129,0.153,0.124,0.160
5459,447.00,596.19,447,1.887,1917.7,0.166,0.099,0.138,0.123,0.174,0.083,0.217
5460,896.00,601.88,887,1.930,1919.5,0.175,0.134,0.162,0.122,0.159,0.129,0.120
5461,521.00,597.62,509,1.770,1919.8,0.036,0.036,0.270,0.107,0.265,0.189,0.097
5462,429.00,596.84,340,1.741,1919.9,0.060,0.012,0.229,0.157,0.169,0.253,0.120
5463,228.00,595.19,308,1.772,1920.2,0.098,0.061,0.262,0.189,0.122,0.226,0.043
5464,851.00,599.60,443,1.848,1920.4,0.103,0.032,0.175,0.198,0.214,0.214,0.063
5465,163.00,596.35,196,1.853,1920.7,0.089,0.081,0.209,0.200,0.115,0.243,0.064
5466,662.00,601.74,658,1.890,1921.2,0.122,0.095,0.190,0.228,0.119,0.173,0.071
5467,672.00,598.63,624,1.905,1921.8,0.176,0.112,0.181,0.197,0.119,0.130,0.085
5468,652.00,600.40,617,1.913,1922.3,0.148,0.084,0.164,0.154,0.137,0.199,0.113
5469,380.00,598.78,420,1.414,1922.4,0.370,0.037,0.019,0.056,0.148,0.074,0.296
5470,329.00,598.32,316,1.918,1922.8,0.150,0.123,0.158,0.194,0.138,0.170,0.067
5471,440.00,595.30,422,1.937,1923.6,0.164,0.133,0.121,0.151,0.155,0.170,0.105
5472,594.00,593.58,500,1.701,1923.7,0.085,0.049,0.122,0.146,0.098,0.183,0.317
5473,717.00,591.90,646,1.921,1924.4,0.143,0.101,0.160,0.167,0.077,0.184,0.169
5474,242.00,585.25,303,1.926,1924.7,0.165,0.133,0.151,0.142,0.106,0.138,0.165
5475,233.00,584.99,308,1.937,1925.2,0.171,0.129,0.153,0.146,0.111,0.160,0.129
5476,875.00,588.85,783,1.927,1925.7,0.181,0.144,0.141,0.181,0.155,0.115,0.083
5477,293.00,584.01,263,1.908,1926.1,0.204,0.122,0.130,0.130,0.174,0.122,0.119
5478,787.00,587.90,745,1.935,1926.7,0.162,0.149,0.124,0.156,0.178,0.130,0.101
5479,925.00,594.50,827,1.681,1926.9,0.150,0.050,0.060,0.260,0.140,0.060,0.280
5480,541.00,597.04,576,1.901,1927.3,0.226,0.119,0.096,0.100,0.148,0.185,0.126
5481,1034.00,599.20,997,1.749,1927.5,0.259,0.086,0.050,0.122,0.158,0.151,0.173
5482,162.00,595.31,162,1.143,1927.6,0.514,0.000,0.000,0.000,0.200,0.000,0.286
5483,822.00,599.09,703,1.708,1928.0,0.205,0.076,0.114,0.141,0.194,0.114,0.156
5484,691.00,600.84,71,1.379,1928.2,0.512,0.049,0.049,0.037,0.244,0.049,0.061
5485,414.00,583.65,382,1.907,1928.9,0.134,0.148,0.144,0.121,0.168,0.128,0.156
5486,178.00,575.49,253,1.634,1929.0,0.214,0.048,0.083,0.131,0.179,0.036,0.310
5487,605.00,577.80,387,1.592,1929.2,0.100,0.050,0.087,0.113,0.412,0.000,0.237
5488,358.00,574.69,335,1.848,1929.4,0.137,0.060,0.197,0.169,0.219,0.077,0.142
5489,1087.00,575.92,940,1.725,1929.6,0.103,0.080,0.092,0.172,0.264,0.034,0.253
5490,605.00,577.61,372,1.818,1929.8,0.146,0.089,0.163,0.211,0.195,0.057,0.138
5491,485.00,577.78,435,1.903,1930.3,0.156,0.116,0.281,0.136,0.088,0.119,0.102
5492,635.00,579.12,675,1.902,1930.6,0.118,0.101,0.237,0.142,0.095,0.172,0.136
5493,394.00,578.48,264,1.350,1930.7,0.052,0.052,0.130,0.104,0.065,0.091,0.506
5494,505.00,578.25,448,1.487,1930.8,0.038,0.064,0.154,0.090,0.090,0.038,0.526
5495,735.00,581.42,668,1.929,1931.4,0.114,0.109,0.254,0.157,0.124,0.112,0.129
5496,516.00,581.74,498,1.920,1932.0,0.158,0.110,0.161,0.153,0.110,0.174,0.134
5497,1153.00,590.09,1095,1.698,1932.1,0.094,0.176,0.059,0.106,0.165,0.259,0.141
5498,783.00,593.70,683,1.851,1932.4,0.094,0.129,0.158,0.094,0.144,0.252,0.129
5499,313.00,583.69,327,1.896,1932.7,0.114,0.090,0.205,0.148,0.167,0.190,0.086
5500,544.00,586.98,417,1.929,1933.5,0.157,0.122,0.170,0.155,0.136,0.165,0.095
5501,883.00,591.25,787,1.388,1933.6,0.093,0.027,0.427,0.067,0.200,0.067,0.120
5502,283.00,584.88,288,1.850,1934.0,0.127,0.061,0.218,0.197,0.092,0.201,0.105
5503,448.00,572.43,329,1.744,1934.2,0.159,0.047,0.271,0.200,0.059,0.141,0.124
5504,561.00,567.98,636,1.685,1934.4,0.153,0.034,0.415,0.127,0.025,0.085,0.161
5505,549.00,568.10,477,1.851,1934.6,0.169,0.127,0.220,0.127,0.059,0.144,0.153
5506,497.00,569.37,418,1.903,1935.0,0.142,0.152,0.149,0.176,0.093,0.173,0.114
5507,215.00,568.79,294,1.864,1935.3,0.159,0.102,0.216,0.233,0.040,0.148,0.102
5508,684.00,564.24,530,1.666,1935.4,0.258,0.065,0.145,0.177,0.032,0.145,0.177
5509,418.00,565.45,476,1.900,1935.8,0.148,0.134,0.124,0.216,0.092,0.184,0.102
5510,394.00,565.88,432,1.923,1936.7,0.176,0.141,0.141,0.159,0.105,0.162,0.117
5511,557.00,567.34,470,1.896,1937.2,0.225,0.135,0.141,0.159,0.093,0.135,0.114
5512,431.00,561.66,426,1.851,1937.6,0.265,0.138,0.063,0.146,0.059,0.178,0.150
5513,699.00,556.81,485,1.576,1937.7,0.299,0.078,0.065,0.182,0.039,0.156,0.182
5514,660.00,557.96,539,1.844,1938.0,0.280,0.118,0.068,0.143,0.087,0.155,0.149
5515,354.00,554.79,285,1.868,1938.2,0.277,0.108,0.088,0.182,0.068,0.135,0.142
5516,739.00,553.98,734,1.877,1938.6,0.227,0.134,0.093,0.182,0.105,0.113,0.146
5517,192.00,549.44,178,1.218,1938.6,0.229,0.000,0.000,0.086,0.000,0.143,0.543
5518,699.00,549.66,640,1.695,1938.8,0.214,0.103,0.056,0.151,0.079,0.135,0.262
5519,749.00,554.17,725,1.823,1939.2,0.239,0.134,0.057,0.177,0.110,0.129,0.153
5520,523.00,555.16,475,1.907,1939.8,0.188,0.132,0.118,0.162,0.132,0.134,0.134
5521,1272.00,563.69,996,1.645,1940.0,0.214,0.172,0.028,0.069,0.076,0.255,0.186
5522,824.00,565.66,636,1.767,1940.4,0.276,0.232,0.070,0.074,0.118,0.140,0.092
5523,821.00,569.43,813,1.568,1940.7,0.382,0.153,0.019,0.025,0.083,0.204,0.134
5524,505.00,568.78,419,1.815,1941.1,0.243,0.200,0.079,0.068,0.096,0.175,0.139
5525,814.00,572.69,779,1.431,1941.2,0.241,0.052,0.000,0.000,0.224,0.276,0.207
5526,501.00,575.55,521,1.743,1941.6,0.208,0.094,0.080,0.042,0.194,0.184,0.198
5527,153.00,573.36,171,1.586,1941.8,0.370,0.065,0.065,0.000,0.109,0.098,0.293
5528,1010.00,579.73,974,1.421,1941.8,0.404,0.000,0.018,0.000,0.158,0.070,0.351
5529,366.00,579.59,362,1.859,1942.3,0.210,0.098,0.112,0.061,0.173,0.122,0.224
5530,649.00,582.39,607,1.767,1942.5,0.240,0.058,0.084,0.052,0.247,0.110,0.208
5531,1401.00,589.36,1205,1.632,1942.7,0.316,0.034,0.026,0.034,0.291,0.179,0.120
5532,952.00,596.90,545,1.568,1942.9,0.402,0.041,0.072,0.010,0.227,0.155,0.093
5533,689.00,596.32,725,1.535,1943.0,0.457,0.000,0.054,0.011,0.141,0.217,0.120
5534,836.00,598.37,813,1.880,1943.5,0.248,0.099,0.110,0.104,0.167,0.122,0.149
5535,336.00,594.63,349,1.521,1943.7,0.431,0.000,0.049,0.010,0.137,0.216,0.157
5536,1511.00,602.24,1419,1.522,1943.8,0.329,0.026,0.066,0.013,0.197,0.224,0.145
5537,947.00,607.96,891,1.816,1944.2,0.276,0.111,0.078,0.092,0.189,0.106,0.147
5538,70.00,598.42,110,1.702,1944.4,0.344,0.039,0.070,0.086,0.156,0.156,0.148
5539,124.00,592.53,141,1.804,1944.6,0.256,0.094,0.069,0.106,0.175,0.062,0.237
5540,0.00,586.74,0,0.789,1944.7,0.568,0.000,0.000,0.000,0.000,0.000,0.432
5541,911.00,590.84,582,1.536,1944.8,0.359,0.026,0.051,0.154,0.077,0.038,0.295
5542,314.00,589.69,314,0.992,1944.9,0.302,0.000,0.070,0.023,0.023,0.023,0.558
5543,793.00,594.24,410,1.520,1945.0,0.429,0.036,0.071,0.089,0.036,0.054,0.286
5544,389.00,588.94,429,1.626,1945.1,0.267,0.033,0.089,0.078,0.133,0.022,0.378
5545,947.00,594.11,916,1.853,1945.4,0.226,0.119,0.107,0.125,0.119,0.089,0.214
5546,303.00,593.31,303,1.323,1945.5,0.366,0.000,0.073,0.024,0.024,0.000,0.512
5547,368.00,591.18,332,1.930,1945.8,0.135,0.144,0.130,0.153,0.112,0.121,0.205
5548,533.00,588.31,506,1.889,1946.1,0.124,0.124,0.145,0.145,0.120,0.150,0.192
5549,423.00,590.74,308,1.877,1946.3,0.168,0.072,0.088,0.176,0.088,0.168,0.240
5550,751.00,594.05,624,1.912,1946.7,0.200,0.137,0.145,0.114,0.090,0.129,0.184
5551,845.00,594.79,877,1.914,1947.5,0.195,0.122,0.155,0.128,0.126,0.103,0.170
5552,434.00,588.18,425,1.851,1947.8,0.181,0.065,0.097,0.110,0.077,0.200,0.271
5553,1053.00,592.28,765,1.844,1947.9,0.164,0.090,0.189,0.074,0.074,0.131,0.279
5554,514.00,590.74,487,1.892,1948.1,0.085,0.123,0.131,0.200,0.062,0.200,0.200
5555,467.00,587.94,417,1.901,1948.5,0.161,0.143,0.121,0.211,0.049,0.117,0.197
5556,632.00,588.07,712,1.922,1949.2,0.129,0.133,0.150,0.187,0.086,0.178,0.137
5557,404.00,586.90,392,1.926,1949.5,0.195,0.144,0.155,0.132,0.098,0.126,0.149
5558,426.00,587.19,463,1.927,1950.0,0.130,0.142,0.147,0.130,0.136,0.168,0.147
5559,546.00,588.18,484,1.649,1950.2,0.273,0.042,0.301,0.091,0.077,0.112,0.105
5560,557.00,584.79,454,1.927,1950.7,0.201,0.150,0.127,0.115,0.130,0.147,0.130
5561,272.00,582.30,263,1.854,1950.9,0.173,0.197,0.063,0.142,0.118,0.150,0.157
5562,731.00,585.32,759,1.862,1951.2,0.270,0.155,0.103,0.167,0.103,0.098,0.103
5563,1218.00,595.22,971,1.828,1951.4,0.252,0.143,0.156,0.184,0.088,0.075,0.102
5564,311.00,589.82,330,1.925,1951.8,0.126,0.172,0.105,0.188,0.163,0.142,0.105
5565,225.00,590.44,305,1.840,1951.9,0.329,0.061,0.159,0.110,0.049,0.024,0.268
5566,598.00,589.80,583,1.921,1952.2,0.146,0.099,0.106,0.139,0.126,0.132,0.252
5567,1429.00,597.37,885,1.654,1952.3,0.071,0.141,0.313,0.141,0.091,0.091,0.152
5568,497.00,595.82,493,1.937,1952.7,0.134,0.134,0.142,0.134,0.130,0.146,0.180
5569,966.00,601.68,1001,1.817,1952.9,0.124,0.172,0.207,0.076,0.138,0.124,0.159
5570,597.00,604.36,528,1.926,1953.6,0.146,0.179,0.135,0.099,0.130,0.123,0.188
5571,312.00,603.08,312,0.820,1953.7,0.949,0.000,0.026,0.000,0.000,0.000,0.026
5572,540.00,602.54,299,1.289,1953.7,0.600,0.018,0.036,0.055,0.000,0.036,0.255
5573,523.00,600.60,563,1.491,1953.9,0.394,0.061,0.121,0.091,0.030,0.030,0.273
5574,352.00,601.70,427,1.909,1954.2,0.179,0.062,0.104,0.142,0.158,0.179,0.175
5575,1039.00,609.76,970,1.931,1955.7,0.158,0.165,0.142,0.132,0.162,0.124,0.116
5576,448.00,605.49,432,1.818,1955.9,0.197,0.064,0.104,0.127,0.110,0.231,0.168
5577,990.00,612.46,650,1.404,1956.1,0.422,0.048,0.157,0.024,0.036,0.181,0.133
5578,306.00,607.65,386,1.732,1956.2,0.162,0.135,0.099,0.027,0.072,0.342,0.162
5579,499.00,603.39,506,1.887,1956.8,0.135,0.138,0.162,0.085,0.130,0.241,0.109
5580,516.00,603.14,444,1.892,1957.1,0.144,0.157,0.114,0.092,0.148,0.227,0.118
5581,823.00,601.03,775,1.906,1957.9,0.165,0.163,0.131,0.089,0.204,0.174,0.075
5582,1182.00,611.23,1004,1.690,1958.1,0.216,0.086,0.224,0.026,0.190,0.103,0.155
5583,352.00,606.53,250,1.852,1958.3,0.126,0.133,0.156,0.067,0.096,0.200,0.222
5584,1052.00,610.14,1047,1.416,1958.5,0.276,0.013,0.382,0.039,0.039,0.066,0.184
5585,632.00,612.32,575,1.879,1958.9,0.152,0.100,0.107,0.081,0.267,0.152,0.141
5586,676.00,617.30,698,1.905,1959.3,0.106,0.103,0.140,0.123,0.236,0.169,0.123
5587,204.00,613.29,237,1.923,1959.5,0.141,0.096,0.126,0.170,0.185,0.148,0.133
5588,667.00,616.38,470,1.786,1959.7,0.236,0.157,0.146,0.079,0.146,0.067,0.169
5589,271.00,608.22,275,1.932,1959.9,0.118,0.147,0.165,0.094,0.171,0.118,0.188
5590,223.00,604.40,261,1.612,1960.1,0.284,0.027,0.149,0.041,0.041,0.122,0.338
5591,407.00,603.62,444,1.935,1960.3,0.160,0.160,0.117,0.128,0.191,0.122,0.122
5592,517.00,602.44,556,1.928,1961.4,0.143,0.195,0.138,0.115,0.158,0.145,0.106
5593,408.00,602.58,436,1.926,1961.8,0.139,0.180,0.153,0.133,0.173,0.105,0.116
5594,1105.00,608.58,1054,1.914,1962.4,0.211,0.100,0.144,0.127,0.167,0.125,0.127
5595,1029.00,611.52,882,1.382,1962.5,0.576,0.017,0.034,0.017,0.017,0.237,0.102
5596,540.00,611.76,481,1.910,1962.9,0.182,0.108,0.161,0.122,0.161,0.168,0.098
5597,938.00,609.61,839,1.466,1963.1,0.400,0.042,0.105,0.063,0.126,0.116,0.147
5598,881.00,610.59,921,1.541,1963.2,0.431,0.028,0.153,0.056,0.069,0.153,0.111
5599,530.00,612.76,505,1.825,1963.4,0.297,0.144,0.136,0.068,0.144,0.110,0.102
5600,948.00,616.80,832,1.851,1963.7,0.253,0.088,0.165,0.093,0.134,0.144,0.124
5601,595.00,613.92,470,1.916,1964.2,0.177,0.140,0.182,0.131,0.177,0.105,0.088
5602,2268.00,633.77,1832,1.470,1964.4,0.378,0.092,0.041,0.031,0.051,0.337,0.071
5603,1536.00,644.65,1006,1.608,1964.6,0.339,0.228,0.055,0.024,0.031,0.205,0.118
5604,191.00,640.95,209,1.916,1964.9,0.178,0.146,0.146,0.122,0.136,0.122,0.150
5605,561.00,641.07,596,1.932,1965.5,0.154,0.132,0.165,0.129,0.190,0.091,0.139
5606,287.00,638.97,322,1.926,1966.1,0.165,0.124,0.135,0.114,0.216,0.109,0.137
5607,152.00,638.34,192,1.912,1966.4,0.151,0.114,0.110,0.128,0.210,0.164,0.123
5608,335.00,634.85,0,0.603,1966.5,0.768,0.000,0.018,0.000,0.000,0.071,0.143
5609,140.00,632.07,0,0.641,1966.6,0.842,0.053,0.000,0.000,0.000,0.053,0.053
5610,426.00,632.39,0,0.666,1966.7,0.838,0.000,0.054,0.027,0.000,0.027,0.054
5611,156.00,628.38,231,1.889,1966.9,0.237,0.147,0.124,0.085,0.186,0.073,0.147
5612,707.00,631.14,540,1.879,1967.1,0.297,0.109,0.079,0.129,0.168,0.129,0.089
5613,888.00,633.03,652,1.933,1967.6,0.165,0.120,0.108,0.132,0.186,0.162,0.129
5614,1217.00,638.60,827,1.552,1967.7,0.310,0.127,0.169,0.000,0.028,0.113,0.254
5615,777.00,642.83,777,1.917,1968.4,0.215,0.134,0.126,0.138,0.171,0.112,0.103
5616,446.00,639.90,404,1.917,1969.0,0.196,0.168,0.092,0.106,0.223,0.128,0.087
5617,646.00,644.44,433,1.910,1969.4,0.197,0.163,0.122,0.099,0.163,0.153,0.102
5618,962.00,647.07,822,1.898,1969.9,0.140,0.140,0.106,0.117,0.160,0.232,0.103
5619,1101.00,650.59,960,1.803,1970.2,0.138,0.124,0.145,0.034,0.097,0.324,0.138
5620,983.00,655.19,779,1.750,1970.3,0.133,0.200,0.158,0.033,0.042,0.192,0.242
5621,466.00,647.13,411,1.898,1970.6,0.221,0.110,0.172,0.055,0.141,0.215,0.086
5622,987.00,648.76,754,1.783,1970.7,0.196,0.217,0.087,0.022,0.076,0.196,0.207
5623,695.00,647.50,697,1.909,1971.2,0.177,0.111,0.146,0.115,0.115,0.201,0.135
5624,605.00,648.50,537,1.923,1972.1,0.182,0.113,0.148,0.129,0.194,0.138,0.096
5625,681.00,647.17,640,1.878,1972.7,0.176,0.122,0.114,0.116,0.185,0.197,0.089
5626,479.00,646.95,542,1.908,1973.2,0.116,0.162,0.089,0.104,0.178,0.239,0.112
5627,191.00,647.33,216,1.880,1973.4,0.110,0.165,0.098,0.079,0.122,0.250,0.177
5628,1209.00,649.32,874,1.899,1973.7,0.133,0.171,0.119,0.152,0.114,0.252,0.057
5629,408.00,649.74,338,1.916,1974.1,0.103,0.175,0.139,0.139,0.117,0.175,0.152
5630,448.00,647.73,455,1.543,1974.2,0.246,0.304,0.072,0.014,0.000,0.232,0.130
5631,465.00,638.37,487,1.925,1974.5,0.149,0.138,0.108,0.215,0.092,0.154,0.144
5632,1236.00,641.21,966,1.915,1974.9,0.165,0.132,0.118,0.176,0.154,0.147,0.107
5633,682.00,641.14,645,1.813,1975.1,0.218,0.202,0.129,0.145,0.097,0.121,0.089
5634,2006.00,652.84,1798,1.627,1975.3,0.266,0.312,0.046,0.101,0.055,0.073,0.147
5635,336.00,652.84,363,1.890,1975.6,0.208,0.181,0.116,0.162,0.079,0.120,0.134
5636,464.00,642.37,504,1.932,1976.6,0.148,0.161,0.143,0.188,0.135,0.124,0.100
5637,513.00,638.03,513,1.089,1976.7,0.171,0.024,0.000,0.000,0.000,0.220,0.585
5638,771.00,645.04,663,1.688,1976.8,0.175,0.155,0.124,0.072,0.072,0.144,0.258
5639,453.00,648.33,364,1.855,1977.1,0.221,0.215,0.092,0.117,0.178,0.055,0.123
5640,579.00,654.12,540,1.916,1977.9,0.134,0.207,0.139,0.128,0.139,0.127,0.125
5641,923.00,654.24,391,1.506,1978.0,0.360,0.430,0.081,0.012,0.012,0.023,0.081
5642,453.00,655.63,405,1.908,1978.3,0.234,0.126,0.132,0.144,0.120,0.078,0.168
5643,757.00,655.27,641,1.870,1978.6,0.215,0.140,0.101,0.092,0.136,0.162,0.154
5644,522.00,656.60,501,1.915,1979.3,0.169,0.124,0.126,0.129,0.205,0.122,0.124
5645,584.00,652.97,621,1.826,1979.6,0.232,0.138,0.116,0.050,0.232,0.133,0.099
5646,602.00,655.96,579,1.891,1980.0,0.219,0.163,0.094,0.059,0.194,0.139,0.132
5647,810.00,660.38,660,1.921,1980.6,0.188,0.111,0.111,0.149,0.173,0.136,0.131
5648,918.00,664.23,768,1.749,1980.8,0.193,0.182,0.080,0.034,0.182,0.193,0.136
5649,254.00,662.54,307,1.844,1981.0,0.228,0.096,0.132,0.053,0.140,0.167,0.184
5650,710.00,662.13,578,1.927,1981.5,0.197,0.116,0.130,0.136,0.151,0.139,0.130
5651,1268.00,666.36,1157,1.882,1981.8,0.206,0.111,0.101,0.143,0.201,0.122,0.116
5652,1417.00,676.19,1229,1.810,1982.0,0.186,0.062,0.258,0.021,0.144,0.124,0.206
5653,127.00,666.93,195,1.830,1982.2,0.227,0.052,0.110,0.110,0.325,0.071,0.104
5654,700.00,668.79,740,1.780,1982.4,0.211,0.197,0.105,0.053,0.171,0.132,0.132
5655,520.00,669.32,500,1.926,1983.2,0.158,0.136,0.142,0.183,0.136,0.131,0.115
5656,199.00,664.99,279,1.931,1984.0,0.157,0.095,0.128,0.166,0.126,0.173,0.154
5657,403.00,664.98,443,1.864,1984.3,0.106,0.106,0.075,0.150,0.194,0.150,0.219
5658,468.00,665.40,525,1.911,1984.9,0.114,0.119,0.171,0.098,0.197,0.153,0.148
5659,341.00,663.35,322,1.929,1985.4,0.122,0.125,0.166,0.114,0.155,0.139,0.180
5660,926.00,667.04,788,1.874,1985.6,0.067,0.120,0.133,0.173,0.127,0.187,0.193
5661,926.00,673.58,758,1.867,1985.9,0.088,0.150,0.088,0.161,0.124,0.212,0.176
5662,772.00,673.99,521,1.648,1986.2,0.022,0.133,0.030,0.096,0.141,0.378,0.200
5663,777.00,669.58,463,1.517,1986.3,0.016,0.125,0.016,0.109,0.109,0.453,0.172
5664,479.00,671.26,496,1.200,1986.4,0.017,0.068,0.017,0.017,0.136,0.525,0.220
5665,611.00,675.12,576,1.874,1986.8,0.058,0.154,0.088,0.135,0.204,0.185,0.177
5666,745.00,676.59,685,1.613,1986.9,0.033,0.100,0.050,0.100,0.233,0.150,0.333
5667,417.00,666.47,386,1.894,1987.3,0.093,0.147,0.100,0.163,0.160,0.157,0.180
5668,758.00,669.08,773,1.416,1987.4,0.014,0.257,0.027,0.014,0.149,0.108,0.432
5669,490.00,664.32,558,1.807,1987.8,0.055,0.186,0.068,0.064,0.223,0.118,0.286
5670,302.00,661.37,283,1.916,1988.0,0.143,0.143,0.137,0.103,0.131,0.126,0.217
5671,725.00,665.50,696,1.888,1988.4,0.149,0.153,0.145,0.137,0.115,0.115,0.187
5672,420.00,664.30,410,1.902,1988.8,0.199,0.149,0.131,0.122,0.109,0.104,0.186
5673,665.00,665.72,412,1.901,1988.9,0.164,0.200,0.136,0.191,0.064,0.127,0.118
5674,452.00,666.72,520,1.884,1989.5,0.173,0.147,0.125,0.266,0.093,0.079,0.116
5675,406.00,660.39,368,1.902,1990.2,0.170,0.106,0.121,0.240,0.137,0.126,0.101
5676,506.00,660.97,461,1.907,1990.6,0.171,0.125,0.125,0.190,0.116,0.162,0.110
5677,1622.00,667.29,1364,1.853,1990.8,0.178,0.149,0.139,0.089,0.069,0.248,0.129
5678,520.00,669.43,393,1.860,1991.0,0.244,0.154,0.049,0.138,0.073,0.228,0.114
5679,634.00,670.78,511,1.782,1991.1,0.135,0.225,0.090,0.135,0.034,0.281,0.101
5680,1129.00,676.91,1057,1.691,1991.3,0.215,0.266,0.063,0.063,0.038,0.241,0.114
5681,1602.00,684.70,1321,1.863,1991.5,0.190,0.212,0.109,0.146,0.088,0.161,0.095
5682,151.00,674.39,189,1.851,1991.9,0.244,0.094,0.110,0.213,0.150,0.094,0.094
5683,1083.00,681.70,781,1.789,1992.0,0.243,0.176,0.054,0.149,0.054,0.230,0.095
5684,1786.00,689.04,1551,1.807,1992.2,0.188,0.181,0.109,0.094,0.087,0.210,0.130
5685,345.00,686.17,302,1.601,1992.4,0.272,0.383,0.012,0.049,0.025,0.111,0.148
5686,357.00,682.98,371,1.872,1992.7,0.259,0.069,0.138,0.201,0.111,0.101,0.122
5687,447.00,685.41,359,1.901,1993.2,0.195,0.104,0.119,0.195,0.165,0.122,0.101
5688,1168.00,690.42,1116,1.897,1993.9,0.190,0.111,0.121,0.206,0.162,0.101,0.109
5689,451.00,692.22,367,1.880,1994.2,0.202,0.112,0.112,0.197,0.172,0.112,0.094
5690,775.00,697.74,786,1.891,1994.5,0.274,0.090,0.129,0.204,0.134,0.109,0.060
5691,958.00,703.25,812,1.728,1994.8,0.176,0.191,0.110,0.118,0.088,0.206,0.110
5692,480.00,702.88,428,1.892,1995.2,0.176,0.134,0.137,0.176,0.153,0.118,0.107
5693,871.00,707.51,716,1.914,1996.0,0.184,0.148,0.152,0.173,0.142,0.102,0.099
5694,369.00,700.15,311,1.872,1996.2,0.231,0.075,0.075,0.225,0.125,0.125,0.144
5695,924.00,699.10,903,1.698,1996.3,0.212,0.106,0.094,0.247,0.082,0.082,0.176
5696,425.00,697.95,380,1.885,1996.7,0.178,0.075,0.141,0.291,0.131,0.042,0.141
5697,441.00,692.98,471,1.921,1997.0,0.119,0.089,0.114,0.223,0.153,0.144,0.158
5698,556.00,689.73,529,1.921,1997.3,0.140,0.172,0.158,0.191,0.126,0.093,0.121
5699,603.00,690.46,570,1.927,1998.0,0.158,0.139,0.120,0.188,0.143,0.127,0.124
5700,632.00,687.30,522,1.894,1998.3,0.209,0.137,0.124,0.132,0.145,0.085,0.167
5701,627.00,687.62,482,1.894,1998.8,0.188,0.096,0.131,0.185,0.122,0.119,0.158
5702,726.00,672.20,746,1.814,1999.3,0.245,0.072,0.119,0.094,0.162,0.104,0.205
5703,499.00,661.83,476,1.738,1999.5,0.322,0.077,0.077,0.084,0.133,0.084,0.224
5704,373.00,663.65,263,1.497,1999.6,0.522,0.075,0.000,0.045,0.149,0.060,0.149
5705,671.00,664.75,536,1.767,1999.8,0.287,0.085,0.106,0.085,0.245,0.064,0.128
5706,893.00,670.81,790,1.764,1999.9,0.304,0.120,0.120,0.054,0.065,0.109,0.228
5707,824.00,677.53,799,1.892,2000.4,0.207,0.111,0.099,0.158,0.176,0.121,0.127
5708,621.00,680.39,512,1.907,2001.1,0.179,0.091,0.124,0.144,0.179,0.126,0.157
5709,439.00,683.38,300,1.672,2001.3,0.328,0.046,0.053,0.214,0.115,0.115,0.130
5710,308.00,682.20,283,1.874,2001.7,0.202,0.079,0.091,0.245,0.138,0.103,0.142
5711,838.00,689.02,796,1.899,2002.0,0.211,0.090,0.066,0.175,0.223,0.102,0.133
5712,708.00,689.03,729,1.912,2002.4,0.156,0.116,0.116,0.215,0.138,0.098,0.160
5713,590.00,686.05,577,1.915,2003.1,0.162,0.119,0.146,0.189,0.148,0.106,0.129
5714,641.00,680.29,557,1.876,2003.4,0.256,0.122,0.128,0.180,0.099,0.110,0.105
5715,0.00,672.52,0,0.410,2003.5,0.929,0.000,0.000,0.000,0.000,0.000,0.071
5716,246.00,670.52,286,1.928,2004.3,0.197,0.153,0.121,0.172,0.119,0.121,0.117
5717,591.00,669.97,573,1.907,2004.9,0.170,0.137,0.087,0.220,0.137,0.142,0.106
5718,827.00,668.62,816,1.890,2005.2,0.250,0.128,0.117,0.191,0.106,0.101,0.106
5719,1229.00,669.90,846,1.891,2005.7,0.276,0.129,0.110,0.135,0.091,0.160,0.100
5720,534.00,665.41,561,1.914,2006.8,0.205,0.117,0.127,0.170,0.126,0.149,0.106
5721,1085.00,671.60,1014,1.878,2007.3,0.209,0.108,0.188,0.163,0.095,0.148,0.089
5722,988.00,671.61,948,1.627,2007.5,0.336,0.062,0.274,0.053,0.053,0.062,0.159
5723,1216.00,676.82,1105,1.613,2007.7,0.299,0.083,0.306,0.032,0.051,0.057,0.172
5724,603.00,676.80,561,1.273,2007.8,0.552,0.017,0.224,0.000,0.017,0.017,0.172
5725,379.00,673.78,379,1.209,2007.9,0.456,0.015,0.235,0.000,0.000,0.059,0.235
5726,1472.00,683.71,1469,1.577,2008.1,0.375,0.056,0.194,0.042,0.042,0.042,0.250
5727,819.00,689.99,735,1.747,2008.3,0.289,0.128,0.248,0.040,0.067,0.094,0.134
5728,877.00,686.67,752,1.776,2008.6,0.307,0.120,0.229,0.060,0.042,0.090,0.151
5729,693.00,689.52,659,1.898,2009.1,0.241,0.126,0.163,0.150,0.128,0.107,0.086
5730,463.00,689.67,449,1.852,2009.3,0.288,0.197,0.114,0.038,0.091,0.114,0.159
5731,1687.00,701.89,1486,1.869,2009.6,0.251,0.171,0.091,0.109,0.131,0.160,0.086
5732,542.00,694.95,563,1.868,2009.8,0.296,0.160,0.148,0.086,0.105,0.062,0.142
5733,725.00,695.38,606,1.879,2010.1,0.247,0.112,0.094,0.124,0.088,0.153,0.182
5734,747.00,682.79,601,1.846,2010.3,0.266,0.097,0.202,0.113,0.032,0.129,0.161
5735,1261.00,692.04,1082,1.705,2010.5,0.275,0.121,0.132,0.121,0.055,0.110,0.187
5736,966.00,697.06,729,1.889,2010.9,0.240,0.144,0.188,0.123,0.096,0.092,0.116
5737,534.00,697.27,396,1.906,2011.3,0.190,0.158,0.235,0.106,0.119,0.096,0.096
5738,949.00,699.05,901,1.914,2012.3,0.185,0.146,0.157,0.131,0.158,0.117,0.106
5739,478.00,699.30,434,1.918,2013.2,0.200,0.112,0.180,0.141,0.158,0.126,0.083
5740,852.00,702.03,602,1.718,2013.4,0.313,0.101,0.240,0.089,0.073,0.134,0.050
5741,1191.00,704.71,741,1.770,2013.8,0.222,0.107,0.142,0.138,0.080,0.289,0.022
5742,1105.00,711.23,891,1.721,2014.3,0.240,0.129,0.105,0.108,0.077,0.302,0.040
5743,1810.00,721.76,1365,1.485,2014.5,0.261,0.050,0.193,0.067,0.050,0.361,0.017
5744,1175.00,728.29,821,1.797,2015.0,0.217,0.156,0.078,0.142,0.084,0.260,0.064
5745,1357.00,736.02,1189,1.745,2015.2,0.329,0.108,0.162,0.072,0.096,0.198,0.036
5746,410.00,734.10,407,1.811,2015.6,0.264,0.213,0.094,0.162,0.101,0.112,0.054
5747,319.00,729.19,369,1.840,2016.2,0.209,0.242,0.096,0.179,0.081,0.140,0.054
5748,1084.00,730.85,832,1.883,2016.7,0.199,0.177,0.139,0.202,0.082,0.128,0.074
5749,1505.00,743.36,1074,1.657,2016.8,0.289,0.167,0.178,0.144,0.056,0.122,0.044
5750,389.00,740.15,24,1.288,2017.0,0.315,0.151,0.356,0.027,0.027,0.082,0.041
5751,176.00,729.23,212,1.847,2017.6,0.194,0.229,0.170,0.096,0.069,0.162,0.081
5752,726.00,722.32,664,1.897,2018.3,0.191,0.228,0.141,0.133,0.079,0.129,0.100
5753,763.00,728.68,419,1.856,2018.4,0.235,0.153,0.176,0.082,0.153,0.153,0.047
5754,415.00,725.83,406,1.913,2019.0,0.139,0.190,0.198,0.076,0.144,0.144,0.108
5755,564.00,726.27,363,1.892,2019.3,0.129,0.211,0.153,0.158,0.153,0.148,0.048
5756,1695.00,741.23,1465,1.642,2019.4,0.348,0.091,0.076,0.061,0.167,0.197,0.061
5757,359.00,740.79,430,1.900,2019.8,0.173,0.170,0.125,0.097,0.173,0.159,0.104
5758,642.00,742.53,292,1.294,2020.0,0.466,0.082,0.164,0.014,0.151,0.123,0.000
5759,583.00,744.95,354,1.901,2020.5,0.208,0.140,0.131,0.086,0.170,0.149,0.116
5760,1051.00,746.20,247,1.714,2020.7,0.252,0.126,0.118,0.050,0.235,0.160,0.059
5761,301.00,739.95,221,1.827,2020.9,0.293,0.102,0.159,0.051,0.223,0.121,0.051
5762,506.00,737.29,469,1.894,2021.4,0.205,0.112,0.163,0.144,0.170,0.138,0.067
5763,964.00,739.16,951,1.880,2021.9,0.174,0.099,0.174,0.163,0.186,0.110,0.093
5764,854.00,742.91,598,1.847,2022.3,0.216,0.062,0.147,0.150,0.201,0.168,0.055
5765,1630.00,753.10,1063,1.800,2022.5,0.261,0.099,0.239,0.070,0.162,0.106,0.063
5766,367.00,749.32,370,1.916,2023.4,0.192,0.140,0.151,0.130,0.142,0.160,0.085
5767,591.00,751.06,657,1.789,2023.7,0.107,0.118,0.198,0.043,0.246,0.182,0.107
5768,915.00,752.63,737,1.786,2024.0,0.123,0.094,0.211,0.023,0.257,0.205,0.088
5769,912.00,756.85,492,1.595,2024.1,0.063,0.063,0.342,0.013,0.241,0.241,0.038
5770,444.00,758.27,410,1.893,2024.6,0.125,0.133,0.181,0.082,0.187,0.184,0.108
5771,736.00,758.38,555,1.860,2025.0,0.216,0.133,0.129,0.080,0.178,0.174,0.091
5772,187.00,756.05,227,1.895,2025.4,0.155,0.130,0.151,0.088,0.210,0.147,0.118
5773,493.00,754.33,310,1.896,2025.6,0.107,0.202,0.213,0.079,0.140,0.163,0.096
5774,1359.00,763.40,947,1.916,2026.0,0.136,0.169,0.202,0.116,0.149,0.136,0.091
5775,1041.00,769.75,689,1.873,2026.1,0.182,0.143,0.143,0.130,0.156,0.143,0.104
5776,442.00,769.11,522,1.904,2026.4,0.112,0.183,0.118,0.112,0.213,0.195,0.065
5777,85.00,753.74,165,1.899,2026.6,0.180,0.173,0.158,0.086,0.158,0.137,0.108
5778,464.00,753.18,358,1.914,2027.0,0.187,0.213,0.142,0.101,0.138,0.153,0.067
5779,415.00,750.99,409,1.812,2027.2,0.238,0.079,0.129,0.030,0.297,0.149,0.079
5780,578.00,745.48,607,1.901,2027.9,0.208,0.131,0.155,0.102,0.137,0.160,0.106
5781,1104.00,740.50,899,1.868,2028.3,0.238,0.169,0.165,0.080,0.153,0.146,0.050
5782,1707.00,756.06,1125,1.801,2028.4,0.266,0.138,0.174,0.092,0.193,0.110,0.028
5783,467.00,749.90,320,1.801,2028.7,0.259,0.247,0.176,0.041,0.112,0.088,0.076
5784,1100.00,743.04,768,1.806,2028.9,0.220,0.167,0.213,0.087,0.100,0.120,0.093
5785,580.00,745.39,656,1.897,2029.7,0.221,0.198,0.190,0.089,0.108,0.122,0.072
5786,865.00,750.47,496,1.821,2029.9,0.227,0.109,0.235,0.034,0.244,0.118,0.034
5787,1316.00,759.16,1211,1.910,2030.7,0.204,0.141,0.150,0.131,0.152,0.136,0.086
5788,778.00,755.26,778,1.848,2031.1,0.274,0.222,0.145,0.081,0.107,0.085,0.085
5789,1229.00,763.04,516,1.821,2031.3,0.302,0.233,0.159,0.048,0.095,0.058,0.106
5790,355.00,758.84,346,1.855,2031.7,0.220,0.248,0.134,0.073,0.114,0.098,0.114
5791,665.00,755.91,648,1.893,2032.6,0.212,0.197,0.154,0.129,0.120,0.120,0.068
5792,187.00,752.98,267,1.835,2032.8,0.131,0.164,0.090,0.041,0.205,0.090,0.279
5793,1142.00,755.69,1179,1.583,2032.9,0.109,0.109,0.158,0.069,0.267,0.059,0.228
5794,625.00,758.25,568,1.915,2033.4,0.193,0.158,0.184,0.108,0.136,0.130,0.092
5795,424.00,753.25,419,1.234,2033.5,0.000,0.072,0.133,0.000,0.337,0.036,0.422
5796,100.00,750.00,180,0.937,2033.6,0.000,0.062,0.156,0.000,0.609,0.016,0.156
5797,867.00,754.26,777,1.895,2034.1,0.156,0.162,0.156,0.076,0.194,0.146,0.108
5798,375.00,752.45,320,1.898,2034.5,0.134,0.150,0.140,0.078,0.225,0.186,0.088
5799,502.00,751.44,447,1.848,2034.7,0.103,0.074,0.125,0.059,0.301,0.162,0.176
5800,582.00,750.94,545,1.882,2035.1,0.181,0.070,0.133,0.107,0.210,0.137,0.162
5801,859.00,753.26,578,1.816,2035.4,0.248,0.105,0.060,0.075,0.188,0.150,0.173
5802,600.00,752.00,566,1.899,2036.0,0.220,0.102,0.131,0.078,0.160,0.185,0.122
5803,484.00,751.85,494,1.888,2036.8,0.206,0.135,0.154,0.104,0.165,0.123,0.113
5804,470.00,752.82,398,1.902,2037.4,0.243,0.132,0.125,0.134,0.141,0.116,0.109
5805,1080.00,756.91,514,1.683,2037.6,0.218,0.023,0.080,0.057,0.218,0.080,0.322
5806,373.00,751.71,321,1.891,2037.8,0.246,0.168,0.145,0.084,0.123,0.106,0.128
5807,553.00,749.00,526,1.904,2038.2,0.242,0.131,0.119,0.090,0.139,0.160,0.119
5808,607.00,748.86,623,1.924,2039.0,0.215,0.158,0.101,0.103,0.151,0.162,0.109
5809,1048.00,754.95,718,1.930,2039.4,0.182,0.146,0.107,0.157,0.139,0.143,0.125
5810,181.00,753.68,261,1.912,2039.7,0.145,0.214,0.088,0.132,0.157,0.113,0.151
5811,444.00,749.74,344,1.922,2040.2,0.183,0.163,0.071,0.157,0.115,0.151,0.160
5812,827.00,750.93,750,1.928,2040.8,0.196,0.166,0.119,0.157,0.117,0.144,0.101
5813,589.00,750.92,426,1.907,2041.1,0.172,0.134,0.115,0.121,0.140,0.204,0.115
5814,541.00,749.92,579,1.921,2041.6,0.239,0.100,0.104,0.129,0.129,0.164,0.136
5815,585.00,755.77,547,1.925,2042.1,0.205,0.139,0.145,0.118,0.113,0.142,0.139
5816,213.00,755.44,253,0.875,2042.2,0.000,0.000,0.000,0.000,0.656,0.016,0.328
5817,794.00,757.47,767,1.536,2042.4,0.084,0.075,0.065,0.084,0.206,0.075,0.411
5818,433.00,753.53,509,1.863,2042.8,0.181,0.142,0.125,0.071,0.189,0.071,0.221
5819,1496.00,756.20,1013,1.462,2043.0,0.168,0.059,0.040,0.050,0.257,0.040,0.386
5820,616.00,757.02,547,1.708,2043.1,0.198,0.099,0.107,0.058,0.198,0.074,0.264
5821,280.00,748.97,250,1.880,2043.6,0.179,0.116,0.158,0.077,0.188,0.080,0.202
5822,693.00,746.02,729,1.919,2044.4,0.172,0.156,0.162,0.099,0.145,0.111,0.154
5823,731.00,741.17,771,1.772,2044.5,0.250,0.132,0.066,0.092,0.092,0.105,0.263
5824,380.00,738.94,256,1.302,2044.6,0.061,0.030,0.000,0.091,0.242,0.030,0.545
5825,173.00,736.88,213,1.083,2044.7,0.044,0.000,0.022,0.000,0.467,0.000,0.467
5826,292.00,725.08,372,1.892,2044.9,0.208,0.175,0.136,0.110,0.110,0.097,0.162
5827,489.00,721.78,511,1.921,2045.3,0.252,0.090,0.133,0.138,0.138,0.071,0.176
5828,467.00,717.68,403,1.917,2046.4,0.218,0.133,0.133,0.124,0.161,0.150,0.081
5829,235.00,713.10,259,1.868,2046.9,0.164,0.058,0.161,0.139,0.188,0.161,0.130
5830,950.00,717.97,638,1.825,2047.1,0.190,0.070,0.092,0.148,0.190,0.155,0.155
5831,1035.00,711.45,991,1.839,2047.6,0.165,0.088,0.080,0.170,0.139,0.205,0.153
5832,526.00,711.29,487,1.246,2047.7,0.000,0.016,0.016,0.397,0.079,0.143,0.349
5833,747.00,711.51,549,1.862,2048.1,0.115,0.073,0.084,0.195,0.192,0.211,0.130
5834,363.00,707.67,342,1.593,2048.3,0.039,0.019,0.029,0.301,0.184,0.165,0.262
5835,273.00,697.79,288,1.890,2048.8,0.136,0.102,0.089,0.188,0.144,0.209,0.133
5836,974.00,697.87,776,1.722,2048.9,0.167,0.030,0.045,0.197,0.242,0.106,0.212
5837,1522.00,707.75,1344,1.787,2049.1,0.100,0.017,0.083,0.192,0.225,0.208,0.175
5838,365.00,701.91,292,1.898,2049.7,0.152,0.081,0.076,0.142,0.199,0.199,0.152
5839,333.00,700.46,367,1.837,2050.1,0.126,0.060,0.111,0.095,0.251,0.156,0.201
5840,1054.00,702.48,986,1.772,2050.2,0.185,0.033,0.054,0.109,0.283,0.185,0.152
5841,278.00,693.35,312,1.905,2050.6,0.126,0.093,0.093,0.093,0.256,0.189,0.152
5842,1040.00,692.70,777,1.814,2050.8,0.200,0.062,0.125,0.150,0.225,0.100,0.138
5843,614.00,680.74,538,1.922,2051.1,0.188,0.109,0.113,0.138,0.121,0.201,0.130
5844,204.00,671.03,284,1.914,2051.4,0.142,0.086,0.136,0.173,0.123,0.111,0.228
5845,598.00,663.44,564,1.929,2051.7,0.158,0.102,0.203,0.130,0.136,0.141,0.130
5846,833.00,667.67,751,1.932,2052.3,0.165,0.131,0.112,0.165,0.163,0.154,0.110
5847,840.00,672.88,545,1.822,2052.6,0.200,0.029,0.100,0.229,0.193,0.114,0.136
5848,762.00,669.66,740,1.919,2053.3,0.188,0.125,0.131,0.137,0.129,0.153,0.137
5849,842.00,663.03,802,1.887,2053.6,0.149,0.229,0.119,0.174,0.095,0.129,0.104
5850,437.00,663.51,255,1.903,2054.0,0.195,0.181,0.083,0.177,0.087,0.188,0.090
5851,1541.00,677.16,1560,1.904,2054.2,0.218,0.118,0.091,0.127,0.155,0.173,0.118
5852,325.00,673.15,336,1.928,2054.7,0.179,0.182,0.099,0.160,0.102,0.165,0.113
5853,440.00,669.92,324,1.937,2055.2,0.147,0.147,0.119,0.179,0.144,0.115,0.147
5854,441.00,670.18,328,1.928,2055.5,0.182,0.126,0.098,0.168,0.164,0.079,0.182
5855,806.00,672.60,612,1.886,2055.8,0.202,0.116,0.101,0.212,0.061,0.096,0.212
5856,872.00,664.37,912,1.731,2056.0,0.183,0.075,0.226,0.140,0.086,0.032,0.258
5857,970.00,670.48,921,1.699,2056.2,0.167,0.072,0.268,0.130,0.087,0.007,0.268
5858,1013.00,674.19,985,1.795,2056.4,0.176,0.085,0.183,0.218,0.070,0.021,0.246
5859,196.00,670.32,212,1.896,2056.8,0.165,0.132,0.123,0.177,0.082,0.132,0.189
5860,611.00,665.92,541,1.896,2057.2,0.208,0.121,0.104,0.200,0.133,0.117,0.117
5861,464.00,667.55,419,1.826,2057.3,0.227,0.082,0.109,0.227,0.045,0.100,0.209
5862,999.00,672.48,1017,1.865,2057.6,0.216,0.108,0.144,0.185,0.068,0.086,0.194
5863,437.00,667.21,502,1.878,2057.9,0.146,0.124,0.168,0.219,0.066,0.088,0.190
5864,834.00,667.01,874,1.860,2058.0,0.151,0.189,0.189,0.104,0.132,0.057,0.179
5865,1038.00,661.09,1006,1.911,2058.2,0.151,0.198,0.119,0.119,0.143,0.143,0.127
5866,566.00,663.08,412,1.816,2058.3,0.148,0.222,0.111,0.130,0.056,0.167,0.167
5867,422.00,661.39,421,1.925,2058.6,0.166,0.131,0.090,0.221,0.103,0.131,0.159
5868,566.00,657.90,420,1.929,2058.9,0.129,0.129,0.129,0.184,0.095,0.169,0.164
5869,457.00,653.35,441,1.904,2059.1,0.182,0.119,0.101,0.182,0.094,0.214,0.107
5870,1038.00,659.29,916,1.849,2059.3,0.258,0.086,0.031,0.164,0.047,0.273,0.141
5871,285.00,654.78,285,1.890,2059.6,0.234,0.048,0.108,0.150,0.096,0.192,0.174
5872,702.00,659.93,532,1.648,2059.7,0.354,0.114,0.063,0.063,0.025,0.329,0.051
5873,1178.00,666.78,776,1.816,2059.9,0.281,0.146,0.034,0.067,0.135,0.213,0.124
5874,393.00,657.12,473,1.923,2061.0,0.155,0.145,0.107,0.170,0.140,0.169,0.115
5875,1177.00,658.48,934,1.877,2061.3,0.184,0.073,0.121,0.214,0.107,0.150,0.150
5876,124.00,655.30,158,1.840,2061.7,0.167,0.028,0.115,0.190,0.067,0.155,0.278
5877,733.00,661.78,711,1.806,2061.9,0.160,0.040,0.173,0.147,0.053,0.173,0.253
5878,1264.00,669.78,972,1.413,2062.1,0.063,0.011,0.411,0.032,0.000,0.221,0.263
5879,63.00,666.26,143,1.327,2062.2,0.080,0.000,0.480,0.060,0.000,0.120,0.260
5880,922.00,669.70,850,1.501,2062.4,0.082,0.009,0.436,0.055,0.000,0.145,0.273
5881,794.00,666.60,788,1.694,2062.5,0.104,0.000,0.377,0.065,0.091,0.156,0.208
5882,236.00,651.89,225,1.885,2062.9,0.098,0.081,0.183,0.199,0.073,0.167,0.199
5883,1777.00,664.99,1817,1.786,2063.0,0.263,0.070,0.184,0.132,0.026,0.167,0.158
5884,750.00,661.49,672,1.857,2063.3,0.193,0.097,0.152,0.145,0.062,0.172,0.179
5885,1190.00,667.59,1019,1.757,2063.5,0.170,0.082,0.204,0.095,0.027,0.238,0.184
5886,897.00,667.91,806,1.785,2063.6,0.253,0.067,0.080,0.120,0.013,0.333,0.133
5887,1181.00,666.56,850,1.837,2063.8,0.105,0.079,0.066,0.132,0.092,0.316,0.211
5888,1418.00,672.96,1319,1.801,2064.0,0.118,0.065,0.137,0.111,0.105,0.222,0.242
5889,960.00,670.27,978,1.521,2064.1,0.063,0.089,0.051,0.038,0.152,0.329,0.278
5890,491.00,671.63,491,1.481,2064.2,0.040,0.040,0.020,0.060,0.060,0.260,0.520
5891,1396.00,678.94,1180,1.606,2064.3,0.123,0.041,0.041,0.027,0.027,0.384,0.356
5892,899.00,686.06,893,1.912,2066.0,0.182,0.097,0.131,0.165,0.167,0.150,0.110
5893,295.00,677.59,219,0.900,2066.2,0.058,0.000,0.692,0.000,0.087,0.048,0.115
5894,521.00,676.55,395,1.867,2066.9,0.116,0.066,0.287,0.101,0.133,0.143,0.154
5895,296.00,675.27,376,1.810,2067.2,0.162,0.081,0.305,0.147,0.091,0.061,0.152
5896,344.00,677.71,412,1.799,2067.6,0.142,0.099,0.283,0.127,0.042,0.094,0.212
5897,371.00,672.75,398,1.487,2067.7,0.157,0.196,0.392,0.000,0.000,0.039,0.216
5898,572.00,674.72,490,1.892,2068.2,0.149,0.139,0.245,0.096,0.086,0.136,0.149
5899,175.00,671.45,255,1.527,2068.3,0.080,0.147,0.467,0.000,0.040,0.093,0.173
5900,522.00,670.85,508,1.848,2068.7,0.184,0.152,0.230,0.074,0.069,0.157,0.134
5901,812.00,670.38,603,1.863,2069.1,0.194,0.122,0.205,0.112,0.108,0.133,0.126
5902,534.00,669.72,451,1.663,2069.2,0.375,0.125,0.208,0.000,0.083,0.073,0.135
5903,761.00,672.49,777,1.811,2069.6,0.217,0.139,0.248,0.052,0.070,0.109,0.165
5904,629.00,674.08,583,1.444,2069.7,0.480,0.140,0.140,0.000,0.080,0.000,0.160
5905,1192.00,675.20,876,1.449,2069.8,0.382,0.164,0.145,0.000,0.164,0.000,0.145
5906,709.00,678.56,739,1.665,2070.0,0.350,0.124,0.234,0.007,0.088,0.044,0.153
5907,964.00,682.67,930,1.512,2070.1,0.414,0.172,0.115,0.000,0.092,0.034,0.172
5908,2120.00,697.80,1872,1.476,2070.3,0.392,0.093,0.062,0.010,0.227,0.062,0.155
5909,844.00,695.76,425,1.522,2070.4,0.306,0.189,0.099,0.000,0.180,0.081,0.144
5910,208.00,696.03,288,1.807,2070.7,0.221,0.089,0.211,0.016,0.132,0.132,0.200
5911,908.00,700.67,866,1.680,2071.0,0.377,0.101,0.138,0.022,0.159,0.065,0.138
5912,1606.00,708.46,1142,1.359,2071.1,0.411,0.134,0.062,0.000,0.241,0.045,0.107
5913,438.00,706.95,400,1.888,2071.6,0.188,0.121,0.152,0.074,0.152,0.128,0.184
5914,365.00,705.19,401,1.914,2072.5,0.167,0.149,0.199,0.110,0.120,0.130,0.125
5915,515.00,704.49,479,1.842,2073.4,0.212,0.137,0.159,0.079,0.130,0.124,0.159
5916,774.00,710.10,701,1.880,2074.1,0.240,0.142,0.143,0.111,0.125,0.130,0.109
5917,1257.00,714.73,895,1.022,2074.4,0.559,0.145,0.076,0.021,0.103,0.069,0.028
5918,856.00,718.96,830,0.530,2074.4,0.895,0.105,0.000,0.000,0.000,0.000,0.000
5919,691.00,710.91,630,1.741,2075.0,0.343,0.138,0.138,0.110,0.100,0.095,0.077
5920,2053.00,725.28,1710,1.475,2075.5,0.367,0.244,0.127,0.049,0.113,0.049,0.049
5921,571.00,728.19,175,1.535,2075.8,0.395,0.233,0.063,0.036,0.142,0.059,0.071
5922,1301.00,734.27,240,1.537,2076.1,0.362,0.285,0.043,0.034,0.174,0.082,0.019
5923,1537.00,742.33,1430,1.677,2076.6,0.358,0.174,0.097,0.052,0.155,0.074,0.090
5924,1117.00,749.70,826,1.712,2077.1,0.269,0.222,0.078,0.059,0.206,0.078,0.087
5925,928.00,757.25,685,1.746,2077.6,0.292,0.252,0.100,0.052,0.158,0.080,0.066
5926,867.00,763.00,902,1.745,2077.9,0.263,0.202,0.113,0.033,0.202,0.108,0.080
5927,799.00,766.10,721,1.850,2078.3,0.259,0.183,0.144,0.087,0.122,0.114,0.091
5928,687.00,768.30,247,1.722,2078.5,0.303,0.129,0.061,0.008,0.205,0.182,0.114
5929,833.00,774.28,818,1.911,2079.8,0.204,0.123,0.113,0.125,0.139,0.172,0.124
5930,651.00,771.29,587,1.752,2079.9,0.160,0.027,0.213,0.187,0.147,0.027,0.240
5931,420.00,765.14,448,1.888,2080.8,0.213,0.096,0.120,0.226,0.157,0.104,0.083
5932,577.00,765.65,657,1.831,2081.1,0.266,0.019,0.143,0.149,0.240,0.104,0.078
5933,603.00,764.21,564,1.838,2081.2,0.163,0.073,0.179,0.130,0.268,0.098,0.089
5934,1040.00,770.98,989,1.731,2081.3,0.125,0.016,0.109,0.203,0.266,0.094,0.188
5935,291.00,771.16,365,1.906,2081.8,0.154,0.059,0.189,0.210,0.164,0.147,0.077
5936,196.00,763.38,112,1.897,2082.0,0.133,0.087,0.253,0.093,0.133,0.193,0.107
5937,393.00,752.09,386,1.916,2082.3,0.149,0.070,0.239,0.139,0.134,0.149,0.119
5938,530.00,753.74,513,1.918,2082.5,0.143,0.143,0.150,0.128,0.188,0.135,0.113
5939,460.00,755.01,450,1.925,2082.9,0.152,0.098,0.129,0.161,0.152,0.152,0.156
5940,493.00,749.40,522,1.902,2083.2,0.218,0.071,0.152,0.102,0.157,0.152,0.147
5941,448.00,751.10,344,1.931,2083.8,0.145,0.123,0.162,0.159,0.135,0.159,0.118
5942,750.00,748.20,441,1.810,2084.0,0.153,0.093,0.127,0.102,0.195,0.144,0.186
5943,567.00,747.73,523,1.902,2084.3,0.187,0.052,0.161,0.109,0.171,0.187,0.135
5944,786.00,753.55,502,1.584,2084.4,0.103,0.088,0.103,0.000,0.191,0.176,0.338
5945,404.00,751.61,427,1.913,2084.9,0.163,0.085,0.147,0.170,0.141,0.167,0.127
5946,245.00,745.73,222,1.868,2085.1,0.176,0.099,0.141,0.169,0.211,0.085,0.120
5947,487.00,742.20,567,1.923,2085.4,0.222,0.093,0.102,0.129,0.209,0.111,0.133
5948,750.00,742.08,664,1.824,2085.6,0.102,0.178,0.034,0.161,0.169,0.127,0.229
5949,618.00,739.84,651,1.936,2086.5,0.139,0.138,0.112,0.149,0.152,0.154,0.156
5950,185.00,737.32,185,0.624,2086.6,0.041,0.102,0.000,0.020,0.020,0.000,0.816
5951,200.00,723.91,213,1.911,2086.9,0.203,0.094,0.080,0.145,0.138,0.203,0.138
5952,310.00,723.76,310,0.842,2087.0,0.062,0.104,0.000,0.062,0.000,0.021,0.750
5953,657.00,725.93,295,1.917,2087.3,0.152,0.108,0.088,0.160,0.168,0.156,0.168
5954,153.00,723.05,124,1.914,2087.8,0.135,0.082,0.092,0.148,0.181,0.207,0.155
5955,674.00,721.73,454,1.344,2087.9,0.067,0.022,0.000,0.133,0.044,0.022,0.711
5956,867.00,721.68,850,1.912,2088.9,0.211,0.078,0.115,0.149,0.167,0.144,0.136
5957,712.00,719.10,703,1.353,2089.0,0.029,0.072,0.014,0.435,0.058,0.087,0.304
5958,358.00,712.55,280,1.828,2089.2,0.210,0.070,0.120,0.170,0.090,0.170,0.170
5959,505.00,715.64,505,1.306,2089.3,0.106,0.045,0.000,0.318,0.015,0.061,0.455
5960,746.00,716.99,685,1.888,2089.8,0.160,0.067,0.140,0.221,0.078,0.180,0.154
5961,775.00,720.10,774,1.701,2090.0,0.210,0.010,0.100,0.240,0.060,0.140,0.240
5962,504.00,715.15,473,1.863,2090.4,0.165,0.063,0.149,0.162,0.086,0.215,0.162
5963,447.00,715.25,422,1.818,2090.7,0.169,0.045,0.123,0.162,0.091,0.201,0.208
5964,476.00,711.67,451,1.752,2090.9,0.088,0.053,0.080,0.168,0.080,0.142,0.389
5965,1414.00,715.43,1288,1.699,2091.2,0.102,0.059,0.102,0.216,0.106,0.165,0.250
5966,904.00,718.81,777,1.589,2091.4,0.124,0.047,0.039,0.403,0.047,0.155,0.186
5967,193.00,716.52,233,1.828,2091.7,0.114,0.087,0.092,0.098,0.076,0.207,0.326
5968,1037.00,721.23,1013,1.720,2091.9,0.114,0.053,0.088,0.325,0.088,0.114,0.219
5969,1378.00,730.44,1217,1.769,2092.0,0.115,0.125,0.062,0.281,0.073,0.094,0.250
5970,375.00,723.81,409,1.904,2092.6,0.078,0.098,0.130,0.163,0.130,0.160,0.241
5971,1007.00,731.03,485,1.651,2092.8,0.072,0.217,0.060,0.325,0.036,0.181,0.108
5972,379.00,727.80,419,1.876,2092.9,0.154,0.121,0.044,0.220,0.077,0.143,0.242
5973,291.00,718.93,301,1.913,2093.3,0.099,0.114,0.141,0.160,0.095,0.171,0.221
5974,1836.00,733.36,671,1.685,2093.5,0.098,0.293,0.098,0.203,0.098,0.081,0.130
5975,979.00,731.38,951,1.572,2093.7,0.095,0.233,0.078,0.336,0.043,0.078,0.138
5976,1291.00,743.05,1032,1.873,2094.1,0.126,0.170,0.181,0.144,0.141,0.130,0.107
5977,1121.00,746.93,1074,1.918,2095.1,0.142,0.105,0.153,0.186,0.109,0.134,0.171
5978,720.00,741.49,720,1.389,2095.2,0.017,0.533,0.000,0.217,0.000,0.117,0.117
5979,581.00,746.67,553,1.286,2095.2,0.000,0.325,0.000,0.300,0.000,0.275,0.100
5980,717.00,744.62,587,1.792,2095.5,0.085,0.148,0.106,0.190,0.070,0.176,0.225
5981,208.00,738.76,192,1.893,2095.8,0.140,0.148,0.123,0.127,0.055,0.233,0.174
5982,258.00,738.98,338,1.423,2096.0,0.089,0.152,0.038,0.076,0.013,0.519,0.114
5983,960.00,730.81,869,1.631,2096.2,0.118,0.143,0.006,0.124,0.050,0.391,0.168
5984,1154.00,734.85,814,1.658,2096.4,0.082,0.155,0.041,0.134,0.041,0.351,0.196
5985,399.00,726.94,479,1.912,2097.0,0.123,0.165,0.153,0.170,0.081,0.185,0.123
5986,300.00,720.97,376,1.931,2097.7,0.141,0.168,0.139,0.139,0.091,0.189,0.133
5987,700.00,716.16,512,1.906,2097.9,0.081,0.236,0.128,0.122,0.108,0.135,0.189
5988,216.00,704.14,165,1.936,2098.4,0.086,0.168,0.140,0.125,0.154,0.176,0.151
5989,415.00,698.69,495,1.797,2098.5,0.185,0.093,0.083,0.093,0.139,0.222,0.185
5990,820.00,701.98,624,1.793,2098.8,0.105,0.147,0.056,0.091,0.140,0.315,0.147
5991,686.00,694.88,659,1.784,2099.0,0.070,0.085,0.085,0.093,0.225,0.271,0.171
5992,422.00,690.11,412,1.825,2099.3,0.107,0.130,0.071,0.091,0.182,0.328,0.091
5993,449.00,691.65,466,1.892,2099.8,0.144,0.129,0.096,0.111,0.155,0.251,0.114
5994,1322.00,699.66,936,1.679,2100.0,0.149,0.071,0.092,0.078,0.078,0.397,0.135
5995,775.00,704.45,700,1.849,2100.4,0.104,0.142,0.078,0.138,0.108,0.280,0.149
5996,536.00,706.37,463,1.836,2100.7,0.205,0.095,0.052,0.119,0.071,0.248,0.210
5997,620.00,708.86,425,1.876,2101.0,0.140,0.119,0.119,0.140,0.112,0.231,0.140
5998,999.00,713.13,977,1.600,2101.2,0.096,0.035,0.026,0.325,0.026,0.184,0.307
5999,91.00,712.29,167,1.893,2101.5,0.166,0.095,0.101,0.172,0.059,0.183,0.225
6000,413.00,711.20,264,1.923,2101.9,0.126,0.107,0.103,0.176,0.137,0.176,0.176
6001,393.00,707.01,78,1.249,2102.0,0.542,0.062,0.000,0.250,0.021,0.042,0.083
6002,846.00,710.13,886,1.619,2102.1,0.260,0.039,0.039,0.247,0.013,0.195,0.208
6003,1244.00,714.96,1170,1.752,2102.3,0.189,0.063,0.063,0.198,0.081,0.216,0.189
6004,395.00,712.62,372,1.773,2102.4,0.185,0.123,0.074,0.136,0.062,0.198,0.222
6005,188.00,702.58,185,1.928,2102.9,0.156,0.117,0.150,0.126,0.120,0.156,0.175
6006,307.00,698.56,274,1.922,2103.3,0.140,0.108,0.149,0.122,0.126,0.203,0.153
6007,721.00,696.13,649,1.930,2104.1,0.162,0.122,0.161,0.131,0.122,0.181,0.122
6008,502.00,679.95,229,1.921,2104.4,0.088,0.159,0.163,0.150,0.115,0.172,0.154
6009,890.00,680.41,738,1.915,2104.8,0.122,0.127,0.135,0.214,0.140,0.100,0.162
6010,670.00,685.03,632,1.837,2105.1,0.181,0.069,0.172,0.191,0.118,0.093,0.176
6011,838.00,684.33,641,1.415,2105.3,0.188,0.000,0.128,0.496,0.060,0.000,0.128
6012,599.00,674.26,578,1.902,2106.1,0.116,0.094,0.261,0.185,0.138,0.107,0.100
6013,806.00,677.94,717,1.896,2106.6,0.193,0.113,0.241,0.142,0.102,0.125,0.085
6014,606.00,680.35,633,1.918,2107.1,0.093,0.125,0.252,0.142,0.116,0.122,0.150
6015,646.00,681.66,588,1.831,2107.3,0.140,0.105,0.158,0.158,0.079,0.070,0.289
6016,699.00,680.91,608,1.516,2107.4,0.057,0.075,0.075,0.415,0.019,0.019,0.340
6017,707.00,675.41,674,1.924,2107.8,0.108,0.138,0.160,0.145,0.123,0.138,0.190
6018,405.00,670.90,427,1.919,2108.3,0.162,0.165,0.178,0.136,0.084,0.104,0.172
6019,481.00,668.80,482,1.903,2108.5,0.089,0.185,0.121,0.172,0.121,0.102,0.210
6020,546.00,653.73,438,1.890,2108.7,0.102,0.085,0.169,0.153,0.110,0.136,0.246
6021,591.00,653.93,585,1.604,2108.8,0.063,0.111,0.159,0.143,0.127,0.032,0.365
6022,400.00,644.92,480,1.916,2109.2,0.106,0.106,0.209,0.126,0.154,0.126,0.173
6023,718.00,636.73,328,1.936,2109.7,0.100,0.127,0.154,0.127,0.171,0.164,0.156
6024,639.00,631.95,650,1.908,2110.2,0.195,0.119,0.104,0.195,0.119,0.110,0.157
6025,651.00,629.18,617,1.934,2111.0,0.156,0.114,0.142,0.169,0.140,0.132,0.147
6026,1212.00,632.63,903,1.893,2111.3,0.140,0.128,0.140,0.183,0.098,0.171,0.140
6027,704.00,631.68,372,1.692,2111.4,0.086,0.071,0.357,0.214,0.129,0.043,0.100
6028,520.00,630.01,370,1.732,2111.6,0.052,0.112,0.351,0.179,0.172,0.075,0.060
6029,377.00,625.45,410,1.904,2112.2,0.086,0.134,0.285,0.152,0.131,0.113,0.099
6030,138.00,620.32,159,1.866,2112.4,0.168,0.159,0.186,0.133,0.230,0.053,0.071
6031,587.00,621.99,447,1.907,2112.7,0.138,0.193,0.252,0.128,0.128,0.064,0.096
6032,555.00,621.77,539,1.898,2112.9,0.139,0.156,0.150,0.200,0.133,0.122,0.100
6033,854.00,624.28,840,1.842,2113.1,0.092,0.161,0.126,0.092,0.310,0.046,0.172
6034,141.00,615.29,159,1.846,2113.2,0.056,0.153,0.264,0.042,0.292,0.083,0.111
6035,668.00,619.06,572,1.932,2113.8,0.121,0.108,0.170,0.167,0.190,0.141,0.103
6036,214.00,619.24,294,1.900,2114.0,0.115,0.067,0.144,0.202,0.183,0.202,0.087
6037,96.00,616.27,175,1.853,2114.3,0.162,0.079,0.262,0.148,0.140,0.144,0.066
6038,852.00,619.49,764,1.921,2115.0,0.144,0.089,0.180,0.180,0.146,0.156,0.106
6039,403.00,618.92,429,1.905,2116.1,0.177,0.128,0.181,0.126,0.166,0.125,0.097
6040,363.00,617.62,290,1.765,2116.4,0.107,0.091,0.203,0.064,0.182,0.316,0.037
6041,716.00,620.30,632,1.867,2116.8,0.182,0.123,0.182,0.087,0.142,0.229,0.055
6042,1699.00,629.79,1451,1.865,2117.0,0.235,0.098,0.167,0.098,0.167,0.186,0.049
6043,532.00,629.44,504,1.816,2117.4,0.191,0.089,0.199,0.064,0.152,0.238,0.067
6044,296.00,624.54,357,1.855,2117.6,0.249,0.079,0.180,0.106,0.101,0.222,0.063
6045,272.00,623.22,352,1.899,2118.1,0.154,0.116,0.191,0.096,0.160,0.222,0.061
6046,262.00,623.39,287,1.890,2118.4,0.185,0.092,0.128,0.123,0.123,0.262,0.087
6047,761.00,626.13,714,1.869,2118.6,0.180,0.066,0.164,0.057,0.221,0.230,0.082
6048,500.00,623.63,451,1.911,2119.0,0.183,0.097,0.148,0.121,0.152,0.203,0.097
6049,159.00,619.04,150,1.930,2119.2,0.137,0.089,0.151,0.151,0.123,0.178,0.171
6050,320.00,620.39,311,1.916,2119.5,0.152,0.120,0.071,0.212,0.125,0.158,0.163
6051,1272.00,631.11,950,1.894,2119.8,0.163,0.058,0.128,0.180,0.134,0.244,0.093
6052,345.00,631.46,309,1.862,2120.0,0.179,0.113,0.053,0.159,0.073,0.252,0.172
6053,712.00,632.01,727,1.866,2120.3,0.172,0.156,0.072,0.122,0.056,0.250,0.172
6054,500.00,635.48,492,1.883,2120.6,0.167,0.167,0.071,0.171,0.062,0.214,0.148
6055,217.00,630.91,147,1.853,2120.8,0.157,0.147,0.088,0.167,0.078,0.176,0.186
6056,235.00,624.59,250,1.899,2121.0,0.171,0.166,0.059,0.166,0.096,0.182,0.160
6057,1006.00,627.53,957,1.881,2121.3,0.188,0.124,0.118,0.188,0.100,0.129,0.153
6058,653.00,630.48,610,1.913,2122.1,0.170,0.154,0.125,0.150,0.136,0.145,0.120
6059,1243.00,637.86,1132,1.852,2122.4,0.260,0.120,0.040,0.113,0.133,0.113,0.220
6060,390.00,634.30,418,1.818,2122.8,0.158,0.111,0.097,0.181,0.064,0.279,0.111
6061,632.00,632.87,519,1.825,2123.1,0.132,0.222,0.047,0.165,0.052,0.307,0.075
6062,763.00,635.46,732,1.918,2123.7,0.186,0.125,0.112,0.155,0.104,0.188,0.130
6063,1320.00,644.19,1238,1.916,2124.7,0.181,0.121,0.121,0.124,0.137,0.207,0.109
6064,267.00,642.10,280,1.912,2125.2,0.137,0.140,0.122,0.137,0.091,0.243,0.131
6065,1456.00,642.52,406,1.833,2125.3,0.147,0.118,0.186,0.206,0.020,0.127,0.196
6066,330.00,636.78,352,1.857,2125.7,0.125,0.105,0.171,0.140,0.066,0.261,0.132
6067,844.00,643.29,642,1.850,2126.0,0.141,0.180,0.180,0.161,0.059,0.210,0.068
6068,54.00,633.46,131,1.818,2126.3,0.160,0.166,0.254,0.144,0.099,0.105,0.072
6069,116.00,620.84,196,1.836,2126.5,0.152,0.234,0.269,0.152,0.048,0.055,0.090
6070,423.00,621.32,463,1.921,2127.6,0.164,0.148,0.163,0.156,0.121,0.139,0.108
6071,935.00,620.60,650,1.888,2127.9,0.205,0.168,0.147,0.142,0.068,0.168,0.100
6072,955.00,626.36,889,1.877,2128.2,0.126,0.134,0.227,0.126,0.134,0.172,0.080
6073,859.00,632.04,829,1.876,2128.8,0.119,0.114,0.204,0.103,0.191,0.167,0.101
6074,946.00,623.14,672,1.845,2129.1,0.168,0.094,0.193,0.168,0.153,0.178,0.045
6075,287.00,616.22,297,1.867,2129.6,0.180,0.103,0.227,0.168,0.147,0.142,0.032
6076,256.00,605.87,275,1.876,2130.0,0.233,0.100,0.164,0.155,0.142,0.174,0.032
6077,600.00,600.66,582,1.896,2130.4,0.228,0.110,0.160,0.153,0.157,0.132,0.060
6078,507.00,598.53,380,1.827,2130.7,0.233,0.124,0.166,0.093,0.202,0.145,0.036
6079,476.00,597.48,407,1.855,2131.0,0.131,0.233,0.118,0.110,0.135,0.184,0.090
6080,691.00,597.22,771,1.876,2131.5,0.153,0.226,0.171,0.159,0.107,0.116,0.067
6081,1099.00,606.13,995,1.841,2131.8,0.186,0.204,0.150,0.108,0.102,0.162,0.090
6082,681.00,610.36,676,1.919,2132.5,0.163,0.151,0.163,0.147,0.125,0.165,0.084
6083,997.00,610.73,363,1.868,2132.9,0.298,0.153,0.132,0.128,0.085,0.140,0.064
6084,959.00,608.78,730,1.846,2133.3,0.189,0.150,0.132,0.136,0.093,0.225,0.075
6085,355.00,608.34,381,1.835,2133.7,0.243,0.123,0.164,0.112,0.045,0.250,0.063
6086,250.00,607.84,290,1.007,2133.8,0.042,0.021,0.042,0.167,0.000,0.021,0.708
6087,76.00,601.60,76,0.428,2133.9,0.000,0.024,0.000,0.048,0.000,0.000,0.929
6088,452.00,603.96,448,1.933,2134.5,0.131,0.167,0.143,0.133,0.160,0.138,0.128
6089,688.00,606.69,691,1.877,2134.8,0.150,0.093,0.124,0.233,0.098,0.119,0.181
6090,714.00,605.63,547,1.909,2135.1,0.131,0.143,0.160,0.168,0.098,0.172,0.127
6091,734.00,606.11,596,1.800,2135.4,0.108,0.070,0.102,0.325,0.166,0.121,0.108
6092,518.00,607.07,442,1.924,2135.8,0.096,0.187,0.151,0.227,0.116,0.131,0.092
6093,375.00,606.33,376,1.505,2135.8,0.100,0.080,0.060,0.180,0.120,0.040,0.420
6094,668.00,599.79,630,1.844,2136.1,0.126,0.105,0.126,0.189,0.126,0.133,0.196
6095,932.00,601.36,880,1.841,2136.3,0.176,0.101,0.155,0.182,0.176,0.101,0.108
6096,728.00,603.28,659,1.933,2137.0,0.174,0.119,0.147,0.149,0.121,0.156,0.133
6097,237.00,599.45,117,1.061,2137.1,0.292,0.000,0.000,0.062,0.042,0.000,0.604
6098,361.00,593.07,351,1.833,2137.3,0.122,0.130,0.076,0.206,0.076,0.099,0.290
6099,703.00,599.19,686,1.937,2137.9,0.097,0.197,0.122,0.158,0.136,0.147,0.144
6100,546.00,600.52,488,1.932,2138.7,0.172,0.149,0.137,0.132,0.158,0.125,0.128
6101,207.00,598.66,287,1.166,2138.8,0.100,0.020,0.600,0.000,0.020,0.000,0.260
6102,675.00,596.95,671,1.354,2138.9,0.167,0.017,0.467,0.100,0.000,0.000,0.250
6103,841.00,592.92,714,1.832,2139.4,0.223,0.182,0.176,0.126,0.062,0.079,0.152
6104,540.00,594.37,406,1.709,2139.7,0.285,0.134,0.162,0.123,0.017,0.050,0.229
6105,409.00,596.58,409,1.528,2139.9,0.118,0.088,0.245,0.098,0.000,0.000,0.451
6106,725.00,600.76,609,1.700,2140.1,0.184,0.053,0.316,0.184,0.007,0.066,0.191
6107,569.00,599.24,529,1.794,2140.4,0.268,0.148,0.144,0.206,0.033,0.057,0.144
6108,280.00,597.02,157,1.752,2140.6,0.186,0.271,0.153,0.169,0.008,0.051,0.161
6109,468.00,592.80,275,1.731,2140.9,0.193,0.186,0.090,0.228,0.014,0.083,0.207
6110,561.00,591.71,472,1.657,2141.0,0.179,0.205,0.077,0.179,0.009,0.068,0.282
6111,348.00,586.81,316,1.726,2141.2,0.202,0.177,0.121,0.113,0.008,0.121,0.258
6112,336.00,584.18,336,1.113,2141.3,0.659,0.000,0.073,0.000,0.000,0.000,0.268
6113,394.00,580.06,352,1.570,2141.4,0.403,0.169,0.169,0.052,0.000,0.052,0.156
6114,557.00,579.57,355,1.366,2141.6,0.308,0.138,0.231,0.000,0.000,0.015,0.308
6115,663.00,579.74,646,1.714,2141.7,0.230,0.159,0.115,0.106,0.035,0.053,0.301
6116,193.00,574.68,193,1.241,2141.8,0.304,0.109,0.043,0.000,0.000,0.000,0.543
6117,257.00,570.18,284,1.885,2142.4,0.164,0.188,0.157,0.149,0.044,0.123,0.175
6118,329.00,569.42,313,1.893,2142.8,0.160,0.184,0.108,0.167,0.094,0.104,0.184
6119,451.00,569.12,310,1.833,2143.0,0.133,0.248,0.106,0.150,0.062,0.080,0.221
6120,320.00,566.86,291,1.445,2143.1,0.148,0.241,0.093,0.074,0.000,0.037,0.407
6121,296.00,563.91,296,1.272,2143.1,0.235,0.176,0.000,0.000,0.029,0.000,0.559
6122,705.00,566.96,701,1.600,2143.2,0.058,0.327,0.019,0.115,0.019,0.058,0.404
6123,283.00,562.61,269,1.894,2143.7,0.153,0.204,0.123,0.144,0.057,0.126,0.192
6124,290.00,559.12,290,1.249,2143.8,0.073,0.439,0.000,0.000,0.000,0.000,0.488
6125,991.00,562.52,857,1.770,2144.0,0.079,0.262,0.071,0.095,0.103,0.119,0.270
6126,226.00,552.66,244,1.847,2144.3,0.089,0.251,0.131,0.126,0.047,0.115,0.241
6127,494.00,550.56,418,1.583,2144.4,0.067,0.320,0.067,0.040,0.013,0.067,0.427
6128,540.00,550.76,570,1.904,2145.0,0.138,0.146,0.148,0.124,0.119,0.140,0.185
6129,759.00,554.58,548,1.640,2145.1,0.184,0.102,0.102,0.102,0.122,0.102,0.286
6130,887.00,562.07,797,1.685,2145.2,0.143,0.114,0.200,0.086,0.057,0.086,0.314
6131,393.00,560.13,369,1.909,2145.5,0.127,0.156,0.113,0.179,0.104,0.179,0.142
6132,341.00,557.99,346,1.360,2145.6,0.424,0.061,0.288,0.030,0.030,0.030,0.136
6133,480.00,554.25,466,1.847,2145.9,0.230,0.153,0.148,0.126,0.044,0.180,0.120
6134,398.00,556.82,393,1.910,2146.3,0.176,0.180,0.144,0.158,0.074,0.165,0.102
6135,705.00,557.19,667,1.906,2146.8,0.193,0.148,0.115,0.142,0.082,0.184,0.136
6136,408.00,559.13,310,1.875,2147.0,0.206,0.155,0.084,0.090,0.129,0.148,0.187
6137,641.00,564.58,501,1.743,2147.2,0.281,0.117,0.094,0.062,0.117,0.234,0.094
6138,665.00,562.71,649,1.874,2147.5,0.200,0.093,0.100,0.136,0.129,0.214,0.129
6139,224.00,560.92,274,1.893,2147.7,0.214,0.132,0.063,0.094,0.132,0.226,0.138
6140,341.00,560.70,262,1.932,2148.0,0.144,0.132,0.103,0.138,0.121,0.178,0.184
6141,326.00,556.80,366,1.928,2148.8,0.129,0.114,0.129,0.157,0.180,0.168,0.122
6142,361.00,543.42,75,1.792,2149.0,0.297,0.158,0.129,0.089,0.188,0.109,0.030
6143,516.00,543.26,513,1.919,2151.0,0.166,0.146,0.155,0.139,0.147,0.133,0.114
6144,396.00,544.26,381,1.842,2151.3,0.183,0.237,0.107,0.103,0.071,0.165,0.134
6145,262.00,544.16,262,1.775,2151.5,0.182,0.204,0.109,0.109,0.036,0.131,0.226
6146,509.00,546.63,545,1.826,2152.0,0.162,0.182,0.129,0.096,0.033,0.191,0.208
6147,625.00,545.27,514,1.825,2152.2,0.184,0.172,0.092,0.190,0.025,0.141,0.196
6148,292.00,543.19,252,1.817,2152.6,0.135,0.270,0.112,0.157,0.015,0.161,0.150
6149,1425.00,555.85,1380,1.752,2152.8,0.162,0.143,0.124,0.162,0.019,0.171,0.219
6150,188.00,554.53,153,1.831,2153.0,0.142,0.165,0.094,0.157,0.016,0.220,0.205
6151,499.00,546.80,507,1.896,2153.7,0.151,0.155,0.129,0.157,0.074,0.192,0.143
6152,90.00,544.25,170,1.496,2153.9,0.306,0.037,0.148,0.231,0.000,0.102,0.176
6153,847.00,545.60,807,1.839,2154.4,0.157,0.152,0.132,0.177,0.051,0.177,0.154
6154,494.00,545.54,455,1.797,2154.7,0.147,0.174,0.079,0.200,0.042,0.168,0.189
6155,470.00,548.07,547,1.721,2155.1,0.207,0.121,0.133,0.215,0.000,0.145,0.180
6156,303.00,548.75,291,1.780,2155.4,0.170,0.176,0.121,0.236,0.011,0.143,0.143
6157,1240.00,551.09,1048,1.644,2155.5,0.318,0.082,0.173,0.191,0.000,0.118,0.118
6158,243.00,546.99,217,1.839,2155.9,0.161,0.174,0.117,0.191,0.022,0.183,0.152
6159,192.00,536.48,245,1.816,2156.2,0.167,0.188,0.117,0.180,0.000,0.176,0.172
6160,691.00,539.49,636,1.414,2156.4,0.372,0.081,0.244,0.128,0.012,0.070,0.093
6161,454.00,537.71,476,1.862,2156.8,0.146,0.198,0.143,0.182,0.019,0.182,0.130
6162,281.00,532.89,264,1.839,2157.2,0.154,0.181,0.113,0.163,0.041,0.158,0.190
6163,1365.00,533.34,788,1.587,2157.4,0.269,0.084,0.277,0.101,0.008,0.143,0.118
6164,609.00,536.76,549,1.824,2157.7,0.168,0.178,0.154,0.159,0.024,0.168,0.149
6165,243.00,524.63,262,1.752,2158.0,0.262,0.090,0.152,0.186,0.010,0.200,0.100
6166,1026.00,531.59,815,1.525,2158.2,0.279,0.066,0.331,0.110,0.007,0.118,0.088
6167,656.00,529.71,693,1.904,2159.4,0.133,0.163,0.151,0.144,0.095,0.165,0.149
6168,958.00,538.75,793,1.650,2159.5,0.216,0.112,0.103,0.302,0.000,0.121,0.147
6169,583.00,543.42,575,1.842,2160.0,0.173,0.215,0.106,0.170,0.032,0.167,0.138
6170,836.00,547.55,749,1.665,2160.2,0.245,0.075,0.211,0.177,0.000,0.156,0.136
6171,241.00,540.61,320,1.771,2160.5,0.182,0.149,0.105,0.171,0.011,0.215,0.166
6172,1162.00,542.68,634,1.073,2160.6,0.708,0.000,0.167,0.083,0.000,0.021,0.021
6173,1175.00,545.84,1076,1.879,2161.7,0.151,0.184,0.122,0.164,0.085,0.147,0.148
6174,1183.00,548.21,762,1.582,2161.9,0.269,0.037,0.222,0.157,0.009,0.120,0.185
6175,479.00,550.13,559,1.782,2162.2,0.240,0.124,0.120,0.166,0.018,0.175,0.157
6176,475.00,552.32,458,1.781,2162.5,0.163,0.163,0.152,0.124,0.006,0.163,0.230
6177,905.00,555.37,917,1.599,2162.7,0.245,0.020,0.364,0.119,0.000,0.126,0.126
6178,990.00,560.20,844,1.727,2163.0,0.224,0.118,0.200,0.165,0.000,0.118,0.176
6179,1084.00,566.28,971,1.477,2163.1,0.349,0.036,0.169,0.133,0.000,0.133,0.181
6180,628.00,565.65,652,1.732,2163.4,0.312,0.118,0.140,0.091,0.011,0.134,0.194
6181,1145.00,566.11,975,1.661,2163.6,0.266,0.056,0.210,0.105,0.014,0.126,0.224
6182,589.00,565.19,527,1.751,2163.9,0.222,0.117,0.086,0.130,0.012,0.167,0.265
6183,1160.00,566.82,1047,1.517,2164.0,0.165,0.000,0.118,0.306,0.000,0.071,0.341
6184,400.00,561.23,398,1.860,2164.7,0.195,0.128,0.148,0.162,0.051,0.148,0.168
6185,543.00,563.11,516,1.417,2164.8,0.127,0.000,0.141,0.183,0.000,0.127,0.423
6186,641.00,567.02,660,1.709,2165.1,0.207,0.091,0.183,0.152,0.012,0.128,0.226
6187,297.00,569.23,296,1.706,2165.2,0.179,0.051,0.188,0.188,0.017,0.085,0.291
6188,957.00,574.28,941,1.570,2165.3,0.154,0.000,0.154,0.154,0.000,0.154,0.385
6189,521.00,572.61,561,1.833,2165.7,0.154,0.107,0.197,0.214,0.030,0.141,0.158
6190,437.00,569.84,310,1.799,2166.0,0.237,0.090,0.199,0.147,0.014,0.161,0.152
6191,518.00,567.68,480,1.761,2166.2,0.159,0.071,0.238,0.214,0.000,0.167,0.151
6192,606.00,568.56,631,1.791,2166.5,0.137,0.100,0.241,0.178,0.033,0.137,0.174
6193,473.00,569.54,397,1.787,2166.8,0.175,0.099,0.181,0.170,0.012,0.135,0.228
6194,475.00,567.61,379,1.802,2167.1,0.204,0.109,0.156,0.156,0.033,0.161,0.180
6195,622.00,564.51,615,1.779,2167.4,0.173,0.104,0.188,0.134,0.015,0.158,0.228
6196,345.00,560.68,339,1.664,2167.7,0.268,0.085,0.201,0.116,0.006,0.122,0.201
6197,497.00,563.28,449,1.866,2168.6,0.209,0.088,0.175,0.153,0.054,0.174,0.147
6198,593.00,565.60,633,1.902,2170.3,0.198,0.156,0.130,0.129,0.105,0.145,0.137
6199,424.00,562.81,0,1.166,2170.5,0.376,0.055,0.339,0.055,0.009,0.147,0.018
6200,957.00,566.92,1037,1.432,2170.9,0.367,0.081,0.275,0.063,0.045,0.078,0.093
6201,824.00,573.09,619,1.136,2171.1,0.558,0.042,0.242,0.042,0.008,0.050,0.058
6202,789.00,574.23,745,1.567,2171.8,0.407,0.041,0.229,0.133,0.054,0.047,0.090
6203,2310.00,588.92,0,1.289,2172.1,0.467,0.013,0.260,0.053,0.053,0.053,0.100
6204,631.00,589.83,606,1.603,2172.7,0.321,0.054,0.256,0.117,0.047,0.056,0.150
6205,1092.00,596.66,1038,1.656,2173.3,0.355,0.042,0.202,0.106,0.069,0.072,0.154
6206,1040.00,599.81,435,0.811,2173.5,0.689,0.000,0.182,0.038,0.015,0.038,0.038
6207,1091.00,605.03,590,0.699,2173.6,0.732,0.000,0.232,0.000,0.037,0.000,0.000
6208,415.00,606.38,456,1.476,2174.1,0.461,0.029,0.264,0.057,0.029,0.026,0.135
6209,848.00,610.18,693,1.444,2174.5,0.438,0.014,0.260,0.087,0.038,0.048,0.115
6210,825.00,612.82,652,0.717,2174.6,0.869,0.000,0.066,0.000,0.033,0.033,0.000
6211,1716.00,626.50,1543,0.932,2174.6,0.714,0.000,0.125,0.000,0.143,0.018,0.000
6212,604.00,629.18,604,1.383,2174.9,0.436,0.034,0.274,0.028,0.022,0.039,0.168
6213,538.00,630.62,613,1.668,2175.5,0.317,0.062,0.266,0.102,0.038,0.078,0.137
6214,1484.00,639.89,1323,1.394,2175.7,0.342,0.000,0.217,0.058,0.183,0.058,0.142
6215,593.00,639.19,585,1.832,2176.3,0.243,0.083,0.223,0.132,0.069,0.112,0.138
6216,1831.00,655.57,1626,1.501,2176.6,0.220,0.047,0.227,0.067,0.233,0.113,0.093
6217,754.00,660.54,480,1.704,2176.8,0.247,0.019,0.247,0.086,0.148,0.173,0.080
6218,1492.00,672.17,959,1.622,2177.1,0.247,0.062,0.170,0.124,0.196,0.144,0.057
6219,1085.00,678.51,1010,1.757,2177.6,0.302,0.057,0.208,0.106,0.076,0.145,0.106
6220,1347.00,688.78,1272,1.789,2178.1,0.222,0.073,0.196,0.129,0.094,0.173,0.114
6221,347.00,689.29,295,1.732,2178.5,0.211,0.048,0.316,0.101,0.075,0.145,0.105
6222,480.00,687.04,490,1.758,2178.8,0.268,0.026,0.264,0.145,0.038,0.136,0.123
6223,1354.00,697.75,1283,1.203,2178.9,0.592,0.028,0.070,0.028,0.085,0.141,0.056
6224,478.00,699.63,506,1.853,2179.5,0.213,0.077,0.195,0.166,0.068,0.130,0.151
6225,223.00,691.95,250,1.805,2179.8,0.212,0.075,0.253,0.120,0.054,0.158,0.129
6226,683.00,696.52,713,1.850,2180.1,0.262,0.072,0.174,0.149,0.041,0.113,0.190
6227,655.00,698.13,529,1.821,2180.5,0.233,0.100,0.137,0.132,0.100,0.132,0.164
6228,714.00,699.87,696,1.878,2180.9,0.211,0.106,0.177,0.121,0.083,0.189,0.113
6229,1534.00,707.62,1433,1.784,2181.2,0.232,0.087,0.155,0.184,0.053,0.174,0.116
6230,402.00,702.77,348,1.909,2181.9,0.159,0.117,0.155,0.169,0.097,0.173,0.129
6231,714.00,705.98,690,1.696,2182.1,0.357,0.035,0.161,0.091,0.091,0.147,0.119
6232,0.00,702.57,0,0.230,2182.2,0.949,0.000,0.026,0.000,0.000,0.000,0.026
6233,547.00,703.24,465,1.635,2182.4,0.412,0.026,0.176,0.059,0.085,0.065,0.176
6234,599.00,705.25,579,1.907,2183.1,0.174,0.093,0.134,0.171,0.121,0.126,0.180
6235,207.00,700.27,125,1.228,2183.2,0.482,0.000,0.036,0.018,0.071,0.000,0.393
6236,168.00,697.87,248,1.897,2183.7,0.204,0.123,0.137,0.190,0.073,0.103,0.170
6237,559.00,697.05,500,1.879,2184.0,0.185,0.110,0.096,0.158,0.075,0.089,0.288
6238,0.00,690.40,0,0.975,2184.0,0.475,0.000,0.000,0.000,0.000,0.000,0.525
6239,453.00,692.69,450,1.878,2184.3,0.183,0.168,0.094,0.168,0.058,0.136,0.194
6240,1909.00,708.37,1673,1.587,2184.5,0.357,0.060,0.060,0.131,0.071,0.167,0.155
6241,505.00,710.16,388,1.276,2184.6,0.465,0.056,0.056,0.014,0.056,0.099,0.254
6242,1445.00,721.00,772,1.281,2184.7,0.570,0.047,0.047,0.058,0.070,0.116,0.093
6243,576.00,721.60,336,1.877,2185.0,0.178,0.131,0.131,0.155,0.113,0.183,0.108
6244,894.00,726.58,800,0.995,2185.1,0.684,0.000,0.105,0.000,0.000,0.053,0.158
6245,643.00,730.39,614,1.692,2185.3,0.364,0.066,0.140,0.025,0.149,0.116,0.140
6246,916.00,734.46,902,1.763,2185.6,0.321,0.094,0.094,0.094,0.189,0.113,0.094
6247,1008.00,738.29,739,1.507,2185.7,0.500,0.045,0.045,0.023,0.102,0.125,0.159
6248,1328.00,748.65,1323,1.733,2185.9,0.223,0.116,0.066,0.083,0.116,0.116,0.281
6249,748.00,741.88,768,1.635,2186.1,0.299,0.019,0.056,0.056,0.131,0.215,0.224
6250,1231.00,752.31,997,1.553,2186.2,0.293,0.000,0.037,0.037,0.122,0.207,0.305
6251,1045.00,757.77,822,1.505,2186.3,0.392,0.014,0.041,0.014,0.054,0.230,0.257
6252,505.00,761.92,471,1.927,2187.7,0.178,0.149,0.126,0.154,0.119,0.148,0.126
6253,1113.00,764.58,869,1.746,2188.0,0.204,0.035,0.075,0.289,0.194,0.149,0.055
6254,302.00,762.66,260,1.834,2188.4,0.169,0.091,0.123,0.288,0.074,0.136,0.119
6255,985.00,767.81,751,1.796,2188.7,0.220,0.086,0.043,0.280,0.145,0.140,0.086
6256,1631.00,781.09,1484,1.880,2189.0,0.171,0.077,0.120,0.265,0.120,0.124,0.124
6257,938.00,778.07,472,1.705,2189.2,0.209,0.052,0.022,0.224,0.157,0.239,0.097
6258,651.00,782.15,646,1.886,2189.6,0.167,0.097,0.097,0.186,0.108,0.178,0.167
6259,1380.00,794.03,1300,1.794,2190.0,0.223,0.100,0.052,0.209,0.095,0.218,0.104
6260,599.00,793.11,287,1.585,2190.1,0.322,0.017,0.033,0.140,0.298,0.140,0.050
6261,1228.00,800.85,1006,1.873,2190.7,0.184,0.111,0.089,0.209,0.141,0.122,0.144
6262,685.00,804.89,404,1.513,2190.8,0.250,0.000,0.013,0.118,0.461,0.079,0.079
6263,557.00,796.81,512,1.915,2191.6,0.177,0.110,0.143,0.215,0.085,0.165,0.105
6264,990.00,800.62,813,1.863,2191.8,0.169,0.169,0.081,0.162,0.189,0.068,0.162
6265,1584.00,814.03,1409,1.845,2192.0,0.284,0.101,0.073,0.156,0.128,0.083,0.174
6266,1010.00,813.87,983,1.883,2192.5,0.223,0.150,0.131,0.182,0.062,0.117,0.135
6267,1310.00,820.41,1125,1.847,2192.7,0.248,0.150,0.180,0.180,0.045,0.083,0.113
6268,1006.00,820.89,992,1.729,2192.8,0.267,0.067,0.067,0.187,0.040,0.107,0.267
6269,290.00,817.96,264,1.879,2193.2,0.204,0.106,0.188,0.176,0.061,0.118,0.147
6270,635.00,815.95,499,1.631,2193.3,0.274,0.065,0.355,0.065,0.000,0.016,0.226
6271,341.00,816.95,368,1.846,2193.4,0.190,0.210,0.200,0.160,0.050,0.050,0.140
6272,195.00,807.28,230,1.898,2193.8,0.146,0.131,0.217,0.146,0.041,0.161,0.157
6273,524.00,800.77,497,1.894,2194.1,0.134,0.144,0.155,0.144,0.075,0.176,0.171
6274,972.00,798.66,786,1.893,2194.4,0.204,0.159,0.173,0.164,0.093,0.102,0.106
6275,1201.00,805.88,1044,1.846,2194.7,0.102,0.117,0.137,0.229,0.059,0.146,0.210
6276,1078.00,811.91,285,1.711,2194.9,0.351,0.270,0.054,0.153,0.027,0.081,0.063
6277,569.00,808.55,588,1.636,2195.1,0.400,0.150,0.113,0.050,0.037,0.025,0.225
6278,487.00,803.52,491,1.867,2195.4,0.214,0.100,0.144,0.214,0.015,0.144,0.169
6279,382.00,796.50,304,1.899,2195.8,0.121,0.117,0.164,0.198,0.067,0.168,0.164
6280,409.00,794.31,401,1.409,2195.9,0.342,0.026,0.026,0.105,0.079,0.026,0.395
6281,742.00,790.28,663,1.802,2196.1,0.254,0.088,0.105,0.158,0.061,0.061,0.272
6282,516.00,789.55,414,1.751,2196.2,0.160,0.053,0.080,0.173,0.053,0.067,0.413
6283,693.00,784.88,624,1.724,2196.4,0.252,0.087,0.058,0.155,0.068,0.058,0.320
6284,316.00,784.04,347,1.795,2196.6,0.239,0.086,0.098,0.184,0.043,0.129,0.221
6285,554.00,784.15,551,1.806,2196.9,0.182,0.065,0.117,0.143,0.071,0.110,0.312
6286,746.00,785.20,547,1.787,2197.1,0.194,0.123,0.065,0.213,0.103,0.058,0.245
6287,265.00,784.88,204,1.853,2197.3,0.226,0.062,0.103,0.185,0.068,0.116,0.240
6288,400.00,779.31,386,1.904,2197.8,0.211,0.117,0.126,0.170,0.088,0.164,0.126
6289,396.00,778.06,318,1.892,2198.1,0.216,0.078,0.124,0.183,0.052,0.196,0.150
6290,302.00,776.71,203,1.918,2198.7,0.151,0.148,0.138,0.173,0.089,0.163,0.138
6291,110.00,772.63,142,1.800,2198.9,0.124,0.102,0.153,0.241,0.095,0.124,0.161
6292,303.00,769.60,271,1.868,2199.3,0.112,0.142,0.089,0.201,0.125,0.102,0.228
6293,366.00,768.53,359,1.603,2199.6,0.237,0.088,0.046,0.129,0.371,0.036,0.093
6294,1098.00,774.76,1093,1.691,2199.9,0.179,0.093,0.080,0.117,0.352,0.062,0.117
6295,412.00,772.66,396,1.826,2200.2,0.149,0.116,0.136,0.132,0.244,0.103,0.120
6296,749.00,776.70,595,1.553,2200.4,0.179,0.167,0.048,0.083,0.417,0.060,0.048
6297,658.00,778.31,555,1.912,2200.8,0.148,0.133,0.107,0.152,0.211,0.126,0.122
6298,118.00,773.56,187,1.926,2201.1,0.157,0.056,0.163,0.157,0.129,0.185,0.152
6299,509.00,774.41,500,1.936,2201.8,0.144,0.146,0.144,0.140,0.110,0.168,0.148
6300,795.00,772.79,835,1.838,2202.2,0.230,0.126,0.096,0.155,0.084,0.155,0.155
6301,651.00,771.06,578,1.745,2202.4,0.283,0.132,0.086,0.145,0.092,0.178,0.086
6302,300.00,766.17,253,1.869,2202.7,0.207,0.103,0.120,0.141,0.092,0.174,0.163
6303,670.00,749.77,639,1.922,2203.2,0.192,0.087,0.144,0.127,0.132,0.194,0.124
6304,432.00,747.78,512,1.869,2203.4,0.231,0.119,0.154,0.154,0.133,0.168,0.042
6305,65.00,737.51,145,1.901,2203.7,0.133,0.104,0.202,0.173,0.081,0.179,0.127
6306,123.00,728.34,203,1.902,2203.9,0.090,0.179,0.145,0.159,0.117,0.207,0.103
6307,1086.00,728.29,884,1.891,2204.1,0.184,0.153,0.224,0.122,0.112,0.122,0.082
6308,1657.00,740.71,1224,1.805,2204.3,0.227,0.144,0.113,0.196,0.113,0.093,0.113
6309,575.00,737.98,519,1.930,2204.7,0.131,0.162,0.151,0.112,0.158,0.154,0.131
6310,238.00,732.11,235,1.933,2205.2,0.183,0.111,0.188,0.119,0.127,0.133,0.139
6311,882.00,723.77,918,1.911,2205.7,0.132,0.144,0.129,0.147,0.168,0.150,0.129
6312,467.00,722.40,462,1.893,2205.9,0.227,0.142,0.085,0.085,0.170,0.142,0.149
6313,797.00,724.99,679,1.842,2206.0,0.133,0.229,0.193,0.133,0.108,0.084,0.120
6314,845.00,718.60,641,1.919,2206.4,0.129,0.140,0.132,0.143,0.103,0.173,0.180
6315,420.00,716.87,444,1.846,2206.7,0.167,0.127,0.173,0.167,0.147,0.100,0.120
6316,472.00,703.28,437,1.885,2206.9,0.194,0.137,0.160,0.103,0.091,0.143,0.171
6317,337.00,699.11,301,1.930,2207.6,0.142,0.127,0.104,0.146,0.123,0.165,0.192
6318,302.00,687.21,327,1.820,2208.0,0.190,0.128,0.175,0.062,0.213,0.076,0.156
6319,220.00,678.56,281,1.591,2208.1,0.098,0.205,0.045,0.045,0.446,0.054,0.107
6320,895.00,674.04,546,1.733,2208.4,0.116,0.209,0.041,0.029,0.320,0.151,0.134
6321,443.00,675.00,410,1.863,2208.9,0.146,0.226,0.048,0.067,0.172,0.162,0.178
6322,704.00,677.24,613,1.878,2209.7,0.119,0.198,0.079,0.092,0.158,0.162,0.192
6323,220.00,665.90,252,1.799,2210.0,0.149,0.241,0.051,0.087,0.195,0.154,0.123
6324,1234.00,673.46,962,1.579,2210.2,0.205,0.205,0.038,0.030,0.394,0.045,0.083
6325,598.00,677.21,556,1.805,2210.5,0.245,0.189,0.071,0.104,0.104,0.156,0.132
6326,1023.00,680.61,606,1.672,2210.7,0.256,0.155,0.023,0.047,0.372,0.070,0.078
6327,899.00,683.05,633,1.666,2210.9,0.333,0.186,0.039,0.029,0.294,0.039,0.078
6328,617.00,682.08,609,1.845,2211.2,0.211,0.197,0.072,0.121,0.117,0.161,0.121
6329,899.00,675.73,939,1.763,2211.3,0.289,0.060,0.084,0.181,0.169,0.133,0.084
6330,325.00,674.96,318,1.895,2211.9,0.203,0.195,0.061,0.142,0.110,0.154,0.134
6331,666.00,674.48,589,1.901,2212.3,0.166,0.207,0.080,0.127,0.115,0.156,0.150
6332,501.00,679.49,442,1.887,2212.7,0.145,0.216,0.104,0.120,0.120,0.149,0.145
6333,887.00,682.89,734,1.904,2212.9,0.110,0.246,0.068,0.127,0.093,0.229,0.127
6334,392.00,680.82,382,1.899,2213.1,0.131,0.156,0.119,0.125,0.094,0.225,0.150
6335,473.00,683.48,395,1.900,2213.4,0.143,0.223,0.086,0.160,0.046,0.183,0.160
6336,710.00,688.90,642,1.928,2214.3,0.159,0.134,0.122,0.120,0.151,0.145,0.169
6337,7.00,683.38,80,1.436,2214.4,0.073,0.055,0.309,0.345,0.145,0.018,0.055
6338,641.00,689.79,585,1.872,2214.8,0.176,0.155,0.122,0.227,0.101,0.129,0.090
6339,1572.00,700.98,1059,1.794,2215.0,0.178,0.108,0.115,0.325,0.076,0.083,0.115
6340,1077.00,692.66,995,1.876,2215.5,0.149,0.146,0.129,0.220,0.139,0.129,0.087
6341,624.00,693.85,571,1.907,2216.1,0.170,0.113,0.153,0.235,0.118,0.106,0.106
6342,1098.00,690.38,727,1.844,2216.4,0.225,0.111,0.134,0.213,0.111,0.115,0.091
6343,754.00,692.16,562,1.709,2216.6,0.277,0.028,0.121,0.348,0.106,0.064,0.057
6344,1422.00,697.44,952,1.815,2217.0,0.244,0.088,0.120,0.212,0.129,0.143,0.065
6345,338.00,694.39,354,1.898,2217.7,0.173,0.088,0.123,0.230,0.132,0.178,0.077
6346,448.00,689.71,454,1.911,2218.2,0.193,0.094,0.131,0.180,0.136,0.159,0.107
6347,298.00,682.61,291,1.896,2218.6,0.176,0.056,0.128,0.112,0.120,0.292,0.116
6348,791.00,677.24,706,1.868,2218.8,0.206,0.071,0.155,0.110,0.213,0.148,0.097
6349,933.00,679.09,746,1.792,2219.0,0.179,0.034,0.128,0.128,0.231,0.205,0.094
6350,376.00,670.54,344,1.892,2219.4,0.160,0.082,0.126,0.122,0.133,0.235,0.143
6351,1032.00,670.41,1037,1.433,2219.6,0.170,0.057,0.068,0.057,0.102,0.455,0.091
6352,1305.00,678.41,1165,1.492,2219.8,0.078,0.087,0.039,0.049,0.107,0.524,0.117
6353,365.00,670.93,313,1.892,2220.1,0.114,0.187,0.109,0.067,0.119,0.290,0.114
6354,1306.00,680.97,1094,1.863,2220.3,0.188,0.113,0.062,0.169,0.106,0.225,0.138
6355,272.00,673.84,348,1.915,2220.6,0.191,0.130,0.117,0.111,0.136,0.167,0.148
6356,1075.00,668.28,896,1.926,2220.9,0.168,0.148,0.119,0.131,0.143,0.168,0.123
6357,359.00,662.49,307,1.940,2221.4,0.135,0.152,0.149,0.113,0.145,0.167,0.138
6358,966.00,665.64,918,1.776,2221.7,0.138,0.036,0.246,0.225,0.116,0.152,0.087
6359,398.00,655.82,470,1.922,2221.8,0.125,0.092,0.175,0.192,0.125,0.158,0.133
6360,1132.00,661.15,892,1.927,2222.1,0.156,0.131,0.176,0.176,0.121,0.126,0.116
6361,214.00,651.01,248,1.922,2222.5,0.150,0.100,0.208,0.158,0.125,0.154,0.104
6362,898.00,653.14,938,1.787,2222.6,0.320,0.027,0.133,0.080,0.147,0.173,0.120
6363,458.00,652.15,267,1.910,2222.9,0.171,0.140,0.098,0.061,0.146,0.220,0.165
6364,173.00,643.98,232,1.747,2223.0,0.312,0.042,0.094,0.062,0.229,0.167,0.094
6365,529.00,633.43,529,1.914,2223.6,0.200,0.112,0.126,0.117,0.138,0.174,0.133
6366,1097.00,634.30,1028,1.912,2224.4,0.189,0.114,0.122,0.106,0.145,0.196,0.128
6367,1249.00,633.69,1153,1.430,2224.5,0.319,0.014,0.167,0.056,0.083,0.319,0.042
6368,609.00,629.72,583,1.850,2225.0,0.193,0.085,0.098,0.142,0.159,0.241,0.081
6369,411.00,630.93,303,1.832,2225.2,0.222,0.131,0.131,0.102,0.108,0.261,0.045
6370,1649.00,641.07,1177,1.701,2225.5,0.223,0.102,0.084,0.084,0.133,0.301,0.072
6371,1129.00,648.95,936,1.856,2225.8,0.209,0.173,0.102,0.107,0.120,0.204,0.084
6372,665.00,653.65,682,1.910,2226.5,0.177,0.167,0.104,0.110,0.113,0.193,0.136
6373,585.00,654.26,618,1.899,2227.2,0.165,0.154,0.108,0.099,0.116,0.181,0.177
6374,588.00,650.42,607,1.909,2227.8,0.146,0.149,0.120,0.107,0.095,0.224,0.159
6375,2981.00,668.22,2706,1.615,2228.0,0.291,0.031,0.094,0.110,0.079,0.331,0.063
6376,377.00,661.21,364,1.885,2228.4,0.152,0.107,0.165,0.128,0.033,0.288,0.128
6377,633.00,661.85,484,1.902,2228.8,0.220,0.109,0.151,0.122,0.109,0.178,0.112
6378,693.00,663.91,713,1.897,2229.0,0.221,0.152,0.131,0.117,0.110,0.193,0.076
6379,883.00,668.92,648,1.916,2229.4,0.186,0.193,0.139,0.106,0.106,0.142,0.128
6380,411.00,668.94,423,1.913,2229.8,0.196,0.125,0.138,0.076,0.107,0.179,0.179
6381,525.00,666.77,524,1.910,2230.2,0.117,0.211,0.184,0.098,0.083,0.165,0.143
6382,896.00,670.57,791,1.766,2230.4,0.163,0.082,0.272,0.109,0.156,0.122,0.095
6383,1616.00,679.80,1310,1.763,2230.6,0.311,0.091,0.121,0.152,0.121,0.152,0.053
6384,553.00,682.17,348,1.664,2230.8,0.362,0.072,0.145,0.188,0.072,0.145,0.014
6385,1938.00,696.01,1469,1.728,2231.0,0.348,0.081,0.111,0.111,0.089,0.193,0.067
6386,370.00,692.25,401,1.891,2231.4,0.225,0.107,0.137,0.141,0.115,0.183,0.092
6387,503.00,694.63,484,1.901,2231.7,0.200,0.090,0.157,0.148,0.110,0.200,0.095
6388,2154.00,712.17,1498,1.571,2231.8,0.264,0.023,0.253,0.057,0.149,0.172,0.080
6389,679.00,715.00,606,1.879,2232.3,0.201,0.135,0.164,0.099,0.153,0.142,0.106
6390,1052.00,722.50,880,1.804,2232.6,0.273,0.088,0.191,0.067,0.160,0.129,0.093
6391,720.00,728.60,691,1.818,2232.9,0.283,0.125,0.163,0.100,0.125,0.121,0.083
6392,1852.00,744.09,1705,1.750,2233.3,0.251,0.125,0.218,0.066,0.111,0.137,0.092
6393,465.00,745.08,435,1.870,2233.6,0.277,0.127,0.162,0.104,0.133,0.087,0.110
6394,271.00,736.81,0,0.167,2233.7,0.974,0.000,0.026,0.000,0.000,0.000,0.000
6395,713.00,739.82,753,1.654,2233.8,0.377,0.149,0.123,0.053,0.105,0.123,0.070
6396,495.00,737.28,384,1.796,2234.1,0.365,0.045,0.185,0.073,0.135,0.124,0.073
6397,613.00,736.83,585,1.899,2234.6,0.204,0.122,0.122,0.119,0.150,0.146,0.136
6398,522.00,740.87,474,1.891,2234.9,0.216,0.147,0.135,0.131,0.118,0.135,0.118
6399,624.00,742.02,606,1.916,2235.3,0.173,0.140,0.169,0.133,0.108,0.180,0.097
6400,385.00,737.92,383,1.924,2235.9,0.153,0.147,0.096,0.141,0.204,0.138,0.120
6401,894.00,740.35,825,1.908,2236.4,0.146,0.121,0.137,0.137,0.208,0.143,0.108
6402,1019.00,747.54,724,1.705,2236.6,0.301,0.032,0.269,0.151,0.097,0.043,0.108
6403,255.00,743.39,265,1.811,2236.8,0.192,0.038,0.128,0.205,0.103,0.103,0.231
6404,509.00,744.16,517,1.813,2237.0,0.239,0.099,0.049,0.183,0.070,0.155,0.204
6405,410.00,747.61,450,1.918,2237.5,0.172,0.107,0.117,0.175,0.110,0.135,0.184
6406,698.00,753.36,734,1.896,2237.8,0.164,0.141,0.113,0.113,0.220,0.119,0.130
6407,127.00,743.77,207,1.892,2238.1,0.193,0.202,0.163,0.107,0.167,0.112,0.056
6408,699.00,734.19,573,1.927,2238.5,0.171,0.151,0.131,0.127,0.147,0.135,0.135
6409,347.00,731.91,290,1.898,2238.8,0.183,0.162,0.136,0.094,0.152,0.168,0.105
6410,816.00,737.69,717,1.912,2239.1,0.138,0.177,0.138,0.155,0.129,0.134,0.129
6411,389.00,732.76,469,1.831,2239.2,0.245,0.102,0.245,0.184,0.163,0.041,0.020
6412,640.00,734.49,359,1.905,2239.5,0.175,0.185,0.111,0.180,0.138,0.138,0.074
6413,475.00,731.27,549,1.913,2240.1,0.159,0.218,0.128,0.133,0.145,0.137,0.081
6414,470.00,727.52,244,1.798,2240.3,0.221,0.199,0.250,0.096,0.118,0.088,0.029
6415,1629.00,739.61,1053,1.885,2240.6,0.126,0.211,0.211,0.126,0.156,0.080,0.090
6416,962.00,744.51,791,1.806,2240.8,0.175,0.193,0.237,0.114,0.114,0.088,0.079
6417,820.00,749.34,740,1.862,2241.1,0.209,0.178,0.199,0.168,0.099,0.079,0.068
6418,1081.00,757.13,843,1.842,2241.2,0.265,0.176,0.176,0.127,0.157,0.059,0.039
6419,507.00,760.00,414,1.894,2241.6,0.156,0.196,0.186,0.151,0.126,0.121,0.065
6420,587.00,756.92,608,1.868,2241.7,0.154,0.115,0.144,0.317,0.087,0.106,0.077
6421,213.00,754.62,287,1.933,2242.3,0.115,0.194,0.134,0.177,0.134,0.146,0.100
6422,1442.00,762.00,978,1.554,2242.4,0.054,0.149,0.081,0.081,0.041,0.500,0.095
6423,1157.00,771.37,1149,1.797,2242.8,0.120,0.091,0.111,0.163,0.120,0.255,0.139
6424,540.00,764.43,511,1.365,2243.0,0.018,0.167,0.044,0.158,0.009,0.500,0.105
6425,656.00,765.01,585,1.792,2243.4,0.078,0.179,0.097,0.198,0.105,0.237,0.105
6426,751.00,762.29,671,1.717,2243.6,0.029,0.187,0.072,0.165,0.029,0.417,0.101
6427,447.00,757.77,438,1.858,2244.0,0.070,0.194,0.117,0.231,0.066,0.158,0.165
6428,608.00,757.68,524,1.886,2244.3,0.067,0.150,0.161,0.283,0.078,0.172,0.089
6429,696.00,755.65,614,1.923,2245.3,0.133,0.142,0.136,0.177,0.133,0.142,0.137
6430,251.00,754.91,331,1.844,2245.5,0.093,0.093,0.148,0.137,0.049,0.335,0.143
6431,173.00,749.98,140,1.902,2245.8,0.173,0.126,0.115,0.141,0.099,0.194,0.152
6432,932.00,754.29,873,1.895,2246.0,0.156,0.098,0.098,0.148,0.090,0.287,0.123
6433,937.00,754.79,911,1.916,2246.2,0.161,0.105,0.126,0.140,0.070,0.273,0.126
6434,1079.00,761.66,941,1.652,2246.4,0.190,0.083,0.095,0.060,0.071,0.321,0.179
6435,1314.00,770.07,1167,1.689,2246.6,0.160,0.111,0.104,0.111,0.090,0.306,0.118
6436,1114.00,774.11,814,1.129,2246.7,0.063,0.032,0.048,0.000,0.048,0.619,0.190
6437,476.00,778.80,465,1.897,2247.0,0.179,0.179,0.097,0.097,0.108,0.200,0.138
6438,864.00,781.03,777,1.792,2247.3,0.118,0.158,0.099,0.118,0.072,0.230,0.204
6439,445.00,769.76,339,0.772,2247.3,0.000,0.000,0.023,0.023,0.000,0.318,0.636
6440,414.00,763.13,414,0.674,2247.4,0.000,0.000,0.000,0.000,0.000,0.268,0.732
6441,1080.00,767.69,1073,1.213,2247.5,0.031,0.016,0.031,0.031,0.031,0.375,0.484
6442,299.00,759.70,339,1.938,2248.4,0.163,0.147,0.121,0.149,0.115,0.151,0.154
6443,233.00,754.49,301,1.870,2248.6,0.233,0.109,0.132,0.085,0.171,0.140,0.132
6444,593.00,746.20,494,1.882,2249.1,0.145,0.175,0.091,0.106,0.224,0.130,0.130
6445,431.00,747.13,435,1.812,2249.5,0.135,0.234,0.099,0.080,0.230,0.124,0.099
6446,517.00,747.82,492,1.758,2249.7,0.174,0.189,0.068,0.076,0.295,0.098,0.098
6447,556.00,750.40,583,1.901,2250.2,0.182,0.194,0.097,0.082,0.176,0.144,0.124
6448,676.00,749.25,650,1.896,2250.8,0.188,0.146,0.136,0.088,0.168,0.188,0.085
6449,1337.00,753.29,1302,1.367,2250.9,0.121,0.091,0.015,0.045,0.091,0.273,0.364
6450,1238.00,761.91,814,1.463,2251.1,0.107,0.067,0.040,0.000,0.107,0.293,0.387
6451,439.00,755.98,519,1.928,2252.0,0.125,0.191,0.109,0.131,0.143,0.151,0.151
6452,0.00,742.93,0,0.031,2252.0,0.000,0.000,0.000,0.000,0.000,0.000,1.000
6453,788.00,747.16,763,1.888,2252.3,0.154,0.132,0.121,0.126,0.181,0.115,0.170
6454,314.00,737.24,352,1.930,2252.6,0.152,0.168,0.168,0.082,0.147,0.125,0.158
6455,461.00,739.13,461,1.675,2252.7,0.207,0.000,0.086,0.000,0.241,0.121,0.345
6456,535.00,733.73,474,1.320,2252.8,0.130,0.000,0.056,0.111,0.093,0.130,0.481
6457,518.00,735.32,459,1.932,2253.7,0.176,0.150,0.122,0.108,0.141,0.177,0.125
6458,826.00,733.92,855,1.781,2254.0,0.207,0.141,0.129,0.066,0.152,0.176,0.129
6459,729.00,737.23,498,1.645,2254.3,0.456,0.077,0.118,0.041,0.087,0.169,0.051
6460,1410.00,740.01,1084,1.720,2254.9,0.337,0.134,0.117,0.055,0.154,0.169,0.035
6461,1651.00,754.38,1308,1.436,2255.1,0.509,0.054,0.152,0.036,0.080,0.143,0.027
6462,2075.00,766.15,1162,1.511,2255.3,0.376,0.027,0.141,0.081,0.134,0.228,0.013
6463,1192.00,773.49,649,1.672,2255.7,0.281,0.129,0.106,0.092,0.180,0.184,0.028
6464,1174.00,783.50,854,1.581,2255.9,0.433,0.100,0.093,0.080,0.120,0.153,0.020
6465,481.00,783.02,331,0.850,2256.0,0.685,0.074,0.130,0.019,0.037,0.056,0.000
6466,1260.00,784.65,881,1.414,2256.2,0.482,0.043,0.099,0.050,0.177,0.099,0.050
6467,516.00,777.32,90,1.770,2256.6,0.300,0.154,0.121,0.073,0.178,0.158,0.016
6468,591.00,777.14,559,1.791,2256.9,0.296,0.150,0.146,0.083,0.209,0.092,0.024
6469,567.00,778.70,380,1.887,2257.6,0.227,0.155,0.157,0.114,0.108,0.190,0.051
6470,490.00,767.11,570,1.828,2257.9,0.311,0.192,0.136,0.068,0.124,0.119,0.051
6471,758.00,763.40,746,1.872,2258.3,0.217,0.213,0.124,0.060,0.150,0.157,0.079
6472,652.00,763.27,625,1.893,2258.8,0.217,0.164,0.169,0.091,0.137,0.158,0.064
6473,525.00,762.67,320,1.905,2259.2,0.225,0.215,0.124,0.067,0.134,0.187,0.048
6474,1159.00,768.38,945,1.865,2259.4,0.188,0.176,0.152,0.091,0.109,0.188,0.097
6475,472.00,743.29,478,1.920,2260.2,0.139,0.174,0.115,0.126,0.143,0.189,0.114
6476,606.00,745.58,593,1.855,2260.5,0.227,0.123,0.114,0.100,0.159,0.177,0.100
6477,822.00,747.47,465,1.893,2261.0,0.154,0.085,0.089,0.130,0.133,0.259,0.150
6478,448.00,745.02,382,1.868,2261.2,0.136,0.109,0.049,0.141,0.114,0.315,0.136
6479,601.00,742.20,547,1.886,2261.6,0.166,0.153,0.074,0.096,0.148,0.240,0.122
6480,1489.00,752.98,1049,1.699,2261.8,0.175,0.184,0.184,0.058,0.058,0.165,0.175
6481,1881.00,766.54,1879,1.608,2261.9,0.061,0.289,0.132,0.088,0.053,0.149,0.228
6482,536.00,762.94,428,1.481,2262.1,0.054,0.387,0.072,0.018,0.000,0.189,0.279
6483,707.00,753.85,663,1.858,2262.4,0.162,0.131,0.131,0.162,0.073,0.162,0.178
6484,530.00,753.62,530,1.086,2262.5,0.019,0.019,0.185,0.019,0.000,0.037,0.722
6485,231.00,736.55,308,1.821,2262.6,0.227,0.092,0.126,0.126,0.059,0.176,0.193
6486,824.00,741.09,806,1.250,2262.7,0.067,0.083,0.267,0.000,0.000,0.017,0.567
6487,703.00,743.09,703,1.067,2262.9,0.000,0.061,0.333,0.000,0.000,0.015,0.591
6488,430.00,725.85,405,1.926,2263.2,0.165,0.107,0.134,0.121,0.152,0.152,0.170
6489,1273.00,731.79,1207,1.921,2263.7,0.192,0.104,0.155,0.114,0.117,0.199,0.120
6490,60.00,721.87,139,1.818,2263.8,0.122,0.068,0.162,0.108,0.149,0.284,0.108
6491,613.00,720.80,507,1.922,2264.7,0.159,0.108,0.133,0.146,0.157,0.177,0.120
6492,926.00,711.54,790,1.881,2265.2,0.154,0.085,0.126,0.132,0.214,0.195,0.093
6493,452.00,711.41,350,1.197,2265.3,0.088,0.000,0.059,0.000,0.000,0.235,0.618
6494,394.00,712.64,377,1.856,2265.6,0.085,0.109,0.142,0.158,0.089,0.259,0.158
6495,901.00,714.52,819,1.873,2266.1,0.115,0.121,0.112,0.161,0.121,0.230,0.140
6496,1039.00,719.96,1075,1.622,2266.3,0.114,0.061,0.083,0.250,0.030,0.364,0.098
6497,302.00,716.85,368,1.842,2266.8,0.148,0.134,0.099,0.209,0.049,0.250,0.110
6498,299.00,714.62,324,1.867,2267.2,0.195,0.147,0.126,0.143,0.056,0.195,0.139
6499,242.00,710.80,278,1.862,2267.4,0.200,0.103,0.127,0.164,0.091,0.176,0.139
6500,763.00,714.58,840,1.838,2267.7,0.168,0.056,0.140,0.147,0.021,0.308,0.161
6501,736.00,713.00,810,1.834,2268.0,0.171,0.091,0.110,0.183,0.073,0.183,0.189
6502,499.00,707.80,488,1.931,2268.5,0.175,0.124,0.137,0.168,0.119,0.140,0.137
6503,135.00,706.60,174,1.875,2268.7,0.133,0.175,0.117,0.142,0.083,0.117,0.233
6504,377.00,705.28,377,0.906,2268.8,0.089,0.111,0.022,0.022,0.000,0.000,0.756
6505,483.00,706.01,523,1.597,2268.9,0.216,0.284,0.068,0.108,0.000,0.014,0.311
6506,394.00,702.97,416,1.934,2269.7,0.140,0.194,0.125,0.129,0.136,0.113,0.163
6507,247.00,704.17,316,1.895,2269.8,0.063,0.216,0.117,0.144,0.135,0.171,0.153
6508,289.00,700.07,287,1.927,2270.3,0.100,0.106,0.122,0.122,0.163,0.222,0.166
6509,725.00,703.85,621,1.884,2270.5,0.048,0.184,0.129,0.156,0.184,0.177,0.122
6510,308.00,698.77,385,1.909,2270.8,0.073,0.188,0.119,0.179,0.161,0.138,0.142
6511,565.00,700.53,542,1.924,2271.2,0.070,0.140,0.169,0.145,0.194,0.157,0.124
6512,977.00,703.90,805,1.817,2271.3,0.065,0.177,0.097,0.177,0.081,0.242,0.161
6513,480.00,703.95,443,1.930,2271.9,0.109,0.126,0.167,0.176,0.138,0.150,0.135
6514,916.00,708.41,939,1.834,2272.1,0.070,0.085,0.178,0.202,0.109,0.217,0.140
6515,476.00,696.88,556,1.933,2273.0,0.119,0.132,0.120,0.163,0.175,0.162,0.129
6516,112.00,688.38,184,1.934,2273.3,0.156,0.140,0.190,0.134,0.128,0.101,0.151
6517,320.00,683.38,265,1.899,2273.4,0.181,0.095,0.210,0.190,0.095,0.086,0.143
6518,354.00,676.11,302,1.936,2273.8,0.138,0.142,0.131,0.123,0.169,0.150,0.146
6519,309.00,674.13,389,1.920,2274.7,0.125,0.130,0.178,0.119,0.189,0.114,0.145
6520,523.00,673.49,557,1.924,2275.2,0.104,0.088,0.205,0.093,0.205,0.155,0.150
6521,658.00,677.94,536,1.877,2275.6,0.161,0.134,0.263,0.076,0.094,0.103,0.170
6522,872.00,672.24,855,1.817,2275.9,0.167,0.134,0.220,0.057,0.114,0.093,0.215
6523,564.00,666.31,604,1.147,2276.0,0.017,0.017,0.552,0.000,0.000,0.034,0.379
6524,288.00,663.79,297,1.769,2276.4,0.181,0.111,0.307,0.052,0.056,0.119,0.174
6525,225.00,659.48,262,1.813,2276.7,0.123,0.142,0.297,0.039,0.123,0.110,0.168
6526,444.00,656.41,432,1.879,2277.0,0.107,0.180,0.305,0.086,0.047,0.142,0.133
6527,687.00,658.81,560,1.877,2277.3,0.173,0.143,0.260,0.036,0.138,0.148,0.102
6528,729.00,660.02,736,1.909,2278.2,0.164,0.132,0.204,0.095,0.114,0.173,0.118
6529,566.00,658.72,470,1.898,2278.9,0.195,0.156,0.162,0.068,0.083,0.183,0.154
6530,546.00,661.67,574,1.906,2280.0,0.210,0.145,0.203,0.103,0.076,0.128,0.135
6531,259.00,662.53,229,1.849,2280.5,0.203,0.087,0.219,0.100,0.122,0.129,0.141
6532,1109.00,664.30,1049,1.918,2281.1,0.226,0.121,0.186,0.082,0.131,0.145,0.110
6533,868.00,663.61,539,1.889,2281.4,0.299,0.067,0.127,0.134,0.127,0.134,0.112
6534,767.00,660.49,487,1.915,2282.2,0.211,0.128,0.154,0.079,0.120,0.189,0.120
6535,429.00,651.64,509,1.897,2282.5,0.218,0.137,0.141,0.120,0.167,0.128,0.090
6536,1081.00,651.31,955,1.881,2282.9,0.248,0.130,0.093,0.130,0.107,0.178,0.115
6537,1384.00,660.39,1315,1.770,2283.1,0.304,0.157,0.127,0.127,0.088,0.137,0.059
6538,1528.00,667.03,1037,1.771,2283.2,0.305,0.110,0.195,0.085,0.061,0.171,0.073
6539,598.00,668.56,635,1.855,2283.5,0.263,0.086,0.109,0.091,0.223,0.154,0.074
6540,574.00,670.16,502,1.919,2283.8,0.215,0.093,0.127,0.156,0.156,0.122,0.132
6541,426.00,663.62,441,1.868,2284.1,0.235,0.104,0.109,0.137,0.153,0.142,0.120
6542,510.00,665.73,583,1.888,2284.4,0.170,0.093,0.154,0.181,0.187,0.143,0.071
6543,457.00,667.97,381,1.936,2284.7,0.161,0.113,0.187,0.157,0.126,0.091,0.165
6544,427.00,666.31,437,1.930,2285.0,0.158,0.113,0.158,0.192,0.133,0.084,0.163
6545,479.00,666.79,474,1.902,2285.3,0.200,0.147,0.073,0.167,0.147,0.133,0.133
6546,477.00,666.39,443,1.921,2285.6,0.153,0.132,0.153,0.116,0.153,0.169,0.124
6547,481.00,665.64,365,1.911,2286.1,0.210,0.129,0.149,0.133,0.113,0.191,0.074
6548,241.00,661.29,263,1.882,2286.5,0.188,0.101,0.170,0.134,0.130,0.217,0.061
6549,551.00,653.43,532,1.923,2287.5,0.159,0.155,0.148,0.153,0.130,0.143,0.113
6550,739.00,648.44,732,1.792,2287.8,0.288,0.124,0.147,0.090,0.130,0.147,0.073
6551,238.00,646.43,229,1.892,2288.2,0.242,0.155,0.167,0.087,0.183,0.131,0.036
6552,338.00,649.81,418,1.912,2288.7,0.192,0.194,0.125,0.136,0.133,0.128,0.092
6553,1059.00,652.52,966,1.877,2289.3,0.225,0.151,0.098,0.146,0.133,0.162,0.085
6554,678.00,656.16,588,1.840,2289.6,0.249,0.141,0.071,0.083,0.228,0.133,0.095
6555,630.00,657.85,630,1.829,2289.9,0.237,0.179,0.032,0.111,0.142,0.153,0.147
6556,516.00,657.66,482,1.827,2290.2,0.226,0.161,0.045,0.095,0.211,0.126,0.136
6557,1569.00,668.17,1371,1.797,2290.6,0.210,0.214,0.114,0.066,0.186,0.114,0.097
6558,536.00,665.27,576,1.898,2291.2,0.198,0.136,0.089,0.097,0.205,0.126,0.149
6559,1924.00,677.22,578,1.592,2291.5,0.153,0.347,0.112,0.012,0.118,0.106,0.153
6560,297.00,666.09,377,1.863,2292.2,0.157,0.184,0.151,0.057,0.117,0.170,0.164
6561,343.00,653.01,276,1.901,2292.6,0.159,0.207,0.134,0.072,0.124,0.124,0.179
6562,332.00,635.58,332,1.890,2293.1,0.198,0.233,0.105,0.087,0.119,0.108,0.151
6563,1118.00,634.84,1027,1.860,2293.7,0.217,0.173,0.136,0.079,0.105,0.149,0.141
6564,207.00,625.17,247,1.160,2293.8,0.040,0.480,0.020,0.020,0.020,0.020,0.400
6565,1184.00,632.20,1046,1.581,2293.9,0.106,0.404,0.021,0.000,0.138,0.085,0.245
6566,415.00,623.75,488,1.917,2294.6,0.166,0.198,0.134,0.086,0.131,0.153,0.131
6567,246.00,621.05,285,1.698,2294.9,0.277,0.146,0.028,0.033,0.315,0.131,0.070
6568,108.00,616.22,164,1.788,2295.2,0.263,0.141,0.045,0.109,0.231,0.115,0.096
6569,1003.00,620.58,845,1.744,2295.3,0.215,0.178,0.019,0.075,0.252,0.112,0.150
6570,337.00,619.05,306,1.919,2296.4,0.178,0.150,0.103,0.154,0.154,0.116,0.146
6571,289.00,614.36,200,1.158,2296.7,0.193,0.055,0.508,0.000,0.072,0.099,0.072
6572,145.00,609.29,179,1.562,2297.1,0.024,0.065,0.444,0.038,0.058,0.130,0.242
6573,552.00,609.56,441,1.059,2297.3,0.000,0.000,0.534,0.000,0.080,0.091,0.295
6574,169.00,599.66,200,1.589,2297.6,0.041,0.041,0.429,0.023,0.088,0.115,0.263
6575,191.00,596.85,270,1.189,2297.8,0.000,0.011,0.667,0.011,0.011,0.133,0.167
6576,983.00,600.62,790,1.735,2298.0,0.083,0.120,0.250,0.037,0.120,0.176,0.213
6577,1110.00,603.50,942,1.832,2298.2,0.069,0.121,0.231,0.046,0.121,0.197,0.214
6578,828.00,607.30,813,1.498,2298.4,0.013,0.064,0.372,0.090,0.051,0.154,0.256
6579,555.00,606.84,544,1.894,2299.5,0.107,0.151,0.171,0.136,0.113,0.126,0.196
6580,1086.00,602.81,867,1.643,2299.7,0.018,0.061,0.412,0.048,0.176,0.158,0.127
6581,51.00,584.51,131,1.690,2299.9,0.028,0.092,0.349,0.064,0.202,0.110,0.156
6582,231.00,581.46,308,1.900,2300.5,0.106,0.088,0.265,0.085,0.167,0.164,0.125
6583,330.00,577.69,270,1.914,2300.8,0.104,0.188,0.233,0.059,0.183,0.109,0.124
6584,576.00,578.15,489,1.076,2300.9,0.029,0.000,0.657,0.000,0.157,0.071,0.086
6585,623.00,582.07,643,1.312,2301.1,0.040,0.050,0.560,0.020,0.170,0.110,0.050
6586,520.00,579.03,529,1.895,2301.3,0.130,0.141,0.156,0.146,0.203,0.135,0.089
6587,998.00,581.98,681,1.528,2301.6,0.039,0.047,0.395,0.008,0.372,0.093,0.047
6588,279.00,580.47,342,1.763,2301.7,0.027,0.186,0.354,0.044,0.221,0.071,0.097
6589,212.00,569.86,225,1.891,2302.0,0.130,0.115,0.216,0.087,0.260,0.091,0.101
6590,718.00,576.44,493,1.837,2302.3,0.096,0.111,0.222,0.059,0.259,0.111,0.141
6591,1213.00,582.44,985,1.885,2302.5,0.106,0.148,0.197,0.070,0.218,0.127,0.134
6592,219.00,575.37,299,1.932,2302.9,0.143,0.172,0.159,0.140,0.140,0.124,0.121
6593,267.00,573.52,347,1.903,2303.3,0.166,0.162,0.103,0.126,0.170,0.178,0.095
6594,362.00,573.20,372,1.905,2303.7,0.131,0.171,0.110,0.114,0.208,0.151,0.114
6595,859.00,572.78,688,1.761,2303.8,0.164,0.147,0.095,0.043,0.328,0.147,0.078
6596,234.00,564.73,234,1.900,2304.2,0.100,0.208,0.136,0.113,0.199,0.118,0.127
6597,1759.00,579.30,1717,1.674,2304.4,0.153,0.102,0.088,0.066,0.328,0.153,0.109
6598,826.00,584.57,704,1.833,2304.8,0.174,0.133,0.096,0.111,0.237,0.148,0.100
6599,414.00,586.29,267,1.900,2305.2,0.165,0.133,0.129,0.112,0.230,0.119,0.112
6600,931.00,587.97,801,1.786,2305.5,0.161,0.111,0.101,0.069,0.221,0.203,0.134
6601,764.00,588.25,502,1.602,2305.7,0.089,0.111,0.011,0.011,0.289,0.233,0.256
6602,533.00,588.59,509,1.794,2306.0,0.189,0.055,0.075,0.040,0.299,0.184,0.159
6603,370.00,590.94,342,1.888,2306.4,0.194,0.132,0.099,0.083,0.227,0.145,0.120
6604,391.00,591.08,422,1.878,2306.7,0.199,0.127,0.072,0.104,0.239,0.147,0.112
6605,1115.00,597.40,845,1.862,2306.9,0.175,0.275,0.117,0.058,0.092,0.142,0.142
6606,575.00,599.21,481,1.929,2307.5,0.167,0.194,0.091,0.138,0.152,0.140,0.118
6607,140.00,598.14,179,1.909,2307.9,0.113,0.113,0.109,0.180,0.192,0.165,0.128
6608,309.00,598.34,308,1.912,2308.3,0.160,0.129,0.129,0.209,0.147,0.133,0.093
6609,303.00,594.12,287,1.928,2308.7,0.115,0.183,0.111,0.194,0.143,0.143,0.111
6610,134.00,592.38,172,1.909,2308.9,0.163,0.116,0.102,0.163,0.129,0.109,0.218
6611,1231.00,599.04,1055,1.682,2309.0,0.110,0.024,0.159,0.183,0.110,0.146,0.268
6612,160.00,590.87,160,0.664,2309.1,0.024,0.000,0.098,0.000,0.000,0.000,0.878
6613,619.00,592.26,477,1.914,2309.4,0.159,0.133,0.102,0.239,0.106,0.093,0.168
6614,559.00,588.69,568,1.914,2309.8,0.114,0.142,0.180,0.209,0.133,0.118,0.104
6615,271.00,586.64,151,1.914,2310.1,0.177,0.129,0.134,0.196,0.110,0.120,0.134
6616,1047.00,595.99,1005,1.873,2310.4,0.210,0.121,0.117,0.150,0.084,0.145,0.173
6617,625.00,599.04,584,1.919,2311.0,0.202,0.121,0.123,0.153,0.141,0.141,0.119
6618,1072.00,606.22,492,1.482,2311.2,0.231,0.074,0.093,0.028,0.056,0.417,0.102
6619,488.00,608.01,456,1.928,2311.8,0.199,0.179,0.097,0.133,0.128,0.133,0.131
6620,347.00,606.25,343,1.922,2312.3,0.172,0.156,0.131,0.178,0.091,0.144,0.128
6621,467.00,604.34,409,1.910,2312.6,0.159,0.149,0.101,0.159,0.207,0.159,0.067
6622,1118.00,606.80,746,1.783,2312.8,0.200,0.104,0.096,0.064,0.112,0.336,0.088
6623,720.00,608.36,555,1.778,2312.9,0.126,0.136,0.204,0.087,0.058,0.233,0.155
6624,796.00,613.44,688,1.568,2313.1,0.108,0.149,0.149,0.054,0.054,0.351,0.135
6625,977.00,620.96,828,1.447,2313.2,0.143,0.016,0.127,0.000,0.063,0.460,0.190
6626,273.00,619.25,279,1.918,2313.4,0.172,0.172,0.167,0.115,0.094,0.161,0.120
6627,424.00,616.62,386,1.930,2313.8,0.120,0.137,0.149,0.178,0.133,0.154,0.129
6628,621.00,615.54,546,1.940,2314.4,0.113,0.178,0.128,0.151,0.143,0.153,0.133
6629,810.00,617.98,787,1.894,2314.7,0.164,0.069,0.164,0.132,0.145,0.151,0.176
6630,437.00,616.89,517,1.895,2314.9,0.234,0.139,0.168,0.117,0.117,0.102,0.124
6631,703.00,621.33,445,1.926,2315.5,0.174,0.141,0.141,0.169,0.137,0.120,0.118
6632,568.00,615.92,440,1.926,2316.0,0.138,0.165,0.150,0.183,0.135,0.120,0.108
6633,1106.00,618.30,902,1.911,2316.2,0.258,0.104,0.104,0.135,0.147,0.117,0.135
6634,133.00,611.96,176,1.893,2316.4,0.274,0.179,0.104,0.142,0.104,0.057,0.142
6635,178.00,609.45,211,1.910,2316.6,0.212,0.226,0.102,0.182,0.066,0.080,0.131
6636,644.00,605.08,677,1.925,2317.4,0.158,0.116,0.096,0.193,0.139,0.139,0.159
6637,527.00,596.51,415,1.905,2317.8,0.177,0.214,0.125,0.194,0.097,0.105,0.089
6638,1069.00,591.92,970,1.910,2318.1,0.163,0.163,0.183,0.167,0.114,0.122,0.089
6639,532.00,591.26,510,1.903,2318.4,0.208,0.140,0.135,0.152,0.118,0.146,0.101
6640,767.00,593.19,647,1.892,2318.8,0.236,0.132,0.142,0.153,0.111,0.142,0.083
6641,1242.00,601.35,708,1.875,2319.1,0.242,0.142,0.104,0.161,0.118,0.095,0.137
6642,612.00,602.37,512,1.897,2319.7,0.220,0.126,0.115,0.193,0.113,0.110,0.123
6643,602.00,603.82,556,1.856,2320.0,0.232,0.098,0.114,0.175,0.130,0.114,0.138
6644,738.00,606.93,691,1.880,2320.7,0.222,0.115,0.157,0.136,0.115,0.113,0.141
6645,378.00,605.92,229,1.861,2321.0,0.244,0.169,0.112,0.120,0.079,0.112,0.165
6646,346.00,604.61,426,1.850,2321.4,0.187,0.199,0.120,0.207,0.084,0.056,0.147
6647,530.00,605.10,376,1.888,2321.8,0.172,0.185,0.122,0.211,0.086,0.069,0.155
6648,743.00,610.12,673,1.622,2322.0,0.217,0.043,0.029,0.420,0.014,0.130,0.145
6649,437.00,608.98,401,1.847,2322.4,0.139,0.197,0.066,0.324,0.104,0.112,0.058
6650,309.00,604.68,360,1.852,2322.7,0.167,0.154,0.081,0.278,0.098,0.150,0.073
6651,346.00,605.76,271,1.833,2323.0,0.135,0.135,0.053,0.353,0.135,0.083,0.105
6652,603.00,608.41,608,1.928,2323.7,0.161,0.174,0.123,0.193,0.151,0.113,0.085
6653,368.00,601.50,221,1.882,2323.8,0.133,0.108,0.142,0.217,0.158,0.167,0.075
6654,457.00,599.29,437,1.913,2324.4,0.157,0.175,0.152,0.184,0.128,0.099,0.105
6655,703.00,600.02,680,1.922,2325.6,0.141,0.205,0.108,0.172,0.114,0.139,0.121
6656,725.00,602.11,505,1.713,2325.7,0.205,0.041,0.123,0.055,0.068,0.438,0.068
6657,353.00,589.95,302,1.894,2326.0,0.171,0.114,0.103,0.171,0.166,0.183,0.091
6658,577.00,590.36,653,1.916,2326.9,0.158,0.145,0.108,0.173,0.169,0.114,0.133
6659,439.00,575.51,385,1.906,2327.8,0.157,0.182,0.086,0.163,0.160,0.105,0.147
6660,515.00,577.69,458,1.868,2328.4,0.211,0.168,0.059,0.120,0.264,0.072,0.107
6661,1139.00,585.65,980,1.762,2328.6,0.285,0.091,0.073,0.145,0.248,0.103,0.055
6662,321.00,585.54,308,1.812,2329.0,0.237,0.089,0.093,0.136,0.263,0.085,0.097
6663,269.00,577.05,349,1.812,2329.6,0.251,0.104,0.120,0.164,0.222,0.084,0.055
6664,1013.00,585.11,937,1.792,2330.0,0.248,0.085,0.098,0.137,0.269,0.077,0.085
6665,405.00,577.32,440,1.841,2330.6,0.213,0.085,0.110,0.217,0.217,0.083,0.076
6666,446.00,577.63,369,1.897,2331.3,0.221,0.110,0.100,0.197,0.176,0.130,0.066
6667,440.00,579.57,520,1.847,2331.7,0.276,0.105,0.109,0.109,0.209,0.117,0.075
6668,564.00,584.13,501,1.608,2331.8,0.448,0.042,0.052,0.125,0.104,0.073,0.156
6669,1835.00,592.45,1661,1.755,2332.1,0.250,0.067,0.213,0.128,0.134,0.104,0.104
6670,1320.00,602.28,1217,1.894,2332.9,0.244,0.126,0.129,0.158,0.161,0.108,0.074
6671,672.00,606.11,440,1.886,2333.3,0.260,0.100,0.167,0.117,0.146,0.135,0.075
6672,1409.00,618.75,1396,1.566,2333.5,0.111,0.060,0.282,0.077,0.051,0.128,0.291
6673,722.00,620.45,542,1.843,2333.8,0.269,0.064,0.281,0.152,0.064,0.082,0.088
6674,584.00,624.60,463,1.916,2334.7,0.183,0.131,0.179,0.151,0.143,0.130,0.083
6675,0.00,622.69,0,0.119,2334.7,0.000,0.000,0.000,0.000,0.000,0.000,1.000
6676,360.00,616.46,306,0.952,2334.8,0.044,0.000,0.178,0.022,0.000,0.022,0.733
6677,341.00,608.77,262,1.909,2335.2,0.229,0.104,0.194,0.097,0.146,0.132,0.097
6678,656.00,607.05,736,1.883,2335.4,0.149,0.119,0.216,0.090,0.142,0.104,0.179
6679,930.00,610.80,851,1.909,2336.8,0.192,0.174,0.176,0.118,0.130,0.122,0.088
6680,595.00,605.89,540,1.909,2337.1,0.243,0.099,0.111,0.128,0.160,0.107,0.152
6681,809.00,613.47,802,1.826,2337.3,0.122,0.195,0.085,0.220,0.073,0.159,0.146
6682,888.00,620.04,795,1.817,2337.4,0.167,0.108,0.127,0.216,0.088,0.157,0.137
6683,228.00,619.02,288,1.885,2337.7,0.150,0.144,0.210,0.246,0.072,0.102,0.078
6684,1430.00,627.56,600,1.749,2337.9,0.160,0.184,0.088,0.184,0.112,0.184,0.088
6685,671.00,628.04,540,1.875,2338.1,0.207,0.180,0.063,0.261,0.090,0.126,0.072
6686,460.00,627.44,396,1.904,2338.6,0.148,0.202,0.175,0.190,0.131,0.098,0.056
6687,430.00,621.76,405,1.921,2339.2,0.155,0.167,0.179,0.150,0.167,0.098,0.084
6688,1051.00,629.48,938,1.859,2339.4,0.188,0.211,0.141,0.086,0.188,0.102,0.086
6689,1483.00,642.19,1309,1.767,2339.5,0.308,0.154,0.154,0.103,0.115,0.090,0.077
6690,1238.00,647.39,1131,1.797,2339.8,0.266,0.175,0.083,0.135,0.087,0.157,0.096
6691,594.00,641.20,561,1.815,2340.1,0.244,0.160,0.046,0.168,0.107,0.176,0.099
6692,1536.00,654.37,1365,1.886,2340.4,0.143,0.166,0.120,0.184,0.120,0.143,0.124
6693,528.00,656.98,604,1.911,2341.0,0.194,0.121,0.135,0.172,0.124,0.144,0.110
6694,298.00,656.34,311,1.887,2341.3,0.150,0.195,0.100,0.236,0.145,0.082,0.091
6695,235.00,650.10,299,1.884,2341.6,0.240,0.140,0.113,0.220,0.113,0.133,0.040
6696,1150.00,659.26,677,1.856,2341.9,0.195,0.138,0.154,0.241,0.108,0.087,0.077
6697,266.00,644.33,346,1.916,2342.4,0.133,0.159,0.159,0.173,0.159,0.106,0.110
6698,966.00,645.73,697,1.697,2342.5,0.105,0.128,0.047,0.419,0.070,0.105,0.128
6699,713.00,648.72,552,1.885,2342.9,0.162,0.208,0.109,0.192,0.170,0.072,0.087
6700,556.00,644.97,471,1.916,2344.3,0.146,0.177,0.130,0.188,0.161,0.113,0.086
6701,1013.00,647.46,996,1.814,2345.0,0.165,0.136,0.110,0.183,0.230,0.087,0.089
6702,606.00,648.19,480,1.551,2345.2,0.297,0.030,0.158,0.069,0.347,0.000,0.099
6703,499.00,649.48,468,1.783,2345.9,0.247,0.091,0.150,0.137,0.241,0.035,0.098
6704,355.00,649.12,393,1.815,2346.4,0.235,0.068,0.142,0.228,0.230,0.023,0.073
6705,988.00,647.85,767,1.767,2346.8,0.248,0.062,0.162,0.214,0.200,0.029,0.086
6706,297.00,645.07,306,1.720,2347.0,0.221,0.133,0.133,0.190,0.231,0.015,0.077
6707,837.00,652.04,866,1.858,2347.9,0.245,0.093,0.121,0.234,0.145,0.070,0.093
6708,281.00,651.76,180,1.597,2348.0,0.119,0.203,0.051,0.254,0.102,0.000,0.271
6709,468.00,653.41,548,1.840,2348.4,0.185,0.131,0.111,0.188,0.208,0.044,0.134
6710,610.00,658.17,568,1.891,2349.2,0.183,0.121,0.167,0.155,0.176,0.090,0.109
6711,323.00,649.09,269,1.049,2349.4,0.034,0.625,0.080,0.011,0.034,0.000,0.216
6712,724.00,654.73,658,1.782,2349.9,0.156,0.257,0.087,0.139,0.139,0.052,0.171
6713,132.00,649.86,203,1.296,2350.0,0.111,0.519,0.000,0.012,0.012,0.012,0.333
6714,290.00,647.17,325,1.869,2350.6,0.189,0.220,0.136,0.113,0.100,0.043,0.199
6715,178.00,646.24,190,1.805,2350.9,0.234,0.196,0.163,0.096,0.096,0.033,0.182
6716,342.00,639.19,342,1.005,2351.0,0.000,0.382,0.000,0.029,0.000,0.000,0.588
6717,849.00,641.43,538,1.860,2351.3,0.227,0.137,0.147,0.166,0.118,0.081,0.123
6718,636.00,637.07,493,1.520,2351.5,0.125,0.425,0.075,0.113,0.000,0.000,0.263
6719,913.00,641.32,730,1.656,2351.6,0.216,0.320,0.103,0.113,0.041,0.052,0.155
6720,896.00,646.81,642,1.843,2352.1,0.257,0.189,0.113,0.138,0.093,0.068,0.141
6721,99.00,643.13,0,0.365,2352.2,0.000,0.026,0.000,0.000,0.000,0.000,0.974
6722,78.00,632.73,158,1.653,2352.4,0.309,0.187,0.072,0.144,0.014,0.014,0.259
6723,236.00,627.89,235,1.643,2352.6,0.368,0.246,0.096,0.053,0.035,0.026,0.175
6724,938.00,629.31,689,1.808,2353.0,0.293,0.152,0.115,0.126,0.078,0.070,0.167
6725,322.00,622.76,256,1.761,2353.3,0.329,0.122,0.146,0.108,0.070,0.019,0.207
6726,418.00,624.21,366,1.859,2353.7,0.229,0.143,0.132,0.171,0.078,0.074,0.174
6727,556.00,625.53,507,1.417,2353.8,0.089,0.089,0.143,0.143,0.036,0.018,0.482
6728,528.00,624.60,497,1.273,2353.9,0.093,0.074,0.074,0.278,0.000,0.000,0.481
6729,420.00,620.70,265,1.318,2354.0,0.091,0.109,0.036,0.255,0.000,0.000,0.509
6730,513.00,621.46,466,1.819,2354.4,0.229,0.124,0.055,0.261,0.083,0.028,0.220
6731,843.00,622.86,858,1.442,2354.5,0.111,0.111,0.014,0.347,0.000,0.042,0.375
6732,580.00,622.98,594,1.832,2354.9,0.276,0.106,0.057,0.252,0.089,0.085,0.134
6733,575.00,617.67,588,1.816,2355.1,0.119,0.178,0.074,0.230,0.133,0.059,0.207
6734,393.00,620.27,401,1.880,2355.5,0.228,0.107,0.096,0.213,0.158,0.059,0.140
6735,325.00,621.74,400,1.916,2356.1,0.166,0.145,0.081,0.169,0.189,0.111,0.139
6736,2274.00,638.04,1230,1.790,2356.3,0.243,0.107,0.155,0.165,0.117,0.049,0.165
6737,447.00,637.24,484,1.847,2356.6,0.229,0.112,0.207,0.202,0.133,0.037,0.080
6738,706.00,633.61,376,1.778,2356.8,0.244,0.191,0.214,0.214,0.023,0.046,0.069
6739,609.00,634.38,415,1.804,2357.1,0.274,0.089,0.174,0.189,0.121,0.058,0.095
6740,1604.00,642.75,1242,1.673,2357.2,0.248,0.105,0.238,0.190,0.048,0.038,0.133
6741,405.00,634.38,427,1.886,2357.8,0.248,0.128,0.144,0.139,0.171,0.080,0.091
6742,1012.00,638.38,862,1.880,2358.3,0.198,0.155,0.183,0.155,0.134,0.113,0.061
6743,1028.00,642.64,922,1.824,2358.6,0.278,0.141,0.136,0.152,0.091,0.076,0.126
6744,1521.00,650.47,1305,1.589,2358.8,0.365,0.148,0.157,0.078,0.043,0.122,0.087
6745,1329.00,659.98,1180,1.619,2359.0,0.348,0.099,0.220,0.092,0.035,0.128,0.078
6746,367.00,660.19,315,1.702,2359.2,0.421,0.149,0.132,0.079,0.035,0.123,0.061
6747,508.00,659.97,543,1.891,2359.7,0.257,0.138,0.135,0.132,0.153,0.090,0.096
6748,829.00,660.83,726,1.826,2360.0,0.272,0.117,0.100,0.138,0.126,0.138,0.109
6749,493.00,661.39,480,1.853,2360.3,0.325,0.165,0.175,0.130,0.075,0.065,0.065
6750,1662.00,674.92,1614,1.828,2360.7,0.182,0.133,0.200,0.133,0.142,0.102,0.107
6751,394.00,675.40,361,1.922,2361.4,0.199,0.144,0.152,0.148,0.187,0.098,0.073
6752,687.00,676.24,577,0.889,2361.5,0.057,0.019,0.057,0.057,0.000,0.151,0.660
6753,728.00,679.84,754,1.924,2362.3,0.161,0.117,0.132,0.161,0.135,0.167,0.126
6754,641.00,681.68,588,1.859,2362.6,0.108,0.178,0.124,0.162,0.086,0.151,0.189
6755,850.00,683.15,691,1.911,2363.3,0.167,0.179,0.126,0.111,0.130,0.181,0.105
6756,585.00,681.75,496,1.898,2363.6,0.142,0.205,0.137,0.100,0.147,0.179,0.089
6757,671.00,684.93,671,1.348,2363.7,0.046,0.046,0.077,0.031,0.015,0.277,0.508
6758,537.00,684.53,507,1.906,2364.0,0.162,0.178,0.157,0.084,0.131,0.178,0.110
6759,301.00,683.15,343,1.858,2364.4,0.154,0.141,0.224,0.046,0.079,0.249,0.108
6760,26.00,678.26,81,1.655,2364.5,0.187,0.080,0.120,0.053,0.027,0.387,0.147
6761,549.00,672.36,467,1.910,2365.3,0.197,0.172,0.113,0.121,0.132,0.181,0.083
6762,405.00,673.20,377,1.733,2365.6,0.128,0.106,0.138,0.112,0.154,0.250,0.112
6763,551.00,676.02,477,1.834,2366.1,0.135,0.146,0.095,0.093,0.170,0.286,0.074
6764,1291.00,678.80,1009,1.108,2366.2,0.061,0.045,0.091,0.030,0.015,0.652,0.106
6765,961.00,684.36,835,1.670,2366.5,0.068,0.106,0.129,0.091,0.136,0.364,0.106
6766,321.00,683.11,306,1.906,2367.3,0.162,0.176,0.102,0.116,0.137,0.203,0.103
6767,320.00,681.91,267,1.878,2367.8,0.160,0.234,0.103,0.131,0.097,0.163,0.111
6768,670.00,682.97,424,1.870,2368.0,0.147,0.163,0.109,0.174,0.087,0.207,0.114
6769,618.00,670.80,475,1.224,2368.2,0.018,0.009,0.061,0.211,0.000,0.605,0.096
6770,586.00,663.46,518,1.862,2368.6,0.168,0.179,0.088,0.172,0.088,0.186,0.119
6771,661.00,663.35,701,1.749,2368.8,0.096,0.064,0.072,0.216,0.000,0.320,0.232
6772,778.00,657.04,637,1.837,2369.1,0.177,0.211,0.046,0.160,0.034,0.234,0.137
6773,1139.00,661.21,1082,1.784,2369.3,0.127,0.178,0.153,0.153,0.017,0.220,0.153
6774,785.00,663.22,606,1.913,2370.4,0.203,0.164,0.114,0.122,0.146,0.152,0.099
6775,283.00,666.05,233,1.644,2370.7,0.156,0.156,0.178,0.052,0.037,0.289,0.133
6776,759.00,670.04,739,1.407,2370.9,0.101,0.107,0.045,0.045,0.028,0.579,0.096
6777,1064.00,677.27,566,1.322,2371.1,0.098,0.074,0.033,0.082,0.049,0.615,0.049
6778,1266.00,683.37,969,1.454,2371.4,0.132,0.116,0.032,0.095,0.058,0.481,0.085
6779,823.00,682.30,764,1.850,2372.2,0.208,0.132,0.053,0.110,0.130,0.285,0.082
6780,771.00,684.06,690,1.836,2372.9,0.170,0.151,0.059,0.180,0.104,0.239,0.096
6781,434.00,680.31,450,1.818,2373.1,0.180,0.083,0.083,0.135,0.045,0.301,0.173
6782,495.00,676.38,438,1.900,2373.6,0.235,0.114,0.068,0.127,0.107,0.189,0.160
6783,479.00,678.89,414,1.913,2374.1,0.150,0.173,0.036,0.203,0.118,0.239,0.082
6784,780.00,672.39,770,1.879,2374.4,0.157,0.120,0.102,0.205,0.060,0.187,0.169
6785,886.00,674.54,701,1.833,2374.6,0.087,0.183,0.106,0.298,0.038,0.135,0.154
6786,620.00,676.14,454,1.895,2374.8,0.168,0.213,0.110,0.148,0.123,0.110,0.129
6787,522.00,677.06,478,1.919,2375.2,0.189,0.168,0.074,0.189,0.111,0.143,0.127
6788,958.00,676.13,978,1.913,2376.3,0.148,0.157,0.106,0.148,0.132,0.183,0.125
6789,995.00,671.25,880,1.909,2377.3,0.199,0.142,0.144,0.119,0.141,0.158,0.096
6790,394.00,662.81,390,1.722,2377.4,0.069,0.028,0.264,0.097,0.069,0.333,0.139
6791,783.00,664.70,863,1.882,2377.6,0.121,0.060,0.112,0.112,0.138,0.241,0.216
6792,496.00,654.30,555,1.857,2377.8,0.122,0.074,0.230,0.101,0.101,0.189,0.182
6793,1205.00,661.07,963,1.851,2378.0,0.208,0.096,0.224,0.064,0.136,0.120,0.152
6794,862.00,666.71,738,1.877,2378.3,0.226,0.055,0.177,0.134,0.134,0.134,0.140
6795,393.00,668.29,335,1.890,2378.6,0.266,0.087,0.174,0.116,0.121,0.106,0.130
6796,452.00,661.31,432,1.932,2379.0,0.184,0.118,0.086,0.139,0.131,0.163,0.180
6797,497.00,663.62,470,1.932,2379.2,0.127,0.127,0.073,0.180,0.127,0.187,0.180
6798,312.00,657.08,162,1.696,2379.3,0.048,0.096,0.217,0.205,0.048,0.108,0.277
6799,468.00,654.63,508,1.901,2379.5,0.066,0.149,0.165,0.116,0.132,0.124,0.248
6800,300.00,652.07,298,1.934,2379.8,0.148,0.120,0.157,0.125,0.185,0.153,0.111
6801,565.00,647.59,502,1.930,2380.1,0.161,0.138,0.126,0.167,0.149,0.126,0.132
6802,968.00,651.21,699,1.928,2380.3,0.211,0.099,0.134,0.162,0.162,0.106,0.127
6803,600.00,652.22,603,1.892,2380.6,0.180,0.120,0.164,0.131,0.137,0.104,0.164
6804,502.00,653.69,499,1.927,2381.3,0.204,0.152,0.123,0.141,0.121,0.130,0.130
6805,894.00,652.75,821,1.437,2381.3,0.022,0.000,0.348,0.174,0.000,0.065,0.391
6806,590.00,655.68,581,1.914,2382.1,0.224,0.137,0.116,0.177,0.137,0.112,0.097
6807,788.00,655.19,590,1.871,2382.5,0.238,0.141,0.141,0.155,0.138,0.086,0.100
6808,503.00,657.41,539,1.846,2383.0,0.278,0.137,0.126,0.097,0.108,0.116,0.137
6809,1213.00,664.86,1187,1.720,2383.1,0.383,0.070,0.113,0.113,0.009,0.148,0.165
6810,452.00,663.28,414,1.853,2383.7,0.288,0.121,0.123,0.134,0.105,0.126,0.103
6811,1025.00,670.30,1105,1.875,2384.3,0.273,0.085,0.103,0.150,0.103,0.185,0.100
6812,1192.00,674.98,1074,1.679,2384.6,0.283,0.066,0.211,0.132,0.059,0.164,0.086
6813,514.00,678.80,495,1.912,2385.1,0.223,0.099,0.133,0.116,0.148,0.139,0.142
6814,595.00,681.85,479,1.404,2385.2,0.123,0.027,0.260,0.164,0.027,0.055,0.342
6815,916.00,689.23,783,1.845,2385.5,0.200,0.100,0.159,0.188,0.112,0.094,0.147
6816,960.00,695.41,987,1.896,2386.5,0.206,0.130,0.138,0.161,0.141,0.120,0.105
6817,364.00,690.56,390,1.624,2386.6,0.119,0.083,0.071,0.274,0.071,0.060,0.321
6818,548.00,689.68,570,1.897,2387.3,0.225,0.101,0.123,0.152,0.181,0.081,0.137
6819,290.00,683.45,330,1.720,2387.5,0.277,0.062,0.162,0.108,0.115,0.108,0.169
6820,498.00,679.47,397,1.732,2387.8,0.326,0.090,0.135,0.112,0.140,0.045,0.152
6821,750.00,685.98,704,1.109,2387.9,0.125,0.000,0.396,0.021,0.000,0.021,0.438
6822,762.00,692.82,799,1.561,2388.0,0.343,0.039,0.216,0.020,0.108,0.029,0.245
6823,382.00,694.28,362,1.864,2388.6,0.275,0.093,0.119,0.090,0.169,0.101,0.153
6824,467.00,689.57,403,1.824,2389.0,0.293,0.093,0.173,0.062,0.076,0.133,0.169
6825,617.00,692.52,559,1.760,2389.4,0.330,0.121,0.220,0.053,0.082,0.117,0.078
6826,235.00,690.69,260,1.536,2389.6,0.218,0.084,0.441,0.050,0.089,0.067,0.050
6827,363.00,688.76,429,1.835,2389.9,0.303,0.164,0.158,0.048,0.127,0.085,0.115
6828,31.00,683.79,111,1.828,2390.1,0.221,0.114,0.228,0.040,0.087,0.148,0.161
6829,717.00,686.76,611,1.929,2390.5,0.189,0.119,0.119,0.137,0.176,0.167,0.093
6830,544.00,687.07,410,1.924,2390.8,0.161,0.170,0.135,0.085,0.166,0.148,0.135
6831,428.00,682.92,493,1.509,2390.9,0.095,0.048,0.476,0.032,0.048,0.127,0.175
6832,1551.00,692.63,1413,1.784,2391.1,0.207,0.099,0.207,0.045,0.171,0.108,0.162
6833,706.00,693.94,620,1.786,2391.3,0.132,0.107,0.182,0.091,0.132,0.165,0.190
6834,367.00,693.68,330,1.867,2391.4,0.131,0.084,0.224,0.093,0.112,0.131,0.224
6835,476.00,695.19,453,1.924,2392.2,0.165,0.159,0.147,0.112,0.116,0.140,0.161
6836,689.00,679.34,568,1.675,2392.3,0.051,0.111,0.242,0.010,0.172,0.263,0.152
6837,377.00,678.64,457,1.445,2392.4,0.045,0.061,0.333,0.000,0.182,0.273,0.106
6838,214.00,673.72,213,1.855,2392.7,0.153,0.128,0.189,0.041,0.281,0.128,0.082
6839,627.00,673.90,686,1.904,2393.1,0.128,0.133,0.168,0.075,0.243,0.150,0.102
6840,735.00,665.21,707,1.796,2393.2,0.103,0.207,0.161,0.057,0.184,0.172,0.115
6841,1288.00,674.04,778,1.891,2393.4,0.158,0.123,0.184,0.114,0.167,0.158,0.096
6842,1198.00,675.90,1112,1.890,2393.6,0.133,0.141,0.180,0.109,0.258,0.102,0.078
6843,197.00,667.59,205,1.918,2394.0,0.137,0.123,0.167,0.143,0.195,0.123,0.113
6844,1318.00,665.56,378,1.799,2394.3,0.181,0.101,0.181,0.072,0.210,0.174,0.080
6845,520.00,657.47,514,1.882,2394.7,0.194,0.152,0.149,0.069,0.194,0.149,0.093
6846,723.00,661.03,720,1.912,2395.2,0.196,0.136,0.141,0.118,0.183,0.134,0.092
6847,537.00,661.32,572,1.928,2396.0,0.184,0.129,0.154,0.116,0.127,0.158,0.131
6848,1376.00,666.79,908,1.836,2396.3,0.270,0.132,0.101,0.132,0.063,0.208,0.094
6849,246.00,664.32,326,1.894,2396.9,0.213,0.137,0.132,0.103,0.182,0.106,0.127
6850,959.00,657.29,880,1.726,2397.0,0.421,0.053,0.105,0.095,0.116,0.084,0.126
6851,349.00,656.84,405,1.895,2397.4,0.213,0.189,0.104,0.112,0.129,0.120,0.133
6852,496.00,654.93,429,1.920,2398.0,0.215,0.152,0.141,0.115,0.134,0.126,0.118
6853,935.00,657.00,784,1.823,2398.2,0.300,0.046,0.208,0.131,0.146,0.092,0.077
6854,1289.00,663.48,1047,1.777,2398.4,0.268,0.041,0.163,0.130,0.179,0.138,0.081
6855,360.00,658.58,440,1.774,2398.5,0.239,0.053,0.292,0.106,0.133,0.053,0.124
6856,595.00,658.68,505,1.906,2398.9,0.176,0.123,0.154,0.163,0.128,0.079,0.176
6857,954.00,661.51,883,1.844,2399.1,0.209,0.047,0.230,0.081,0.115,0.101,0.216
6858,490.00,661.04,384,1.813,2399.3,0.219,0.070,0.228,0.061,0.132,0.114,0.175
6859,745.00,665.48,649,1.550,2399.4,0.100,0.033,0.283,0.017,0.133,0.167,0.267
6860,526.00,670.48,521,1.917,2399.9,0.181,0.119,0.178,0.172,0.121,0.079,0.150
6861,346.00,668.45,386,1.897,2400.5,0.202,0.159,0.161,0.121,0.116,0.078,0.164
6862,185.00,666.25,213,1.886,2400.8,0.240,0.071,0.153,0.199,0.117,0.051,0.168
6863,394.00,664.68,422,1.898,2401.1,0.269,0.183,0.151,0.118,0.124,0.065,0.091
6864,232.00,654.09,308,1.910,2401.5,0.174,0.154,0.154,0.212,0.112,0.062,0.133
6865,1716.00,661.64,1501,1.855,2401.8,0.254,0.080,0.181,0.130,0.109,0.152,0.094
6866,763.00,666.06,434,1.758,2401.9,0.202,0.056,0.135,0.067,0.180,0.258,0.101
6867,583.00,668.69,663,1.867,2402.3,0.243,0.112,0.124,0.116,0.171,0.104,0.131
6868,576.00,667.75,483,1.683,2402.4,0.383,0.100,0.083,0.100,0.150,0.033,0.150
6869,436.00,665.93,429,1.727,2402.5,0.429,0.095,0.024,0.107,0.048,0.083,0.214
6870,342.00,663.49,176,1.083,2402.6,0.457,0.043,0.000,0.109,0.000,0.022,0.370
6871,329.00,660.17,347,1.901,2403.0,0.217,0.149,0.089,0.178,0.146,0.100,0.121
6872,481.00,657.20,561,1.903,2403.6,0.238,0.144,0.075,0.124,0.185,0.097,0.138
6873,498.00,650.79,578,1.901,2404.1,0.236,0.100,0.123,0.176,0.150,0.076,0.139
6874,2045.00,663.39,678,1.524,2404.3,0.328,0.084,0.076,0.328,0.076,0.038,0.069
6875,358.00,664.14,406,1.796,2404.7,0.289,0.059,0.078,0.207,0.148,0.078,0.141
6876,1231.00,668.86,1088,1.393,2404.9,0.525,0.020,0.030,0.218,0.040,0.040,0.129
6877,165.00,659.87,122,1.760,2405.1,0.326,0.030,0.053,0.242,0.152,0.053,0.144
6878,978.00,656.99,974,1.836,2405.6,0.230,0.069,0.101,0.170,0.164,0.128,0.137
6879,201.00,650.77,201,0.877,2405.7,0.444,0.000,0.000,0.022,0.000,0.022,0.511
6880,441.00,647.47,358,1.871,2406.0,0.221,0.095,0.103,0.182,0.162,0.107,0.130
6881,291.00,646.04,331,1.276,2406.1,0.113,0.000,0.038,0.472,0.000,0.057,0.321
6882,983.00,650.92,624,1.661,2406.4,0.259,0.042,0.042,0.259,0.084,0.127,0.187
6883,319.00,649.32,295,1.882,2407.0,0.263,0.108,0.114,0.146,0.110,0.128,0.130
6884,736.00,648.88,530,1.747,2407.4,0.263,0.094,0.075,0.310,0.078,0.110,0.071
6885,880.00,648.82,867,1.919,2409.5,0.188,0.137,0.141,0.146,0.114,0.159,0.116
6886,336.00,645.98,212,1.474,2409.8,0.171,0.064,0.086,0.379,0.043,0.229,0.029
6887,703.00,647.79,634,1.824,2410.3,0.169,0.135,0.122,0.174,0.076,0.250,0.073
6888,714.00,645.35,293,1.651,2410.5,0.227,0.087,0.160,0.100,0.020,0.393,0.013
6889,1859.00,653.99,1486,1.750,2410.8,0.280,0.080,0.086,0.223,0.051,0.200,0.080
6890,670.00,656.75,321,1.648,2411.0,0.291,0.068,0.097,0.301,0.019,0.184,0.039
6891,1219.00,661.11,1146,1.728,2411.2,0.312,0.094,0.068,0.224,0.026,0.219,0.057
6892,1019.00,666.34,801,1.846,2411.8,0.205,0.126,0.158,0.191,0.070,0.155,0.094
6893,581.00,660.10,496,1.910,2412.4,0.258,0.104,0.128,0.141,0.093,0.169,0.108
6894,554.00,657.02,509,1.896,2413.0,0.148,0.140,0.158,0.158,0.084,0.204,0.109
6895,1312.00,666.21,875,1.780,2413.3,0.214,0.081,0.214,0.156,0.098,0.133,0.104
6896,382.00,665.51,378,1.920,2414.2,0.142,0.130,0.169,0.163,0.128,0.169,0.098
6897,958.00,670.12,505,1.713,2414.3,0.186,0.053,0.221,0.177,0.186,0.177,0.000
6898,331.00,670.31,211,1.802,2414.7,0.147,0.068,0.177,0.128,0.279,0.177,0.023
6899,532.00,670.95,280,1.786,2415.0,0.200,0.071,0.136,0.100,0.264,0.214,0.014
6900,404.00,671.99,378,1.920,2415.4,0.173,0.111,0.131,0.183,0.154,0.150,0.098
6901,394.00,670.28,398,1.903,2415.9,0.210,0.116,0.145,0.112,0.159,0.181,0.076
6902,332.00,663.92,412,1.918,2416.4,0.176,0.157,0.155,0.125,0.147,0.133,0.107
6903,980.00,667.72,907,1.860,2416.6,0.225,0.113,0.204,0.092,0.134,0.134,0.099
6904,1092.00,673.62,888,1.857,2417.0,0.204,0.090,0.199,0.100,0.139,0.219,0.050
6905,700.00,671.68,284,1.730,2417.2,0.175,0.041,0.193,0.146,0.129,0.246,0.070
6906,338.00,669.16,227,1.848,2417.5,0.198,0.077,0.171,0.117,0.149,0.221,0.068
6907,1545.00,676.73,1380,1.896,2418.0,0.171,0.101,0.178,0.131,0.134,0.198,0.087
6908,745.00,679.15,670,1.769,2418.2,0.215,0.084,0.206,0.084,0.187,0.168,0.056
6909,1199.00,679.01,1082,1.821,2418.5,0.233,0.050,0.179,0.104,0.171,0.212,0.050
6910,1122.00,685.71,922,1.851,2418.9,0.210,0.082,0.202,0.112,0.146,0.169,0.079
6911,465.00,680.11,538,1.807,2419.3,0.216,0.084,0.143,0.077,0.165,0.242,0.073
6912,622.00,674.41,612,1.905,2420.5,0.205,0.110,0.157,0.130,0.122,0.159,0.117
6913,304.00,672.31,300,1.684,2420.7,0.371,0.064,0.093,0.057,0.136,0.193,0.086
6914,841.00,674.77,132,1.386,2420.8,0.553,0.012,0.200,0.024,0.082,0.071,0.059
6915,1110.00,676.71,927,1.590,2421.1,0.358,0.061,0.218,0.056,0.117,0.134,0.056
6916,1170.00,678.81,1120,1.678,2421.5,0.258,0.062,0.308,0.019,0.096,0.169,0.088
6917,1219.00,687.36,832,1.382,2421.6,0.472,0.000,0.321,0.019,0.038,0.094,0.057
6918,666.00,688.54,746,1.769,2422.1,0.186,0.078,0.228,0.036,0.137,0.215,0.121
6919,582.00,691.46,620,1.720,2422.3,0.251,0.050,0.223,0.022,0.156,0.179,0.117
6920,483.00,691.31,426,1.862,2422.9,0.204,0.082,0.215,0.054,0.155,0.149,0.141
6921,0.00,683.81,0,0.630,2422.9,0.821,0.000,0.000,0.000,0.000,0.000,0.179
6922,711.00,683.30,748,1.908,2424.0,0.187,0.135,0.187,0.112,0.105,0.148,0.124
6923,352.00,683.00,390,1.890,2424.4,0.161,0.068,0.205,0.072,0.147,0.147,0.199
6924,769.00,686.02,585,1.212,2424.5,0.529,0.020,0.039,0.020,0.098,0.176,0.118
6925,535.00,685.20,380,1.097,2424.6,0.647,0.039,0.059,0.000,0.020,0.137,0.098
6926,178.00,684.63,258,1.633,2424.8,0.235,0.043,0.217,0.026,0.113,0.296,0.070
6927,530.00,686.30,610,1.877,2425.2,0.161,0.076,0.199,0.076,0.130,0.222,0.136
6928,991.00,695.90,906,1.403,2425.4,0.391,0.033,0.130,0.022,0.120,0.239,0.065
6929,623.00,694.96,546,1.876,2426.0,0.177,0.111,0.147,0.091,0.157,0.199,0.118
6930,0.00,689.52,0,0.066,2426.1,0.021,0.000,0.000,0.000,0.000,0.000,0.979
6931,0.00,685.24,0,0.086,2426.1,0.000,0.000,0.000,0.000,0.000,0.000,1.000
6932,162.00,671.35,222,1.830,2426.5,0.227,0.108,0.138,0.030,0.103,0.232,0.163
6933,622.00,670.51,548,1.912,2427.0,0.154,0.148,0.160,0.095,0.148,0.148,0.148
6934,1350.00,680.34,1279,1.701,2427.2,0.386,0.140,0.129,0.064,0.094,0.070,0.117
6935,356.00,679.14,245,0.790,2427.3,0.500,0.026,0.000,0.000,0.000,0.026,0.447
6936,1251.00,684.76,1064,1.742,2427.7,0.320,0.143,0.127,0.066,0.098,0.143,0.102
6937,428.00,685.27,466,1.895,2428.2,0.192,0.175,0.140,0.076,0.149,0.149,0.120
6938,747.00,690.60,716,1.847,2428.6,0.260,0.167,0.109,0.035,0.159,0.120,0.151
6939,693.00,691.26,690,1.888,2429.1,0.211,0.123,0.126,0.060,0.237,0.103,0.140
6940,531.00,689.22,470,1.890,2429.4,0.154,0.166,0.174,0.065,0.178,0.158,0.105
6941,968.00,686.02,976,1.890,2429.8,0.209,0.155,0.124,0.093,0.101,0.174,0.143
6942,672.00,680.76,663,1.806,2430.1,0.218,0.212,0.140,0.050,0.117,0.201,0.061
6943,705.00,685.84,742,1.902,2430.5,0.215,0.188,0.118,0.049,0.125,0.174,0.132
6944,461.00,677.27,453,1.911,2430.9,0.177,0.218,0.097,0.069,0.125,0.137,0.177
6945,747.00,679.54,705,1.736,2431.2,0.200,0.095,0.180,0.030,0.090,0.320,0.085
6946,217.00,674.48,252,1.928,2431.7,0.122,0.115,0.178,0.122,0.118,0.174,0.171
6947,516.00,674.27,534,1.905,2432.1,0.167,0.157,0.160,0.082,0.139,0.178,0.117
6948,535.00,665.86,471,1.917,2432.5,0.162,0.137,0.159,0.108,0.124,0.181,0.130
6949,826.00,671.66,773,1.675,2432.7,0.250,0.068,0.068,0.068,0.159,0.227,0.159
6950,615.00,668.22,620,1.732,2432.9,0.170,0.129,0.129,0.034,0.075,0.333,0.129
6951,381.00,668.54,369,1.916,2433.9,0.183,0.149,0.149,0.112,0.130,0.140,0.136
6952,427.00,667.85,404,1.872,2435.0,0.160,0.173,0.197,0.085,0.113,0.114,0.158
6953,1118.00,669.68,1008,1.845,2436.2,0.200,0.165,0.182,0.118,0.127,0.102,0.107
6954,320.00,659.99,257,1.696,2436.4,0.267,0.047,0.213,0.087,0.040,0.167,0.180
6955,0.00,656.39,0,0.130,2436.5,0.000,0.000,0.000,0.000,0.000,0.000,1.000
6956,443.00,654.87,302,1.821,2436.8,0.276,0.068,0.204,0.163,0.068,0.086,0.136
6957,0.00,645.33,0,0.270,2436.9,0.027,0.000,0.000,0.000,0.000,0.000,0.973
6958,407.00,644.50,318,1.754,2437.1,0.284,0.112,0.201,0.037,0.022,0.179,0.164
6959,428.00,641.33,428,0.868,2437.2,0.234,0.000,0.000,0.021,0.000,0.106,0.638
6960,412.00,640.19,389,1.818,2437.5,0.259,0.098,0.254,0.080,0.049,0.134,0.125
6961,432.00,641.05,432,1.492,2437.7,0.330,0.053,0.117,0.021,0.000,0.245,0.234
6962,842.00,647.62,663,1.524,2437.8,0.305,0.017,0.110,0.051,0.034,0.220,0.263
6963,571.00,649.39,651,1.882,2438.6,0.200,0.121,0.166,0.114,0.100,0.143,0.156
6964,988.00,656.95,862,1.802,2439.0,0.174,0.148,0.229,0.085,0.059,0.203,0.102
6965,335.00,643.14,335,1.329,2439.1,0.214,0.018,0.089,0.054,0.000,0.286,0.339
6966,415.00,639.66,425,1.811,2439.5,0.158,0.102,0.244,0.083,0.060,0.184,0.169
6967,508.00,638.91,229,1.798,2439.7,0.183,0.127,0.268,0.077,0.049,0.183,0.113
6968,414.00,637.29,444,1.903,2441.4,0.159,0.158,0.197,0.116,0.128,0.122,0.120
6969,240.00,635.33,254,1.866,2441.7,0.124,0.151,0.239,0.124,0.028,0.174,0.161
6970,593.00,637.84,554,1.245,2441.8,0.043,0.021,0.043,0.043,0.000,0.489,0.362
6971,1705.00,651.60,1473,1.336,2441.9,0.247,0.012,0.035,0.071,0.000,0.424,0.212
6972,413.00,650.92,381,1.847,2442.3,0.174,0.100,0.167,0.137,0.044,0.181,0.196
6973,758.00,653.52,437,1.733,2442.5,0.298,0.060,0.131,0.131,0.071,0.131,0.179
6974,486.00,637.93,503,1.867,2442.7,0.154,0.063,0.206,0.183,0.051,0.206,0.137
6975,473.00,639.08,553,1.619,2443.0,0.139,0.048,0.139,0.107,0.032,0.326,0.209
6976,371.00,630.48,267,1.892,2443.3,0.204,0.056,0.163,0.163,0.082,0.168,0.163
6977,920.00,638.03,925,1.856,2443.7,0.190,0.093,0.199,0.115,0.137,0.128,0.137
6978,341.00,631.66,421,1.621,2443.9,0.319,0.050,0.076,0.126,0.042,0.227,0.160
6979,384.00,633.49,379,1.882,2444.3,0.237,0.099,0.197,0.124,0.073,0.106,0.164
6980,279.00,631.87,296,1.893,2444.7,0.166,0.140,0.162,0.144,0.074,0.131,0.183
6981,982.00,638.78,945,1.817,2445.0,0.200,0.104,0.196,0.117,0.054,0.175,0.154
6982,270.00,631.65,350,1.875,2445.5,0.161,0.143,0.150,0.089,0.100,0.175,0.182
6983,238.00,630.84,274,1.864,2445.7,0.219,0.109,0.212,0.066,0.044,0.182,0.168
6984,427.00,627.75,424,1.876,2446.0,0.162,0.108,0.210,0.090,0.114,0.156,0.162
6985,1367.00,632.62,1335,1.906,2447.6,0.214,0.132,0.135,0.123,0.147,0.134,0.115
6986,1538.00,644.64,889,1.256,2447.7,0.391,0.058,0.029,0.130,0.014,0.304,0.072
6987,1818.00,655.79,1818,1.149,2447.8,0.493,0.000,0.027,0.014,0.000,0.329,0.137
6988,887.00,657.52,855,1.913,2449.0,0.171,0.137,0.115,0.154,0.154,0.149,0.119
6989,815.00,647.08,786,1.553,2449.2,0.290,0.115,0.038,0.191,0.031,0.229,0.107
6990,857.00,648.95,897,1.846,2449.6,0.224,0.135,0.093,0.154,0.097,0.185,0.112
6991,604.00,642.80,613,1.910,2450.5,0.169,0.130,0.164,0.139,0.127,0.136,0.136
6992,627.00,638.88,611,1.822,2450.8,0.240,0.150,0.180,0.115,0.025,0.145,0.145
6993,230.00,635.37,307,1.854,2451.3,0.152,0.209,0.171,0.108,0.025,0.184,0.152
6994,598.00,635.81,542,1.885,2451.8,0.186,0.212,0.169,0.134,0.058,0.128,0.113
6995,740.00,630.09,688,1.887,2452.2,0.187,0.153,0.179,0.115,0.055,0.153,0.157
6996,1215.00,638.42,972,1.288,2452.3,0.374,0.000,0.000,0.352,0.000,0.055,0.220
6997,705.00,635.89,713,1.836,2452.7,0.210,0.157,0.125,0.117,0.056,0.153,0.181
6998,180.00,634.38,118,1.773,2452.9,0.275,0.121,0.088,0.099,0.011,0.209,0.198
6999,779.00,636.85,552,1.226,2452.9,0.154,0.019,0.019,0.423,0.000,0.019,0.365
7000,656.00,639.37,636,1.680,2453.1,0.207,0.069,0.138,0.080,0.034,0.149,0.322
7001,742.00,642.85,621,1.908,2453.4,0.145,0.187,0.176,0.088,0.088,0.176,0.140
7002,535.00,644.88,560,1.891,2453.8,0.122,0.182,0.172,0.098,0.061,0.179,0.186
7003,738.00,642.46,639,1.718,2454.1,0.111,0.076,0.090,0.174,0.069,0.167,0.312
7004,576.00,637.30,487,1.898,2454.4,0.172,0.090,0.131,0.145,0.077,0.176,0.208
7005,169.00,631.99,245,1.878,2454.7,0.120,0.147,0.133,0.100,0.067,0.220,0.213
7006,305.00,631.66,211,1.915,2455.1,0.152,0.137,0.134,0.123,0.094,0.181,0.181
7007,328.00,619.49,182,1.429,2455.2,0.206,0.016,0.032,0.222,0.063,0.079,0.381
7008,615.00,618.19,344,1.615,2455.3,0.147,0.074,0.059,0.250,0.074,0.118,0.279
7009,517.00,611.37,345,1.935,2455.9,0.189,0.133,0.141,0.133,0.120,0.141,0.144
7010,433.00,604.48,383,1.937,2456.2,0.154,0.186,0.142,0.166,0.142,0.101,0.109
7011,1432.00,614.15,1251,1.826,2456.5,0.175,0.094,0.076,0.184,0.117,0.233,0.121
7012,1003.00,617.96,1006,1.527,2456.8,0.111,0.111,0.046,0.261,0.039,0.222,0.209
7013,837.00,623.29,826,1.727,2457.0,0.194,0.097,0.104,0.243,0.062,0.153,0.146
7014,297.00,617.85,245,1.939,2457.6,0.150,0.129,0.156,0.137,0.111,0.177,0.140
7015,881.00,615.56,556,1.228,2457.7,0.082,0.016,0.000,0.377,0.000,0.066,0.459
7016,398.00,607.84,278,1.922,2458.0,0.158,0.221,0.150,0.142,0.075,0.121,0.133
7017,464.00,600.29,365,1.559,2458.2,0.157,0.060,0.072,0.060,0.096,0.120,0.434
7018,509.00,598.72,466,1.917,2458.5,0.137,0.145,0.200,0.094,0.157,0.110,0.157
7019,582.00,598.72,546,1.931,2459.1,0.123,0.154,0.151,0.131,0.179,0.121,0.141
7020,218.00,596.07,241,1.905,2459.4,0.126,0.120,0.166,0.103,0.131,0.200,0.154
7021,346.00,599.53,369,1.935,2459.8,0.148,0.105,0.154,0.128,0.157,0.157,0.151
7022,2659.00,619.01,2327,1.635,2460.1,0.174,0.108,0.072,0.257,0.084,0.180,0.126
7023,620.00,621.69,541,1.312,2460.3,0.260,0.033,0.000,0.293,0.013,0.227,0.173
7024,550.00,619.50,536,1.887,2460.7,0.222,0.107,0.103,0.172,0.073,0.192,0.130
7025,291.00,617.06,276,1.928,2461.7,0.181,0.117,0.124,0.181,0.129,0.156,0.114
7026,664.00,621.92,455,1.888,2462.2,0.137,0.113,0.201,0.187,0.140,0.110,0.113
7027,984.00,626.46,931,1.925,2463.9,0.172,0.116,0.148,0.174,0.142,0.123,0.123
7028,924.00,625.79,964,1.503,2464.1,0.272,0.060,0.166,0.172,0.119,0.093,0.119
7029,1364.00,633.20,964,1.000,2464.3,0.685,0.034,0.022,0.112,0.000,0.034,0.112
7030,354.00,636.74,303,1.624,2464.5,0.364,0.032,0.175,0.045,0.175,0.091,0.117
7031,671.00,643.45,671,1.137,2464.6,0.486,0.000,0.028,0.236,0.000,0.000,0.250
7032,755.00,649.38,746,1.885,2466.1,0.209,0.094,0.163,0.076,0.199,0.130,0.129
7033,491.00,648.07,405,1.883,2466.9,0.194,0.083,0.200,0.089,0.172,0.113,0.149
7034,543.00,640.00,319,1.387,2467.1,0.479,0.026,0.188,0.060,0.103,0.094,0.051
7035,1128.00,647.72,1138,1.884,2468.1,0.234,0.084,0.212,0.098,0.146,0.129,0.097
7036,436.00,639.57,378,1.500,2468.3,0.430,0.038,0.253,0.013,0.101,0.101,0.063
7037,128.00,636.57,199,1.865,2468.7,0.172,0.099,0.258,0.063,0.189,0.123,0.096
7038,959.00,638.69,817,1.665,2468.9,0.354,0.042,0.208,0.073,0.115,0.156,0.052
7039,581.00,637.57,481,1.891,2469.2,0.164,0.108,0.172,0.121,0.185,0.151,0.099
7040,808.00,640.34,726,1.914,2469.7,0.183,0.077,0.169,0.127,0.151,0.189,0.104
7041,408.00,634.74,373,1.929,2470.3,0.142,0.116,0.147,0.116,0.145,0.171,0.163
7042,41.00,628.43,121,1.892,2470.5,0.262,0.058,0.087,0.110,0.122,0.174,0.186
7043,1231.00,633.69,1108,1.147,2470.7,0.158,0.017,0.000,0.567,0.000,0.050,0.208
7044,1587.00,644.95,1227,1.195,2470.9,0.111,0.026,0.051,0.504,0.043,0.103,0.162
7045,1218.00,649.66,901,1.108,2471.0,0.067,0.008,0.033,0.567,0.025,0.058,0.242
7046,774.00,655.23,733,1.873,2471.5,0.199,0.100,0.151,0.125,0.122,0.118,0.185
7047,213.00,652.20,191,1.923,2471.7,0.141,0.104,0.161,0.161,0.099,0.146,0.188
7048,418.00,651.03,400,1.905,2472.0,0.216,0.081,0.070,0.141,0.103,0.205,0.184
7049,865.00,651.42,814,1.663,2472.2,0.185,0.033,0.022,0.261,0.022,0.207,0.272
7050,1059.00,655.86,1052,1.261,2472.3,0.105,0.000,0.000,0.404,0.000,0.070,0.421
7051,736.00,659.41,508,1.858,2472.5,0.195,0.062,0.164,0.172,0.109,0.172,0.125
7052,328.00,658.42,180,1.931,2472.8,0.149,0.129,0.198,0.158,0.144,0.099,0.124
7053,182.00,649.06,179,1.880,2472.9,0.133,0.173,0.147,0.093,0.093,0.173,0.187
7054,698.00,652.84,562,1.917,2473.3,0.180,0.114,0.216,0.171,0.110,0.094,0.114
7055,404.00,656.88,429,1.913,2473.6,0.116,0.131,0.212,0.091,0.106,0.152,0.192
7056,645.00,658.90,536,1.780,2473.8,0.181,0.064,0.181,0.085,0.096,0.085,0.309
7057,279.00,661.69,359,1.932,2474.3,0.145,0.112,0.177,0.091,0.103,0.218,0.153
7058,630.00,663.92,608,1.352,2474.4,0.203,0.051,0.017,0.153,0.017,0.102,0.458
7059,593.00,665.57,549,1.934,2474.8,0.126,0.109,0.164,0.119,0.205,0.167,0.109
7060,410.00,665.55,433,1.937,2475.3,0.183,0.125,0.171,0.122,0.134,0.155,0.110
7061,529.00,666.52,486,1.916,2475.8,0.181,0.119,0.116,0.159,0.197,0.124,0.103
7062,745.00,665.55,696,1.894,2476.3,0.175,0.145,0.102,0.129,0.215,0.096,0.139
7063,598.00,665.82,551,1.882,2476.6,0.173,0.163,0.084,0.218,0.163,0.074,0.124
7064,605.00,661.99,576,1.910,2477.0,0.167,0.181,0.126,0.137,0.189,0.119,0.081
7065,2075.00,679.39,1244,1.483,2477.2,0.405,0.050,0.099,0.256,0.041,0.083,0.066
7066,469.00,679.93,503,1.923,2477.7,0.136,0.154,0.139,0.211,0.151,0.098,0.110
7067,1816.00,693.01,1656,1.694,2478.1,0.351,0.091,0.132,0.198,0.066,0.112,0.050
7068,585.00,694.72,515,1.913,2478.8,0.172,0.142,0.178,0.131,0.172,0.127,0.079
7069,530.00,697.62,570,1.909,2479.2,0.209,0.106,0.125,0.092,0.161,0.205,0.103
7070,1503.00,706.72,1222,1.417,2479.3,0.142,0.050,0.025,0.383,0.050,0.275,0.075
7071,780.00,697.47,638,1.734,2479.6,0.170,0.057,0.164,0.151,0.019,0.340,0.101
7072,506.00,698.40,460,1.882,2479.9,0.184,0.163,0.205,0.121,0.068,0.205,0.053
7073,438.00,695.20,472,1.900,2480.4,0.151,0.163,0.157,0.104,0.145,0.183,0.098
7074,304.00,693.38,327,1.892,2480.9,0.167,0.134,0.176,0.146,0.112,0.182,0.082
7075,359.00,692.24,436,1.880,2481.3,0.164,0.123,0.205,0.146,0.093,0.190,0.078
7076,668.00,695.21,628,1.341,2481.4,0.085,0.064,0.117,0.117,0.011,0.553,0.053
7077,586.00,691.87,384,1.918,2481.9,0.163,0.151,0.166,0.142,0.169,0.151,0.058
7078,416.00,692.62,375,1.882,2482.3,0.203,0.092,0.226,0.088,0.161,0.124,0.106
7079,699.00,695.77,722,1.867,2482.6,0.212,0.118,0.197,0.118,0.074,0.187,0.094
7080,482.00,697.80,518,1.914,2483.0,0.176,0.117,0.195,0.121,0.109,0.160,0.121
7081,296.00,690.94,232,1.920,2483.4,0.193,0.117,0.155,0.166,0.124,0.152,0.093
7082,485.00,693.09,406,1.895,2483.7,0.233,0.144,0.149,0.089,0.158,0.149,0.079
7083,397.00,694.68,314,1.898,2484.1,0.169,0.120,0.201,0.137,0.149,0.108,0.116
7084,787.00,698.28,867,1.887,2484.6,0.192,0.137,0.187,0.113,0.118,0.158,0.095
7085,1179.00,696.40,565,1.700,2484.8,0.210,0.032,0.210,0.089,0.048,0.315,0.097
7086,435.00,685.37,364,1.835,2485.2,0.176,0.081,0.210,0.140,0.088,0.188,0.118
7087,568.00,672.87,648,1.841,2485.6,0.192,0.100,0.218,0.126,0.071,0.163,0.130
7088,858.00,672.58,610,1.835,2485.9,0.234,0.149,0.149,0.131,0.045,0.171,0.122
7089,1292.00,677.35,655,1.726,2486.2,0.243,0.129,0.179,0.150,0.014,0.243,0.043
7090,429.00,673.07,320,1.884,2486.8,0.180,0.142,0.203,0.132,0.095,0.149,0.099
7091,371.00,670.74,237,1.741,2487.0,0.074,0.169,0.264,0.088,0.034,0.176,0.196
7092,484.00,669.31,475,1.866,2487.4,0.093,0.149,0.230,0.156,0.093,0.141,0.138
7093,744.00,674.45,734,1.628,2487.6,0.031,0.061,0.245,0.153,0.020,0.265,0.224
7094,552.00,673.99,541,1.668,2487.7,0.048,0.048,0.253,0.181,0.012,0.229,0.229
7095,404.00,670.63,332,1.859,2488.0,0.072,0.087,0.236,0.135,0.082,0.202,0.188
7096,615.00,664.63,549,1.927,2488.9,0.139,0.145,0.188,0.160,0.108,0.148,0.112
7097,369.00,661.27,434,1.911,2489.5,0.138,0.141,0.217,0.141,0.082,0.175,0.107
7098,253.00,662.00,333,1.917,2490.0,0.152,0.094,0.243,0.181,0.108,0.135,0.088
7099,602.00,660.23,557,1.934,2490.8,0.159,0.146,0.157,0.160,0.121,0.127,0.130
7100,243.00,656.10,323,1.931,2491.0,0.131,0.169,0.138,0.138,0.115,0.169,0.138
7101,729.00,655.97,601,1.872,2491.2,0.083,0.142,0.117,0.167,0.192,0.183,0.117
7102,289.00,653.51,369,1.926,2491.4,0.078,0.204,0.150,0.168,0.102,0.198,0.102
7103,409.00,650.22,375,1.932,2491.9,0.138,0.132,0.126,0.208,0.126,0.157,0.113
7104,358.00,648.04,384,1.885,2492.1,0.130,0.117,0.117,0.273,0.097,0.136,0.130
7105,406.00,650.41,486,1.846,2492.4,0.102,0.131,0.117,0.270,0.058,0.146,0.175
7106,149.00,648.85,228,1.900,2492.9,0.110,0.119,0.154,0.290,0.058,0.142,0.128
7107,1054.00,656.11,1034,1.867,2493.1,0.102,0.080,0.125,0.199,0.136,0.233,0.125
7108,874.00,658.70,645,1.739,2493.3,0.038,0.123,0.160,0.170,0.038,0.330,0.142
7109,827.00,661.80,786,1.731,2493.5,0.062,0.070,0.070,0.248,0.070,0.264,0.217
7110,334.00,660.81,365,1.827,2493.8,0.044,0.116,0.105,0.122,0.099,0.315,0.199
7111,337.00,649.86,323,1.844,2494.1,0.074,0.074,0.101,0.148,0.090,0.286,0.228
7112,321.00,643.04,357,1.850,2494.3,0.061,0.097,0.158,0.152,0.085,0.267,0.182
7113,480.00,639.47,468,1.912,2495.1,0.123,0.142,0.140,0.144,0.109,0.209,0.132
7114,546.00,641.96,567,1.916,2495.5,0.148,0.127,0.143,0.148,0.059,0.224,0.152
7115,1255.00,645.70,1095,1.896,2495.7,0.082,0.114,0.125,0.255,0.071,0.223,0.130
7116,251.00,644.23,291,1.930,2496.3,0.120,0.132,0.173,0.173,0.138,0.176,0.088
7117,472.00,644.31,512,1.917,2496.8,0.140,0.123,0.145,0.137,0.178,0.153,0.123
7118,768.00,646.90,560,1.916,2497.5,0.119,0.109,0.172,0.106,0.149,0.226,0.119
7119,287.00,643.95,311,1.916,2498.1,0.131,0.049,0.155,0.131,0.216,0.178,0.139
7120,553.00,647.30,504,1.922,2498.5,0.115,0.089,0.118,0.128,0.224,0.163,0.163
7121,877.00,652.61,768,1.866,2498.8,0.205,0.065,0.160,0.150,0.165,0.145,0.110
7122,798.00,634.00,571,1.837,2499.1,0.145,0.078,0.078,0.084,0.257,0.156,0.201
7123,691.00,634.71,659,1.875,2499.6,0.147,0.103,0.115,0.103,0.179,0.170,0.183
7124,653.00,635.74,594,1.750,2499.7,0.102,0.041,0.061,0.071,0.306,0.163,0.255
7125,745.00,640.28,720,1.693,2499.9,0.176,0.029,0.015,0.044,0.309,0.191,0.235
7126,389.00,637.53,360,1.881,2500.1,0.113,0.127,0.093,0.093,0.140,0.213,0.220
7127,95.00,628.64,166,1.889,2500.3,0.116,0.132,0.085,0.116,0.147,0.202,0.202
7128,845.00,627.85,845,1.750,2500.4,0.139,0.056,0.056,0.194,0.167,0.292,0.097
7129,606.00,620.27,500,1.923,2500.8,0.125,0.117,0.133,0.117,0.167,0.183,0.158
7130,238.00,619.11,274,1.906,2501.0,0.128,0.147,0.147,0.090,0.179,0.179,0.128
7131,179.00,614.19,219,1.922,2501.3,0.108,0.114,0.157,0.124,0.135,0.211,0.151
7132,444.00,611.08,494,1.920,2501.5,0.210,0.126,0.133,0.091,0.126,0.217,0.098
7133,470.00,610.87,471,1.938,2502.1,0.155,0.158,0.173,0.137,0.078,0.178,0.121
7134,265.00,608.09,232,1.914,2502.5,0.118,0.177,0.154,0.106,0.106,0.157,0.181
7135,510.00,601.91,468,1.914,2503.6,0.171,0.128,0.182,0.101,0.140,0.131,0.147
7136,929.00,606.84,837,1.894,2504.0,0.169,0.150,0.237,0.083,0.071,0.139,0.150
7137,700.00,612.56,661,1.899,2504.5,0.196,0.171,0.157,0.146,0.083,0.132,0.116
7138,470.00,607.67,550,1.727,2504.7,0.245,0.088,0.108,0.294,0.010,0.078,0.176
7139,1337.00,615.23,926,1.761,2504.9,0.187,0.157,0.209,0.231,0.022,0.075,0.119
7140,624.00,613.39,502,1.820,2505.1,0.257,0.156,0.165,0.119,0.028,0.110,0.165
7141,39.00,609.70,119,1.886,2505.4,0.124,0.173,0.178,0.130,0.043,0.103,0.249
7142,1378.00,623.07,1216,1.744,2505.5,0.200,0.160,0.093,0.213,0.067,0.067,0.200
7143,369.00,614.45,339,1.894,2505.8,0.191,0.191,0.093,0.191,0.080,0.099,0.154
7144,604.00,604.62,503,1.884,2506.1,0.169,0.251,0.150,0.111,0.063,0.121,0.135
7145,1500.00,607.44,1359,1.385,2506.2,0.083,0.102,0.083,0.481,0.019,0.074,0.157
7146,751.00,607.21,723,1.913,2506.7,0.114,0.178,0.118,0.189,0.098,0.152,0.152
7147,285.00,607.93,342,1.918,2507.0,0.150,0.145,0.131,0.182,0.084,0.126,0.182
7148,540.00,609.15,374,1.557,2507.2,0.200,0.017,0.058,0.508,0.025,0.083,0.108
7149,768.00,608.18,729,1.908,2507.6,0.134,0.169,0.122,0.224,0.110,0.126,0.114
7150,600.00,603.59,527,1.906,2508.5,0.164,0.161,0.160,0.175,0.112,0.147,0.081
7151,607.00,602.30,465,1.903,2509.2,0.184,0.195,0.101,0.188,0.083,0.152,0.096
7152,966.00,608.68,715,1.823,2509.4,0.242,0.163,0.146,0.230,0.028,0.084,0.107
7153,320.00,610.06,171,1.541,2509.6,0.216,0.052,0.060,0.448,0.017,0.129,0.078
7154,499.00,608.07,532,1.888,2510.0,0.147,0.242,0.123,0.167,0.089,0.116,0.116
7155,1378.00,617.81,1289,1.867,2510.8,0.255,0.175,0.091,0.136,0.107,0.134,0.103
7156,967.00,621.03,867,1.866,2511.0,0.235,0.179,0.142,0.123,0.037,0.173,0.111
7157,333.00,621.57,263,1.895,2511.3,0.133,0.220,0.150,0.173,0.046,0.145,0.133
7158,150.00,616.77,174,1.905,2511.5,0.174,0.261,0.147,0.109,0.054,0.092,0.163
7159,508.00,615.92,473,1.899,2512.0,0.218,0.262,0.095,0.105,0.113,0.102,0.105
7160,361.00,615.43,371,1.922,2512.4,0.127,0.185,0.130,0.192,0.106,0.079,0.182
7161,606.00,616.20,590,1.906,2512.6,0.167,0.211,0.100,0.100,0.122,0.078,0.222
7162,630.00,615.05,533,1.907,2513.1,0.220,0.164,0.148,0.106,0.117,0.123,0.123
7163,1280.00,621.87,978,1.872,2513.3,0.168,0.105,0.105,0.168,0.147,0.095,0.211
7164,941.00,625.23,383,1.802,2513.4,0.087,0.138,0.163,0.113,0.125,0.075,0.300
7165,839.00,612.87,750,1.776,2513.6,0.104,0.052,0.104,0.148,0.113,0.139,0.339
7166,879.00,616.97,879,1.645,2513.6,0.080,0.000,0.080,0.120,0.060,0.260,0.400
7167,618.00,604.99,656,1.915,2514.4,0.173,0.145,0.119,0.127,0.147,0.153,0.135
7168,315.00,602.29,277,1.900,2514.7,0.054,0.098,0.142,0.201,0.103,0.191,0.211
7169,339.00,600.38,220,1.903,2515.0,0.153,0.089,0.094,0.213,0.128,0.183,0.140
7170,859.00,593.94,899,1.742,2515.2,0.162,0.063,0.045,0.144,0.081,0.162,0.342
7171,973.00,595.87,938,1.900,2516.5,0.214,0.138,0.094,0.123,0.169,0.134,0.127
7172,335.00,594.16,361,1.811,2516.8,0.094,0.065,0.153,0.076,0.112,0.159,0.341
7173,699.00,596.77,671,1.728,2516.9,0.123,0.000,0.160,0.210,0.049,0.272,0.185
7174,452.00,598.25,353,1.904,2517.3,0.179,0.048,0.115,0.226,0.131,0.155,0.147
7175,520.00,599.86,492,1.747,2517.5,0.093,0.060,0.119,0.093,0.212,0.179,0.245
7176,944.00,602.62,941,1.796,2517.6,0.108,0.084,0.108,0.145,0.096,0.205,0.253
7177,308.00,599.84,130,1.872,2517.8,0.080,0.114,0.080,0.114,0.159,0.216,0.239
7178,349.00,599.17,373,1.914,2518.3,0.113,0.101,0.152,0.171,0.140,0.162,0.162
7179,416.00,596.34,360,1.879,2518.9,0.126,0.082,0.114,0.188,0.133,0.203,0.155
7180,1642.00,607.94,1357,1.791,2519.1,0.137,0.023,0.305,0.130,0.076,0.191,0.137
7181,802.00,613.00,882,1.726,2519.3,0.150,0.045,0.316,0.083,0.038,0.188,0.180
7182,459.00,612.74,533,1.723,2519.5,0.173,0.000,0.362,0.079,0.087,0.165,0.134
7183,337.00,612.14,417,1.594,2519.6,0.132,0.011,0.396,0.077,0.011,0.297,0.077
7184,605.00,610.32,627,1.901,2520.2,0.098,0.135,0.149,0.196,0.111,0.127,0.183
7185,682.00,605.35,708,1.919,2521.3,0.151,0.128,0.116,0.180,0.156,0.112,0.157
7186,588.00,606.88,612,1.913,2522.1,0.128,0.130,0.165,0.187,0.106,0.196,0.088
7187,12.00,601.32,71,1.880,2522.4,0.059,0.171,0.212,0.212,0.065,0.182,0.100
7188,559.00,598.33,547,1.911,2523.2,0.159,0.151,0.118,0.223,0.131,0.097,0.121
7189,1614.00,601.55,1265,1.715,2523.4,0.276,0.071,0.133,0.173,0.143,0.153,0.051
7190,220.00,599.46,280,1.712,2523.6,0.114,0.214,0.100,0.321,0.129,0.064,0.057
7191,504.00,600.79,314,1.843,2524.2,0.118,0.147,0.092,0.379,0.111,0.062,0.090
7192,440.00,600.35,515,1.855,2524.6,0.109,0.109,0.113,0.307,0.179,0.066,0.117
7193,415.00,597.06,378,1.919,2525.3,0.173,0.102,0.161,0.189,0.156,0.097,0.123
7194,0.00,591.54,0,0.118,2525.4,1.000,0.000,0.000,0.000,0.000,0.000,0.000
7195,928.00,596.78,781,1.846,2525.7,0.242,0.100,0.156,0.173,0.173,0.100,0.056
7196,328.00,593.91,407,1.782,2526.1,0.310,0.063,0.202,0.164,0.129,0.073,0.059
7197,845.00,598.67,920,1.813,2526.7,0.296,0.068,0.134,0.222,0.115,0.110,0.055
7198,0.00,596.14,0,0.107,2526.8,1.000,0.000,0.000,0.000,0.000,0.000,0.000
7199,815.00,598.27,699,1.307,2526.9,0.506,0.035,0.153,0.082,0.141,0.071,0.012
7200,302.00,598.86,205,1.737,2527.2,0.316,0.058,0.142,0.211,0.174,0.063,0.037
7201,1005.00,601.62,885,1.726,2527.5,0.323,0.042,0.161,0.198,0.172,0.062,0.042
7202,1246.00,611.19,943,1.562,2527.6,0.404,0.048,0.115,0.144,0.125,0.096,0.067
7203,1680.00,623.90,536,1.390,2527.8,0.520,0.030,0.090,0.120,0.200,0.030,0.010
7204,479.00,625.11,394,1.887,2528.5,0.225,0.101,0.134,0.192,0.164,0.095,0.089
7205,1105.00,632.10,1022,1.771,2529.0,0.176,0.130,0.261,0.124,0.153,0.085,0.072
7206,1139.00,642.00,851,1.674,2529.3,0.263,0.066,0.309,0.099,0.144,0.053,0.066
7207,181.00,633.27,253,1.625,2529.5,0.202,0.054,0.333,0.085,0.264,0.016,0.047
7208,626.00,630.79,685,1.619,2529.8,0.195,0.101,0.215,0.094,0.322,0.047,0.027
7209,911.00,631.63,511,1.818,2530.2,0.269,0.091,0.167,0.142,0.196,0.055,0.080
7210,671.00,635.00,732,1.849,2530.8,0.237,0.114,0.183,0.123,0.168,0.081,0.094
7211,1684.00,648.47,1046,1.552,2531.0,0.156,0.119,0.163,0.081,0.378,0.059,0.044
7212,430.00,649.56,510,1.857,2531.6,0.218,0.096,0.209,0.113,0.195,0.073,0.096
7213,1121.00,655.97,884,1.874,2532.0,0.238,0.134,0.170,0.119,0.162,0.090,0.087
7214,420.00,654.71,486,1.866,2532.3,0.204,0.157,0.171,0.083,0.236,0.065,0.083
7215,1193.00,654.09,1007,1.651,2532.5,0.140,0.085,0.093,0.225,0.310,0.070,0.078
7216,485.00,656.43,428,1.900,2532.8,0.155,0.142,0.110,0.183,0.205,0.078,0.128
7217,209.00,653.80,288,1.816,2533.0,0.119,0.071,0.202,0.179,0.202,0.071,0.155
7218,1113.00,657.25,963,1.835,2533.2,0.198,0.057,0.217,0.142,0.189,0.057,0.142
7219,1024.00,664.62,944,1.878,2533.4,0.158,0.072,0.132,0.204,0.224,0.086,0.125
7220,614.00,665.23,395,1.796,2533.6,0.179,0.105,0.105,0.116,0.295,0.095,0.105
7221,507.00,661.53,475,1.580,2533.6,0.038,0.000,0.057,0.132,0.377,0.038,0.358
7222,748.00,661.03,679,1.904,2534.2,0.153,0.087,0.170,0.150,0.194,0.095,0.150
7223,499.00,659.11,556,1.904,2535.3,0.212,0.077,0.152,0.128,0.184,0.105,0.141
7224,505.00,657.63,384,1.379,2535.4,0.129,0.016,0.016,0.452,0.065,0.000,0.323
7225,1034.00,660.52,304,1.744,2535.6,0.282,0.069,0.069,0.214,0.137,0.076,0.153
7226,342.00,660.05,339,1.905,2536.1,0.258,0.120,0.106,0.158,0.169,0.060,0.129
7227,492.00,664.02,481,1.912,2536.7,0.177,0.130,0.128,0.184,0.147,0.098,0.135
7228,773.00,663.30,667,1.909,2537.3,0.201,0.105,0.166,0.115,0.134,0.126,0.153
7229,178.00,659.02,114,1.859,2537.4,0.157,0.079,0.270,0.101,0.056,0.090,0.247
7230,951.00,666.15,967,1.908,2537.9,0.223,0.093,0.173,0.120,0.123,0.120,0.147
7231,318.00,667.54,358,1.883,2538.2,0.267,0.108,0.113,0.082,0.123,0.133,0.174
7232,977.00,672.87,880,1.874,2538.4,0.217,0.086,0.103,0.137,0.154,0.109,0.194
7233,609.00,674.26,556,1.738,2538.6,0.143,0.036,0.083,0.167,0.107,0.155,0.310
7234,764.00,679.25,667,1.884,2538.8,0.248,0.130,0.112,0.124,0.130,0.099,0.155
7235,886.00,683.01,889,1.837,2539.0,0.201,0.065,0.101,0.209,0.086,0.173,0.165
7236,567.00,679.39,379,1.833,2539.2,0.267,0.078,0.112,0.112,0.121,0.172,0.138
7237,250.00,674.89,209,1.873,2539.5,0.304,0.077,0.129,0.119,0.139,0.155,0.077
7238,312.00,673.31,281,1.873,2540.1,0.210,0.102,0.129,0.126,0.153,0.124,0.156
7239,313.00,663.07,273,1.830,2540.3,0.337,0.067,0.025,0.098,0.166,0.110,0.196
7240,484.00,661.67,295,1.409,2540.4,0.129,0.016,0.016,0.129,0.113,0.065,0.532
7241,514.00,666.42,554,1.900,2540.9,0.164,0.102,0.070,0.155,0.188,0.153,0.169
7242,385.00,656.49,373,1.892,2541.4,0.169,0.095,0.053,0.144,0.141,0.151,0.246
7243,210.00,654.90,193,1.741,2541.5,0.067,0.034,0.011,0.258,0.079,0.157,0.393
7244,611.00,654.97,530,1.896,2541.9,0.160,0.111,0.055,0.127,0.137,0.202,0.208
7245,954.00,649.51,810,1.849,2542.2,0.225,0.072,0.058,0.203,0.145,0.101,0.196
7246,304.00,645.04,383,1.852,2542.4,0.264,0.023,0.047,0.225,0.194,0.085,0.163
7247,920.00,651.39,606,1.695,2542.5,0.131,0.061,0.101,0.182,0.222,0.071,0.232
7248,367.00,649.66,288,1.901,2543.1,0.155,0.099,0.059,0.200,0.183,0.138,0.166
7249,343.00,645.41,372,1.887,2543.4,0.158,0.172,0.107,0.177,0.144,0.060,0.181
7250,221.00,641.62,242,1.566,2543.5,0.173,0.133,0.040,0.133,0.013,0.040,0.467
7251,760.00,643.15,797,1.758,2543.7,0.173,0.102,0.071,0.228,0.087,0.102,0.236
7252,288.00,636.37,128,0.959,2543.8,0.071,0.024,0.000,0.095,0.024,0.000,0.786
7253,373.00,636.90,373,1.023,2543.9,0.075,0.000,0.000,0.200,0.025,0.000,0.700
7254,326.00,635.17,316,1.866,2544.1,0.154,0.231,0.056,0.189,0.147,0.084,0.140
7255,312.00,624.51,326,1.872,2544.4,0.102,0.177,0.068,0.279,0.143,0.116,0.116
7256,322.00,618.06,296,1.898,2544.6,0.121,0.158,0.053,0.205,0.132,0.137,0.195
7257,408.00,618.81,408,1.904,2545.7,0.157,0.120,0.102,0.154,0.146,0.129,0.193
7258,642.00,623.73,584,1.772,2546.2,0.147,0.119,0.094,0.229,0.125,0.103,0.182
7259,674.00,625.39,355,1.684,2546.5,0.129,0.155,0.093,0.381,0.036,0.077,0.129
7260,171.00,623.49,146,1.694,2546.8,0.158,0.221,0.084,0.326,0.021,0.053,0.137
7261,1030.00,627.73,1028,1.464,2546.9,0.194,0.113,0.016,0.484,0.000,0.048,0.145
7262,472.00,626.15,512,1.744,2547.1,0.154,0.287,0.056,0.280,0.049,0.098,0.077
7263,731.00,620.66,502,1.803,2547.3,0.211,0.197,0.035,0.282,0.035,0.099,0.141
7264,689.00,618.14,566,1.763,2547.6,0.143,0.211,0.037,0.292,0.031,0.093,0.193
7265,1381.00,623.56,1205,1.600,2547.7,0.102,0.133,0.092,0.347,0.000,0.061,0.265
7266,776.00,622.53,647,1.833,2548.0,0.184,0.209,0.102,0.168,0.036,0.138,0.163
7267,428.00,620.63,371,1.830,2548.3,0.131,0.209,0.102,0.184,0.044,0.146,0.184
7268,899.00,626.47,849,1.740,2548.5,0.122,0.147,0.135,0.192,0.026,0.128,0.250
7269,986.00,632.94,911,1.534,2548.7,0.071,0.047,0.188,0.224,0.012,0.082,0.376
7270,649.00,630.84,647,1.386,2548.8,0.062,0.025,0.100,0.300,0.013,0.125,0.375
7271,701.00,628.12,324,1.718,2549.0,0.216,0.057,0.091,0.148,0.023,0.170,0.295
7272,488.00,629.65,403,1.472,2549.1,0.095,0.000,0.238,0.119,0.000,0.143,0.405
7273,478.00,627.44,510,1.852,2549.5,0.268,0.165,0.117,0.120,0.065,0.110,0.155
7274,1311.00,636.03,961,1.602,2549.7,0.098,0.066,0.262,0.057,0.000,0.352,0.164
7275,600.00,636.83,572,1.791,2549.9,0.203,0.135,0.169,0.095,0.027,0.203,0.169
7276,240.00,629.79,316,1.857,2550.1,0.186,0.109,0.083,0.109,0.071,0.244,0.199
7277,532.00,632.03,523,1.901,2550.5,0.139,0.118,0.148,0.110,0.089,0.232,0.165
7278,429.00,632.83,369,1.906,2550.8,0.204,0.180,0.085,0.147,0.057,0.142,0.185
7279,1154.00,640.21,844,1.785,2551.0,0.118,0.200,0.212,0.106,0.035,0.176,0.153
7280,406.00,627.85,405,1.887,2551.2,0.207,0.165,0.073,0.122,0.067,0.165,0.201
7281,605.00,625.88,581,1.715,2551.4,0.101,0.336,0.134,0.050,0.034,0.109,0.235
7282,58.00,621.87,138,1.902,2551.8,0.223,0.117,0.168,0.117,0.055,0.153,0.168
7283,366.00,622.16,396,1.917,2552.5,0.199,0.136,0.114,0.121,0.105,0.150,0.175
7284,445.00,620.56,424,1.753,2552.6,0.281,0.096,0.132,0.061,0.167,0.140,0.123
7285,813.00,621.87,626,1.856,2553.1,0.250,0.113,0.093,0.107,0.167,0.130,0.140
7286,2182.00,637.81,1116,1.622,2553.2,0.347,0.163,0.092,0.010,0.163,0.102,0.122
7287,1423.00,651.92,1298,1.631,2553.5,0.395,0.109,0.068,0.082,0.197,0.082,0.068
7288,830.00,654.63,298,1.679,2553.7,0.343,0.093,0.086,0.057,0.200,0.107,0.114
7289,576.00,644.25,569,1.833,2554.1,0.310,0.119,0.127,0.067,0.164,0.101,0.112
7290,1050.00,652.55,558,1.801,2554.4,0.227,0.182,0.077,0.045,0.205,0.173,0.091
7291,863.00,656.14,832,1.790,2554.9,0.241,0.171,0.101,0.035,0.155,0.206,0.092
7292,334.00,655.08,384,1.756,2555.2,0.194,0.189,0.080,0.017,0.183,0.246,0.091
7293,1459.00,665.52,1133,1.825,2555.5,0.205,0.171,0.137,0.039,0.156,0.190,0.102
7294,814.00,673.66,664,1.845,2555.8,0.283,0.195,0.141,0.078,0.122,0.112,0.068
7295,1031.00,674.69,1011,1.898,2556.6,0.179,0.176,0.111,0.093,0.158,0.166,0.118
7296,23.00,671.64,36,1.067,2556.8,0.087,0.050,0.625,0.000,0.087,0.113,0.037
7297,580.00,668.99,503,1.805,2557.2,0.235,0.091,0.129,0.038,0.110,0.260,0.138
7298,1240.00,681.39,1105,1.714,2557.6,0.162,0.119,0.219,0.035,0.085,0.300,0.081
7299,1434.00,687.58,333,1.476,2557.8,0.160,0.040,0.448,0.016,0.072,0.208,0.056
7300,397.00,688.53,287,1.840,2558.0,0.183,0.155,0.176,0.042,0.120,0.204,0.120
7301,993.00,688.41,927,1.906,2558.6,0.163,0.141,0.150,0.058,0.139,0.208,0.141
7302,720.00,683.15,363,1.588,2558.7,0.065,0.013,0.377,0.026,0.117,0.234,0.169
7303,866.00,675.01,859,1.842,2559.0,0.097,0.097,0.251,0.040,0.120,0.240,0.154
7304,996.00,680.18,934,1.794,2559.1,0.091,0.091,0.222,0.091,0.071,0.222,0.212
7305,367.00,672.80,405,1.923,2559.7,0.099,0.159,0.130,0.113,0.116,0.222,0.161
7306,674.00,668.15,608,1.928,2560.4,0.168,0.137,0.115,0.137,0.108,0.173,0.163
7307,569.00,672.03,494,1.887,2560.8,0.158,0.125,0.099,0.135,0.158,0.197,0.128
7308,635.00,672.12,428,1.878,2561.1,0.165,0.165,0.057,0.044,0.120,0.259,0.190
7309,70.00,663.71,149,1.897,2561.4,0.159,0.185,0.112,0.052,0.108,0.177,0.207
7310,499.00,661.99,503,1.920,2561.9,0.163,0.116,0.087,0.153,0.144,0.188,0.150
7311,777.00,652.92,645,1.898,2562.2,0.114,0.159,0.110,0.167,0.139,0.127,0.184
7312,466.00,653.28,492,1.767,2562.4,0.113,0.075,0.212,0.163,0.188,0.013,0.237
7313,556.00,647.63,525,1.905,2562.9,0.213,0.108,0.129,0.126,0.162,0.126,0.138
7314,434.00,647.77,236,1.868,2563.4,0.203,0.203,0.063,0.161,0.146,0.093,0.131
7315,1436.00,650.20,1097,1.574,2563.6,0.184,0.125,0.022,0.191,0.324,0.037,0.118
7316,751.00,652.86,617,1.702,2564.0,0.054,0.189,0.040,0.259,0.232,0.084,0.141
7317,761.00,658.38,686,1.389,2564.2,0.000,0.192,0.008,0.300,0.308,0.025,0.167
7318,207.00,649.32,287,1.640,2564.5,0.012,0.282,0.000,0.252,0.202,0.043,0.209
7319,674.00,645.82,472,1.768,2564.7,0.097,0.212,0.048,0.291,0.152,0.048,0.152
7320,640.00,646.08,640,1.786,2565.2,0.059,0.226,0.052,0.250,0.177,0.080,0.156
7321,263.00,643.64,220,1.821,2565.5,0.079,0.178,0.054,0.277,0.168,0.050,0.193
7322,301.00,639.17,336,1.895,2565.9,0.091,0.136,0.080,0.212,0.136,0.148,0.197
7323,656.00,640.74,587,1.891,2566.3,0.133,0.190,0.079,0.200,0.102,0.146,0.149
7324,507.00,640.76,525,1.888,2567.5,0.147,0.162,0.081,0.148,0.158,0.152,0.153
7325,829.00,638.71,816,1.864,2568.6,0.142,0.157,0.061,0.199,0.156,0.142,0.142
7326,672.00,642.01,614,1.320,2568.7,0.063,0.025,0.000,0.253,0.038,0.430,0.190
7327,539.00,642.48,500,1.790,2569.4,0.080,0.065,0.072,0.215,0.132,0.269,0.167
7328,366.00,638.41,255,1.583,2569.6,0.137,0.034,0.043,0.188,0.051,0.376,0.171
7329,305.00,639.68,295,1.530,2569.8,0.074,0.006,0.037,0.147,0.049,0.423,0.264
7330,811.00,638.28,517,1.663,2570.1,0.081,0.059,0.065,0.151,0.048,0.435,0.161
7331,1736.00,652.46,433,1.560,2570.4,0.089,0.025,0.096,0.115,0.064,0.433,0.178
7332,470.00,647.39,452,1.795,2570.8,0.084,0.039,0.110,0.179,0.110,0.266,0.211
7333,1244.00,653.74,1114,1.318,2571.0,0.011,0.000,0.043,0.250,0.043,0.533,0.120
7334,371.00,649.81,362,1.896,2572.0,0.125,0.114,0.110,0.160,0.113,0.176,0.202
7335,475.00,645.70,507,1.855,2572.4,0.097,0.109,0.097,0.148,0.175,0.191,0.183
7336,697.00,647.00,736,1.717,2572.7,0.116,0.032,0.101,0.296,0.259,0.048,0.148
7337,1225.00,656.75,1263,1.627,2572.9,0.133,0.007,0.089,0.296,0.289,0.081,0.104
7338,1585.00,669.48,1045,1.452,2573.1,0.081,0.027,0.088,0.338,0.304,0.041,0.122
7339,536.00,671.71,511,1.615,2573.4,0.141,0.031,0.094,0.304,0.272,0.058,0.099
7340,1833.00,685.20,663,1.541,2573.8,0.164,0.009,0.076,0.329,0.231,0.049,0.142
7341,29.00,680.35,95,1.126,2573.9,0.000,0.000,0.095,0.554,0.257,0.000,0.095
7342,724.00,683.74,623,1.473,2574.1,0.017,0.000,0.218,0.395,0.185,0.017,0.168
7343,250.00,684.14,250,1.896,2575.1,0.193,0.103,0.099,0.205,0.168,0.080,0.153
7344,869.00,686.72,909,1.579,2575.3,0.125,0.033,0.158,0.325,0.067,0.183,0.108
7345,753.00,684.71,341,1.601,2575.7,0.300,0.029,0.195,0.166,0.047,0.220,0.043
7346,638.00,688.05,416,1.555,2576.2,0.270,0.032,0.238,0.206,0.006,0.235,0.013
7347,1739.00,696.24,1748,1.742,2577.5,0.259,0.087,0.145,0.165,0.065,0.206,0.073
7348,856.00,701.13,0,1.476,2578.0,0.317,0.007,0.208,0.162,0.003,0.290,0.013
7349,323.00,700.93,208,1.623,2578.6,0.297,0.037,0.220,0.171,0.009,0.238,0.028
7350,1216.00,710.88,824,1.460,2578.9,0.304,0.021,0.183,0.267,0.000,0.183,0.042
7351,1521.00,718.49,265,1.473,2579.1,0.263,0.025,0.256,0.237,0.019,0.175,0.025
7352,577.00,721.38,59,1.244,2579.3,0.151,0.000,0.226,0.204,0.000,0.419,0.000
7353,1312.00,730.77,248,1.530,2579.7,0.276,0.033,0.166,0.166,0.027,0.306,0.027
7354,1378.00,741.29,788,1.559,2580.4,0.282,0.068,0.152,0.184,0.014,0.264,0.036
7355,1665.00,754.82,494,1.425,2580.7,0.289,0.010,0.194,0.219,0.030,0.244,0.015
7356,1232.00,763.92,692,1.548,2581.3,0.337,0.034,0.158,0.218,0.018,0.205,0.029
7357,2539.00,785.23,1052,1.532,2581.8,0.308,0.041,0.136,0.216,0.021,0.251,0.027
7358,1360.00,792.41,0,1.329,2582.0,0.292,0.000,0.158,0.258,0.000,0.292,0.000
7359,1750.00,803.17,213,1.431,2582.4,0.336,0.007,0.170,0.140,0.015,0.321,0.011
7360,587.00,807.33,54,1.307,2582.6,0.270,0.000,0.178,0.147,0.000,0.405,0.000
7361,825.00,805.28,42,1.387,2583.0,0.256,0.008,0.176,0.187,0.000,0.363,0.011
7362,1081.00,811.37,446,1.586,2583.5,0.262,0.043,0.213,0.210,0.016,0.233,0.023
7363,1258.00,816.64,1071,1.583,2584.1,0.295,0.067,0.173,0.144,0.017,0.265,0.040
7364,727.00,817.02,485,1.580,2584.6,0.336,0.029,0.176,0.147,0.016,0.259,0.037
7365,323.00,806.44,342,1.422,2584.9,0.324,0.012,0.212,0.194,0.000,0.218,0.041
7366,826.00,806.94,790,1.707,2585.6,0.252,0.058,0.188,0.173,0.032,0.236,0.062
7367,471.00,807.37,454,1.669,2586.1,0.237,0.047,0.180,0.218,0.019,0.240,0.060
7368,795.00,806.33,721,1.757,2586.7,0.258,0.078,0.206,0.149,0.037,0.210,0.063
7369,600.00,802.47,549,1.766,2587.3,0.229,0.097,0.236,0.134,0.015,0.226,0.063
7370,799.00,803.97,773,1.826,2588.0,0.185,0.156,0.160,0.116,0.067,0.220,0.096
7371,1052.00,807.48,791,1.748,2588.3,0.249,0.116,0.142,0.182,0.022,0.240,0.049
7372,400.00,806.60,356,1.572,2588.5,0.165,0.079,0.079,0.291,0.000,0.299,0.087
7373,741.00,809.23,821,1.640,2588.8,0.226,0.055,0.121,0.186,0.005,0.342,0.065
7374,1308.00,809.20,1062,1.693,2589.1,0.199,0.081,0.088,0.265,0.015,0.301,0.051
7375,356.00,806.76,197,1.701,2589.3,0.303,0.099,0.138,0.138,0.000,0.283,0.039
7376,1200.00,816.36,930,1.709,2589.5,0.258,0.124,0.157,0.191,0.000,0.191,0.079
7377,790.00,818.94,483,1.738,2589.7,0.311,0.124,0.130,0.124,0.011,0.215,0.085
7378,575.00,820.40,601,1.750,2590.1,0.322,0.110,0.172,0.139,0.004,0.165,0.088
7379,265.00,811.51,235,1.801,2590.5,0.222,0.154,0.164,0.167,0.014,0.164,0.116
7380,679.00,814.24,593,1.836,2591.0,0.240,0.178,0.163,0.136,0.047,0.104,0.131
7381,493.00,813.12,461,1.797,2591.4,0.329,0.124,0.194,0.093,0.043,0.109,0.109
7382,184.00,814.38,203,1.880,2592.0,0.204,0.191,0.111,0.138,0.037,0.199,0.119
7383,365.00,814.37,345,1.826,2592.4,0.151,0.145,0.096,0.148,0.042,0.264,0.154
7384,806.00,817.98,787,1.884,2592.8,0.149,0.149,0.123,0.119,0.072,0.200,0.187
7385,1191.00,821.76,1132,1.759,2592.9,0.133,0.147,0.107,0.173,0.013,0.213,0.213
7386,528.00,805.22,557,1.913,2594.3,0.147,0.159,0.118,0.144,0.099,0.170,0.162
7387,604.00,797.03,626,1.771,2594.5,0.142,0.112,0.112,0.246,0.045,0.209,0.134
7388,489.00,793.62,411,1.817,2595.0,0.147,0.143,0.112,0.115,0.084,0.269,0.129
7389,1118.00,799.04,998,1.891,2595.4,0.121,0.160,0.137,0.147,0.140,0.189,0.107
7390,476.00,793.30,437,1.903,2595.9,0.146,0.133,0.087,0.159,0.104,0.249,0.123
7391,463.00,789.30,487,1.906,2596.3,0.164,0.142,0.091,0.123,0.088,0.230,0.164
7392,862.00,794.58,863,1.849,2596.6,0.165,0.136,0.102,0.165,0.085,0.193,0.153
7393,994.00,789.93,870,1.721,2596.8,0.160,0.221,0.043,0.190,0.031,0.184,0.172
7394,596.00,787.75,592,1.902,2597.5,0.137,0.155,0.106,0.166,0.111,0.177,0.146
7395,542.00,782.86,531,1.908,2598.3,0.176,0.142,0.091,0.129,0.127,0.205,0.129
7396,587.00,788.50,608,1.896,2598.9,0.189,0.106,0.106,0.111,0.119,0.269,0.101
7397,548.00,788.18,515,1.820,2599.1,0.137,0.145,0.069,0.168,0.092,0.275,0.115
7398,1414.00,789.92,1170,1.794,2599.2,0.133,0.114,0.048,0.210,0.114,0.210,0.171
7399,852.00,784.10,700,1.650,2599.3,0.085,0.155,0.028,0.254,0.141,0.099,0.239
7400,1126.00,791.39,1088,1.865,2599.7,0.093,0.183,0.086,0.136,0.140,0.222,0.140
7401,735.00,788.81,614,1.751,2600.0,0.068,0.128,0.054,0.135,0.223,0.196,0.196
7402,644.00,788.05,580,1.804,2600.2,0.099,0.154,0.031,0.167,0.142,0.216,0.191
7403,285.00,782.24,325,1.792,2600.6,0.088,0.139,0.014,0.162,0.120,0.245,0.231
7404,571.00,777.99,528,1.597,2600.8,0.021,0.401,0.014,0.289,0.113,0.028,0.134
7405,702.00,781.34,682,1.877,2601.0,0.107,0.173,0.040,0.193,0.100,0.267,0.120
7406,655.00,781.15,645,1.770,2601.2,0.078,0.224,0.069,0.259,0.112,0.164,0.095
7407,612.00,781.58,444,1.905,2601.5,0.165,0.146,0.073,0.160,0.136,0.204,0.117
7408,434.00,779.57,360,1.521,2601.6,0.018,0.298,0.000,0.246,0.263,0.018,0.158
7409,810.00,786.97,756,1.882,2601.9,0.148,0.148,0.055,0.165,0.137,0.170,0.176
7410,826.00,790.24,719,1.529,2602.0,0.061,0.288,0.000,0.318,0.152,0.015,0.167
7411,707.00,789.54,505,1.651,2602.2,0.147,0.127,0.020,0.216,0.137,0.088,0.265
7412,680.00,791.68,707,1.884,2602.6,0.166,0.147,0.108,0.112,0.154,0.147,0.166
7413,543.00,791.55,562,1.906,2603.0,0.199,0.167,0.098,0.164,0.059,0.195,0.118
7414,999.00,797.20,1024,1.912,2603.6,0.173,0.144,0.101,0.171,0.130,0.163,0.118
7415,637.00,789.21,526,1.664,2603.8,0.075,0.183,0.025,0.442,0.075,0.100,0.100
7416,338.00,785.08,293,1.827,2604.0,0.186,0.109,0.051,0.333,0.083,0.179,0.058
7417,826.00,785.73,487,1.859,2604.2,0.207,0.126,0.018,0.207,0.117,0.252,0.072
7418,1131.00,794.97,1064,1.889,2604.4,0.158,0.144,0.129,0.165,0.108,0.194,0.101
7419,944.00,797.67,896,1.905,2604.8,0.189,0.131,0.097,0.166,0.089,0.228,0.100
7420,522.00,796.49,569,1.908,2605.2,0.196,0.127,0.069,0.160,0.154,0.190,0.105
7421,1431.00,808.17,1326,1.890,2605.6,0.176,0.133,0.094,0.133,0.169,0.161,0.133
7422,667.00,811.83,684,1.702,2605.8,0.220,0.090,0.000,0.220,0.170,0.090,0.210
7423,1051.00,815.78,1091,1.716,2606.0,0.298,0.107,0.023,0.130,0.229,0.107,0.107
7424,804.00,818.75,735,1.801,2606.1,0.280,0.065,0.037,0.196,0.178,0.112,0.131
7425,1396.00,824.42,1277,1.862,2606.4,0.208,0.169,0.055,0.148,0.148,0.153,0.120
7426,582.00,823.52,487,1.911,2606.8,0.193,0.196,0.096,0.114,0.161,0.143,0.096
7427,363.00,821.76,403,1.911,2607.2,0.206,0.109,0.105,0.149,0.093,0.210,0.129
7428,436.00,822.46,436,1.925,2607.7,0.163,0.135,0.129,0.123,0.138,0.197,0.114
7429,1226.00,831.67,1006,1.903,2607.9,0.157,0.217,0.113,0.087,0.139,0.113,0.174
7430,338.00,826.94,375,1.933,2608.5,0.172,0.164,0.134,0.127,0.154,0.154,0.095
7431,696.00,816.54,642,1.889,2608.7,0.116,0.186,0.093,0.116,0.124,0.140,0.225
7432,116.00,813.00,159,1.889,2609.0,0.096,0.188,0.100,0.150,0.208,0.150,0.108
7433,822.00,808.78,665,1.901,2609.5,0.145,0.199,0.111,0.149,0.166,0.142,0.088
7434,184.00,806.91,158,1.888,2609.8,0.187,0.187,0.140,0.124,0.161,0.150,0.052
7435,673.00,808.89,619,1.909,2610.2,0.150,0.218,0.095,0.122,0.163,0.160,0.092
7436,677.00,808.69,652,1.885,2610.4,0.204,0.183,0.092,0.106,0.176,0.169,0.070
7437,907.00,805.51,864,1.912,2611.3,0.153,0.171,0.115,0.168,0.173,0.139,0.081
7438,99.00,790.65,179,1.824,2611.5,0.132,0.242,0.132,0.082,0.203,0.137,0.071
7439,363.00,788.92,351,1.841,2611.8,0.164,0.265,0.127,0.132,0.180,0.074,0.058
7440,592.00,776.51,358,1.630,2611.9,0.139,0.367,0.076,0.063,0.203,0.063,0.089
7441,1119.00,787.41,800,1.848,2612.2,0.183,0.237,0.069,0.206,0.168,0.084,0.053
7442,1431.00,794.48,1171,1.889,2612.5,0.167,0.121,0.113,0.172,0.167,0.167,0.092
7443,1029.00,802.27,991,1.838,2612.8,0.181,0.188,0.100,0.125,0.188,0.144,0.075
7444,500.00,798.58,192,1.783,2612.9,0.235,0.304,0.096,0.130,0.070,0.087,0.078
7445,227.00,793.32,231,1.899,2613.3,0.204,0.151,0.139,0.131,0.171,0.147,0.057
7446,663.00,793.57,453,1.875,2613.6,0.260,0.195,0.117,0.162,0.123,0.065,0.078
7447,517.00,781.35,597,1.853,2613.8,0.253,0.174,0.132,0.116,0.142,0.126,0.058
7448,492.00,777.71,431,1.867,2614.3,0.221,0.146,0.128,0.156,0.168,0.097,0.084
7449,644.00,780.92,550,1.715,2615.0,0.302,0.132,0.076,0.136,0.147,0.124,0.083
7450,0.00,768.76,0,0.333,2615.1,1.000,0.000,0.000,0.000,0.000,0.000,0.000
7451,0.00,753.55,0,0.208,2615.2,1.000,0.000,0.000,0.000,0.000,0.000,0.000
7452,366.00,751.44,270,1.620,2615.6,0.440,0.070,0.065,0.140,0.130,0.100,0.055
7453,484.00,743.16,0,0.554,2615.7,0.866,0.015,0.000,0.045,0.015,0.015,0.045
7454,887.00,738.25,835,1.748,2616.3,0.318,0.099,0.084,0.099,0.179,0.119,0.102
7455,1655.00,738.15,1191,1.629,2616.6,0.458,0.071,0.048,0.089,0.131,0.179,0.024
7456,938.00,735.21,827,1.723,2617.1,0.334,0.061,0.061,0.128,0.128,0.209,0.078
7457,691.00,716.73,639,1.630,2617.5,0.397,0.039,0.043,0.095,0.168,0.233,0.026
7458,947.00,712.60,709,1.737,2617.7,0.335,0.078,0.042,0.138,0.150,0.198,0.060
7459,850.00,703.60,800,1.852,2618.4,0.279,0.116,0.088,0.105,0.158,0.185,0.068
7460,1029.00,708.02,844,1.696,2618.6,0.210,0.080,0.010,0.350,0.080,0.080,0.190
7461,844.00,708.21,680,1.737,2618.7,0.237,0.132,0.026,0.197,0.132,0.145,0.132
7462,1295.00,710.35,1318,1.881,2620.0,0.243,0.155,0.092,0.138,0.162,0.132,0.078
7463,517.00,702.94,473,1.819,2620.8,0.303,0.123,0.107,0.139,0.123,0.145,0.059
7464,1181.00,707.48,879,1.785,2621.0,0.158,0.133,0.083,0.200,0.133,0.117,0.175
7465,531.00,709.56,365,1.834,2621.3,0.326,0.130,0.122,0.100,0.089,0.174,0.059
7466,789.00,709.19,730,1.879,2621.8,0.225,0.187,0.124,0.117,0.130,0.137,0.079
7467,648.00,710.96,659,1.798,2621.9,0.060,0.190,0.060,0.131,0.107,0.214,0.238
7468,363.00,706.64,390,1.902,2622.6,0.232,0.140,0.116,0.125,0.151,0.136,0.099
7469,661.00,707.25,673,1.905,2623.0,0.255,0.141,0.148,0.072,0.148,0.141,0.095
7470,576.00,705.02,550,1.918,2623.4,0.165,0.203,0.105,0.117,0.165,0.143,0.102
7471,819.00,702.69,727,1.874,2623.7,0.206,0.181,0.148,0.116,0.065,0.103,0.181
7472,393.00,702.62,413,1.912,2624.3,0.232,0.151,0.132,0.102,0.129,0.127,0.127
7473,821.00,703.42,803,1.851,2624.7,0.163,0.171,0.113,0.221,0.104,0.071,0.158
7474,287.00,693.21,310,0.871,2624.7,0.000,0.023,0.023,0.605,0.000,0.000,0.349
7475,632.00,695.97,696,1.690,2625.0,0.079,0.113,0.179,0.338,0.020,0.073,0.199
7476,515.00,689.12,356,1.885,2625.4,0.158,0.109,0.171,0.261,0.102,0.093,0.106
7477,445.00,685.67,405,1.798,2625.7,0.190,0.123,0.067,0.344,0.037,0.074,0.166
7478,345.00,683.37,266,1.587,2625.8,0.071,0.047,0.071,0.494,0.012,0.059,0.247
7479,197.00,682.69,219,1.497,2626.0,0.066,0.044,0.055,0.396,0.011,0.077,0.352
7480,830.00,684.20,617,1.796,2626.2,0.133,0.112,0.119,0.245,0.091,0.133,0.168
7481,458.00,683.85,495,1.779,2626.4,0.156,0.039,0.156,0.273,0.052,0.104,0.221
7482,242.00,684.43,164,1.133,2626.5,0.044,0.067,0.000,0.333,0.000,0.022,0.533
7483,579.00,686.57,491,1.817,2626.7,0.169,0.077,0.138,0.215,0.062,0.138,0.200
7484,1086.00,689.37,694,1.687,2626.9,0.192,0.082,0.041,0.260,0.055,0.096,0.274
7485,525.00,682.71,478,1.888,2627.2,0.179,0.101,0.110,0.271,0.087,0.119,0.133
7486,331.00,680.74,402,1.870,2627.5,0.253,0.129,0.152,0.106,0.069,0.115,0.175
7487,454.00,679.24,534,1.873,2627.8,0.280,0.137,0.107,0.137,0.113,0.107,0.119
7488,411.00,678.46,379,1.898,2628.2,0.224,0.122,0.142,0.122,0.105,0.122,0.163
7489,489.00,672.17,484,1.904,2628.7,0.224,0.136,0.116,0.111,0.083,0.166,0.163
7490,629.00,673.70,536,1.910,2629.4,0.155,0.155,0.111,0.162,0.107,0.157,0.153
7491,145.00,670.52,205,1.837,2629.7,0.210,0.128,0.210,0.142,0.027,0.201,0.082
7492,282.00,664.72,264,1.914,2630.1,0.142,0.207,0.076,0.167,0.073,0.145,0.189
7493,701.00,661.79,741,1.859,2630.3,0.145,0.136,0.182,0.145,0.055,0.218,0.118
7494,400.00,659.83,440,1.228,2630.4,0.000,0.025,0.025,0.075,0.000,0.375,0.500
7495,544.00,659.85,544,1.929,2631.3,0.156,0.147,0.111,0.134,0.129,0.166,0.158
7496,859.00,662.57,779,1.648,2631.4,0.092,0.079,0.079,0.105,0.026,0.368,0.250
7497,871.00,665.80,853,1.556,2631.6,0.155,0.031,0.041,0.072,0.031,0.515,0.155
7498,451.00,656.17,445,0.829,2631.7,0.072,0.000,0.043,0.014,0.000,0.739,0.130
7499,887.00,656.52,718,1.462,2631.9,0.159,0.058,0.123,0.065,0.058,0.457,0.080
7500,476.00,650.02,535,1.238,2632.1,0.148,0.008,0.082,0.033,0.008,0.590,0.131
7501,169.00,644.36,225,1.350,2632.3,0.165,0.024,0.031,0.039,0.008,0.591,0.142
7502,1003.00,647.95,883,1.396,2632.4,0.167,0.028,0.056,0.056,0.028,0.491,0.176
7503,495.00,650.05,492,1.841,2633.3,0.235,0.081,0.093,0.106,0.089,0.226,0.170
7504,1167.00,656.01,853,1.462,2633.4,0.196,0.029,0.078,0.078,0.010,0.382,0.225
7505,476.00,653.75,400,1.845,2633.9,0.199,0.078,0.115,0.115,0.088,0.216,0.189
7506,208.00,649.28,243,1.863,2634.4,0.257,0.055,0.179,0.092,0.069,0.153,0.194
7507,684.00,650.00,656,1.888,2635.0,0.204,0.094,0.143,0.145,0.105,0.145,0.164
7508,448.00,650.14,448,1.881,2635.6,0.253,0.106,0.065,0.139,0.098,0.168,0.171
7509,671.00,648.75,655,1.753,2635.7,0.190,0.060,0.180,0.100,0.020,0.300,0.150
7510,1143.00,651.92,1104,1.723,2635.9,0.115,0.069,0.126,0.184,0.011,0.230,0.264
7511,1671.00,661.56,966,1.809,2636.1,0.241,0.036,0.139,0.139,0.066,0.204,0.175
7512,482.00,659.58,423,1.669,2636.2,0.162,0.041,0.189,0.216,0.000,0.122,0.270
7513,580.00,659.95,660,1.821,2636.6,0.279,0.043,0.145,0.123,0.120,0.112,0.178
7514,506.00,655.02,517,1.903,2637.5,0.236,0.090,0.126,0.126,0.134,0.138,0.150
7515,903.00,657.68,832,1.909,2638.1,0.209,0.121,0.186,0.116,0.123,0.107,0.139
7516,651.00,660.81,623,1.695,2638.3,0.183,0.221,0.163,0.154,0.019,0.038,0.221
7517,229.00,654.84,187,1.845,2638.6,0.246,0.099,0.173,0.073,0.084,0.162,0.162
7518,515.00,648.68,513,1.858,2639.0,0.242,0.079,0.175,0.113,0.083,0.117,0.192
7519,610.00,645.34,559,1.847,2639.3,0.199,0.133,0.128,0.066,0.095,0.142,0.237
7520,402.00,644.14,398,1.840,2639.7,0.227,0.105,0.114,0.118,0.100,0.100,0.236
7521,580.00,635.63,562,1.906,2640.2,0.148,0.140,0.119,0.128,0.105,0.172,0.189
7522,146.00,630.42,204,1.495,2640.3,0.160,0.427,0.013,0.093,0.040,0.000,0.267
7523,1069.00,630.60,1026,1.558,2640.6,0.279,0.331,0.058,0.087,0.035,0.029,0.180
7524,421.00,626.77,461,1.915,2641.2,0.165,0.149,0.121,0.131,0.144,0.124,0.165
7525,714.00,619.95,593,1.826,2641.5,0.207,0.213,0.093,0.127,0.140,0.100,0.120
7526,934.00,623.47,905,1.846,2641.7,0.210,0.178,0.102,0.083,0.191,0.070,0.166
7527,755.00,627.39,683,1.842,2642.0,0.225,0.175,0.131,0.062,0.231,0.044,0.131
7528,648.00,629.51,635,1.818,2642.3,0.183,0.230,0.084,0.099,0.173,0.063,0.168
7529,544.00,622.69,414,1.801,2642.5,0.213,0.140,0.125,0.088,0.213,0.022,0.199
7530,958.00,628.89,955,1.753,2642.7,0.180,0.148,0.148,0.148,0.098,0.041,0.238
7531,488.00,626.81,417,1.870,2643.0,0.197,0.127,0.192,0.114,0.197,0.061,0.114
7532,214.00,627.79,294,1.914,2643.7,0.195,0.118,0.182,0.090,0.171,0.126,0.118
7533,762.00,627.19,842,1.806,2644.0,0.224,0.083,0.154,0.244,0.090,0.045,0.160
7534,143.00,626.78,223,1.895,2644.3,0.127,0.132,0.250,0.118,0.223,0.045,0.105
7535,292.00,622.97,363,1.918,2645.0,0.158,0.137,0.178,0.132,0.160,0.119,0.116
7536,744.00,623.64,772,1.929,2646.2,0.159,0.144,0.112,0.127,0.157,0.160,0.143
7537,658.00,621.15,579,1.843,2646.7,0.153,0.173,0.252,0.095,0.122,0.105,0.099
7538,84.00,621.00,101,1.634,2646.9,0.102,0.573,0.108,0.045,0.057,0.051,0.064
7539,383.00,621.20,325,1.905,2647.5,0.120,0.285,0.095,0.128,0.159,0.140,0.073
7540,684.00,622.12,545,1.780,2647.6,0.157,0.202,0.090,0.326,0.011,0.056,0.157
7541,730.00,618.23,723,1.776,2647.8,0.163,0.327,0.115,0.125,0.048,0.087,0.135
7542,318.00,607.10,152,1.861,2648.1,0.184,0.320,0.117,0.090,0.113,0.090,0.086
7543,123.00,598.04,173,1.832,2648.4,0.151,0.316,0.105,0.066,0.197,0.059,0.105
7544,393.00,596.97,389,1.915,2648.9,0.136,0.230,0.147,0.103,0.145,0.147,0.091
7545,1135.00,606.05,1082,1.924,2649.3,0.149,0.170,0.138,0.142,0.106,0.177,0.117
7546,718.00,606.60,701,1.918,2650.1,0.150,0.187,0.136,0.121,0.110,0.193,0.103
7547,421.00,605.64,170,1.898,2650.5,0.119,0.197,0.148,0.098,0.213,0.164,0.061
7548,1253.00,613.25,1029,1.721,2650.6,0.224,0.075,0.224,0.045,0.090,0.194,0.149
7549,324.00,610.05,303,1.847,2651.0,0.138,0.119,0.257,0.051,0.103,0.198,0.134
7550,257.00,612.62,163,1.340,2651.0,0.220,0.000,0.171,0.024,0.000,0.073,0.512
7551,695.00,619.57,614,1.831,2651.3,0.096,0.133,0.229,0.042,0.120,0.205,0.175
7552,170.00,617.61,250,1.849,2651.6,0.132,0.147,0.274,0.047,0.132,0.195,0.074
7553,818.00,620.95,631,1.904,2652.0,0.154,0.154,0.154,0.071,0.154,0.229,0.086
7554,1025.00,622.33,737,1.831,2652.1,0.125,0.080,0.193,0.045,0.136,0.250,0.170
7555,427.00,610.05,507,1.900,2652.7,0.135,0.141,0.186,0.054,0.150,0.240,0.096
7556,1158.00,612.25,829,1.897,2652.9,0.171,0.171,0.171,0.053,0.176,0.165,0.094
7557,495.00,610.29,394,1.758,2653.0,0.277,0.077,0.138,0.077,0.123,0.154,0.154
7558,1096.00,611.78,748,1.897,2653.3,0.207,0.128,0.149,0.096,0.122,0.213,0.085
7559,730.00,610.58,748,1.916,2655.5,0.174,0.147,0.142,0.130,0.121,0.176,0.110
7560,591.00,606.20,451,1.817,2656.1,0.175,0.164,0.159,0.061,0.178,0.181,0.081
7561,151.00,599.27,214,1.632,2656.3,0.165,0.045,0.120,0.000,0.338,0.278,0.053
7562,410.00,590.42,351,1.734,2656.6,0.163,0.089,0.216,0.016,0.226,0.221,0.068
7563,1343.00,598.68,748,1.346,2656.7,0.452,0.054,0.043,0.000,0.140,0.247,0.065
7564,833.00,595.20,809,1.840,2657.7,0.165,0.155,0.158,0.054,0.160,0.215,0.092
7565,362.00,593.51,438,1.724,2657.9,0.257,0.068,0.136,0.005,0.209,0.236,0.089
7566,1077.00,596.39,811,1.773,2658.5,0.236,0.125,0.106,0.039,0.167,0.236,0.092
7567,483.00,594.74,453,1.765,2658.9,0.305,0.125,0.075,0.036,0.170,0.177,0.111
7568,365.00,594.76,281,1.807,2659.4,0.258,0.131,0.121,0.027,0.211,0.181,0.070
7569,577.00,593.92,573,1.851,2660.0,0.216,0.131,0.115,0.039,0.182,0.198,0.120
7570,444.00,592.60,335,1.806,2660.3,0.247,0.148,0.143,0.005,0.148,0.192,0.115
7571,413.00,588.54,369,1.862,2660.9,0.221,0.128,0.119,0.065,0.172,0.172,0.123
7572,431.00,588.92,379,1.859,2661.6,0.235,0.153,0.103,0.065,0.134,0.187,0.124
7573,140.00,582.11,140,0.645,2661.7,0.022,0.000,0.000,0.000,0.000,0.089,0.889
7574,549.00,584.73,518,1.861,2662.5,0.157,0.153,0.110,0.043,0.159,0.229,0.150
7575,404.00,582.45,428,1.828,2662.8,0.100,0.208,0.121,0.025,0.175,0.204,0.167
7576,697.00,584.27,403,1.392,2663.0,0.095,0.302,0.069,0.026,0.043,0.121,0.345
7577,444.00,584.26,484,1.902,2663.8,0.177,0.191,0.120,0.058,0.142,0.189,0.122
7578,452.00,585.33,430,1.905,2664.3,0.185,0.146,0.175,0.043,0.169,0.149,0.132
7579,309.00,586.45,284,1.871,2664.6,0.202,0.188,0.106,0.048,0.135,0.154,0.168
7580,685.00,585.00,639,1.917,2665.0,0.166,0.166,0.162,0.093,0.119,0.136,0.159
7581,87.00,581.29,87,0.242,2665.1,0.000,0.029,0.000,0.000,0.000,0.059,0.912
7582,512.00,583.99,397,1.784,2665.3,0.162,0.103,0.184,0.081,0.132,0.147,0.191
7583,318.00,581.38,250,1.082,2665.5,0.043,0.143,0.071,0.043,0.029,0.100,0.571
7584,252.00,573.04,323,1.758,2665.6,0.174,0.132,0.157,0.025,0.058,0.149,0.306
7585,482.00,572.61,452,1.909,2666.0,0.155,0.133,0.185,0.089,0.133,0.144,0.162
7586,464.00,573.94,421,1.906,2666.5,0.187,0.135,0.148,0.087,0.119,0.145,0.177
7587,316.00,572.56,352,1.912,2666.9,0.184,0.188,0.199,0.076,0.119,0.094,0.141
7588,505.00,573.50,545,1.838,2667.2,0.124,0.146,0.213,0.079,0.112,0.124,0.202
7589,235.00,570.96,219,1.919,2667.9,0.181,0.151,0.163,0.125,0.097,0.137,0.147
7590,204.00,566.71,216,1.878,2668.2,0.124,0.274,0.118,0.118,0.118,0.086,0.161
7591,346.00,568.72,341,1.148,2668.3,0.100,0.220,0.040,0.020,0.040,0.000,0.580
7592,552.00,571.42,478,1.655,2668.5,0.168,0.299,0.056,0.047,0.075,0.065,0.290
7593,340.00,567.81,323,1.882,2668.7,0.127,0.162,0.197,0.087,0.133,0.092,0.202
7594,832.00,572.13,654,1.472,2668.9,0.120,0.250,0.060,0.040,0.080,0.050,0.400
7595,514.00,571.83,434,1.604,2669.1,0.107,0.259,0.134,0.036,0.170,0.054,0.241
7596,574.00,568.98,510,1.917,2670.0,0.127,0.196,0.144,0.123,0.135,0.123,0.151
7597,245.00,562.72,285,1.806,2670.3,0.214,0.179,0.119,0.042,0.077,0.107,0.262
7598,262.00,560.83,259,1.752,2670.5,0.206,0.290,0.069,0.031,0.099,0.107,0.198
7599,496.00,556.92,495,1.874,2670.8,0.329,0.171,0.081,0.041,0.117,0.104,0.158
7600,1286.00,565.02,943,1.762,2671.0,0.256,0.287,0.109,0.047,0.085,0.093,0.124
7601,414.00,567.47,353,1.892,2671.4,0.224,0.104,0.147,0.108,0.116,0.154,0.147
7602,363.00,561.07,296,1.849,2671.7,0.237,0.178,0.125,0.053,0.086,0.164,0.158
7603,1193.00,568.05,1090,1.822,2671.9,0.204,0.177,0.149,0.039,0.077,0.188,0.166
7604,355.00,559.93,435,1.480,2672.0,0.163,0.245,0.061,0.000,0.020,0.245,0.265
7605,1276.00,567.93,1017,1.892,2672.4,0.173,0.164,0.150,0.064,0.114,0.195,0.141
7606,1267.00,578.52,720,1.673,2672.5,0.200,0.330,0.060,0.030,0.020,0.200,0.160
7607,737.00,579.05,658,1.857,2672.9,0.205,0.149,0.157,0.080,0.080,0.169,0.161
7608,469.00,579.26,445,1.847,2673.2,0.163,0.138,0.138,0.056,0.092,0.209,0.204
7609,371.00,576.26,293,1.906,2673.6,0.181,0.138,0.163,0.089,0.113,0.170,0.145
7610,866.00,573.49,716,1.307,2673.7,0.489,0.021,0.021,0.000,0.106,0.021,0.340
7611,910.00,565.88,859,1.899,2674.2,0.180,0.108,0.145,0.105,0.192,0.116,0.154
7612,312.00,564.18,331,1.919,2674.8,0.128,0.116,0.185,0.081,0.180,0.154,0.156
7613,0.00,558.38,0,0.107,2674.9,0.981,0.000,0.000,0.000,0.000,0.019,0.000
7614,328.00,556.60,356,1.881,2675.4,0.226,0.081,0.168,0.084,0.131,0.158,0.152
7615,791.00,555.48,672,1.839,2675.8,0.244,0.074,0.105,0.112,0.163,0.198,0.105
7616,405.00,553.02,301,1.214,2675.9,0.529,0.047,0.071,0.012,0.129,0.106,0.106
7617,711.00,557.84,553,1.843,2676.4,0.315,0.137,0.158,0.082,0.065,0.134,0.110
7618,0.00,552.69,0,0.071,2676.4,1.000,0.000,0.000,0.000,0.000,0.000,0.000
7619,417.00,550.76,449,1.484,2676.7,0.481,0.107,0.099,0.038,0.031,0.130,0.115
7620,538.00,552.12,495,1.764,2677.0,0.330,0.115,0.100,0.110,0.120,0.115,0.110
7621,698.00,553.30,694,1.656,2677.2,0.446,0.085,0.100,0.046,0.015,0.162,0.146
7622,820.00,560.04,702,1.867,2677.6,0.258,0.124,0.102,0.087,0.127,0.138,0.164
7623,593.00,555.28,573,1.898,2678.2,0.213,0.151,0.112,0.127,0.122,0.159,0.117
7624,150.00,552.57,230,1.912,2678.6,0.190,0.118,0.087,0.099,0.156,0.129,0.221
7625,969.00,555.12,861,1.912,2679.3,0.147,0.133,0.138,0.138,0.133,0.172,0.140
7626,574.00,551.52,503,1.904,2679.8,0.184,0.113,0.100,0.125,0.134,0.178,0.166
7627,1009.00,554.06,982,1.843,2680.0,0.146,0.159,0.106,0.099,0.113,0.199,0.179
7628,519.00,552.77,517,1.933,2680.5,0.165,0.133,0.095,0.124,0.162,0.133,0.187
7629,187.00,549.20,267,1.918,2680.7,0.113,0.098,0.113,0.143,0.128,0.180,0.226
7630,632.00,545.94,610,1.887,2680.8,0.145,0.173,0.073,0.118,0.100,0.136,0.255
7631,499.00,546.05,500,1.927,2681.4,0.162,0.111,0.139,0.123,0.152,0.136,0.177
7632,529.00,549.20,398,1.660,2681.6,0.093,0.347,0.053,0.080,0.053,0.147,0.227
7633,293.00,544.51,278,1.916,2682.0,0.149,0.221,0.107,0.104,0.114,0.123,0.182
7634,322.00,546.30,292,1.917,2682.3,0.218,0.153,0.097,0.116,0.111,0.148,0.157
7635,911.00,552.49,506,1.825,2682.5,0.198,0.209,0.105,0.221,0.070,0.093,0.105
7636,811.00,553.16,525,1.643,2682.6,0.154,0.346,0.077,0.269,0.000,0.135,0.019
7637,477.00,551.35,433,1.896,2682.9,0.154,0.203,0.088,0.165,0.082,0.181,0.126
7638,640.00,556.91,562,1.905,2683.2,0.180,0.205,0.086,0.168,0.094,0.127,0.139
7639,913.00,562.21,890,1.846,2683.5,0.179,0.199,0.092,0.158,0.092,0.189,0.092
7640,412.00,559.49,356,1.886,2683.9,0.233,0.132,0.109,0.140,0.074,0.125,0.187
7641,200.00,554.19,267,1.797,2684.1,0.131,0.246,0.062,0.108,0.085,0.200,0.169
7642,525.00,556.26,517,1.928,2685.8,0.176,0.164,0.111,0.131,0.115,0.147,0.157
7643,696.00,561.99,536,1.923,2686.2,0.155,0.184,0.141,0.138,0.102,0.148,0.131
7644,1537.00,573.43,1391,1.765,2686.3,0.153,0.276,0.092,0.061,0.010,0.184,0.224
7645,314.00,565.22,278,1.891,2686.7,0.165,0.156,0.103,0.152,0.071,0.196,0.156
7646,293.00,560.97,290,1.847,2686.9,0.188,0.145,0.091,0.139,0.042,0.200,0.194
7647,962.00,566.38,803,1.853,2687.3,0.171,0.176,0.116,0.126,0.055,0.236,0.121
7648,322.00,557.07,402,1.419,2687.4,0.091,0.130,0.065,0.104,0.013,0.506,0.091
7649,989.00,563.72,696,1.737,2687.5,0.180,0.126,0.081,0.117,0.036,0.342,0.117
7650,1040.00,571.55,1009,1.823,2687.8,0.175,0.097,0.104,0.188,0.026,0.253,0.156
7651,327.00,567.87,364,1.920,2689.5,0.139,0.136,0.122,0.161,0.112,0.179,0.151
7652,725.00,573.42,653,1.317,2689.6,0.065,0.033,0.098,0.109,0.000,0.207,0.489
7653,250.00,567.74,250,0.731,2689.7,0.000,0.000,0.000,0.057,0.000,0.143,0.800
7654,383.00,561.32,339,1.729,2690.2,0.070,0.118,0.073,0.169,0.085,0.180,0.304
7655,742.00,564.47,741,1.406,2690.4,0.000,0.000,0.130,0.261,0.000,0.196,0.413
7656,224.00,555.13,181,1.444,2690.6,0.040,0.059,0.168,0.188,0.020,0.119,0.406
7657,1342.00,563.60,1302,1.498,2690.8,0.024,0.049,0.159,0.293,0.006,0.152,0.317
7658,851.00,561.15,855,1.479,2691.1,0.017,0.017,0.138,0.282,0.000,0.144,0.403
7659,697.00,560.82,664,1.798,2691.6,0.085,0.123,0.137,0.213,0.061,0.187,0.193
7660,213.00,557.04,192,1.785,2692.1,0.052,0.087,0.134,0.239,0.041,0.204,0.242
7661,200.00,557.53,240,1.471,2692.3,0.000,0.069,0.137,0.282,0.000,0.137,0.374
7662,1100.00,564.43,978,1.397,2692.6,0.014,0.072,0.158,0.439,0.000,0.072,0.245
7663,524.00,556.24,517,1.802,2693.1,0.058,0.125,0.131,0.262,0.058,0.155,0.210
7664,441.00,552.32,521,1.590,2693.3,0.048,0.055,0.139,0.279,0.012,0.152,0.315
7665,436.00,553.06,468,1.681,2693.5,0.054,0.093,0.124,0.233,0.023,0.147,0.326
7666,726.00,549.55,733,1.843,2694.2,0.094,0.136,0.139,0.237,0.051,0.179,0.163
7667,340.00,548.12,371,1.714,2694.5,0.046,0.092,0.167,0.301,0.029,0.188,0.176
7668,729.00,551.76,745,1.555,2694.8,0.031,0.105,0.141,0.194,0.010,0.330,0.188
7669,643.00,552.42,567,1.725,2695.1,0.048,0.159,0.193,0.222,0.029,0.217,0.130
7670,225.00,550.23,211,1.718,2695.4,0.059,0.099,0.145,0.237,0.007,0.263,0.191
7671,120.00,547.30,158,1.623,2695.6,0.015,0.105,0.218,0.286,0.000,0.218,0.158
7672,414.00,547.13,433,1.715,2695.9,0.030,0.099,0.233,0.297,0.005,0.178,0.158
7673,134.00,547.07,168,1.780,2696.1,0.095,0.119,0.127,0.246,0.032,0.135,0.246
7674,541.00,546.99,464,1.845,2696.4,0.099,0.163,0.123,0.286,0.049,0.148,0.133
7675,280.00,545.75,351,1.780,2696.7,0.061,0.145,0.263,0.193,0.009,0.158,0.171
7676,538.00,544.16,533,1.897,2697.6,0.124,0.151,0.137,0.195,0.086,0.173,0.133
7677,865.00,548.37,700,1.442,2697.7,0.011,0.333,0.333,0.204,0.000,0.065,0.054
7678,351.00,547.36,431,1.482,2697.9,0.000,0.307,0.356,0.178,0.000,0.069,0.089
7679,786.00,552.13,663,1.867,2698.3,0.081,0.193,0.159,0.203,0.068,0.139,0.156
7680,510.00,550.38,493,1.782,2698.6,0.079,0.174,0.240,0.211,0.025,0.128,0.145
7681,1156.00,561.07,1101,1.757,2698.8,0.073,0.138,0.239,0.229,0.018,0.138,0.165
7682,715.00,563.10,688,1.643,2699.0,0.012,0.310,0.190,0.179,0.024,0.167,0.119
7683,387.00,563.79,370,1.873,2699.5,0.108,0.194,0.168,0.186,0.066,0.147,0.131
7684,961.00,570.88,894,1.778,2699.8,0.091,0.312,0.176,0.108,0.045,0.159,0.108
7685,1227.00,578.33,1042,1.546,2699.9,0.044,0.311,0.178,0.089,0.022,0.144,0.211
7686,833.00,582.02,661,1.864,2700.5,0.106,0.227,0.131,0.207,0.084,0.123,0.121
7687,157.00,580.43,237,1.832,2701.0,0.092,0.167,0.119,0.156,0.034,0.218,0.214
7688,486.00,580.24,517,1.688,2701.2,0.087,0.173,0.154,0.106,0.019,0.240,0.221
7689,207.00,579.96,149,1.889,2701.5,0.099,0.235,0.155,0.103,0.070,0.183,0.155
7690,661.00,584.53,701,1.821,2701.7,0.086,0.065,0.204,0.108,0.065,0.258,0.215
7691,179.00,582.86,236,1.727,2701.9,0.089,0.122,0.222,0.133,0.022,0.189,0.222
7692,62.00,577.96,93,1.887,2702.1,0.101,0.116,0.196,0.116,0.063,0.212,0.196
7693,1081.00,585.37,1009,1.850,2702.3,0.115,0.149,0.184,0.184,0.046,0.161,0.161
7694,797.00,585.02,663,1.923,2702.7,0.136,0.162,0.107,0.154,0.121,0.184,0.136
7695,522.00,585.10,479,1.916,2703.3,0.108,0.159,0.187,0.136,0.092,0.192,0.126
7696,406.00,583.42,486,1.899,2703.8,0.129,0.145,0.175,0.129,0.086,0.183,0.153
7697,393.00,584.90,431,1.791,2704.0,0.082,0.165,0.186,0.082,0.021,0.258,0.206
7698,539.00,587.67,492,1.909,2704.3,0.078,0.170,0.189,0.136,0.102,0.199,0.126
7699,489.00,587.60,367,1.908,2704.7,0.110,0.186,0.205,0.103,0.103,0.171,0.122
7700,1297.00,587.71,1149,1.841,2705.0,0.120,0.198,0.204,0.096,0.096,0.156,0.132
7701,42.00,583.99,74,1.865,2705.3,0.182,0.234,0.177,0.068,0.047,0.151,0.141
7702,175.00,582.11,255,1.840,2705.6,0.093,0.157,0.198,0.076,0.047,0.134,0.297
7703,587.00,576.05,478,1.855,2705.9,0.127,0.159,0.265,0.106,0.058,0.138,0.148
7704,590.00,578.40,488,1.879,2706.1,0.150,0.163,0.200,0.062,0.131,0.181,0.113
7705,737.00,573.01,731,1.901,2706.6,0.152,0.199,0.165,0.084,0.084,0.143,0.174
7706,1122.00,571.56,1157,1.880,2707.0,0.252,0.163,0.134,0.110,0.073,0.167,0.102
7707,793.00,572.12,441,1.700,2707.2,0.279,0.135,0.153,0.117,0.045,0.225,0.045
7708,671.00,574.14,674,1.862,2707.4,0.203,0.190,0.165,0.095,0.044,0.215,0.089
7709,208.00,572.51,271,1.904,2707.8,0.110,0.232,0.171,0.122,0.098,0.138,0.130
7710,1161.00,575.46,908,1.889,2708.1,0.159,0.159,0.172,0.140,0.115,0.172,0.083
7711,758.00,573.94,798,1.924,2708.6,0.184,0.206,0.142,0.110,0.099,0.136,0.123
7712,1094.00,581.76,1117,1.821,2708.8,0.218,0.143,0.160,0.151,0.076,0.134,0.118
7713,353.00,585.29,421,1.895,2709.2,0.196,0.183,0.200,0.081,0.072,0.128,0.140
7714,1575.00,597.76,1504,1.886,2709.5,0.192,0.188,0.145,0.090,0.110,0.161,0.114
7715,492.00,594.77,387,1.876,2710.0,0.214,0.199,0.156,0.087,0.105,0.127,0.112
7716,283.00,593.55,242,1.917,2710.5,0.157,0.178,0.148,0.120,0.117,0.135,0.145
7717,1659.00,603.03,1057,1.787,2710.6,0.333,0.145,0.094,0.120,0.094,0.154,0.060
7718,592.00,608.95,591,1.856,2711.0,0.154,0.132,0.162,0.101,0.158,0.184,0.110
7719,818.00,612.96,759,1.900,2711.4,0.184,0.152,0.174,0.077,0.142,0.187,0.084
7720,1447.00,622.05,1055,1.761,2711.7,0.163,0.148,0.141,0.067,0.163,0.259,0.059
7721,894.00,624.01,728,1.870,2712.1,0.163,0.135,0.169,0.056,0.169,0.219,0.088
7722,549.00,621.30,330,1.725,2712.4,0.218,0.207,0.213,0.043,0.144,0.112,0.064
7723,467.00,620.04,437,1.829,2712.8,0.201,0.097,0.305,0.078,0.145,0.082,0.093
7724,629.00,624.83,697,1.774,2713.0,0.357,0.107,0.186,0.029,0.114,0.100,0.107
7725,1134.00,626.48,1050,1.609,2713.2,0.436,0.149,0.085,0.043,0.138,0.053,0.096
7726,732.00,628.06,567,1.864,2713.5,0.220,0.164,0.177,0.060,0.129,0.155,0.095
7727,944.00,627.41,879,1.866,2713.9,0.263,0.135,0.190,0.040,0.124,0.146,0.102
7728,1898.00,641.20,1495,1.618,2714.1,0.336,0.096,0.128,0.088,0.176,0.104,0.072
7729,1215.00,651.48,844,1.773,2714.4,0.225,0.150,0.145,0.064,0.150,0.168,0.098
7730,767.00,652.83,797,1.865,2714.8,0.216,0.090,0.194,0.076,0.115,0.169,0.140
7731,910.00,656.94,704,1.904,2715.6,0.194,0.150,0.141,0.109,0.097,0.177,0.131
7732,1085.00,662.50,1037,1.915,2717.0,0.156,0.162,0.144,0.110,0.127,0.187,0.113
7733,371.00,663.28,406,1.893,2717.3,0.158,0.089,0.113,0.133,0.153,0.207,0.148
7734,1362.00,673.68,953,1.573,2717.4,0.200,0.167,0.033,0.100,0.267,0.111,0.122
7735,719.00,671.76,631,1.851,2717.8,0.205,0.260,0.055,0.070,0.140,0.115,0.155
7736,610.00,669.75,397,1.464,2717.9,0.206,0.458,0.009,0.037,0.131,0.056,0.103
7737,364.00,668.62,444,1.882,2718.3,0.182,0.209,0.120,0.093,0.151,0.098,0.147
7738,327.00,665.49,364,1.838,2718.6,0.192,0.144,0.096,0.058,0.221,0.072,0.216
7739,277.00,659.13,257,1.925,2719.2,0.153,0.182,0.097,0.116,0.167,0.134,0.151
7740,553.00,660.54,550,1.720,2719.3,0.324,0.176,0.015,0.132,0.118,0.059,0.176
7741,849.00,667.03,689,1.874,2719.5,0.188,0.180,0.078,0.148,0.141,0.102,0.164
7742,518.00,666.96,552,1.916,2719.9,0.171,0.175,0.093,0.202,0.109,0.086,0.163
7743,414.00,664.14,367,1.932,2720.4,0.159,0.142,0.127,0.182,0.176,0.110,0.104
7744,1207.00,660.84,1192,1.865,2720.6,0.160,0.104,0.123,0.160,0.198,0.104,0.151
7745,426.00,661.96,506,1.930,2721.4,0.145,0.119,0.149,0.171,0.181,0.113,0.122
7746,675.00,665.78,630,1.929,2722.3,0.137,0.135,0.167,0.157,0.135,0.167,0.102
7747,542.00,661.58,430,1.889,2722.8,0.139,0.142,0.188,0.136,0.111,0.142,0.142
7748,609.00,664.45,587,1.913,2723.4,0.136,0.104,0.161,0.129,0.186,0.151,0.134
7749,970.00,664.26,788,1.883,2723.6,0.186,0.081,0.151,0.151,0.140,0.134,0.157
7750,917.00,663.03,893,1.807,2723.9,0.235,0.052,0.163,0.124,0.124,0.176,0.124
7751,361.00,663.37,336,1.903,2724.2,0.124,0.071,0.217,0.150,0.142,0.155,0.142
7752,2050.00,676.62,1799,1.619,2724.3,0.437,0.155,0.099,0.070,0.070,0.056,0.113
7753,438.00,678.50,427,1.923,2725.0,0.152,0.119,0.146,0.181,0.133,0.138,0.131
7754,407.00,678.74,487,1.930,2726.1,0.168,0.159,0.137,0.140,0.137,0.139,0.118
7755,188.00,673.20,254,1.860,2726.4,0.137,0.191,0.201,0.083,0.083,0.118,0.186
7756,758.00,678.54,774,1.893,2727.0,0.131,0.151,0.185,0.120,0.100,0.102,0.209
7757,1147.00,676.59,658,1.777,2727.2,0.217,0.300,0.042,0.058,0.108,0.092,0.183
7758,277.00,670.85,314,1.909,2727.8,0.124,0.139,0.132,0.120,0.132,0.105,0.249
7759,356.00,667.44,333,1.932,2728.4,0.168,0.159,0.086,0.180,0.124,0.127,0.156
7760,247.00,667.78,277,1.897,2728.7,0.168,0.107,0.107,0.136,0.098,0.117,0.266
7761,181.00,667.59,261,1.905,2728.9,0.181,0.080,0.181,0.080,0.087,0.130,0.261
7762,1377.00,670.36,1276,1.869,2729.1,0.150,0.100,0.075,0.212,0.150,0.125,0.188
7763,756.00,672.68,699,1.926,2729.3,0.160,0.133,0.144,0.210,0.166,0.088,0.099
7764,436.00,672.63,460,1.927,2729.9,0.145,0.121,0.155,0.155,0.164,0.110,0.150
7765,621.00,674.48,573,1.897,2730.1,0.260,0.084,0.110,0.104,0.195,0.117,0.130
7766,319.00,670.41,239,1.920,2730.5,0.211,0.123,0.123,0.154,0.167,0.084,0.137
7767,567.00,672.68,618,1.927,2731.5,0.171,0.101,0.147,0.149,0.160,0.116,0.156
7768,1392.00,679.31,1243,1.649,2731.7,0.211,0.120,0.098,0.271,0.105,0.060,0.135
7769,1518.00,688.06,301,1.610,2731.9,0.213,0.059,0.044,0.265,0.103,0.066,0.250
7770,1306.00,698.87,1034,1.777,2732.1,0.262,0.128,0.037,0.195,0.098,0.134,0.146
7771,360.00,701.27,347,1.886,2732.7,0.221,0.091,0.094,0.161,0.143,0.106,0.184
7772,804.00,705.17,683,1.855,2733.1,0.181,0.091,0.091,0.232,0.114,0.142,0.150
7773,991.00,713.74,688,1.077,2733.2,0.532,0.195,0.013,0.117,0.013,0.065,0.065
7774,322.00,711.55,402,1.889,2733.9,0.087,0.111,0.100,0.176,0.168,0.155,0.203
7775,627.00,715.02,457,1.823,2734.2,0.194,0.131,0.110,0.157,0.162,0.110,0.136
7776,670.00,716.34,603,1.888,2734.5,0.144,0.110,0.102,0.148,0.182,0.153,0.161
7777,479.00,712.48,382,1.898,2734.8,0.160,0.130,0.099,0.160,0.142,0.154,0.154
7778,390.00,712.87,470,1.926,2735.6,0.105,0.113,0.112,0.179,0.174,0.120,0.196
7779,655.00,711.56,643,1.774,2735.9,0.167,0.243,0.188,0.076,0.111,0.062,0.153
7780,453.00,710.99,434,1.918,2736.3,0.107,0.217,0.110,0.193,0.128,0.107,0.138
7781,1079.00,710.22,1065,1.696,2736.4,0.250,0.095,0.119,0.167,0.202,0.036,0.131
7782,552.00,708.59,419,1.919,2736.7,0.172,0.161,0.140,0.091,0.151,0.108,0.177
7783,599.00,710.71,679,1.906,2737.1,0.129,0.160,0.141,0.141,0.184,0.133,0.113
7784,263.00,703.73,273,1.929,2737.5,0.125,0.188,0.115,0.115,0.198,0.102,0.157
7785,951.00,700.97,829,1.681,2737.7,0.200,0.133,0.307,0.027,0.187,0.000,0.147
7786,736.00,700.00,460,1.897,2737.9,0.130,0.198,0.175,0.102,0.181,0.079,0.136
7787,560.00,704.03,549,1.841,2738.1,0.069,0.078,0.167,0.108,0.235,0.127,0.216
7788,350.00,702.67,328,1.922,2738.8,0.149,0.151,0.126,0.134,0.184,0.107,0.151
7789,685.00,707.45,585,1.869,2739.5,0.112,0.148,0.139,0.118,0.255,0.118,0.109
7790,473.00,705.57,471,1.913,2740.5,0.143,0.077,0.142,0.125,0.221,0.175,0.117
7791,284.00,706.62,355,1.755,2740.9,0.153,0.077,0.134,0.096,0.276,0.146,0.119
7792,341.00,709.41,174,1.860,2741.3,0.070,0.144,0.167,0.111,0.270,0.111,0.126
7793,523.00,703.83,512,1.870,2741.7,0.165,0.097,0.153,0.089,0.250,0.114,0.131
7794,563.00,701.49,603,1.424,2741.8,0.241,0.000,0.076,0.051,0.468,0.013,0.152
7795,410.00,700.37,476,1.848,2742.1,0.111,0.053,0.234,0.099,0.251,0.117,0.135
7796,658.00,702.89,552,1.916,2742.7,0.137,0.088,0.109,0.142,0.246,0.137,0.140
7797,1517.00,714.13,1104,1.661,2742.8,0.163,0.071,0.296,0.122,0.184,0.041,0.122
7798,229.00,711.03,219,1.847,2743.1,0.115,0.071,0.148,0.098,0.350,0.087,0.131
7799,921.00,715.35,782,1.701,2743.3,0.283,0.062,0.274,0.053,0.106,0.080,0.142
7800,375.00,706.13,284,1.737,2743.4,0.161,0.034,0.230,0.138,0.230,0.011,0.195
7801,1718.00,722.89,1716,1.921,2745.4,0.132,0.099,0.149,0.132,0.179,0.141,0.169
7802,798.00,729.12,750,1.892,2746.5,0.161,0.084,0.164,0.149,0.183,0.149,0.111
7803,659.00,729.84,350,1.757,2746.7,0.153,0.212,0.270,0.022,0.204,0.109,0.029
7804,418.00,728.12,404,1.856,2747.0,0.183,0.127,0.210,0.039,0.236,0.144,0.061
7805,1289.00,733.64,829,1.855,2747.3,0.196,0.149,0.189,0.074,0.169,0.115,0.108
7806,580.00,728.22,563,1.924,2748.0,0.197,0.132,0.202,0.113,0.137,0.128,0.090
7807,385.00,724.14,456,1.890,2748.3,0.152,0.143,0.143,0.134,0.226,0.115,0.088
7808,780.00,725.23,681,1.756,2748.5,0.207,0.171,0.252,0.081,0.162,0.036,0.090
7809,189.00,725.04,269,1.760,2748.6,0.202,0.202,0.190,0.048,0.226,0.048,0.083
7810,799.00,721.42,427,1.835,2748.8,0.196,0.216,0.165,0.082,0.165,0.082,0.093
7811,497.00,718.81,419,1.904,2749.0,0.171,0.131,0.166,0.097,0.189,0.154,0.091
7812,381.00,711.68,363,1.899,2749.3,0.104,0.178,0.188,0.074,0.208,0.124,0.124
7813,702.00,715.17,561,1.916,2749.7,0.110,0.140,0.114,0.153,0.199,0.178,0.106
7814,607.00,705.49,618,1.904,2750.1,0.201,0.167,0.162,0.059,0.201,0.108,0.103
7815,1303.00,713.60,1095,1.790,2750.2,0.221,0.209,0.140,0.070,0.140,0.151,0.070
7816,662.00,717.39,614,1.776,2750.4,0.215,0.234,0.206,0.056,0.121,0.075,0.093
7817,518.00,705.98,486,1.928,2751.7,0.144,0.126,0.176,0.111,0.158,0.150,0.136
7818,711.00,707.17,457,1.794,2751.8,0.155,0.321,0.036,0.083,0.250,0.083,0.071
7819,1992.00,718.91,1578,1.765,2752.0,0.266,0.219,0.062,0.102,0.156,0.078,0.117
7820,1413.00,718.57,950,1.513,2752.2,0.359,0.304,0.033,0.098,0.065,0.054,0.087
7821,715.00,716.78,587,1.905,2753.1,0.235,0.135,0.100,0.151,0.155,0.117,0.107
7822,922.00,720.51,786,1.698,2753.4,0.247,0.267,0.055,0.082,0.116,0.130,0.103
7823,1204.00,727.88,918,1.676,2753.6,0.095,0.380,0.066,0.066,0.080,0.219,0.095
7824,1080.00,732.39,623,1.834,2754.0,0.166,0.196,0.098,0.143,0.140,0.192,0.064
7825,235.00,723.40,315,1.896,2754.6,0.101,0.210,0.068,0.119,0.179,0.225,0.098
7826,816.00,724.24,690,1.701,2754.7,0.172,0.344,0.075,0.226,0.065,0.075,0.043
7827,294.00,717.74,366,1.856,2755.0,0.095,0.236,0.081,0.088,0.135,0.223,0.142
7828,445.00,703.21,471,1.919,2755.3,0.108,0.184,0.144,0.164,0.160,0.140,0.100
7829,756.00,698.62,707,1.919,2756.0,0.137,0.162,0.114,0.176,0.128,0.174,0.108
7830,647.00,697.42,656,1.821,2756.1,0.125,0.240,0.167,0.094,0.125,0.073,0.177
7831,1898.00,707.30,1864,1.712,2756.3,0.244,0.151,0.070,0.198,0.081,0.140,0.116
7832,1108.00,707.53,973,1.917,2757.4,0.185,0.124,0.131,0.182,0.166,0.122,0.090
7833,664.00,710.46,532,1.738,2757.6,0.200,0.260,0.080,0.060,0.100,0.090,0.210
7834,494.00,701.78,566,1.915,2758.1,0.140,0.186,0.131,0.098,0.122,0.183,0.140
7835,336.00,697.95,408,1.841,2758.4,0.128,0.219,0.123,0.059,0.080,0.176,0.214
7836,535.00,697.20,448,1.817,2758.5,0.083,0.183,0.073,0.101,0.147,0.156,0.257
7837,740.00,700.96,726,1.519,2758.7,0.136,0.167,0.045,0.242,0.076,0.000,0.333
7838,604.00,703.73,624,1.632,2758.8,0.119,0.149,0.075,0.209,0.090,0.045,0.313
7839,698.00,707.94,513,1.821,2758.9,0.067,0.231,0.192,0.058,0.058,0.144,0.250
7840,630.00,708.71,501,1.903,2759.3,0.053,0.224,0.175,0.127,0.140,0.158,0.123
7841,505.00,705.27,545,1.855,2759.6,0.071,0.199,0.133,0.114,0.109,0.161,0.213
7842,702.00,707.11,652,1.887,2759.9,0.111,0.198,0.129,0.083,0.171,0.171,0.138
7843,123.00,704.20,127,1.798,2760.1,0.069,0.307,0.139,0.198,0.079,0.099,0.109
7844,412.00,696.25,479,1.849,2760.3,0.023,0.242,0.174,0.091,0.152,0.205,0.114
7845,154.00,693.53,209,1.764,2760.4,0.033,0.344,0.180,0.049,0.082,0.115,0.197
7846,713.00,693.91,573,1.907,2760.9,0.101,0.218,0.188,0.077,0.148,0.178,0.091
7847,753.00,696.02,654,1.869,2761.1,0.102,0.305,0.141,0.078,0.094,0.125,0.156
7848,1166.00,701.59,1082,1.863,2761.4,0.055,0.246,0.213,0.049,0.126,0.137,0.175
7849,662.00,698.51,524,1.888,2761.8,0.103,0.203,0.157,0.120,0.137,0.157,0.123
7850,301.00,692.35,381,1.696,2762.0,0.094,0.365,0.156,0.167,0.073,0.010,0.135
7851,830.00,697.04,539,1.762,2762.2,0.110,0.300,0.140,0.180,0.060,0.030,0.180
7852,778.00,684.32,790,1.707,2762.3,0.108,0.257,0.108,0.230,0.095,0.014,0.189
7853,588.00,685.82,602,1.924,2763.0,0.158,0.132,0.156,0.160,0.150,0.148,0.095
7854,871.00,690.46,723,1.794,2763.2,0.060,0.308,0.231,0.060,0.137,0.009,0.197
7855,845.00,697.03,748,1.897,2763.6,0.138,0.190,0.178,0.117,0.130,0.134,0.113
7856,951.00,698.96,991,1.815,2763.7,0.057,0.241,0.195,0.115,0.069,0.126,0.195
7857,879.00,696.28,830,1.920,2764.7,0.160,0.149,0.146,0.139,0.122,0.142,0.142
7858,879.00,702.30,734,1.773,2764.8,0.056,0.146,0.213,0.157,0.067,0.101,0.258
7859,486.00,703.60,368,1.769,2764.9,0.030,0.134,0.224,0.269,0.045,0.090,0.209
7860,347.00,704.60,249,1.910,2765.3,0.120,0.226,0.111,0.098,0.141,0.162,0.141
7861,618.00,708.97,629,1.850,2765.5,0.065,0.246,0.167,0.072,0.072,0.196,0.181
7862,614.00,701.34,648,1.926,2765.9,0.133,0.240,0.167,0.091,0.103,0.141,0.125
7863,643.00,700.21,386,1.909,2766.2,0.173,0.152,0.120,0.115,0.099,0.188,0.152
7864,897.00,704.82,890,1.924,2767.6,0.172,0.149,0.119,0.165,0.117,0.144,0.134
7865,299.00,701.60,273,1.918,2767.8,0.183,0.127,0.159,0.127,0.119,0.119,0.167
7866,1190.00,710.31,1241,1.814,2768.0,0.079,0.092,0.164,0.243,0.118,0.145,0.158
7867,492.00,709.56,477,1.891,2768.6,0.081,0.102,0.175,0.279,0.104,0.135,0.124
7868,1048.00,706.12,739,1.886,2769.1,0.126,0.119,0.180,0.207,0.163,0.122,0.082
7869,457.00,695.51,363,1.402,2769.2,0.066,0.011,0.198,0.549,0.066,0.033,0.077
7870,612.00,688.57,688,1.903,2769.7,0.096,0.093,0.228,0.215,0.109,0.125,0.135
7871,635.00,691.32,715,1.918,2770.4,0.162,0.113,0.124,0.203,0.124,0.141,0.134
7872,403.00,687.31,415,1.826,2770.6,0.148,0.055,0.242,0.211,0.148,0.109,0.086
7873,493.00,682.33,522,1.910,2771.2,0.175,0.120,0.136,0.230,0.122,0.105,0.112
7874,353.00,682.64,433,1.885,2771.6,0.171,0.089,0.204,0.141,0.204,0.100,0.089
7875,484.00,681.21,452,1.847,2771.9,0.137,0.088,0.239,0.176,0.176,0.088,0.098
7876,583.00,680.34,561,1.907,2773.3,0.194,0.092,0.135,0.169,0.146,0.124,0.139
7877,577.00,681.32,606,1.878,2773.9,0.197,0.059,0.144,0.223,0.128,0.154,0.096
7878,336.00,680.78,318,1.866,2774.3,0.240,0.047,0.124,0.252,0.078,0.128,0.132
7879,834.00,682.57,799,1.871,2774.6,0.152,0.063,0.135,0.206,0.139,0.166,0.139
7880,556.00,683.60,342,1.689,2774.8,0.154,0.033,0.138,0.341,0.122,0.114,0.098
7881,251.00,675.32,329,1.896,2775.2,0.164,0.087,0.145,0.182,0.160,0.116,0.145
7882,403.00,673.83,370,1.900,2775.9,0.228,0.086,0.124,0.171,0.141,0.143,0.108
7883,660.00,674.44,620,1.898,2776.6,0.180,0.104,0.132,0.178,0.135,0.150,0.122
7884,1357.00,685.38,867,1.820,2776.7,0.239,0.076,0.054,0.163,0.120,0.217,0.130
7885,316.00,679.03,356,1.840,2777.1,0.281,0.065,0.104,0.156,0.113,0.160,0.121
7886,730.00,678.97,693,1.882,2777.5,0.233,0.115,0.098,0.125,0.135,0.179,0.115
7887,273.00,676.10,252,1.892,2777.9,0.214,0.143,0.135,0.147,0.120,0.132,0.109
7888,763.00,680.23,448,1.804,2778.1,0.305,0.105,0.074,0.158,0.158,0.147,0.053
7889,242.00,675.80,199,1.886,2778.3,0.278,0.093,0.132,0.113,0.113,0.159,0.113
7890,240.00,673.47,241,1.899,2778.5,0.236,0.132,0.139,0.090,0.139,0.125,0.139
7891,488.00,675.51,528,1.900,2778.7,0.280,0.119,0.076,0.093,0.119,0.136,0.178
7892,466.00,676.76,442,1.926,2779.4,0.181,0.115,0.139,0.132,0.141,0.148,0.145
7893,568.00,677.21,511,1.917,2780.1,0.186,0.127,0.116,0.137,0.129,0.201,0.104
7894,602.00,677.60,550,1.833,2780.2,0.270,0.162,0.162,0.090,0.108,0.135,0.072
7895,773.00,681.23,641,1.781,2780.4,0.291,0.070,0.174,0.105,0.081,0.221,0.058
7896,941.00,684.06,1009,1.887,2780.6,0.209,0.183,0.190,0.098,0.072,0.157,0.092
7897,885.00,677.74,771,1.822,2780.8,0.210,0.176,0.151,0.143,0.059,0.160,0.101
7898,1704.00,692.49,1354,1.811,2781.0,0.227,0.159,0.148,0.091,0.091,0.170,0.114
7899,602.00,689.30,555,1.671,2781.1,0.368,0.118,0.092,0.053,0.066,0.145,0.158
7900,523.00,690.78,94,1.325,2781.2,0.547,0.094,0.062,0.016,0.047,0.172,0.062
7901,357.00,677.17,437,1.859,2781.4,0.241,0.139,0.131,0.095,0.117,0.197,0.080
7902,438.00,673.57,495,1.880,2781.8,0.250,0.143,0.179,0.066,0.107,0.179,0.077
7903,1193.00,678.91,911,1.866,2782.0,0.238,0.140,0.140,0.147,0.098,0.140,0.098
7904,602.00,680.75,579,1.862,2782.3,0.280,0.132,0.122,0.122,0.085,0.132,0.127
7905,1503.00,682.89,1368,1.467,2782.4,0.412,0.025,0.037,0.125,0.050,0.250,0.100
7906,606.00,683.15,640,1.775,2782.7,0.316,0.108,0.146,0.063,0.063,0.190,0.114
7907,1472.00,694.02,689,1.734,2782.8,0.402,0.130,0.098,0.098,0.076,0.174,0.022
7908,1031.00,696.53,894,1.761,2783.0,0.353,0.103,0.141,0.122,0.083,0.103,0.096
7909,2054.00,715.18,1119,1.524,2783.2,0.370,0.139,0.074,0.278,0.046,0.065,0.028
7910,1748.00,724.67,858,1.767,2783.5,0.351,0.081,0.142,0.101,0.108,0.169,0.047
7911,294.00,722.64,208,1.826,2783.7,0.288,0.172,0.178,0.074,0.074,0.123,0.092
7912,466.00,723.49,546,1.619,2783.9,0.386,0.132,0.140,0.044,0.132,0.140,0.026
7913,2011.00,736.58,1538,1.708,2784.0,0.436,0.096,0.160,0.085,0.128,0.064,0.032
7914,139.00,731.90,170,1.875,2784.3,0.244,0.098,0.176,0.057,0.119,0.124,0.181
7915,672.00,725.59,594,1.922,2784.9,0.212,0.140,0.135,0.146,0.121,0.099,0.146
7916,536.00,724.33,465,1.915,2785.2,0.233,0.129,0.143,0.110,0.138,0.114,0.133
7917,673.00,725.88,578,1.928,2785.6,0.168,0.151,0.151,0.121,0.121,0.177,0.112
7918,1897.00,737.74,1067,1.856,2785.8,0.127,0.120,0.175,0.169,0.139,0.114,0.157
7919,406.00,721.88,486,1.664,2786.0,0.177,0.065,0.331,0.210,0.089,0.040,0.089
7920,838.00,716.13,699,1.870,2786.3,0.217,0.103,0.179,0.130,0.168,0.087,0.114
7921,517.00,714.15,480,1.914,2786.8,0.192,0.114,0.174,0.132,0.129,0.123,0.138
7922,521.00,710.14,601,1.847,2787.0,0.137,0.083,0.333,0.054,0.107,0.119,0.167
7923,533.00,703.43,505,1.848,2787.2,0.087,0.058,0.214,0.087,0.107,0.233,0.214
7924,1134.00,703.97,625,1.861,2787.3,0.213,0.064,0.234,0.138,0.117,0.128,0.106
7925,902.00,710.64,800,1.823,2787.4,0.242,0.081,0.194,0.065,0.113,0.113,0.194
7926,862.00,711.10,897,1.850,2787.6,0.129,0.081,0.121,0.113,0.137,0.226,0.194
7927,559.00,713.75,533,1.471,2787.7,0.208,0.000,0.208,0.075,0.057,0.038,0.415
7928,456.00,713.86,456,1.378,2787.8,0.130,0.043,0.109,0.022,0.130,0.022,0.543
7929,570.00,712.00,516,1.923,2788.1,0.111,0.124,0.147,0.169,0.120,0.138,0.191
7930,633.00,711.86,381,1.618,2788.2,0.317,0.048,0.095,0.079,0.143,0.095,0.222
7931,196.00,694.84,195,1.884,2788.5,0.126,0.175,0.154,0.070,0.063,0.161,0.252
7932,742.00,691.18,742,1.533,2788.6,0.475,0.000,0.100,0.025,0.200,0.025,0.175
7933,671.00,691.25,505,1.809,2788.7,0.269,0.064,0.128,0.115,0.179,0.103,0.141
7934,586.00,692.17,466,1.934,2789.5,0.140,0.138,0.121,0.144,0.131,0.177,0.150
7935,483.00,693.64,433,1.925,2790.3,0.141,0.149,0.149,0.168,0.134,0.143,0.116
7936,266.00,690.95,294,1.906,2790.6,0.218,0.130,0.130,0.176,0.088,0.125,0.134
7937,492.00,688.47,442,1.381,2790.8,0.432,0.127,0.085,0.153,0.076,0.034,0.093
7938,0.00,682.43,0,0.000,2790.8,1.000,0.000,0.000,0.000,0.000,0.000,0.000
7939,759.00,683.04,677,1.908,2791.2,0.181,0.163,0.123,0.145,0.110,0.137,0.141
7940,538.00,682.12,464,1.922,2792.0,0.156,0.164,0.114,0.174,0.124,0.110,0.159
7941,289.00,679.96,342,1.840,2792.3,0.145,0.145,0.255,0.172,0.097,0.055,0.131
7942,642.00,679.36,604,1.924,2792.8,0.141,0.126,0.210,0.165,0.117,0.114,0.126
7943,1079.00,688.92,1119,1.515,2792.9,0.276,0.145,0.211,0.053,0.092,0.039,0.184
7944,0.00,684.80,0,0.084,2793.0,1.000,0.000,0.000,0.000,0.000,0.000,0.000
7945,544.00,688.70,365,1.893,2793.4,0.178,0.124,0.211,0.140,0.116,0.112,0.120
7946,512.00,686.69,497,1.447,2793.5,0.355,0.140,0.161,0.075,0.065,0.065,0.140
7947,597.00,685.13,0,0.128,2793.6,0.978,0.000,0.000,0.022,0.000,0.000,0.000
7948,0.00,673.47,0,0.027,2793.7,1.000,0.000,0.000,0.000,0.000,0.000,0.000
7949,547.00,672.32,409,1.488,2793.8,0.411,0.082,0.151,0.082,0.055,0.027,0.192
7950,976.00,679.07,934,1.359,2793.9,0.622,0.111,0.044,0.089,0.000,0.000,0.133
7951,647.00,677.24,640,1.851,2794.1,0.147,0.165,0.141,0.129,0.106,0.082,0.229
7952,1105.00,680.51,1036,1.710,2794.3,0.199,0.128,0.113,0.191,0.106,0.043,0.220
7953,251.00,677.14,234,1.893,2794.7,0.127,0.154,0.142,0.131,0.142,0.088,0.215
7954,261.00,671.04,229,1.877,2795.0,0.173,0.104,0.121,0.121,0.127,0.110,0.243
7955,312.00,665.71,299,1.896,2795.3,0.134,0.152,0.129,0.152,0.111,0.078,0.244
7956,661.00,662.81,615,1.699,2795.6,0.230,0.138,0.099,0.105,0.099,0.059,0.270
7957,899.00,663.01,789,1.827,2795.9,0.136,0.195,0.118,0.158,0.095,0.104,0.195
7958,482.00,659.04,357,1.877,2796.3,0.191,0.201,0.115,0.122,0.087,0.108,0.177
7959,288.00,657.06,204,1.169,2796.4,0.132,0.057,0.019,0.151,0.000,0.000,0.642
7960,310.00,656.69,343,1.898,2796.7,0.127,0.243,0.063,0.132,0.106,0.138,0.190
7961,716.00,657.67,730,1.855,2797.0,0.175,0.205,0.082,0.111,0.129,0.099,0.199
7962,428.00,655.81,358,1.925,2797.4,0.170,0.174,0.131,0.125,0.125,0.154,0.121
7963,462.00,654.00,459,1.308,2797.6,0.148,0.037,0.247,0.086,0.000,0.025,0.457
7964,202.00,647.05,258,1.911,2797.8,0.075,0.116,0.184,0.109,0.218,0.170,0.129
7965,698.00,651.04,651,1.917,2798.1,0.132,0.161,0.088,0.141,0.137,0.166,0.176
7966,343.00,642.57,343,1.924,2798.5,0.157,0.124,0.087,0.124,0.145,0.186,0.178
7967,724.00,644.89,626,1.827,2798.6,0.163,0.140,0.163,0.128,0.128,0.035,0.244
7968,1238.00,646.79,1061,1.644,2798.8,0.301,0.035,0.310,0.062,0.035,0.062,0.195
7969,700.00,649.22,780,1.892,2799.2,0.143,0.128,0.110,0.168,0.110,0.125,0.216
7970,593.00,649.03,529,1.830,2799.5,0.175,0.131,0.144,0.131,0.081,0.094,0.244
7971,519.00,647.87,599,1.920,2800.3,0.143,0.128,0.135,0.176,0.085,0.159,0.174
7972,839.00,652.23,836,1.511,2800.4,0.254,0.254,0.169,0.014,0.000,0.000,0.310
7973,408.00,651.38,413,1.893,2800.8,0.095,0.159,0.176,0.156,0.098,0.108,0.207
7974,576.00,653.61,656,1.854,2801.1,0.124,0.247,0.231,0.059,0.091,0.086,0.161
7975,1623.00,665.00,1227,1.846,2801.4,0.215,0.111,0.292,0.097,0.069,0.069,0.146
7976,887.00,668.04,720,1.904,2801.7,0.129,0.201,0.192,0.116,0.076,0.134,0.152
7977,824.00,670.51,794,1.909,2802.1,0.112,0.212,0.151,0.119,0.115,0.122,0.169
7978,869.00,675.84,610,1.692,2802.3,0.239,0.120,0.163,0.043,0.065,0.076,0.293
7979,354.00,671.04,296,1.918,2802.5,0.089,0.178,0.183,0.100,0.094,0.144,0.211
7980,309.00,668.57,302,1.927,2803.0,0.151,0.139,0.160,0.122,0.104,0.166,0.157
7981,1266.00,678.72,1099,1.321,2803.1,0.466,0.052,0.138,0.034,0.086,0.138,0.086
7982,501.00,679.70,469,1.898,2803.8,0.138,0.153,0.231,0.114,0.095,0.125,0.144
7983,829.00,681.39,720,1.915,2804.2,0.131,0.108,0.198,0.160,0.116,0.104,0.183
7984,160.00,669.42,104,0.579,2804.3,0.791,0.000,0.000,0.000,0.070,0.093,0.047
7985,456.00,670.82,302,1.899,2804.6,0.103,0.092,0.179,0.118,0.133,0.159,0.215
7986,183.00,665.35,263,1.849,2804.9,0.110,0.121,0.306,0.064,0.145,0.075,0.179
7987,176.00,664.38,186,1.863,2805.1,0.188,0.097,0.153,0.069,0.229,0.069,0.194
7988,258.00,659.33,258,0.134,2805.2,0.949,0.000,0.000,0.000,0.000,0.026,0.026
7989,570.00,662.61,208,1.660,2805.4,0.414,0.091,0.141,0.131,0.081,0.071,0.071
7990,579.00,666.00,485,1.926,2806.0,0.169,0.115,0.181,0.143,0.169,0.110,0.112
7991,2350.00,684.62,1196,1.770,2806.1,0.269,0.084,0.218,0.101,0.126,0.185,0.017
7992,643.00,686.39,494,1.900,2806.6,0.174,0.106,0.188,0.150,0.140,0.116,0.126
7993,1139.00,692.10,949,1.444,2806.7,0.455,0.065,0.078,0.078,0.130,0.182,0.013
7994,208.00,688.16,248,1.894,2807.2,0.218,0.110,0.271,0.110,0.130,0.105,0.056
7995,725.00,687.68,741,1.914,2808.0,0.169,0.135,0.156,0.162,0.111,0.154,0.113
7996,190.00,680.17,74,1.708,2808.2,0.296,0.163,0.133,0.051,0.112,0.214,0.031
7997,1064.00,681.96,1026,1.651,2808.3,0.360,0.081,0.198,0.058,0.070,0.209,0.023
7998,924.00,674.16,218,0.719,2808.4,0.821,0.000,0.000,0.128,0.000,0.051,0.000
7999,588.00,674.02,614,1.933,2809.8,0.156,0.121,0.140,0.155,0.137,0.181,0.109
8000,1859.00,687.38,1584,1.706,2810.0,0.246,0.061,0.132,0.114,0.123,0.281,0.044
8001,1956.00,703.37,1451,1.597,2810.1,0.280,0.000,0.054,0.140,0.247,0.204,0.075
8002,169.00,700.68,205,1.808,2810.3,0.194,0.116,0.062,0.070,0.240,0.233,0.085
8003,555.00,694.30,485,1.767,2810.5,0.158,0.113,0.045,0.128,0.241,0.263,0.053
8004,494.00,693.22,483,1.930,2811.2,0.155,0.129,0.120,0.140,0.155,0.161,0.140
8005,1207.00,690.26,994,1.871,2811.7,0.128,0.160,0.122,0.131,0.176,0.196,0.087
8006,585.00,690.05,386,1.685,2812.0,0.098,0.084,0.117,0.229,0.164,0.271,0.037
8007,641.00,681.74,344,1.526,2812.1,0.143,0.062,0.018,0.384,0.116,0.259,0.018
8008,878.00,680.21,826,1.900,2812.8,0.146,0.134,0.165,0.129,0.134,0.211,0.079
8009,907.00,668.74,850,1.913,2813.6,0.164,0.140,0.150,0.166,0.101,0.203,0.077
8010,1396.00,665.22,1252,1.833,2813.8,0.211,0.122,0.106,0.146,0.114,0.228,0.073
8011,610.00,668.38,640,1.883,2814.3,0.198,0.121,0.115,0.132,0.083,0.264,0.086
8012,690.00,670.62,709,1.900,2814.8,0.240,0.113,0.095,0.117,0.117,0.223,0.095
8013,1619.00,666.70,1015,1.757,2814.9,0.263,0.203,0.059,0.186,0.059,0.136,0.093
8014,653.00,671.84,584,1.920,2815.8,0.164,0.135,0.179,0.118,0.119,0.172,0.114
8015,221.00,667.33,203,1.714,2816.1,0.175,0.148,0.053,0.085,0.132,0.312,0.095
8016,557.00,667.54,345,1.828,2816.5,0.190,0.151,0.072,0.129,0.097,0.301,0.061
8017,248.00,663.29,282,1.810,2816.8,0.231,0.192,0.058,0.130,0.144,0.192,0.053
8018,219.00,646.51,212,1.848,2817.2,0.269,0.197,0.068,0.175,0.171,0.085,0.034
8019,1835.00,660.80,1515,1.704,2817.4,0.299,0.153,0.089,0.134,0.102,0.204,0.019
8020,779.00,660.21,757,1.887,2818.3,0.241,0.167,0.108,0.148,0.135,0.126,0.076
8021,778.00,662.82,691,1.802,2818.5,0.246,0.186,0.142,0.104,0.126,0.126,0.071
8022,1551.00,673.12,1184,1.744,2818.8,0.357,0.140,0.076,0.159,0.045,0.172,0.051
8023,909.00,676.88,900,1.910,2819.5,0.215,0.157,0.133,0.155,0.124,0.095,0.120
8024,710.00,672.64,739,1.902,2819.8,0.222,0.173,0.116,0.111,0.107,0.120,0.151
8025,653.00,670.15,653,1.931,2820.2,0.143,0.129,0.107,0.136,0.157,0.189,0.139
8026,399.00,665.52,396,1.935,2820.8,0.137,0.152,0.147,0.132,0.156,0.159,0.117
8027,931.00,669.24,884,1.930,2822.4,0.135,0.164,0.145,0.145,0.126,0.148,0.137
8028,1162.00,676.30,475,1.750,2822.6,0.248,0.105,0.288,0.078,0.092,0.092,0.098
8029,367.00,674.27,435,1.856,2822.9,0.150,0.255,0.150,0.090,0.110,0.105,0.140
8030,741.00,675.35,632,1.559,2823.1,0.181,0.248,0.333,0.057,0.019,0.019,0.143
8031,898.00,682.37,503,1.830,2823.3,0.131,0.288,0.105,0.078,0.098,0.124,0.176
8032,333.00,678.28,339,1.885,2823.7,0.153,0.191,0.134,0.077,0.115,0.139,0.191
8033,1185.00,683.42,1136,1.696,2823.8,0.098,0.241,0.205,0.036,0.098,0.054,0.268
8034,613.00,683.69,551,1.889,2824.2,0.125,0.194,0.168,0.086,0.134,0.138,0.155
8035,1204.00,690.90,1016,1.694,2824.3,0.229,0.120,0.277,0.108,0.048,0.024,0.193
8036,535.00,693.59,478,1.883,2824.6,0.200,0.181,0.168,0.052,0.077,0.123,0.200
8037,459.00,693.26,529,1.855,2824.8,0.122,0.198,0.214,0.046,0.061,0.198,0.160
8038,254.00,695.80,203,1.887,2825.0,0.113,0.186,0.155,0.093,0.103,0.186,0.165
8039,537.00,693.58,559,1.809,2825.2,0.124,0.207,0.179,0.152,0.097,0.110,0.131
8040,854.00,696.74,921,1.848,2825.4,0.080,0.192,0.192,0.160,0.088,0.128,0.160
8041,469.00,698.54,447,1.922,2825.6,0.145,0.180,0.145,0.093,0.099,0.203,0.134
8042,952.00,701.64,847,1.886,2825.8,0.146,0.130,0.154,0.163,0.089,0.146,0.171
8043,623.00,697.08,536,1.817,2825.9,0.158,0.053,0.132,0.303,0.066,0.158,0.132
8044,1114.00,708.22,1069,1.905,2826.1,0.121,0.207,0.138,0.112,0.103,0.181,0.138
8045,916.00,711.94,876,1.903,2826.3,0.162,0.191,0.088,0.103,0.088,0.191,0.176
8046,1295.00,719.77,1088,1.723,2826.4,0.277,0.046,0.077,0.123,0.062,0.215,0.200
8047,739.00,721.19,657,1.810,2826.6,0.180,0.140,0.180,0.080,0.070,0.150,0.200
8048,541.00,726.60,457,1.836,2826.8,0.188,0.148,0.141,0.062,0.078,0.266,0.117
8049,194.00,723.07,274,1.844,2827.0,0.143,0.134,0.080,0.045,0.107,0.268,0.223
8050,443.00,717.74,470,1.932,2828.1,0.137,0.149,0.142,0.124,0.115,0.180,0.153
8051,246.00,713.73,201,1.879,2828.4,0.131,0.136,0.146,0.061,0.111,0.197,0.217
8052,563.00,708.31,480,1.864,2828.9,0.149,0.201,0.162,0.113,0.091,0.107,0.178
8053,574.00,711.54,534,1.022,2828.9,0.558,0.023,0.093,0.000,0.000,0.047,0.279
8054,95.00,709.88,95,0.866,2829.0,0.545,0.000,0.045,0.000,0.000,0.000,0.409
8055,367.00,710.43,367,1.718,2829.2,0.154,0.183,0.087,0.058,0.038,0.125,0.356
8056,254.00,706.36,211,1.789,2829.4,0.186,0.194,0.109,0.070,0.031,0.124,0.287
8057,157.00,698.94,162,1.883,2829.7,0.142,0.142,0.171,0.125,0.054,0.121,0.246
8058,760.00,701.72,770,1.872,2830.0,0.165,0.201,0.165,0.098,0.049,0.146,0.177
8059,523.00,704.07,480,1.870,2830.2,0.195,0.186,0.142,0.133,0.071,0.150,0.124
8060,242.00,703.39,222,1.918,2830.7,0.167,0.124,0.161,0.153,0.105,0.121,0.169
8061,814.00,704.37,731,1.643,2830.8,0.292,0.021,0.208,0.042,0.062,0.250,0.125
8062,588.00,705.97,512,1.913,2831.2,0.155,0.128,0.172,0.162,0.083,0.138,0.162
8063,1275.00,714.10,951,1.794,2831.4,0.170,0.068,0.273,0.125,0.148,0.080,0.136
8064,982.00,721.90,793,1.891,2831.6,0.225,0.131,0.162,0.147,0.084,0.115,0.136
8065,326.00,718.18,312,1.899,2832.2,0.170,0.162,0.151,0.165,0.077,0.088,0.187
8066,674.00,721.49,548,1.896,2832.6,0.179,0.179,0.194,0.122,0.057,0.125,0.144
8067,407.00,718.32,487,1.831,2832.8,0.115,0.145,0.282,0.092,0.046,0.130,0.191
8068,502.00,710.96,417,1.900,2833.2,0.184,0.131,0.161,0.134,0.082,0.151,0.157
8069,1457.00,718.53,1384,1.679,2833.4,0.141,0.094,0.266,0.047,0.062,0.164,0.227
8070,541.00,718.01,580,1.919,2834.8,0.157,0.126,0.169,0.134,0.089,0.162,0.163
8071,770.00,720.52,695,1.920,2835.2,0.138,0.127,0.218,0.076,0.109,0.193,0.138
8072,709.00,719.22,562,1.673,2835.4,0.146,0.146,0.312,0.031,0.177,0.052,0.135
8073,737.00,722.51,743,1.911,2835.9,0.117,0.181,0.202,0.085,0.117,0.173,0.126
8074,665.00,723.40,606,1.867,2836.2,0.180,0.155,0.155,0.039,0.126,0.199,0.146
8075,660.00,713.77,525,1.725,2836.4,0.101,0.152,0.172,0.000,0.121,0.212,0.242
8076,492.00,709.82,372,1.917,2836.8,0.187,0.187,0.152,0.097,0.100,0.135,0.142
8077,536.00,706.94,562,1.778,2836.9,0.090,0.281,0.101,0.022,0.180,0.079,0.247
8078,895.00,707.20,513,1.793,2837.1,0.078,0.284,0.108,0.039,0.206,0.127,0.157
8079,934.00,713.00,974,1.909,2837.6,0.156,0.231,0.130,0.140,0.136,0.088,0.120
8080,265.00,712.56,258,1.929,2838.0,0.132,0.160,0.132,0.185,0.139,0.128,0.125
8081,1314.00,713.04,1103,1.900,2838.2,0.123,0.135,0.088,0.123,0.211,0.140,0.181
8082,542.00,713.45,432,1.371,2838.3,0.064,0.043,0.170,0.021,0.170,0.043,0.489
8083,351.00,708.67,317,1.918,2838.7,0.114,0.127,0.161,0.161,0.136,0.106,0.195
8084,753.00,714.60,755,1.838,2838.9,0.129,0.093,0.179,0.093,0.186,0.079,0.243
8085,462.00,714.66,477,1.931,2839.2,0.164,0.128,0.178,0.169,0.137,0.059,0.164
8086,563.00,718.46,420,1.933,2839.5,0.199,0.112,0.117,0.150,0.184,0.131,0.107
8087,917.00,725.87,776,1.933,2840.0,0.155,0.117,0.141,0.217,0.124,0.121,0.124
8088,333.00,726.62,299,1.929,2840.3,0.139,0.119,0.139,0.165,0.165,0.093,0.180
8089,764.00,728.56,522,1.925,2840.5,0.131,0.118,0.222,0.157,0.157,0.092,0.124
8090,1123.00,734.00,1023,1.869,2840.8,0.154,0.105,0.161,0.161,0.161,0.126,0.133
8091,1268.00,723.18,1122,1.423,2840.9,0.030,0.000,0.358,0.015,0.090,0.164,0.343
8092,853.00,725.28,797,1.911,2841.2,0.153,0.092,0.175,0.127,0.170,0.131,0.153
8093,262.00,716.51,291,1.911,2841.5,0.168,0.073,0.110,0.152,0.225,0.099,0.173
8094,1102.00,725.45,1023,1.514,2841.6,0.140,0.018,0.070,0.053,0.088,0.228,0.404
8095,705.00,725.25,627,1.923,2843.2,0.153,0.133,0.150,0.181,0.132,0.117,0.133
8096,1199.00,735.34,1006,1.667,2843.5,0.104,0.082,0.099,0.121,0.181,0.264,0.148
8097,354.00,728.24,332,1.881,2844.3,0.094,0.143,0.094,0.196,0.183,0.167,0.123
8098,1171.00,730.71,1135,1.172,2844.4,0.000,0.016,0.000,0.033,0.180,0.393,0.377
8099,262.00,727.45,319,1.248,2844.5,0.011,0.011,0.000,0.034,0.364,0.330,0.250
8100,391.00,712.77,371,0.935,2844.6,0.000,0.000,0.000,0.021,0.188,0.167,0.625
8101,561.00,698.82,537,1.583,2844.8,0.027,0.035,0.035,0.142,0.265,0.248,0.248
8102,653.00,703.66,643,1.718,2845.2,0.038,0.080,0.042,0.126,0.252,0.189,0.273
8103,439.00,702.50,477,1.835,2845.6,0.064,0.043,0.064,0.195,0.216,0.177,0.241
8104,887.00,706.43,791,1.727,2846.1,0.053,0.087,0.056,0.142,0.288,0.161,0.214
8105,605.00,700.41,363,1.457,2846.2,0.013,0.038,0.026,0.077,0.295,0.295,0.256
8106,940.00,703.96,629,1.403,2846.4,0.011,0.011,0.032,0.063,0.379,0.232,0.274
8107,283.00,700.38,224,1.820,2846.8,0.077,0.074,0.037,0.175,0.242,0.128,0.266
8108,316.00,694.76,310,1.822,2847.2,0.070,0.063,0.081,0.133,0.262,0.125,0.266
8109,446.00,690.15,419,1.730,2847.4,0.062,0.123,0.123,0.062,0.210,0.185,0.235
8110,568.00,681.87,542,1.898,2847.7,0.074,0.139,0.125,0.097,0.222,0.176,0.167
8111,503.00,680.80,503,1.144,2847.8,0.028,0.000,0.278,0.000,0.056,0.056,0.583
8112,242.00,676.32,322,1.658,2847.9,0.021,0.010,0.219,0.094,0.240,0.156,0.260
8113,260.00,662.73,340,1.797,2848.1,0.043,0.103,0.147,0.121,0.198,0.190,0.198
8114,628.00,662.48,532,1.190,2848.2,0.000,0.000,0.390,0.049,0.024,0.049,0.488
8115,372.00,663.99,401,1.895,2848.7,0.113,0.107,0.171,0.127,0.185,0.143,0.154
8116,559.00,664.01,399,1.915,2849.0,0.109,0.094,0.174,0.065,0.203,0.188,0.167
8117,899.00,670.52,922,1.858,2849.2,0.108,0.108,0.153,0.127,0.197,0.191,0.115
8118,661.00,674.94,630,1.902,2849.7,0.093,0.166,0.120,0.131,0.188,0.161,0.142
8119,700.00,663.59,736,1.745,2850.0,0.044,0.074,0.125,0.081,0.331,0.140,0.206
8120,426.00,660.06,384,1.920,2850.3,0.095,0.126,0.149,0.131,0.185,0.158,0.158
8121,264.00,654.92,295,1.909,2850.6,0.128,0.093,0.177,0.124,0.159,0.177,0.142
8122,602.00,645.43,625,1.907,2851.0,0.085,0.114,0.190,0.109,0.133,0.213,0.156
8123,269.00,639.03,215,1.912,2851.2,0.067,0.127,0.239,0.157,0.082,0.172,0.157
8124,1020.00,642.13,885,1.918,2851.4,0.104,0.134,0.179,0.172,0.090,0.149,0.172
8125,772.00,643.32,457,1.933,2851.8,0.146,0.122,0.206,0.199,0.105,0.115,0.108
8126,731.00,646.64,684,1.896,2852.0,0.133,0.150,0.186,0.071,0.097,0.168,0.195
8127,654.00,643.87,521,1.888,2852.1,0.235,0.147,0.235,0.088,0.059,0.103,0.132
8128,689.00,639.14,439,1.924,2852.3,0.187,0.159,0.131,0.093,0.159,0.112,0.159
8129,290.00,638.37,239,1.896,2852.5,0.089,0.169,0.177,0.081,0.129,0.185,0.169
8130,1094.00,641.90,1069,1.889,2852.7,0.108,0.144,0.144,0.151,0.165,0.108,0.180
8131,418.00,637.10,394,1.931,2853.3,0.151,0.170,0.163,0.156,0.088,0.112,0.161
8132,103.00,634.80,166,1.898,2853.5,0.067,0.104,0.179,0.149,0.187,0.149,0.164
8133,1891.00,641.86,1777,1.827,2853.7,0.062,0.094,0.125,0.208,0.125,0.219,0.167
8134,1547.00,651.20,1317,1.629,2853.8,0.049,0.037,0.086,0.123,0.123,0.358,0.222
8135,1033.00,649.49,963,1.835,2853.9,0.083,0.094,0.115,0.177,0.104,0.198,0.229
8136,233.00,646.47,313,1.912,2854.3,0.067,0.077,0.160,0.211,0.119,0.186,0.180
8137,849.00,650.37,889,1.682,2854.4,0.043,0.072,0.087,0.130,0.130,0.159,0.377
8138,256.00,650.39,294,1.924,2854.8,0.120,0.113,0.152,0.184,0.117,0.134,0.180
8139,613.00,651.15,582,1.899,2855.1,0.102,0.116,0.167,0.102,0.139,0.194,0.181
8140,1406.00,656.67,1338,1.668,2855.3,0.073,0.037,0.146,0.049,0.146,0.329,0.220
8141,643.00,658.41,611,1.898,2855.6,0.122,0.133,0.176,0.074,0.144,0.144,0.207
8142,353.00,652.42,362,1.917,2856.0,0.135,0.116,0.157,0.107,0.145,0.132,0.208
8143,662.00,652.81,290,1.904,2856.3,0.124,0.079,0.153,0.181,0.158,0.147,0.158
8144,1088.00,652.55,421,1.561,2856.4,0.287,0.000,0.040,0.109,0.178,0.317,0.069
8145,1100.00,654.39,970,1.906,2857.0,0.127,0.136,0.146,0.157,0.138,0.173,0.122
8146,159.00,643.03,191,1.889,2857.2,0.067,0.094,0.094,0.141,0.221,0.195,0.188
8147,486.00,640.50,459,1.907,2857.5,0.136,0.087,0.102,0.155,0.141,0.204,0.175
8148,417.00,639.26,326,1.888,2857.7,0.112,0.043,0.112,0.190,0.172,0.224,0.147
8149,513.00,642.45,464,1.921,2858.1,0.139,0.111,0.090,0.242,0.119,0.139,0.160
8150,825.00,646.27,822,1.846,2858.3,0.125,0.109,0.070,0.242,0.148,0.125,0.180
8151,1361.00,657.42,1244,1.891,2858.7,0.152,0.097,0.094,0.255,0.142,0.132,0.129
8152,695.00,658.74,638,1.894,2859.1,0.153,0.067,0.129,0.234,0.144,0.148,0.124
8153,484.00,657.84,564,1.879,2859.4,0.097,0.116,0.065,0.269,0.139,0.144,0.171
8154,325.00,660.14,265,1.899,2859.7,0.075,0.080,0.089,0.296,0.108,0.188,0.164
8155,425.00,660.72,448,1.896,2860.0,0.108,0.113,0.067,0.247,0.119,0.186,0.160
8156,242.00,660.60,322,1.933,2860.6,0.114,0.152,0.114,0.209,0.162,0.132,0.117
8157,794.00,666.97,470,1.914,2860.9,0.159,0.181,0.154,0.154,0.082,0.154,0.115
8158,527.00,664.64,504,1.924,2861.4,0.139,0.133,0.139,0.207,0.130,0.145,0.108
8159,1213.00,671.54,653,1.467,2861.5,0.424,0.197,0.106,0.121,0.000,0.121,0.030
8160,337.00,672.49,284,1.903,2861.8,0.169,0.071,0.188,0.195,0.091,0.188,0.097
8161,758.00,671.93,757,1.918,2862.1,0.163,0.133,0.096,0.196,0.150,0.129,0.133
8162,1193.00,677.98,1167,1.592,2862.3,0.343,0.141,0.162,0.061,0.081,0.071,0.141
8163,947.00,674.70,874,1.908,2862.6,0.167,0.077,0.180,0.167,0.112,0.159,0.137
8164,888.00,673.76,909,1.910,2863.2,0.195,0.109,0.134,0.139,0.111,0.182,0.129
8165,799.00,678.49,774,1.915,2863.7,0.211,0.083,0.096,0.220,0.096,0.150,0.144
8166,1659.00,688.34,1257,1.864,2863.8,0.276,0.098,0.122,0.138,0.171,0.114,0.081
8167,294.00,687.21,230,1.900,2864.1,0.172,0.083,0.107,0.201,0.107,0.201,0.130
8168,218.00,684.37,189,1.915,2864.6,0.179,0.074,0.135,0.234,0.090,0.163,0.125
8169,801.00,677.81,794,1.410,2864.7,0.434,0.105,0.079,0.079,0.053,0.053,0.197
8170,396.00,676.36,383,1.880,2865.1,0.289,0.070,0.132,0.108,0.150,0.115,0.136
8171,1281.00,681.47,1062,1.901,2865.6,0.212,0.102,0.186,0.189,0.087,0.128,0.096
8172,485.00,679.23,452,1.809,2866.0,0.290,0.112,0.186,0.160,0.086,0.119,0.048
8173,754.00,679.40,771,1.839,2866.4,0.219,0.102,0.153,0.179,0.109,0.135,0.102
8174,1011.00,682.86,966,1.839,2866.9,0.278,0.095,0.131,0.199,0.069,0.127,0.101
8175,895.00,685.21,808,1.813,2867.2,0.258,0.063,0.119,0.254,0.135,0.119,0.052
8176,721.00,687.50,696,1.882,2867.8,0.255,0.135,0.125,0.156,0.119,0.125,0.085
8177,344.00,685.58,367,1.858,2868.1,0.270,0.069,0.111,0.217,0.106,0.106,0.122
8178,671.00,683.34,645,1.906,2868.7,0.195,0.132,0.125,0.186,0.132,0.112,0.118
8179,434.00,678.34,474,1.915,2869.2,0.206,0.165,0.098,0.165,0.130,0.108,0.127
8180,317.00,678.86,357,1.814,2869.4,0.246,0.135,0.135,0.063,0.151,0.103,0.167
8181,1276.00,678.48,1037,1.828,2869.7,0.280,0.113,0.113,0.091,0.151,0.134,0.118
8182,308.00,676.14,270,1.871,2869.9,0.244,0.175,0.081,0.106,0.131,0.144,0.119
8183,667.00,679.30,435,1.903,2870.2,0.220,0.150,0.115,0.060,0.155,0.160,0.140
8184,523.00,677.00,502,1.914,2871.0,0.221,0.157,0.123,0.130,0.108,0.147,0.113
8185,892.00,681.30,641,1.811,2871.4,0.174,0.196,0.162,0.087,0.060,0.174,0.147
8186,332.00,678.99,187,1.719,2871.8,0.209,0.104,0.056,0.124,0.024,0.301,0.181
8187,379.00,673.61,407,1.828,2872.5,0.222,0.112,0.093,0.116,0.060,0.193,0.205
8188,0.00,670.28,0,0.640,2872.6,0.696,0.000,0.000,0.000,0.000,0.000,0.304
8189,657.00,669.21,629,1.682,2873.1,0.242,0.084,0.056,0.140,0.035,0.270,0.172
8190,1059.00,668.57,950,1.664,2873.5,0.258,0.075,0.020,0.147,0.052,0.261,0.186
8191,0.00,655.89,0,0.079,2873.6,1.000,0.000,0.000,0.000,0.000,0.000,0.000
8192,579.00,653.15,614,1.745,2874.3,0.248,0.095,0.068,0.189,0.040,0.223,0.136
8193,720.00,657.73,800,1.810,2875.0,0.230,0.081,0.065,0.160,0.042,0.258,0.163
8194,448.00,651.19,415,1.830,2875.4,0.195,0.061,0.074,0.199,0.069,0.186,0.216
8195,585.00,649.99,656,1.822,2875.7,0.255,0.104,0.080,0.118,0.057,0.212,0.175
8196,233.00,640.33,270,1.793,2875.9,0.283,0.083,0.097,0.159,0.041,0.166,0.172
8197,439.00,641.18,403,1.907,2876.4,0.227,0.136,0.129,0.146,0.087,0.162,0.113
8198,272.00,632.19,266,1.925,2877.0,0.165,0.162,0.088,0.144,0.134,0.157,0.149
8199,1788.00,647.45,1055,1.586,2877.1,0.267,0.124,0.076,0.076,0.276,0.048,0.133
8200,577.00,649.31,568,1.832,2877.5,0.193,0.098,0.061,0.193,0.164,0.107,0.184
8201,758.00,651.28,730,1.336,2877.7,0.185,0.012,0.000,0.111,0.272,0.000,0.420
8202,1180.00,656.55,625,1.144,2877.8,0.078,0.013,0.013,0.052,0.506,0.013,0.325
8203,489.00,657.05,425,1.422,2878.0,0.214,0.034,0.009,0.103,0.282,0.009,0.350
8204,336.00,651.54,209,1.260,2878.1,0.155,0.000,0.000,0.138,0.224,0.017,0.466
8205,1051.00,656.00,856,1.294,2878.2,0.134,0.015,0.000,0.134,0.358,0.000,0.358
8206,378.00,650.38,371,1.822,2878.6,0.200,0.097,0.047,0.217,0.103,0.093,0.243
8207,552.00,653.07,542,1.601,2878.9,0.187,0.072,0.014,0.129,0.302,0.029,0.266
8208,343.00,653.34,423,1.748,2879.2,0.133,0.117,0.027,0.128,0.218,0.090,0.287
8209,645.00,655.33,620,1.911,2880.8,0.181,0.130,0.108,0.151,0.176,0.108,0.147
8210,504.00,654.69,512,1.662,2881.1,0.090,0.169,0.048,0.102,0.211,0.096,0.283
8211,749.00,657.15,484,1.792,2881.5,0.168,0.152,0.046,0.173,0.122,0.117,0.223
8212,347.00,658.20,339,1.775,2881.7,0.091,0.126,0.074,0.126,0.177,0.131,0.274
8213,643.00,662.03,533,1.751,2882.1,0.097,0.157,0.051,0.097,0.237,0.076,0.284
8214,334.00,659.09,258,1.135,2882.2,0.000,0.056,0.037,0.000,0.426,0.000,0.481
8215,368.00,659.05,398,1.881,2882.7,0.172,0.136,0.070,0.144,0.159,0.078,0.240
8216,1756.00,671.02,1672,1.754,2882.9,0.102,0.157,0.028,0.176,0.194,0.130,0.213
8217,612.00,668.15,652,1.538,2883.0,0.077,0.077,0.077,0.077,0.115,0.077,0.500
8218,410.00,665.64,321,1.656,2883.2,0.128,0.053,0.053,0.096,0.128,0.117,0.426
8219,538.00,664.02,403,0.845,2883.3,0.022,0.044,0.000,0.022,0.333,0.022,0.556
8220,362.00,663.38,182,1.480,2883.4,0.113,0.081,0.032,0.129,0.161,0.081,0.403
8221,296.00,663.70,188,1.833,2883.7,0.134,0.115,0.053,0.091,0.120,0.167,0.321
8222,539.00,663.07,579,1.732,2883.9,0.128,0.136,0.040,0.120,0.184,0.112,0.280
8223,581.00,666.19,581,1.644,2884.1,0.061,0.114,0.026,0.088,0.307,0.088,0.316
8224,1184.00,667.83,1121,1.400,2884.2,0.080,0.147,0.013,0.040,0.333,0.040,0.347
8225,943.00,669.54,930,1.482,2884.3,0.078,0.100,0.056,0.044,0.256,0.078,0.389
8226,892.00,671.15,779,1.382,2884.5,0.102,0.068,0.045,0.034,0.341,0.102,0.307
8227,199.00,666.60,189,0.840,2884.6,0.029,0.029,0.000,0.000,0.441,0.000,0.500
8228,358.00,663.29,358,1.915,2885.1,0.148,0.128,0.123,0.134,0.114,0.145,0.209
8229,278.00,663.17,356,1.894,2885.5,0.191,0.162,0.087,0.181,0.081,0.136,0.162
8230,364.00,655.87,360,1.922,2886.2,0.192,0.164,0.092,0.176,0.097,0.118,0.162
8231,416.00,655.85,410,1.918,2886.6,0.134,0.122,0.102,0.177,0.122,0.161,0.181
8232,123.00,656.05,162,1.913,2886.9,0.152,0.148,0.122,0.122,0.048,0.178,0.230
8233,627.00,643.41,673,1.841,2887.1,0.058,0.196,0.167,0.043,0.065,0.203,0.268
8234,683.00,634.77,548,1.926,2887.8,0.186,0.165,0.138,0.136,0.102,0.154,0.120
8235,541.00,629.85,457,1.877,2888.1,0.114,0.134,0.289,0.095,0.075,0.149,0.144
8236,385.00,631.37,425,1.889,2888.3,0.138,0.107,0.214,0.094,0.107,0.126,0.214
8237,221.00,625.09,217,1.872,2888.6,0.106,0.162,0.291,0.056,0.123,0.095,0.168
8238,1545.00,637.98,1253,1.737,2888.7,0.148,0.136,0.296,0.074,0.136,0.049,0.160
8239,635.00,638.20,594,1.902,2889.0,0.151,0.085,0.251,0.121,0.116,0.131,0.146
8240,283.00,626.97,308,1.891,2889.3,0.163,0.157,0.259,0.090,0.090,0.078,0.163
8241,528.00,625.82,424,1.879,2889.5,0.169,0.135,0.223,0.095,0.108,0.088,0.182
8242,189.00,624.18,166,1.926,2889.9,0.133,0.137,0.149,0.120,0.080,0.177,0.205
8243,661.00,624.17,560,1.808,2890.0,0.136,0.126,0.107,0.087,0.184,0.126,0.233
8244,860.00,621.89,639,1.733,2890.2,0.186,0.058,0.140,0.128,0.105,0.081,0.302
8245,445.00,615.34,394,1.925,2890.4,0.133,0.127,0.163,0.145,0.151,0.133,0.151
8246,602.00,619.77,511,1.917,2890.7,0.146,0.141,0.188,0.089,0.130,0.156,0.151
8247,537.00,620.28,556,1.938,2891.1,0.186,0.174,0.142,0.123,0.119,0.146,0.111
8248,665.00,622.76,357,1.936,2891.4,0.198,0.125,0.135,0.099,0.151,0.161,0.130
8249,411.00,621.74,446,1.935,2891.9,0.178,0.128,0.111,0.133,0.172,0.161,0.117
8250,579.00,619.28,379,1.839,2892.1,0.092,0.092,0.160,0.101,0.185,0.277,0.092
8251,225.00,607.92,259,1.594,2892.2,0.034,0.034,0.080,0.057,0.333,0.356,0.103
8252,66.00,601.63,146,1.765,2892.4,0.068,0.068,0.087,0.097,0.223,0.359,0.097
8253,448.00,601.27,375,1.912,2892.9,0.195,0.148,0.097,0.092,0.175,0.175,0.117
8254,133.00,599.35,198,1.888,2893.2,0.129,0.088,0.153,0.118,0.124,0.259,0.129
8255,294.00,598.04,283,1.901,2893.6,0.242,0.125,0.142,0.083,0.111,0.170,0.128
8256,1339.00,609.01,1222,1.606,2893.8,0.265,0.024,0.072,0.072,0.277,0.169,0.120
8257,602.00,607.09,682,1.872,2894.2,0.181,0.107,0.097,0.117,0.204,0.167,0.127
8258,657.00,608.39,655,1.782,2894.5,0.192,0.096,0.116,0.061,0.202,0.141,0.192
8259,460.00,600.86,398,1.554,2894.7,0.288,0.000,0.027,0.014,0.247,0.082,0.342
8260,929.00,606.78,865,1.820,2895.0,0.156,0.073,0.208,0.073,0.167,0.193,0.130
8261,533.00,604.53,500,1.903,2895.4,0.208,0.087,0.165,0.099,0.127,0.211,0.102
8262,0.00,592.60,0,0.309,2895.5,1.000,0.000,0.000,0.000,0.000,0.000,0.000
8263,355.00,586.68,368,1.896,2895.9,0.222,0.087,0.174,0.091,0.152,0.157,0.117
8264,175.00,579.55,174,1.922,2896.3,0.254,0.129,0.129,0.110,0.107,0.169,0.103
8265,746.00,579.02,621,1.837,2896.5,0.192,0.128,0.160,0.088,0.136,0.152,0.144
8266,898.00,571.41,662,1.654,2896.6,0.371,0.029,0.114,0.186,0.129,0.057,0.114
8267,392.00,572.39,365,1.922,2897.0,0.160,0.122,0.128,0.125,0.179,0.141,0.144
8268,502.00,575.23,526,1.867,2897.3,0.133,0.101,0.291,0.070,0.101,0.108,0.196
8269,143.00,568.65,223,1.904,2897.6,0.160,0.086,0.198,0.053,0.096,0.219,0.187
8270,425.00,568.94,401,1.929,2898.0,0.190,0.154,0.136,0.133,0.125,0.147,0.115
8271,839.00,564.52,807,1.844,2898.2,0.224,0.086,0.103,0.095,0.121,0.164,0.207
8272,494.00,564.61,421,1.929,2898.6,0.189,0.152,0.123,0.119,0.106,0.146,0.166
8273,367.00,560.74,357,1.931,2899.0,0.208,0.139,0.080,0.128,0.164,0.142,0.139
8274,411.00,554.74,411,1.129,2899.1,0.471,0.000,0.000,0.000,0.176,0.029,0.324
8275,793.00,553.72,793,1.182,2899.2,0.480,0.000,0.000,0.027,0.200,0.013,0.280
8276,692.00,553.43,607,1.891,2899.5,0.195,0.092,0.167,0.103,0.172,0.092,0.178
8277,1082.00,560.81,954,1.841,2899.7,0.167,0.080,0.116,0.130,0.181,0.116,0.210
8278,619.00,560.29,561,1.374,2899.8,0.400,0.018,0.018,0.055,0.236,0.055,0.218
8279,549.00,561.44,545,1.900,2900.3,0.182,0.119,0.127,0.122,0.187,0.114,0.149
8280,918.00,567.45,412,1.739,2900.6,0.108,0.065,0.216,0.079,0.094,0.094,0.345
8281,285.00,557.54,285,0.949,2900.6,0.105,0.000,0.053,0.079,0.105,0.000,0.658
8282,427.00,558.73,419,1.889,2901.0,0.162,0.114,0.118,0.057,0.136,0.189,0.224
8283,205.00,554.11,168,1.922,2901.6,0.167,0.137,0.158,0.105,0.114,0.142,0.178
8284,284.00,551.72,312,1.839,2901.8,0.066,0.140,0.124,0.165,0.124,0.132,0.248
8285,718.00,549.98,561,1.824,2902.0,0.152,0.136,0.114,0.121,0.098,0.098,0.280
8286,422.00,550.88,502,1.541,2902.2,0.106,0.035,0.000,0.329,0.094,0.094,0.341
8287,793.00,555.02,531,1.431,2902.3,0.192,0.000,0.000,0.231,0.077,0.038,0.462
8288,468.00,559.70,486,1.895,2902.8,0.185,0.120,0.079,0.170,0.109,0.155,0.182
8289,299.00,556.12,237,1.883,2903.1,0.168,0.089,0.147,0.183,0.099,0.084,0.230
8290,462.00,550.15,491,1.722,2903.2,0.105,0.114,0.038,0.371,0.057,0.086,0.229
8291,373.00,553.88,330,1.918,2903.7,0.165,0.192,0.077,0.168,0.121,0.172,0.104
8292,850.00,556.59,831,1.903,2904.1,0.165,0.178,0.099,0.165,0.116,0.142,0.135
8293,574.00,555.13,547,1.905,2904.7,0.173,0.190,0.102,0.153,0.080,0.141,0.161
8294,702.00,557.67,598,1.907,2905.0,0.132,0.228,0.116,0.159,0.074,0.153,0.138
8295,148.00,553.30,225,1.875,2905.2,0.128,0.274,0.085,0.111,0.094,0.145,0.162
8296,1439.00,565.36,1115,1.754,2905.3,0.213,0.146,0.067,0.157,0.146,0.112,0.157
8297,246.00,563.43,281,1.913,2905.5,0.140,0.100,0.120,0.110,0.140,0.150,0.240
8298,225.00,562.96,305,1.917,2905.7,0.104,0.178,0.104,0.185,0.133,0.111,0.185
8299,548.00,550.56,542,1.925,2906.3,0.202,0.176,0.085,0.169,0.099,0.131,0.138
8300,140.00,546.19,220,1.834,2906.5,0.069,0.181,0.097,0.250,0.097,0.139,0.167
8301,603.00,544.64,490,1.919,2906.8,0.161,0.184,0.148,0.117,0.108,0.143,0.139
8302,325.00,536.09,393,1.908,2907.2,0.114,0.148,0.266,0.114,0.131,0.109,0.118
8303,2069.00,551.89,1873,1.737,2907.3,0.200,0.153,0.082,0.141,0.165,0.106,0.153
8304,626.00,554.79,430,1.927,2907.8,0.177,0.158,0.158,0.103,0.132,0.174,0.100
8305,382.00,548.10,369,1.910,2908.0,0.101,0.158,0.230,0.058,0.137,0.201,0.115
8306,961.00,553.93,873,1.815,2908.1,0.120,0.108,0.096,0.120,0.253,0.120,0.181
8307,296.00,551.37,376,1.908,2908.5,0.150,0.164,0.121,0.079,0.192,0.173,0.121
8308,467.00,552.61,281,1.914,2908.8,0.105,0.115,0.160,0.100,0.200,0.155,0.165
8309,719.00,553.35,650,1.925,2909.1,0.214,0.135,0.107,0.095,0.147,0.171,0.131
8310,347.00,551.78,333,1.901,2909.2,0.175,0.095,0.111,0.095,0.190,0.159,0.175
8311,1174.00,556.03,968,1.921,2909.5,0.161,0.141,0.106,0.085,0.186,0.156,0.166
8312,698.00,559.54,566,1.916,2909.8,0.198,0.115,0.125,0.099,0.161,0.161,0.141
8313,1299.00,566.10,1224,1.877,2910.0,0.184,0.149,0.123,0.123,0.219,0.096,0.105
8314,618.00,568.94,630,1.816,2910.1,0.271,0.014,0.014,0.171,0.186,0.086,0.257
8315,308.00,568.34,256,1.928,2910.4,0.132,0.119,0.139,0.126,0.159,0.172,0.152
8316,796.00,558.74,782,1.820,2910.5,0.073,0.049,0.134,0.207,0.159,0.134,0.244
8317,310.00,555.72,294,1.924,2910.7,0.125,0.119,0.156,0.131,0.169,0.144,0.156
8318,25.00,551.87,105,1.907,2910.9,0.068,0.127,0.085,0.169,0.186,0.203,0.161
8319,594.00,552.43,634,1.777,2911.1,0.105,0.074,0.021,0.274,0.168,0.211,0.147
8320,867.00,557.48,842,1.914,2911.3,0.113,0.172,0.113,0.139,0.126,0.166,0.172
8321,157.00,556.09,237,1.933,2911.5,0.128,0.213,0.092,0.128,0.128,0.177,0.135
8322,780.00,558.50,765,1.647,2911.6,0.200,0.091,0.073,0.200,0.109,0.055,0.273
8323,637.00,559.06,590,1.932,2912.1,0.149,0.143,0.125,0.161,0.122,0.170,0.131
8324,219.00,549.41,219,1.238,2912.2,0.135,0.000,0.038,0.019,0.019,0.077,0.712
8325,373.00,543.71,375,1.924,2912.5,0.134,0.134,0.098,0.110,0.183,0.140,0.201
8326,1196.00,546.75,1103,1.787,2912.6,0.133,0.048,0.072,0.181,0.157,0.096,0.313
8327,1320.00,557.96,1083,1.885,2912.9,0.175,0.145,0.078,0.114,0.205,0.139,0.145
8328,494.00,559.32,494,1.529,2913.0,0.288,0.045,0.015,0.045,0.136,0.076,0.394
8329,621.00,562.75,621,1.048,2913.1,0.615,0.000,0.051,0.051,0.154,0.000,0.128
8330,1315.00,572.26,1189,1.726,2913.3,0.255,0.088,0.080,0.102,0.212,0.139,0.124
8331,462.00,572.72,542,1.493,2913.5,0.304,0.078,0.078,0.069,0.265,0.137,0.069
8332,487.00,576.36,270,1.297,2913.6,0.416,0.067,0.056,0.056,0.225,0.112,0.067
8333,745.00,577.54,746,1.929,2914.1,0.170,0.157,0.096,0.141,0.167,0.160,0.109
8334,1114.00,581.85,828,1.847,2914.2,0.168,0.159,0.080,0.142,0.195,0.150,0.106
8335,1593.00,592.37,1296,1.917,2915.0,0.181,0.167,0.134,0.126,0.139,0.141,0.112
8336,567.00,594.19,606,1.923,2915.7,0.206,0.135,0.131,0.156,0.109,0.137,0.126
8337,1117.00,603.15,807,1.709,2915.9,0.349,0.116,0.103,0.123,0.096,0.158,0.055
8338,603.00,593.73,604,1.887,2916.3,0.208,0.194,0.118,0.086,0.143,0.158,0.093
8339,0.00,587.38,0,0.104,2916.4,1.000,0.000,0.000,0.000,0.000,0.000,0.000
8340,1084.00,595.39,907,1.825,2916.8,0.282,0.137,0.125,0.067,0.137,0.153,0.098
8341,604.00,596.15,644,1.817,2917.0,0.294,0.111,0.163,0.072,0.170,0.098,0.092
8342,388.00,598.14,403,1.925,2917.5,0.216,0.095,0.154,0.108,0.157,0.157,0.114
8343,557.00,597.10,513,1.924,2918.3,0.216,0.119,0.129,0.129,0.142,0.138,0.127
8344,833.00,596.83,767,1.852,2918.6,0.222,0.091,0.227,0.106,0.136,0.096,0.121
8345,624.00,598.62,533,1.928,2919.2,0.144,0.146,0.122,0.160,0.146,0.146,0.135
8346,761.00,600.21,148,1.372,2919.3,0.532,0.063,0.072,0.108,0.054,0.144,0.027
8347,382.00,598.66,324,1.937,2919.7,0.174,0.143,0.143,0.125,0.085,0.170,0.161
8348,290.00,594.91,283,1.937,2920.0,0.122,0.149,0.158,0.140,0.117,0.153,0.162
8349,1170.00,602.50,429,1.676,2920.2,0.270,0.080,0.200,0.110,0.080,0.150,0.110
8350,945.00,606.16,985,1.941,2920.5,0.152,0.103,0.138,0.129,0.143,0.147,0.188
8351,634.00,610.25,714,1.938,2921.0,0.127,0.114,0.187,0.172,0.117,0.157,0.127
8352,494.00,614.53,384,1.921,2921.3,0.178,0.150,0.178,0.161,0.133,0.089,0.111
8353,350.00,613.55,346,1.930,2922.0,0.188,0.113,0.180,0.124,0.149,0.111,0.135
8354,174.00,613.96,200,1.837,2922.2,0.169,0.103,0.221,0.250,0.081,0.096,0.081
8355,2125.00,632.27,1758,1.829,2922.4,0.205,0.135,0.184,0.141,0.141,0.103,0.092
8356,567.00,624.55,594,1.909,2922.8,0.202,0.076,0.172,0.152,0.141,0.157,0.101
8357,708.00,625.61,387,1.895,2923.1,0.211,0.084,0.152,0.173,0.118,0.198,0.063
8358,530.00,624.34,586,1.890,2923.6,0.201,0.092,0.178,0.122,0.161,0.151,0.095
8359,647.00,626.21,625,1.890,2924.1,0.226,0.103,0.121,0.141,0.182,0.132,0.094
8360,725.00,624.17,726,1.872,2924.5,0.278,0.090,0.106,0.165,0.094,0.141,0.125
8361,579.00,624.63,479,1.839,2924.7,0.292,0.076,0.104,0.125,0.104,0.167,0.132
8362,0.00,624.63,0,0.081,2924.8,1.000,0.000,0.000,0.000,0.000,0.000,0.000
8363,306.00,624.14,0,0.121,2924.8,0.980,0.000,0.000,0.000,0.020,0.000,0.000
8364,0.00,622.39,0,0.121,2924.9,1.000,0.000,0.000,0.000,0.000,0.000,0.000
8365,392.00,618.85,419,1.851,2925.2,0.315,0.087,0.087,0.147,0.125,0.136,0.103
8366,1028.00,620.15,1006,1.891,2925.9,0.258,0.124,0.132,0.130,0.130,0.130,0.097
8367,1370.00,629.93,829,1.751,2926.2,0.298,0.066,0.105,0.177,0.072,0.232,0.050
8368,926.00,634.17,761,1.630,2926.4,0.331,0.045,0.143,0.150,0.120,0.150,0.060
8369,907.00,641.81,899,1.879,2926.8,0.246,0.075,0.171,0.107,0.103,0.202,0.095
8370,613.00,643.69,325,1.546,2927.0,0.452,0.087,0.174,0.052,0.078,0.122,0.035
8371,564.00,640.94,588,1.914,2927.3,0.209,0.100,0.141,0.164,0.118,0.132,0.136
8372,178.00,637.78,203,1.929,2927.7,0.136,0.124,0.168,0.120,0.156,0.140,0.156
8373,1394.00,648.05,842,1.705,2927.8,0.375,0.037,0.200,0.075,0.150,0.113,0.050
8374,595.00,649.89,529,1.790,2928.0,0.282,0.068,0.107,0.087,0.214,0.107,0.136
8375,690.00,648.86,701,1.881,2928.2,0.213,0.093,0.187,0.093,0.147,0.153,0.113
8376,543.00,647.37,442,1.938,2928.7,0.188,0.097,0.144,0.110,0.179,0.135,0.147
8377,536.00,641.91,455,1.658,2928.9,0.098,0.049,0.361,0.123,0.090,0.139,0.139
8378,941.00,645.13,847,1.855,2929.1,0.152,0.073,0.299,0.189,0.085,0.079,0.122
8379,240.00,642.04,276,1.936,2929.4,0.099,0.105,0.123,0.160,0.130,0.160,0.222
8380,451.00,637.37,488,1.939,2929.9,0.168,0.136,0.131,0.144,0.128,0.136,0.155
8381,350.00,638.02,350,1.937,2930.3,0.174,0.145,0.183,0.140,0.072,0.123,0.162
8382,547.00,639.22,483,1.932,2930.5,0.193,0.120,0.220,0.153,0.080,0.153,0.080
8383,796.00,645.13,691,1.935,2931.1,0.190,0.129,0.159,0.102,0.126,0.157,0.137
8384,1403.00,656.32,1175,1.855,2931.3,0.231,0.135,0.224,0.083,0.135,0.122,0.071
8385,1472.00,663.86,1463,1.767,2931.5,0.137,0.127,0.176,0.108,0.127,0.147,0.176
8386,283.00,662.47,268,1.926,2931.9,0.226,0.102,0.124,0.127,0.138,0.152,0.131
8387,1669.00,671.23,1157,1.688,2932.1,0.203,0.117,0.281,0.102,0.133,0.070,0.094
8388,473.00,671.28,428,1.678,2932.2,0.295,0.115,0.164,0.049,0.139,0.139,0.098
8389,805.00,676.34,741,1.884,2932.8,0.252,0.165,0.130,0.099,0.115,0.130,0.109
8390,596.00,677.68,555,1.878,2933.3,0.214,0.180,0.159,0.072,0.133,0.142,0.099
8391,269.00,676.64,297,1.736,2933.6,0.098,0.196,0.118,0.039,0.346,0.072,0.131
8392,668.00,674.82,634,1.648,2933.8,0.211,0.105,0.202,0.018,0.289,0.035,0.140
8393,413.00,673.21,301,1.793,2934.0,0.225,0.139,0.133,0.040,0.301,0.064,0.098
8394,314.00,669.33,343,1.897,2934.5,0.208,0.155,0.094,0.120,0.161,0.079,0.182
8395,742.00,675.27,752,1.890,2935.0,0.168,0.199,0.129,0.112,0.171,0.108,0.112
8396,501.00,665.89,368,1.783,2935.2,0.160,0.222,0.099,0.068,0.253,0.080,0.117
8397,518.00,668.61,529,1.837,2935.5,0.128,0.246,0.137,0.076,0.227,0.062,0.123
8398,975.00,676.11,753,1.808,2935.7,0.148,0.261,0.209,0.043,0.174,0.070,0.096
8399,513.00,675.76,443,1.901,2936.0,0.173,0.153,0.148,0.066,0.148,0.102,0.209
8400,238.00,676.74,240,1.925,2936.6,0.160,0.192,0.120,0.152,0.115,0.115,0.147
8401,366.00,674.37,273,1.910,2937.1,0.206,0.130,0.111,0.165,0.130,0.098,0.159
8402,581.00,676.93,548,1.635,2937.2,0.135,0.054,0.338,0.162,0.054,0.000,0.257
8403,437.00,660.61,433,1.636,2937.3,0.154,0.058,0.231,0.288,0.000,0.038,0.231
8404,291.00,657.26,343,1.742,2937.4,0.115,0.051,0.141,0.321,0.090,0.000,0.282
8405,484.00,658.28,564,1.927,2938.6,0.191,0.118,0.162,0.125,0.142,0.118,0.146
8406,750.00,656.17,702,1.923,2939.0,0.167,0.061,0.147,0.184,0.140,0.150,0.150
8407,464.00,657.85,524,1.914,2939.7,0.157,0.126,0.155,0.138,0.101,0.155,0.168
8408,1319.00,666.37,1183,1.890,2940.0,0.140,0.087,0.087,0.209,0.233,0.105,0.140
8409,165.00,660.83,245,1.819,2940.2,0.109,0.058,0.123,0.138,0.319,0.087,0.167
8410,401.00,661.37,335,1.891,2940.5,0.174,0.107,0.051,0.219,0.270,0.067,0.112
8411,852.00,658.15,700,1.911,2940.9,0.163,0.114,0.087,0.170,0.186,0.121,0.159
8412,408.00,655.25,448,1.898,2941.4,0.145,0.110,0.096,0.138,0.213,0.121,0.177
8413,1773.00,659.99,806,1.811,2941.6,0.248,0.051,0.162,0.265,0.103,0.111,0.060
8414,892.00,662.73,925,1.777,2941.7,0.121,0.040,0.152,0.293,0.111,0.111,0.172
8415,341.00,663.06,421,1.875,2942.0,0.154,0.091,0.140,0.182,0.210,0.105,0.119
8416,531.00,660.41,524,1.925,2942.9,0.202,0.095,0.148,0.163,0.148,0.127,0.118
8417,480.00,662.11,525,1.921,2943.3,0.111,0.136,0.141,0.196,0.121,0.136,0.161
8418,911.00,670.97,818,1.787,2943.4,0.109,0.118,0.191,0.173,0.082,0.173,0.155
8419,383.00,668.86,319,1.929,2943.7,0.121,0.186,0.121,0.176,0.126,0.141,0.131
8420,669.00,666.88,627,1.808,2944.0,0.095,0.183,0.124,0.160,0.130,0.231,0.077
8421,713.00,672.44,628,1.892,2944.3,0.107,0.177,0.153,0.195,0.079,0.186,0.102
8422,936.00,674.00,759,1.695,2944.5,0.075,0.198,0.236,0.151,0.104,0.179,0.057
8423,468.00,672.31,491,1.913,2944.9,0.106,0.236,0.122,0.134,0.134,0.171,0.098
8424,355.00,673.67,350,1.912,2945.2,0.116,0.151,0.151,0.142,0.095,0.233,0.112
8425,231.00,672.25,267,1.927,2945.6,0.138,0.169,0.154,0.083,0.122,0.185,0.150
8426,486.00,665.15,360,1.881,2945.8,0.075,0.120,0.241,0.098,0.195,0.165,0.105
8427,302.00,654.97,382,1.915,2946.2,0.132,0.181,0.181,0.082,0.173,0.160,0.091
8428,788.00,657.91,781,1.864,2946.5,0.176,0.153,0.230,0.108,0.140,0.117,0.077
8429,716.00,658.86,484,1.923,2946.9,0.168,0.138,0.171,0.104,0.124,0.168,0.128
8430,303.00,648.74,317,1.865,2947.2,0.173,0.136,0.215,0.068,0.094,0.251,0.063
8431,336.00,647.48,369,1.908,2947.7,0.168,0.116,0.223,0.098,0.134,0.183,0.079
8432,736.00,649.97,629,1.884,2948.0,0.316,0.111,0.107,0.074,0.111,0.205,0.078
8433,1890.00,661.42,1103,1.511,2948.2,0.337,0.033,0.217,0.065,0.054,0.239,0.054
8434,706.00,657.34,671,1.839,2948.6,0.260,0.111,0.156,0.092,0.133,0.137,0.111
8435,1033.00,651.74,947,1.785,2948.9,0.254,0.065,0.200,0.108,0.059,0.211,0.103
8436,527.00,651.34,460,1.698,2949.1,0.312,0.048,0.168,0.080,0.048,0.272,0.072
8437,717.00,647.34,661,1.816,2949.4,0.215,0.105,0.160,0.135,0.065,0.210,0.110
8438,813.00,649.44,658,1.841,2949.8,0.303,0.056,0.124,0.161,0.112,0.135,0.109
8439,999.00,659.43,596,1.549,2950.0,0.432,0.025,0.160,0.086,0.074,0.198,0.025
8440,1270.00,661.29,958,1.598,2950.1,0.404,0.009,0.183,0.138,0.046,0.174,0.046
8441,1551.00,670.76,1545,1.542,2950.3,0.420,0.011,0.193,0.068,0.057,0.159,0.091
8442,1836.00,685.24,1543,1.585,2950.5,0.343,0.000,0.269,0.052,0.075,0.164,0.097
8443,364.00,683.31,335,1.855,2950.8,0.211,0.079,0.123,0.194,0.070,0.172,0.150
8444,728.00,682.26,483,1.891,2951.1,0.209,0.124,0.111,0.178,0.080,0.151,0.147
8445,109.00,677.11,189,1.667,2951.3,0.257,0.000,0.176,0.149,0.108,0.068,0.243
8446,464.00,674.14,419,1.900,2951.9,0.165,0.072,0.156,0.185,0.120,0.170,0.132
8447,1340.00,683.72,1185,1.675,2952.2,0.375,0.090,0.130,0.140,0.065,0.100,0.100
8448,1237.00,693.19,1145,1.649,2952.5,0.343,0.049,0.137,0.240,0.064,0.074,0.093
8449,299.00,684.48,299,0.393,2952.6,0.930,0.000,0.023,0.000,0.023,0.023,0.000
8450,556.00,680.59,497,1.827,2953.1,0.296,0.102,0.097,0.215,0.052,0.149,0.088
8451,850.00,682.75,648,1.655,2953.4,0.324,0.014,0.261,0.113,0.085,0.148,0.056
8452,830.00,686.11,464,1.743,2953.6,0.324,0.023,0.173,0.168,0.081,0.133,0.098
8453,787.00,690.48,707,1.845,2954.1,0.296,0.083,0.101,0.167,0.106,0.149,0.098
8454,265.00,691.39,249,1.695,2954.4,0.262,0.034,0.159,0.117,0.076,0.166,0.186
8455,200.00,672.14,178,1.862,2954.9,0.284,0.047,0.152,0.082,0.120,0.114,0.202
8456,413.00,670.60,353,1.863,2955.5,0.243,0.126,0.150,0.095,0.157,0.095,0.133
8457,1221.00,675.73,1010,1.127,2955.7,0.448,0.010,0.396,0.031,0.052,0.000,0.062
8458,596.00,676.39,528,1.854,2956.5,0.278,0.048,0.189,0.088,0.126,0.102,0.169
8459,758.00,677.50,655,1.854,2957.1,0.272,0.131,0.146,0.100,0.085,0.153,0.113
8460,930.00,679.55,802,1.690,2957.3,0.439,0.084,0.075,0.150,0.047,0.103,0.103
8461,1255.00,686.31,1084,1.399,2957.4,0.414,0.000,0.207,0.023,0.184,0.103,0.069
8462,453.00,690.84,352,1.876,2957.7,0.221,0.087,0.092,0.169,0.097,0.174,0.159
8463,346.00,691.24,426,1.538,2957.8,0.317,0.083,0.250,0.100,0.050,0.117,0.083
8464,894.00,700.18,679,1.773,2958.1,0.234,0.197,0.088,0.175,0.044,0.117,0.146
8465,707.00,703.33,691,1.522,2958.2,0.229,0.014,0.286,0.014,0.271,0.043,0.143
8466,925.00,702.30,680,1.881,2958.6,0.204,0.116,0.103,0.207,0.082,0.122,0.166
8467,537.00,693.97,249,1.750,2958.9,0.203,0.238,0.058,0.233,0.047,0.081,0.140
8468,1513.00,699.84,1065,1.694,2959.1,0.200,0.090,0.220,0.070,0.060,0.220,0.140
8469,1131.00,702.08,1156,1.730,2959.2,0.247,0.180,0.169,0.056,0.101,0.146,0.101
8470,460.00,700.55,463,1.898,2960.2,0.191,0.184,0.124,0.156,0.101,0.141,0.104
8471,337.00,698.28,323,1.806,2960.5,0.095,0.279,0.070,0.139,0.060,0.194,0.164
8472,213.00,698.63,293,1.833,2960.9,0.137,0.323,0.048,0.137,0.110,0.117,0.127
8473,651.00,691.20,691,1.909,2961.4,0.174,0.144,0.117,0.140,0.120,0.161,0.144
8474,505.00,690.30,585,1.878,2961.8,0.147,0.247,0.089,0.143,0.089,0.166,0.120
8475,352.00,686.92,361,1.860,2962.1,0.140,0.237,0.056,0.214,0.084,0.163,0.107
8476,653.00,688.02,733,1.910,2963.1,0.200,0.143,0.118,0.158,0.108,0.167,0.106
8477,321.00,685.87,358,1.894,2963.7,0.219,0.170,0.074,0.221,0.112,0.112,0.092
8478,465.00,681.11,415,1.876,2964.2,0.162,0.222,0.071,0.155,0.152,0.111,0.128
8479,1078.00,689.49,903,1.868,2964.7,0.171,0.179,0.079,0.145,0.166,0.153,0.107
8480,354.00,688.52,373,1.826,2965.2,0.092,0.213,0.038,0.248,0.105,0.238,0.067
8481,480.00,689.82,352,1.817,2965.5,0.146,0.236,0.022,0.191,0.084,0.258,0.062
8482,6.00,684.41,86,1.859,2965.8,0.143,0.209,0.082,0.250,0.102,0.138,0.077
8483,531.00,681.76,506,1.903,2966.2,0.127,0.178,0.069,0.236,0.116,0.171,0.102
8484,299.00,670.72,368,1.822,2966.4,0.124,0.264,0.025,0.248,0.124,0.140,0.074
8485,1162.00,667.62,649,1.863,2966.5,0.158,0.200,0.011,0.168,0.116,0.242,0.105
8486,966.00,674.45,909,1.851,2966.7,0.123,0.172,0.049,0.262,0.090,0.164,0.139
8487,952.00,667.28,797,1.797,2966.9,0.111,0.190,0.079,0.135,0.143,0.238,0.103
8488,58.00,663.13,72,1.818,2967.1,0.126,0.211,0.063,0.211,0.095,0.168,0.126
8489,1467.00,669.75,1132,1.732,2967.2,0.168,0.126,0.221,0.095,0.084,0.221,0.084
8490,1121.00,675.00,1055,1.905,2967.6,0.213,0.157,0.094,0.201,0.087,0.150,0.098
8491,608.00,678.39,625,1.920,2968.3,0.165,0.161,0.111,0.165,0.113,0.169,0.117
8492,285.00,674.56,129,1.524,2968.5,0.170,0.170,0.283,0.142,0.057,0.123,0.057
8493,446.00,674.89,377,1.862,2968.7,0.153,0.148,0.095,0.243,0.085,0.201,0.074
8494,70.00,672.45,145,1.830,2968.9,0.118,0.226,0.043,0.355,0.043,0.151,0.065
8495,872.00,673.75,770,1.919,2969.4,0.184,0.122,0.116,0.151,0.128,0.190,0.110
8496,1130.00,680.04,893,1.881,2969.8,0.189,0.186,0.111,0.139,0.108,0.179,0.088
8497,634.00,681.20,420,1.892,2970.1,0.211,0.206,0.083,0.175,0.105,0.149,0.070
8498,53.00,671.98,133,1.682,2970.3,0.132,0.355,0.105,0.224,0.039,0.053,0.092
8499,331.00,670.16,340,1.822,2970.5,0.121,0.282,0.114,0.215,0.074,0.087,0.107
8500,1072.00,678.50,966,1.785,2970.6,0.278,0.181,0.153,0.139,0.056,0.028,0.167
8501,1029.00,685.13,941,1.900,2971.0,0.190,0.139,0.114,0.168,0.125,0.121,0.143
8502,302.00,682.34,302,1.322,2971.1,0.610,0.024,0.073,0.000,0.049,0.000,0.244
8503,604.00,684.01,654,1.799,2971.2,0.168,0.326,0.084,0.105,0.011,0.084,0.221
8504,1074.00,691.84,1050,1.904,2971.7,0.170,0.180,0.108,0.170,0.082,0.134,0.154
8505,853.00,695.53,925,1.920,2972.7,0.187,0.136,0.151,0.173,0.117,0.128,0.108
8506,508.00,693.11,423,1.923,2973.1,0.206,0.137,0.137,0.141,0.100,0.158,0.120
8507,1263.00,701.10,899,1.709,2973.2,0.267,0.174,0.174,0.023,0.163,0.047,0.151
8508,331.00,691.22,264,1.875,2973.5,0.224,0.200,0.153,0.082,0.082,0.106,0.153
8509,743.00,697.00,611,1.561,2973.6,0.250,0.154,0.250,0.000,0.192,0.038,0.115
8510,703.00,700.02,743,1.492,2973.7,0.471,0.015,0.191,0.000,0.191,0.029,0.103
8511,352.00,695.02,403,1.911,2974.1,0.191,0.233,0.157,0.106,0.085,0.114,0.114
8512,525.00,696.19,491,1.872,2974.3,0.210,0.210,0.160,0.099,0.099,0.117,0.105
8513,267.00,681.13,298,1.929,2974.6,0.187,0.154,0.126,0.104,0.137,0.165,0.126
8514,636.00,678.57,575,1.917,2975.0,0.187,0.124,0.116,0.171,0.139,0.159,0.104
8515,773.00,682.89,606,1.906,2975.3,0.243,0.103,0.081,0.097,0.184,0.216,0.076
8516,486.00,682.44,470,1.898,2975.6,0.169,0.130,0.102,0.141,0.119,0.243,0.096
8517,725.00,684.89,647,1.685,2975.7,0.200,0.083,0.150,0.083,0.283,0.033,0.167
8518,530.00,681.08,396,1.904,2976.1,0.202,0.112,0.120,0.136,0.140,0.165,0.124
8519,768.00,684.93,796,1.907,2976.6,0.212,0.101,0.168,0.139,0.111,0.171,0.098
8520,761.00,685.85,727,1.868,2976.9,0.274,0.126,0.137,0.103,0.126,0.137,0.097
8521,498.00,683.70,419,1.919,2977.2,0.132,0.172,0.103,0.126,0.167,0.155,0.144
8522,597.00,680.31,397,1.764,2977.3,0.048,0.202,0.143,0.095,0.238,0.036,0.238
8523,994.00,685.57,942,1.612,2977.5,0.047,0.058,0.267,0.047,0.209,0.070,0.302
8524,910.00,691.12,885,1.842,2977.6,0.178,0.123,0.110,0.164,0.137,0.068,0.219
8525,334.00,692.15,271,1.925,2977.8,0.255,0.085,0.085,0.123,0.151,0.085,0.217
8526,637.00,693.66,574,1.931,2978.2,0.145,0.140,0.136,0.132,0.153,0.136,0.157
8527,605.00,696.69,639,1.919,2978.7,0.169,0.154,0.137,0.157,0.151,0.103,0.129
8528,688.00,695.69,625,1.904,2979.1,0.179,0.188,0.128,0.141,0.132,0.103,0.128
8529,1084.00,699.37,356,0.923,2979.2,0.720,0.000,0.020,0.000,0.140,0.020,0.100
8530,712.00,703.46,480,1.924,2979.7,0.264,0.141,0.131,0.117,0.101,0.171,0.075
8531,613.00,706.23,463,1.910,2980.0,0.223,0.150,0.092,0.087,0.228,0.097,0.121
8532,1111.00,709.98,1066,1.904,2980.4,0.257,0.083,0.138,0.142,0.115,0.147,0.119
8533,329.00,694.37,115,0.771,2980.5,0.757,0.000,0.000,0.000,0.135,0.000,0.108
8534,689.00,694.20,519,0.720,2980.5,0.744,0.000,0.000,0.000,0.093,0.000,0.163
8535,506.00,688.93,461,1.919,2981.5,0.205,0.117,0.148,0.117,0.088,0.205,0.119
8536,803.00,691.69,818,1.324,2981.6,0.197,0.000,0.136,0.015,0.379,0.030,0.242
8537,322.00,687.74,228,1.757,2981.9,0.246,0.130,0.043,0.145,0.080,0.181,0.174
8538,634.00,685.95,576,1.790,2982.3,0.280,0.161,0.055,0.114,0.071,0.154,0.165
8539,1544.00,691.40,1510,1.638,2982.5,0.402,0.090,0.041,0.074,0.123,0.082,0.189
8540,195.00,680.65,275,1.811,2982.8,0.258,0.161,0.046,0.124,0.106,0.088,0.217
8541,408.00,669.22,352,1.902,2983.5,0.212,0.150,0.083,0.145,0.113,0.167,0.130
8542,200.00,652.86,276,1.860,2984.0,0.192,0.202,0.038,0.176,0.071,0.151,0.170
8543,89.00,650.11,89,0.552,2984.1,0.854,0.000,0.000,0.000,0.042,0.000,0.104
8544,366.00,646.49,375,1.902,2984.7,0.229,0.151,0.085,0.177,0.090,0.130,0.139
8545,319.00,648.59,355,1.886,2985.1,0.281,0.123,0.095,0.103,0.154,0.075,0.170
8546,1352.00,657.47,1047,1.627,2985.2,0.191,0.067,0.124,0.135,0.326,0.022,0.135
8547,696.00,651.03,601,1.907,2985.9,0.187,0.091,0.160,0.131,0.168,0.137,0.126
8548,455.00,643.21,535,1.525,2986.1,0.178,0.023,0.054,0.217,0.318,0.031,0.178
8549,959.00,649.81,985,1.890,2987.1,0.153,0.091,0.108,0.161,0.249,0.128,0.109
8550,125.00,645.50,205,1.830,2987.4,0.063,0.220,0.082,0.138,0.283,0.113,0.101
8551,990.00,646.90,815,1.797,2987.7,0.112,0.218,0.069,0.085,0.287,0.106,0.122
8552,530.00,643.90,450,1.852,2987.9,0.131,0.224,0.115,0.071,0.251,0.071,0.137
8553,999.00,646.02,787,1.894,2988.2,0.184,0.197,0.125,0.099,0.184,0.046,0.164
8554,508.00,648.45,533,1.917,2988.5,0.165,0.169,0.156,0.087,0.156,0.091,0.177
8555,325.00,649.70,302,1.916,2988.8,0.157,0.141,0.126,0.106,0.177,0.106,0.187
8556,817.00,653.74,590,1.553,2989.0,0.135,0.041,0.135,0.027,0.108,0.027,0.527
8557,500.00,646.53,580,1.914,2989.4,0.140,0.183,0.177,0.110,0.113,0.113,0.163
8558,272.00,643.29,300,1.908,2989.7,0.112,0.213,0.162,0.107,0.152,0.107,0.147
8559,774.00,643.45,577,1.747,2989.9,0.133,0.080,0.200,0.013,0.333,0.120,0.120
8560,814.00,642.29,787,1.923,2990.2,0.107,0.168,0.168,0.117,0.117,0.198,0.127
8561,560.00,635.34,492,1.825,2990.3,0.200,0.155,0.273,0.082,0.109,0.055,0.127
8562,486.00,635.67,533,1.932,2991.0,0.180,0.137,0.143,0.106,0.132,0.163,0.139
8563,588.00,638.09,586,1.910,2991.4,0.263,0.144,0.179,0.091,0.112,0.116,0.095
8564,1110.00,640.25,1081,1.888,2991.8,0.190,0.145,0.161,0.103,0.128,0.178,0.095
8565,398.00,637.16,417,1.887,2992.2,0.124,0.247,0.203,0.108,0.108,0.124,0.088
8566,581.00,633.72,604,1.915,2992.6,0.199,0.169,0.176,0.117,0.107,0.163,0.068
8567,745.00,635.80,636,1.891,2993.0,0.202,0.141,0.209,0.152,0.087,0.133,0.076
8568,624.00,626.91,411,1.787,2993.2,0.290,0.138,0.232,0.101,0.043,0.174,0.022
8569,670.00,622.30,393,1.897,2993.6,0.176,0.126,0.167,0.180,0.095,0.162,0.095
8570,1374.00,631.44,996,1.856,2993.8,0.270,0.157,0.157,0.118,0.112,0.140,0.045
8571,191.00,629.98,271,1.903,2994.2,0.174,0.185,0.141,0.133,0.107,0.207,0.052
8572,1861.00,646.46,1495,1.800,2994.5,0.218,0.096,0.212,0.109,0.122,0.192,0.051
8573,413.00,644.08,322,1.925,2994.9,0.134,0.138,0.160,0.190,0.134,0.172,0.071
8574,840.00,647.43,752,1.676,2995.0,0.261,0.036,0.324,0.063,0.126,0.144,0.045
8575,572.00,649.63,652,1.937,2995.7,0.173,0.127,0.122,0.125,0.164,0.159,0.129
8576,697.00,650.07,647,1.921,2996.0,0.142,0.079,0.178,0.158,0.150,0.174,0.119
8577,315.00,650.01,270,1.892,2996.3,0.152,0.093,0.119,0.199,0.126,0.166,0.146
8578,246.00,647.82,258,1.924,2996.8,0.138,0.065,0.172,0.152,0.155,0.192,0.127
8579,262.00,639.66,289,1.857,2997.0,0.194,0.032,0.137,0.073,0.210,0.177,0.177
8580,1149.00,647.61,1142,1.569,2997.1,0.192,0.000,0.233,0.000,0.178,0.082,0.315
8581,355.00,646.36,433,1.894,2997.5,0.192,0.054,0.125,0.087,0.217,0.188,0.138
8582,382.00,650.12,413,1.884,2997.7,0.176,0.063,0.151,0.107,0.164,0.195,0.145
8583,492.00,649.73,442,1.878,2997.9,0.197,0.074,0.107,0.107,0.164,0.148,0.205
8584,643.00,653.17,566,1.929,2998.5,0.188,0.100,0.105,0.132,0.130,0.176,0.169
8585,924.00,650.79,829,1.887,2999.0,0.160,0.082,0.173,0.118,0.160,0.163,0.144
8586,468.00,645.81,434,1.908,2999.4,0.130,0.089,0.181,0.104,0.130,0.152,0.215
8587,0.00,636.29,0,0.109,2999.4,0.000,0.000,0.000,0.000,0.000,0.000,1.000
8588,269.00,638.40,250,1.903,2999.7,0.114,0.124,0.097,0.097,0.103,0.227,0.238
8589,160.00,625.33,172,1.896,3000.1,0.103,0.154,0.107,0.111,0.124,0.188,0.214
8590,866.00,622.78,745,1.912,3000.5,0.144,0.164,0.141,0.087,0.128,0.161,0.174
8591,821.00,624.91,815,1.492,3000.7,0.112,0.101,0.101,0.045,0.067,0.225,0.348
8592,1284.00,634.90,1155,1.135,3000.8,0.049,0.037,0.136,0.037,0.025,0.272,0.444
8593,666.00,637.10,631,1.691,3001.0,0.080,0.096,0.168,0.096,0.104,0.216,0.240
8594,718.00,643.58,635,1.923,3001.8,0.135,0.165,0.122,0.131,0.114,0.189,0.143
8595,651.00,641.37,603,1.781,3002.1,0.223,0.166,0.223,0.064,0.025,0.153,0.146
8596,248.00,632.55,328,1.843,3002.3,0.158,0.211,0.216,0.095,0.026,0.158,0.137
8597,719.00,633.40,638,1.351,3002.5,0.085,0.047,0.274,0.000,0.038,0.142,0.415
8598,543.00,638.30,540,1.918,3003.7,0.157,0.138,0.186,0.132,0.102,0.151,0.134
8599,162.00,636.61,239,1.724,3004.1,0.166,0.300,0.126,0.105,0.061,0.134,0.108
8600,236.00,628.25,31,1.385,3004.3,0.261,0.224,0.418,0.037,0.030,0.015,0.015
8601,382.00,621.78,414,1.770,3005.2,0.209,0.235,0.268,0.061,0.105,0.044,0.077
8602,880.00,627.56,706,1.529,3005.4,0.273,0.220,0.353,0.027,0.027,0.040,0.060
8603,96.00,622.48,175,1.805,3006.0,0.161,0.275,0.233,0.071,0.111,0.042,0.106
8604,676.00,618.50,660,1.869,3006.5,0.199,0.214,0.231,0.101,0.101,0.058,0.095
8605,1258.00,622.55,1118,1.175,3006.6,0.449,0.061,0.224,0.000,0.041,0.082,0.143
8606,661.00,624.08,593,1.734,3006.8,0.282,0.228,0.161,0.067,0.074,0.081,0.107
8607,1020.00,621.65,785,1.848,3007.2,0.238,0.170,0.170,0.074,0.152,0.046,0.149
8608,1291.00,631.25,1042,1.839,3007.8,0.209,0.172,0.214,0.110,0.131,0.065,0.099
8609,416.00,627.98,416,1.065,3007.9,0.395,0.000,0.140,0.000,0.023,0.023,0.419
8610,302.00,623.97,180,1.291,3007.9,0.354,0.021,0.188,0.000,0.021,0.000,0.417
8611,1320.00,633.65,1137,1.836,3008.3,0.245,0.157,0.144,0.079,0.131,0.074,0.170
8612,772.00,636.12,722,1.803,3008.6,0.280,0.108,0.226,0.048,0.113,0.075,0.151
8613,242.00,635.87,228,1.358,3008.7,0.226,0.024,0.238,0.000,0.071,0.048,0.393
8614,201.00,631.52,201,0.754,3008.8,0.073,0.000,0.024,0.000,0.073,0.000,0.829
8615,336.00,627.15,336,0.865,3008.8,0.095,0.000,0.048,0.000,0.071,0.000,0.786
8616,865.00,630.94,813,1.889,3009.3,0.158,0.135,0.154,0.077,0.165,0.104,0.208
8617,440.00,628.09,454,1.908,3009.9,0.152,0.130,0.149,0.092,0.214,0.118,0.145
8618,273.00,625.52,337,1.879,3010.2,0.155,0.208,0.097,0.053,0.217,0.101,0.169
8619,581.00,623.65,344,1.906,3010.7,0.174,0.144,0.177,0.129,0.141,0.093,0.141
8620,238.00,618.42,261,1.843,3010.9,0.151,0.168,0.160,0.034,0.261,0.101,0.126
8621,653.00,619.97,590,1.910,3011.4,0.159,0.141,0.126,0.129,0.207,0.150,0.090
8622,963.00,623.63,938,1.913,3011.7,0.259,0.150,0.119,0.119,0.181,0.098,0.073
8623,507.00,618.76,457,1.901,3012.1,0.140,0.134,0.110,0.117,0.221,0.097,0.181
8624,437.00,614.03,411,1.810,3012.3,0.183,0.165,0.046,0.092,0.275,0.083,0.156
8625,300.00,613.69,268,1.877,3012.8,0.121,0.123,0.079,0.184,0.216,0.104,0.173
8626,520.00,612.52,381,1.816,3013.1,0.153,0.153,0.115,0.096,0.312,0.057,0.115
8627,263.00,609.10,343,1.808,3013.3,0.200,0.143,0.071,0.050,0.314,0.014,0.207
8628,358.00,605.80,328,1.892,3013.5,0.154,0.219,0.071,0.160,0.183,0.077,0.136
8629,610.00,601.06,642,1.918,3014.7,0.157,0.116,0.139,0.148,0.192,0.110,0.138
8630,577.00,599.71,552,1.911,3015.4,0.155,0.188,0.102,0.163,0.161,0.137,0.095
8631,485.00,598.43,430,1.914,3015.8,0.120,0.166,0.126,0.182,0.135,0.148,0.123
8632,807.00,595.39,786,1.889,3016.3,0.175,0.205,0.077,0.152,0.165,0.101,0.125
8633,367.00,595.77,367,1.895,3016.7,0.213,0.210,0.077,0.136,0.125,0.077,0.162
8634,785.00,596.73,567,1.627,3016.8,0.227,0.068,0.114,0.114,0.114,0.136,0.227
8635,1026.00,601.93,864,1.869,3016.9,0.266,0.156,0.092,0.147,0.101,0.018,0.220
8636,195.00,595.85,275,1.920,3017.3,0.162,0.176,0.117,0.167,0.108,0.095,0.176
8637,283.00,595.46,307,1.932,3017.7,0.151,0.186,0.126,0.157,0.151,0.104,0.126
8638,321.00,592.33,383,1.933,3018.3,0.130,0.162,0.133,0.191,0.139,0.148,0.096
8639,714.00,584.03,387,1.907,3018.5,0.193,0.141,0.193,0.104,0.177,0.094,0.099
8640,1027.00,592.35,929,1.884,3018.8,0.190,0.183,0.190,0.085,0.144,0.092,0.118
8641,1264.00,600.91,899,1.810,3019.0,0.160,0.167,0.293,0.060,0.120,0.053,0.147
8642,631.00,605.22,654,1.876,3019.3,0.213,0.149,0.166,0.102,0.140,0.098,0.132
8643,558.00,609.91,357,1.877,3019.7,0.248,0.150,0.177,0.088,0.102,0.128,0.106
8644,977.00,616.02,934,1.879,3020.1,0.171,0.232,0.143,0.129,0.114,0.086,0.125
8645,1182.00,624.65,1139,1.784,3020.4,0.206,0.168,0.224,0.075,0.112,0.051,0.164
8646,808.00,619.21,715,1.917,3021.4,0.180,0.177,0.169,0.127,0.135,0.102,0.110
8647,467.00,616.92,467,1.833,3021.6,0.170,0.170,0.188,0.148,0.085,0.045,0.193
8648,142.00,613.79,93,0.984,3021.7,0.094,0.019,0.038,0.038,0.019,0.000,0.792
8649,236.00,606.56,254,1.765,3022.0,0.154,0.124,0.142,0.101,0.166,0.024,0.290
8650,557.00,610.88,557,1.779,3022.2,0.169,0.107,0.169,0.073,0.112,0.039,0.331
8651,917.00,610.15,733,1.908,3023.0,0.160,0.160,0.194,0.103,0.138,0.084,0.161
8652,656.00,611.41,520,1.784,3023.3,0.209,0.076,0.266,0.082,0.076,0.082,0.209
8653,631.00,607.73,609,1.681,3023.4,0.336,0.037,0.196,0.084,0.159,0.028,0.159
8654,665.00,609.30,656,1.871,3023.8,0.159,0.110,0.184,0.219,0.131,0.049,0.148
8655,226.00,608.31,226,0.915,3023.9,0.091,0.000,0.068,0.000,0.045,0.000,0.795
8656,394.00,604.08,381,1.770,3024.1,0.088,0.088,0.270,0.146,0.124,0.007,0.277
8657,472.00,603.80,451,1.917,3024.5,0.117,0.121,0.193,0.188,0.130,0.090,0.161
8658,126.00,602.34,203,1.914,3024.8,0.134,0.203,0.106,0.187,0.134,0.041,0.195
8659,741.00,602.01,736,1.540,3025.0,0.090,0.000,0.104,0.015,0.418,0.090,0.284
8660,409.00,597.96,279,1.927,3025.2,0.161,0.211,0.167,0.133,0.139,0.089,0.100
8661,179.00,594.15,178,1.938,3025.7,0.119,0.214,0.143,0.139,0.122,0.112,0.150
8662,620.00,595.49,566,1.736,3025.8,0.212,0.115,0.154,0.096,0.135,0.058,0.231
8663,720.00,596.81,709,1.895,3026.0,0.249,0.072,0.122,0.133,0.149,0.122,0.155
8664,1026.00,595.97,914,1.830,3026.3,0.240,0.143,0.104,0.143,0.162,0.084,0.123
8665,683.00,598.82,622,1.912,3026.7,0.221,0.139,0.136,0.167,0.105,0.139,0.092
8666,370.00,596.71,440,1.926,3027.2,0.198,0.117,0.160,0.178,0.093,0.140,0.114
8667,1309.00,602.35,1151,1.522,3027.3,0.200,0.017,0.133,0.017,0.100,0.233,0.300
8668,1262.00,608.73,1225,1.909,3027.9,0.196,0.114,0.152,0.145,0.121,0.154,0.117
8669,522.00,607.25,483,1.530,3028.0,0.397,0.017,0.190,0.000,0.155,0.121,0.121
8670,1075.00,604.26,1008,1.751,3028.3,0.306,0.087,0.188,0.069,0.113,0.106,0.131
8671,374.00,606.09,402,1.920,3029.0,0.192,0.128,0.163,0.161,0.114,0.097,0.145
8672,740.00,594.88,719,1.866,3029.4,0.249,0.139,0.120,0.136,0.142,0.104,0.110
8673,593.00,596.68,327,1.930,3030.0,0.175,0.125,0.138,0.125,0.163,0.128,0.145
8674,913.00,597.41,763,1.465,3030.2,0.132,0.033,0.143,0.088,0.099,0.319,0.187
8675,254.00,594.23,326,1.813,3030.6,0.099,0.072,0.190,0.323,0.141,0.084,0.091
8676,413.00,591.39,377,1.823,3030.9,0.078,0.059,0.196,0.315,0.151,0.119,0.082
8677,726.00,595.50,751,1.894,3031.3,0.135,0.106,0.131,0.230,0.204,0.120,0.073
8678,217.00,595.21,148,1.905,3031.7,0.140,0.083,0.170,0.235,0.170,0.106,0.095
8679,794.00,600.53,731,1.371,3031.8,0.017,0.000,0.051,0.034,0.237,0.339,0.322
8680,577.00,594.81,318,1.914,3032.1,0.104,0.139,0.139,0.213,0.183,0.158,0.064
8681,205.00,593.31,166,1.935,3032.5,0.152,0.134,0.171,0.138,0.115,0.184,0.106
8682,494.00,594.43,485,1.916,3032.8,0.184,0.126,0.175,0.112,0.136,0.150,0.117
8683,992.00,599.43,557,1.863,3033.0,0.193,0.062,0.170,0.136,0.125,0.199,0.114
8684,676.00,599.76,704,1.742,3033.3,0.181,0.072,0.102,0.114,0.072,0.325,0.133
8685,773.00,598.25,760,1.914,3034.0,0.168,0.095,0.142,0.172,0.125,0.179,0.119
8686,1181.00,605.38,1035,1.890,3034.4,0.230,0.102,0.082,0.180,0.133,0.184,0.090
8687,320.00,608.58,320,0.975,3034.5,0.043,0.000,0.000,0.000,0.064,0.106,0.787
8688,508.00,610.97,408,1.886,3034.8,0.181,0.086,0.103,0.228,0.190,0.142,0.069
8689,453.00,613.90,342,1.782,3035.0,0.269,0.022,0.086,0.129,0.237,0.151,0.108
8690,881.00,614.05,683,1.846,3035.2,0.223,0.108,0.108,0.142,0.155,0.135,0.128
8691,1065.00,616.49,899,1.172,3035.3,0.075,0.019,0.038,0.038,0.132,0.170,0.528
8692,501.00,608.66,447,1.334,3035.4,0.148,0.019,0.019,0.074,0.148,0.056,0.537
8693,539.00,607.39,539,1.054,3035.5,0.000,0.000,0.000,0.022,0.065,0.348,0.565
8694,313.00,603.34,304,1.905,3035.7,0.257,0.105,0.084,0.183,0.183,0.094,0.094
8695,441.00,601.24,403,1.925,3036.3,0.174,0.120,0.115,0.202,0.143,0.148,0.097
8696,580.00,604.56,257,1.881,3036.6,0.222,0.132,0.108,0.151,0.132,0.142,0.113
8697,604.00,603.41,343,1.624,3036.8,0.123,0.049,0.012,0.148,0.432,0.160,0.074
8698,1481.00,612.79,1521,1.716,3036.9,0.160,0.056,0.032,0.096,0.272,0.208,0.176
8699,499.00,616.16,486,1.878,3037.2,0.230,0.162,0.089,0.178,0.162,0.079,0.099
8700,573.00,619.53,559,1.078,3037.3,0.059,0.000,0.000,0.000,0.235,0.098,0.608
8701,850.00,624.21,760,1.907,3037.8,0.141,0.210,0.089,0.170,0.178,0.118,0.095
8702,488.00,620.29,442,1.830,3038.1,0.145,0.123,0.094,0.123,0.225,0.101,0.188
8703,503.00,624.36,424,1.923,3038.5,0.151,0.144,0.079,0.157,0.157,0.128,0.184
8704,491.00,622.51,501,1.927,3039.0,0.160,0.149,0.109,0.160,0.156,0.149,0.116
8705,951.00,619.44,941,1.935,3040.2,0.170,0.146,0.147,0.150,0.149,0.116,0.121
8706,618.00,619.01,658,1.923,3041.0,0.138,0.162,0.161,0.169,0.112,0.149,0.109
8707,666.00,615.47,664,1.811,3041.6,0.175,0.263,0.068,0.108,0.113,0.148,0.125
8708,613.00,608.69,620,1.789,3042.0,0.152,0.311,0.042,0.145,0.093,0.131,0.125
8709,439.00,608.92,500,1.691,3042.3,0.191,0.319,0.007,0.092,0.106,0.113,0.170
8710,369.00,609.59,400,1.841,3042.8,0.198,0.301,0.070,0.070,0.097,0.125,0.139
8711,262.00,599.01,342,1.826,3043.1,0.209,0.252,0.029,0.107,0.160,0.141,0.102
8712,512.00,596.41,545,1.852,3043.4,0.188,0.244,0.028,0.108,0.148,0.153,0.131
8713,0.00,593.99,0,0.185,3043.5,0.000,0.000,0.000,0.000,0.000,0.000,1.000
8714,906.00,601.04,800,1.867,3043.7,0.169,0.134,0.085,0.099,0.169,0.141,0.204
8715,600.00,603.68,416,1.892,3044.1,0.208,0.158,0.082,0.161,0.104,0.172,0.115
8716,250.00,597.53,155,0.814,3044.2,0.095,0.024,0.024,0.024,0.000,0.119,0.714
8717,309.00,596.22,293,1.912,3044.9,0.201,0.149,0.111,0.124,0.099,0.161,0.155
8718,725.00,600.74,558,1.715,3045.0,0.246,0.116,0.014,0.174,0.130,0.087,0.232
8719,973.00,604.66,646,1.554,3045.2,0.388,0.104,0.015,0.164,0.045,0.179,0.104
8720,1655.00,618.83,1144,1.648,3045.4,0.317,0.093,0.066,0.202,0.082,0.202,0.038
8721,1629.00,628.59,1605,1.847,3047.2,0.274,0.118,0.106,0.148,0.138,0.143,0.075
8722,409.00,623.05,388,1.724,3047.6,0.374,0.106,0.103,0.215,0.076,0.089,0.036
8723,398.00,621.96,427,1.626,3047.9,0.459,0.100,0.082,0.159,0.041,0.100,0.059
8724,778.00,625.37,624,1.685,3048.1,0.457,0.065,0.033,0.152,0.103,0.120,0.071
8725,304.00,625.41,304,0.838,3048.2,0.083,0.000,0.000,0.000,0.000,0.250,0.667
8726,427.00,624.48,234,1.843,3048.7,0.375,0.074,0.099,0.164,0.087,0.127,0.074
8727,524.00,627.09,469,1.843,3049.0,0.295,0.103,0.112,0.165,0.116,0.107,0.103
8728,581.00,629.32,413,1.214,3049.1,0.146,0.000,0.341,0.024,0.000,0.073,0.415
8729,332.00,626.54,266,1.904,3049.5,0.271,0.100,0.215,0.120,0.112,0.084,0.100
8730,170.00,622.47,250,1.928,3050.1,0.156,0.105,0.182,0.169,0.123,0.105,0.161
8731,714.00,624.76,650,1.699,3050.2,0.159,0.068,0.307,0.045,0.205,0.091,0.125
8732,843.00,625.12,596,1.698,3050.4,0.200,0.043,0.243,0.086,0.129,0.129,0.171
8733,214.00,623.59,250,1.922,3051.0,0.180,0.103,0.172,0.147,0.154,0.136,0.108
8734,663.00,622.37,639,1.728,3051.1,0.202,0.055,0.156,0.165,0.294,0.083,0.046
8735,475.00,616.86,515,1.929,3051.8,0.167,0.121,0.155,0.179,0.140,0.148,0.090
8736,378.00,618.69,452,1.896,3052.3,0.185,0.133,0.142,0.164,0.145,0.155,0.076
8737,1252.00,628.38,414,1.645,3052.5,0.172,0.034,0.303,0.138,0.131,0.186,0.034
8738,479.00,629.96,488,1.909,3053.0,0.188,0.114,0.150,0.180,0.114,0.169,0.084
8739,347.00,626.29,345,1.926,3053.6,0.192,0.114,0.208,0.114,0.117,0.153,0.101
8740,67.00,616.69,147,1.652,3053.7,0.117,0.065,0.429,0.104,0.104,0.039,0.143
8741,765.00,611.70,566,1.664,3054.0,0.139,0.092,0.272,0.098,0.225,0.087,0.087
8742,278.00,608.17,294,1.829,3054.4,0.150,0.105,0.207,0.099,0.268,0.105,0.067
8743,3.00,602.62,75,1.516,3054.6,0.100,0.078,0.400,0.122,0.244,0.000,0.056
8744,502.00,597.87,525,1.863,3054.8,0.168,0.112,0.205,0.130,0.211,0.099,0.075
8745,456.00,590.61,491,1.913,3055.5,0.166,0.088,0.154,0.159,0.217,0.107,0.110
8746,1087.00,593.40,554,1.834,3055.7,0.143,0.143,0.238,0.119,0.167,0.137,0.054
8747,473.00,593.46,468,1.864,3055.9,0.187,0.131,0.243,0.121,0.168,0.093,0.056
8748,708.00,599.12,620,1.921,3056.4,0.191,0.149,0.128,0.131,0.175,0.128,0.097
8749,478.00,601.54,429,1.879,3056.8,0.205,0.157,0.104,0.124,0.173,0.165,0.072
8750,195.00,597.92,132,0.988,3056.9,0.881,0.000,0.000,0.000,0.024,0.024,0.071
8751,368.00,592.43,340,1.863,3057.2,0.270,0.144,0.079,0.098,0.177,0.130,0.102
8752,661.00,592.48,653,1.887,3057.6,0.189,0.159,0.066,0.150,0.159,0.172,0.106
8753,537.00,591.54,567,1.864,3058.0,0.229,0.127,0.088,0.116,0.204,0.137,0.099
8754,470.00,589.59,463,1.859,3058.3,0.245,0.135,0.046,0.181,0.207,0.127,0.059
8755,367.00,591.00,359,1.914,3058.9,0.218,0.116,0.084,0.124,0.198,0.134,0.126
8756,599.00,593.05,536,1.869,3059.4,0.194,0.127,0.127,0.095,0.171,0.152,0.133
8757,966.00,597.99,931,1.856,3060.1,0.256,0.147,0.121,0.092,0.191,0.089,0.104
8758,587.00,602.60,498,1.425,3060.2,0.506,0.047,0.247,0.035,0.094,0.012,0.059
8759,598.00,601.17,556,1.888,3060.8,0.229,0.155,0.134,0.121,0.155,0.082,0.124
8760,393.00,601.01,416,1.883,3061.5,0.149,0.184,0.122,0.107,0.197,0.119,0.122
8761,765.00,606.87,710,1.913,3062.1,0.238,0.109,0.127,0.097,0.164,0.166,0.099
8762,281.00,603.48,206,1.881,3062.5,0.197,0.118,0.154,0.104,0.190,0.129,0.108
8763,567.00,601.95,605,1.892,3063.1,0.227,0.141,0.106,0.131,0.156,0.123,0.116
8764,260.00,594.29,260,0.945,3063.2,0.632,0.000,0.000,0.000,0.053,0.026,0.289
8765,434.00,591.80,432,1.611,3063.3,0.474,0.039,0.079,0.053,0.118,0.053,0.184
8766,602.00,594.12,495,1.116,3063.4,0.476,0.000,0.071,0.024,0.048,0.048,0.333
8767,473.00,585.76,435,1.250,3063.5,0.571,0.000,0.061,0.000,0.102,0.020,0.245
8768,337.00,576.51,332,1.828,3063.7,0.290,0.138,0.090,0.062,0.117,0.069,0.234
8769,532.00,576.61,281,1.887,3064.1,0.265,0.133,0.156,0.104,0.161,0.081,0.100
8770,1165.00,577.51,837,1.819,3064.5,0.207,0.141,0.133,0.047,0.270,0.094,0.109
8771,291.00,576.68,371,1.851,3064.7,0.197,0.197,0.149,0.059,0.213,0.096,0.090
8772,104.00,570.32,112,1.334,3064.9,0.066,0.145,0.053,0.000,0.566,0.039,0.132
8773,649.00,570.88,619,1.894,3065.3,0.201,0.173,0.127,0.049,0.141,0.152,0.155
8774,655.00,568.30,632,1.901,3066.2,0.196,0.161,0.126,0.098,0.168,0.138,0.113
8775,857.00,574.33,694,1.745,3066.4,0.240,0.112,0.073,0.106,0.156,0.223,0.089
8776,485.00,575.05,306,1.501,3066.8,0.196,0.048,0.072,0.060,0.500,0.044,0.080
8777,794.00,575.73,874,1.858,3068.6,0.191,0.113,0.121,0.116,0.234,0.100,0.125
8778,216.00,575.72,176,1.606,3069.0,0.269,0.130,0.101,0.082,0.346,0.019,0.053
8779,544.00,573.22,475,1.549,3069.1,0.309,0.103,0.132,0.059,0.235,0.000,0.162
8780,613.00,573.58,576,1.733,3069.5,0.331,0.092,0.173,0.099,0.183,0.025,0.099
8781,601.00,577.54,490,1.646,3069.7,0.323,0.114,0.174,0.072,0.234,0.030,0.054
8782,894.00,581.54,628,1.673,3070.0,0.341,0.141,0.168,0.081,0.216,0.000,0.054
8783,531.00,576.93,417,1.802,3070.6,0.285,0.146,0.183,0.097,0.188,0.042,0.059
8784,704.00,577.21,583,1.811,3071.2,0.207,0.176,0.166,0.145,0.181,0.038,0.087
8785,531.00,574.79,418,1.809,3071.5,0.142,0.210,0.288,0.100,0.196,0.023,0.041
8786,259.00,565.57,226,1.868,3071.8,0.170,0.137,0.209,0.121,0.170,0.022,0.170
8787,449.00,566.86,414,1.880,3072.2,0.226,0.167,0.143,0.099,0.179,0.052,0.135
8788,946.00,571.24,759,1.792,3072.3,0.126,0.153,0.171,0.315,0.144,0.009,0.081
8789,614.00,572.85,537,1.882,3073.0,0.161,0.170,0.165,0.139,0.161,0.062,0.141
8790,619.00,570.23,588,1.818,3073.2,0.074,0.165,0.144,0.122,0.218,0.043,0.234
8791,516.00,564.74,510,1.906,3074.4,0.128,0.122,0.167,0.119,0.223,0.103,0.137
8792,597.00,565.70,403,1.863,3075.0,0.200,0.127,0.142,0.130,0.172,0.062,0.167
8793,886.00,569.17,859,1.651,3075.1,0.254,0.051,0.136,0.119,0.136,0.000,0.305
8794,532.00,571.36,424,1.676,3075.2,0.243,0.189,0.054,0.027,0.108,0.081,0.297
8795,896.00,575.91,605,1.418,3075.3,0.088,0.070,0.053,0.018,0.386,0.018,0.368
8796,399.00,574.10,330,1.616,3075.4,0.347,0.111,0.111,0.014,0.153,0.028,0.236
8797,908.00,577.14,839,1.738,3075.8,0.322,0.098,0.107,0.065,0.206,0.065,0.136
8798,634.00,568.67,593,1.687,3076.0,0.315,0.096,0.075,0.034,0.158,0.027,0.295
8799,92.00,564.60,92,1.586,3076.1,0.352,0.110,0.088,0.011,0.220,0.044,0.176
8800,624.00,565.11,619,1.646,3076.3,0.329,0.211,0.053,0.053,0.105,0.013,0.237
8801,595.00,562.56,545,1.760,3076.6,0.274,0.126,0.116,0.068,0.174,0.074,0.168
8802,586.00,563.54,504,1.772,3076.7,0.192,0.101,0.253,0.030,0.172,0.020,0.232
8803,798.00,566.49,838,1.693,3076.9,0.014,0.155,0.155,0.183,0.268,0.000,0.225
8804,330.00,564.88,281,1.841,3077.1,0.176,0.094,0.147,0.112,0.218,0.082,0.171
8805,935.00,564.72,903,1.673,3077.3,0.125,0.114,0.080,0.205,0.261,0.011,0.205
8806,476.00,563.30,353,1.878,3077.6,0.219,0.139,0.148,0.110,0.169,0.076,0.139
8807,842.00,565.06,638,1.825,3077.9,0.138,0.123,0.167,0.109,0.254,0.051,0.159
8808,395.00,562.88,229,1.875,3078.2,0.208,0.084,0.128,0.097,0.279,0.049,0.155
8809,483.00,563.32,562,1.875,3078.6,0.118,0.189,0.160,0.118,0.218,0.042,0.155
8810,227.00,561.90,307,1.843,3078.8,0.194,0.164,0.119,0.075,0.231,0.007,0.209
8811,819.00,567.47,659,1.859,3079.1,0.196,0.179,0.089,0.168,0.140,0.073,0.156
8812,370.00,566.05,373,1.891,3079.4,0.235,0.141,0.141,0.115,0.124,0.056,0.188
8813,344.00,569.49,200,1.710,3079.7,0.173,0.113,0.153,0.267,0.120,0.013,0.160
8814,216.00,562.59,213,1.915,3080.0,0.168,0.121,0.108,0.129,0.172,0.134,0.168
8815,1639.00,572.98,1575,1.806,3080.2,0.143,0.143,0.107,0.221,0.143,0.107,0.136
8816,508.00,575.56,429,1.876,3080.4,0.227,0.156,0.117,0.164,0.125,0.070,0.141
8817,1122.00,583.69,927,1.688,3080.6,0.167,0.174,0.167,0.250,0.098,0.053,0.091
8818,630.00,582.74,672,1.884,3081.0,0.215,0.165,0.157,0.095,0.132,0.083,0.153
8819,566.00,578.67,206,1.669,3081.2,0.165,0.331,0.165,0.137,0.094,0.072,0.036
8820,340.00,565.52,379,1.889,3081.6,0.213,0.164,0.160,0.098,0.138,0.093,0.133
8821,610.00,555.33,600,1.920,3082.5,0.175,0.163,0.156,0.140,0.136,0.086,0.144
8822,414.00,555.38,454,1.863,3082.7,0.205,0.212,0.247,0.062,0.075,0.075,0.123
8823,1263.00,564.03,1128,1.728,3082.8,0.192,0.231,0.128,0.103,0.141,0.103,0.103
8824,564.00,561.89,593,1.916,3083.4,0.202,0.174,0.163,0.098,0.140,0.124,0.098
8825,223.00,561.08,222,1.889,3083.7,0.174,0.210,0.123,0.100,0.187,0.123,0.082
8826,87.00,557.68,75,1.405,3083.8,0.113,0.566,0.057,0.113,0.075,0.019,0.057
8827,797.00,560.41,673,1.887,3084.1,0.180,0.207,0.131,0.126,0.171,0.117,0.068
8828,642.00,561.02,430,1.716,3084.3,0.200,0.385,0.077,0.115,0.069,0.092,0.062
8829,600.00,563.70,611,1.914,3084.8,0.214,0.176,0.129,0.135,0.116,0.110,0.119
8830,258.00,564.58,266,1.914,3085.2,0.149,0.189,0.122,0.095,0.203,0.149,0.095
8831,827.00,565.71,748,1.905,3085.6,0.187,0.176,0.125,0.117,0.161,0.121,0.114
8832,1946.00,576.74,1399,1.797,3085.9,0.280,0.153,0.070,0.223,0.076,0.102,0.096
8833,153.00,576.13,233,1.924,3086.3,0.160,0.163,0.163,0.110,0.160,0.099,0.145
8834,501.00,574.51,261,1.821,3086.6,0.177,0.248,0.142,0.149,0.099,0.135,0.050
8835,724.00,577.00,618,1.858,3086.7,0.169,0.258,0.105,0.129,0.113,0.153,0.073
8836,569.00,578.91,411,1.918,3087.0,0.173,0.162,0.136,0.115,0.152,0.136,0.126
8837,166.00,568.05,236,1.921,3087.2,0.194,0.173,0.101,0.086,0.173,0.137,0.137
8838,817.00,571.43,729,1.936,3087.9,0.166,0.171,0.140,0.145,0.135,0.157,0.086
8839,766.00,575.62,665,1.884,3088.1,0.215,0.201,0.097,0.125,0.104,0.104,0.153
8840,317.00,578.12,317,1.928,3088.5,0.194,0.143,0.126,0.112,0.163,0.129,0.133
8841,1013.00,580.60,1053,1.660,3088.7,0.200,0.086,0.029,0.286,0.000,0.057,0.343
8842,1206.00,589.88,882,1.814,3088.8,0.177,0.146,0.083,0.250,0.094,0.052,0.198
8843,340.00,593.25,354,1.927,3089.2,0.170,0.152,0.098,0.163,0.163,0.144,0.110
8844,758.00,595.81,445,1.570,3089.3,0.154,0.154,0.019,0.404,0.000,0.173,0.096
8845,206.00,593.31,227,1.913,3089.6,0.131,0.091,0.102,0.233,0.131,0.159,0.153
8846,405.00,586.49,485,1.906,3089.8,0.244,0.135,0.058,0.141,0.160,0.135,0.128
8847,565.00,587.41,495,1.904,3090.1,0.168,0.101,0.134,0.188,0.134,0.181,0.094
8848,708.00,587.41,639,1.570,3090.2,0.058,0.019,0.019,0.192,0.019,0.423,0.269
8849,994.00,592.57,847,1.773,3090.3,0.167,0.044,0.044,0.211,0.056,0.311,0.167
8850,580.00,596.42,352,1.737,3090.5,0.126,0.046,0.069,0.368,0.080,0.184,0.126
8851,468.00,597.42,457,1.930,3090.9,0.147,0.132,0.107,0.194,0.135,0.147,0.138
8852,746.00,598.27,686,1.674,3091.0,0.326,0.116,0.093,0.186,0.023,0.047,0.209
8853,1007.00,602.97,712,1.847,3091.2,0.233,0.068,0.123,0.205,0.096,0.110,0.164
8854,399.00,602.26,404,1.913,3091.7,0.149,0.078,0.125,0.206,0.135,0.152,0.155
8855,363.00,602.22,374,1.915,3092.3,0.154,0.125,0.147,0.150,0.147,0.150,0.127
8856,1120.00,607.43,1106,1.915,3093.2,0.179,0.102,0.138,0.164,0.137,0.151,0.128
8857,428.00,602.05,376,1.878,3093.5,0.179,0.037,0.179,0.153,0.132,0.168,0.153
8858,1502.00,611.20,1403,1.671,3093.7,0.258,0.023,0.220,0.106,0.045,0.098,0.250
8859,511.00,610.33,506,1.155,3093.9,0.419,0.000,0.365,0.000,0.000,0.014,0.203
8860,597.00,612.37,597,1.218,3093.9,0.339,0.016,0.210,0.016,0.000,0.016,0.403
8861,686.00,611.58,698,1.921,3094.9,0.156,0.096,0.182,0.182,0.146,0.119,0.119
8862,320.00,611.97,355,1.905,3095.4,0.182,0.077,0.158,0.135,0.152,0.125,0.172
8863,1111.00,617.41,1151,1.732,3095.5,0.352,0.124,0.105,0.067,0.038,0.114,0.200
8864,516.00,619.97,533,1.891,3095.8,0.253,0.127,0.102,0.133,0.090,0.133,0.163
8865,1040.00,626.03,847,1.907,3096.4,0.258,0.086,0.144,0.109,0.116,0.160,0.126
8866,1142.00,631.43,1125,1.925,3098.1,0.179,0.144,0.141,0.116,0.145,0.152,0.123
8867,667.00,633.37,655,1.492,3098.3,0.121,0.077,0.440,0.066,0.165,0.066,0.066
8868,113.00,631.13,193,1.832,3098.4,0.153,0.035,0.259,0.094,0.176,0.176,0.106
8869,980.00,635.61,927,1.805,3098.6,0.162,0.023,0.269,0.138,0.138,0.062,0.208
8870,860.00,632.56,683,1.676,3098.8,0.099,0.010,0.297,0.139,0.218,0.059,0.178
8871,471.00,634.36,551,1.896,3099.3,0.120,0.054,0.157,0.167,0.194,0.114,0.194
8872,665.00,639.97,552,1.906,3099.5,0.266,0.092,0.098,0.191,0.133,0.064,0.156
8873,632.00,639.80,626,1.894,3099.9,0.150,0.066,0.136,0.174,0.195,0.101,0.178
8874,772.00,640.97,472,1.908,3100.3,0.175,0.122,0.183,0.126,0.159,0.118,0.118
8875,251.00,634.91,230,1.895,3100.6,0.121,0.085,0.156,0.095,0.216,0.085,0.241
8876,402.00,634.08,368,1.925,3101.1,0.134,0.116,0.169,0.118,0.191,0.116,0.156
8877,355.00,629.69,297,1.922,3101.4,0.151,0.089,0.123,0.103,0.171,0.144,0.219
8878,695.00,634.48,717,1.920,3101.7,0.174,0.132,0.095,0.126,0.126,0.174,0.174
8879,717.00,636.21,452,1.749,3101.8,0.319,0.181,0.083,0.014,0.125,0.083,0.194
8880,877.00,638.85,776,1.846,3102.0,0.193,0.160,0.084,0.067,0.134,0.202,0.160
8881,580.00,638.64,507,1.919,3102.4,0.133,0.127,0.143,0.127,0.147,0.190,0.133
8882,125.00,630.95,175,1.883,3102.7,0.175,0.125,0.056,0.131,0.156,0.194,0.163
8883,467.00,630.31,465,1.903,3103.1,0.199,0.105,0.087,0.108,0.181,0.170,0.152
8884,695.00,630.22,305,1.916,3103.4,0.211,0.108,0.093,0.137,0.127,0.191,0.132
8885,393.00,628.84,316,1.925,3103.8,0.152,0.129,0.102,0.141,0.152,0.195,0.129
8886,360.00,629.85,291,1.914,3104.0,0.122,0.092,0.122,0.092,0.153,0.237,0.183
8887,647.00,631.83,584,1.823,3104.2,0.140,0.151,0.161,0.086,0.054,0.129,0.280
8888,546.00,627.83,394,1.694,3104.2,0.143,0.245,0.102,0.000,0.020,0.102,0.388
8889,1130.00,632.99,970,1.861,3104.5,0.136,0.160,0.148,0.101,0.083,0.154,0.219
8890,370.00,630.50,396,1.791,3104.6,0.235,0.106,0.200,0.047,0.035,0.200,0.176
8891,1006.00,635.40,327,1.283,3104.7,0.615,0.026,0.077,0.000,0.000,0.051,0.231
8892,443.00,633.86,362,1.915,3105.0,0.126,0.122,0.126,0.140,0.104,0.171,0.212
8893,1406.00,639.06,1039,1.596,3105.2,0.378,0.095,0.203,0.054,0.189,0.068,0.014
8894,888.00,642.62,886,1.926,3105.7,0.157,0.115,0.138,0.164,0.125,0.154,0.146
8895,520.00,638.86,380,1.930,3106.2,0.106,0.109,0.135,0.202,0.144,0.147,0.157
8896,522.00,640.09,534,1.866,3106.5,0.089,0.163,0.212,0.118,0.123,0.148,0.148
8897,242.00,633.43,317,1.920,3106.8,0.108,0.160,0.191,0.160,0.129,0.098,0.155
8898,494.00,632.03,531,1.936,3107.7,0.141,0.168,0.145,0.129,0.139,0.134,0.144
8899,969.00,640.80,855,1.798,3107.9,0.254,0.111,0.230,0.103,0.111,0.071,0.119
8900,947.00,644.03,955,1.897,3108.3,0.200,0.122,0.169,0.176,0.085,0.105,0.142
8901,800.00,646.08,671,1.797,3108.6,0.247,0.116,0.151,0.178,0.068,0.116,0.123
8902,967.00,649.89,1006,1.883,3109.2,0.237,0.135,0.130,0.142,0.114,0.118,0.123
8903,1520.00,657.11,425,1.815,3109.4,0.266,0.112,0.210,0.091,0.126,0.098,0.098
8904,726.00,661.07,628,1.886,3109.8,0.238,0.149,0.145,0.174,0.074,0.099,0.121
8905,563.00,657.35,568,1.797,3110.1,0.268,0.116,0.152,0.167,0.116,0.094,0.087
8906,461.00,657.20,388,1.920,3110.7,0.181,0.118,0.103,0.161,0.121,0.144,0.171
8907,1196.00,660.74,1113,1.854,3110.9,0.173,0.213,0.140,0.100,0.080,0.140,0.153
8908,458.00,661.37,416,1.924,3111.6,0.176,0.157,0.103,0.134,0.103,0.172,0.157
8909,449.00,661.03,367,1.915,3112.0,0.123,0.158,0.177,0.117,0.089,0.095,0.241
8910,875.00,667.51,569,1.637,3112.2,0.144,0.153,0.220,0.042,0.339,0.034,0.068
8911,360.00,662.92,440,1.709,3112.4,0.144,0.161,0.288,0.059,0.195,0.102,0.051
8912,156.00,660.78,236,1.874,3112.6,0.131,0.065,0.243,0.121,0.140,0.084,0.215
8913,1074.00,668.08,902,1.719,3112.7,0.197,0.099,0.296,0.042,0.183,0.099,0.085
8914,884.00,674.76,804,1.888,3113.0,0.144,0.118,0.193,0.128,0.150,0.107,0.160
8915,605.00,664.42,641,1.923,3113.3,0.149,0.118,0.184,0.149,0.154,0.088,0.158
8916,773.00,667.07,520,1.909,3113.6,0.212,0.099,0.167,0.113,0.167,0.108,0.133
8917,566.00,661.51,499,1.918,3114.0,0.148,0.107,0.152,0.136,0.115,0.136,0.206
8918,359.00,658.80,284,1.932,3114.5,0.175,0.182,0.166,0.099,0.111,0.131,0.137
8919,574.00,658.88,599,1.919,3114.8,0.138,0.169,0.252,0.114,0.114,0.102,0.110
8920,309.00,658.57,349,1.924,3115.3,0.203,0.165,0.119,0.087,0.110,0.129,0.187
8921,824.00,660.71,727,1.847,3115.5,0.247,0.070,0.184,0.120,0.089,0.139,0.152
8922,940.00,665.97,830,1.911,3116.5,0.213,0.132,0.138,0.142,0.121,0.114,0.141
8923,676.00,660.10,640,1.631,3116.6,0.270,0.048,0.302,0.048,0.079,0.063,0.190
8924,667.00,661.13,682,1.899,3117.2,0.211,0.134,0.117,0.134,0.105,0.146,0.153
8925,334.00,662.24,349,1.855,3117.4,0.197,0.070,0.099,0.176,0.106,0.127,0.225
8926,947.00,670.84,931,1.817,3117.6,0.217,0.087,0.109,0.130,0.109,0.141,0.207
8927,1222.00,675.09,795,1.732,3117.7,0.255,0.043,0.160,0.085,0.213,0.085,0.160
8928,484.00,673.51,409,1.909,3118.3,0.196,0.085,0.139,0.185,0.125,0.119,0.151
8929,1285.00,680.36,1195,1.842,3118.6,0.194,0.076,0.209,0.180,0.114,0.109,0.118
8930,1122.00,689.00,939,1.202,3118.7,0.359,0.000,0.391,0.000,0.250,0.000,0.000
8931,319.00,683.92,292,1.915,3119.0,0.188,0.082,0.139,0.154,0.096,0.120,0.221
8932,534.00,669.80,574,1.910,3119.4,0.216,0.124,0.170,0.174,0.108,0.077,0.131
8933,826.00,676.53,617,1.431,3119.6,0.296,0.026,0.235,0.009,0.391,0.009,0.035
8934,720.00,678.72,747,1.641,3119.8,0.136,0.091,0.333,0.038,0.258,0.053,0.091
8935,639.00,677.87,662,1.930,3120.9,0.162,0.147,0.136,0.119,0.132,0.170,0.134
8936,968.00,681.86,893,1.812,3121.2,0.124,0.090,0.220,0.153,0.141,0.136,0.136
8937,152.00,681.72,205,1.679,3121.4,0.037,0.104,0.433,0.134,0.052,0.149,0.090
8938,541.00,678.96,395,1.913,3121.9,0.092,0.147,0.266,0.116,0.128,0.128,0.122
8939,1000.00,681.30,664,1.851,3122.2,0.115,0.193,0.167,0.182,0.167,0.115,0.062
8940,657.00,684.70,567,1.910,3122.6,0.092,0.128,0.242,0.183,0.143,0.106,0.106
8941,145.00,676.02,165,1.902,3122.8,0.101,0.286,0.160,0.160,0.084,0.134,0.076
8942,948.00,673.44,816,1.933,3123.2,0.188,0.135,0.131,0.106,0.139,0.167,0.135
8943,739.00,677.43,629,1.820,3123.3,0.102,0.327,0.143,0.112,0.092,0.102,0.122
8944,721.00,677.06,761,1.927,3125.3,0.149,0.134,0.153,0.129,0.145,0.160,0.131
8945,664.00,681.64,643,1.867,3125.7,0.164,0.100,0.149,0.175,0.130,0.190,0.093
8946,1013.00,687.72,973,1.507,3125.8,0.261,0.188,0.043,0.058,0.014,0.348,0.087
8947,848.00,690.55,831,1.740,3126.0,0.237,0.186,0.076,0.085,0.008,0.305,0.102
8948,1226.00,695.73,1193,1.668,3126.2,0.338,0.195,0.065,0.039,0.013,0.260,0.091
8949,667.00,692.46,599,1.860,3126.6,0.209,0.145,0.172,0.098,0.057,0.240,0.078
8950,334.00,690.00,298,1.841,3126.9,0.246,0.186,0.131,0.111,0.040,0.176,0.111
8951,1425.00,699.57,1273,1.082,3127.1,0.636,0.167,0.030,0.061,0.000,0.045,0.061
8952,510.00,697.21,514,1.849,3127.4,0.248,0.197,0.101,0.155,0.038,0.176,0.084
8953,1112.00,698.26,814,1.703,3127.6,0.361,0.146,0.152,0.101,0.063,0.089,0.089
8954,752.00,701.79,679,0.677,3127.7,0.767,0.116,0.000,0.000,0.023,0.023,0.070
8955,426.00,702.42,249,0.972,3127.8,0.688,0.156,0.000,0.026,0.000,0.117,0.013
8956,349.00,694.71,262,1.841,3128.1,0.254,0.179,0.100,0.179,0.055,0.104,0.129
8957,704.00,697.47,728,1.841,3128.4,0.261,0.150,0.156,0.144,0.028,0.161,0.100
8958,619.00,688.64,639,1.898,3129.0,0.213,0.180,0.110,0.086,0.119,0.108,0.185
8959,169.00,685.22,209,1.895,3129.5,0.171,0.174,0.169,0.083,0.089,0.097,0.217
8960,888.00,688.13,920,1.659,3129.7,0.277,0.270,0.080,0.109,0.015,0.146,0.102
8961,237.00,683.64,235,1.867,3129.9,0.228,0.125,0.132,0.103,0.051,0.096,0.265
8962,761.00,688.05,761,1.798,3130.2,0.241,0.172,0.138,0.076,0.041,0.145,0.186
8963,741.00,684.35,811,1.711,3130.3,0.253,0.179,0.137,0.053,0.032,0.253,0.095
8964,496.00,684.15,457,1.858,3130.6,0.244,0.100,0.194,0.056,0.056,0.125,0.225
8965,1307.00,686.82,1188,1.780,3130.9,0.257,0.110,0.173,0.042,0.110,0.120,0.188
8966,1060.00,686.00,1037,1.554,3131.0,0.374,0.075,0.140,0.047,0.075,0.196,0.093
8967,477.00,684.10,413,1.894,3131.6,0.202,0.123,0.137,0.094,0.094,0.171,0.179
8968,652.00,689.49,189,1.508,3131.7,0.134,0.134,0.098,0.009,0.045,0.518,0.062
8969,429.00,683.98,433,1.817,3132.0,0.136,0.174,0.179,0.054,0.060,0.272,0.125
8970,1032.00,685.70,825,1.723,3132.2,0.159,0.168,0.124,0.062,0.035,0.327,0.124
8971,772.00,688.71,325,1.745,3132.3,0.105,0.286,0.095,0.029,0.152,0.267,0.067
8972,161.00,683.67,241,1.881,3132.8,0.168,0.228,0.101,0.082,0.066,0.184,0.171
8973,609.00,683.44,544,1.907,3133.1,0.190,0.182,0.130,0.079,0.119,0.158,0.142
8974,359.00,679.31,392,1.880,3133.5,0.265,0.176,0.110,0.065,0.106,0.106,0.171
8975,836.00,685.16,770,1.795,3133.7,0.198,0.172,0.121,0.043,0.069,0.250,0.147
8976,740.00,688.54,718,1.705,3133.8,0.040,0.160,0.133,0.093,0.040,0.360,0.173
8977,497.00,689.96,460,1.897,3134.2,0.165,0.172,0.165,0.065,0.103,0.134,0.195
8978,710.00,690.11,622,1.850,3134.5,0.138,0.182,0.177,0.108,0.074,0.172,0.148
8979,332.00,686.26,318,1.854,3134.7,0.214,0.162,0.120,0.060,0.034,0.179,0.231
8980,437.00,681.86,403,1.920,3135.8,0.158,0.117,0.191,0.101,0.133,0.126,0.174
8981,907.00,685.13,880,1.890,3136.6,0.134,0.110,0.184,0.147,0.158,0.126,0.143
8982,321.00,687.09,316,1.897,3136.9,0.089,0.167,0.128,0.167,0.178,0.067,0.206
8983,648.00,688.90,526,1.850,3137.1,0.117,0.125,0.108,0.125,0.242,0.083,0.200
8984,512.00,687.07,478,1.912,3137.5,0.161,0.101,0.165,0.125,0.149,0.117,0.181
8985,157.00,684.71,182,1.847,3137.7,0.113,0.153,0.081,0.169,0.177,0.089,0.218
8986,991.00,691.02,1031,1.665,3137.8,0.161,0.056,0.081,0.097,0.355,0.040,0.210
8987,1387.00,698.42,1301,1.740,3138.1,0.133,0.077,0.092,0.143,0.260,0.102,0.194
8988,272.00,695.68,136,1.329,3138.3,0.154,0.026,0.064,0.051,0.474,0.051,0.179
8989,531.00,689.69,340,1.430,3138.4,0.310,0.014,0.042,0.042,0.408,0.042,0.141
8990,999.00,695.98,931,1.796,3138.6,0.235,0.067,0.121,0.121,0.201,0.074,0.181
8991,56.00,686.48,136,1.865,3139.0,0.130,0.115,0.130,0.198,0.107,0.076,0.244
8992,1737.00,699.42,1529,1.763,3139.2,0.163,0.093,0.163,0.054,0.279,0.093,0.155
8993,604.00,691.40,514,1.757,3139.4,0.143,0.077,0.209,0.121,0.121,0.110,0.220
8994,300.00,685.52,274,1.915,3139.9,0.147,0.135,0.147,0.123,0.120,0.102,0.228
8995,683.00,687.15,706,1.930,3141.0,0.176,0.111,0.154,0.120,0.159,0.140,0.139
8996,1729.00,699.22,1690,1.852,3141.3,0.245,0.129,0.196,0.098,0.074,0.153,0.104
8997,1272.00,709.52,985,1.648,3141.4,0.247,0.065,0.194,0.043,0.097,0.172,0.183
8998,750.00,712.08,750,1.406,3141.5,0.410,0.000,0.051,0.000,0.077,0.103,0.359
8999,366.00,706.05,366,1.767,3141.6,0.083,0.060,0.107,0.155,0.071,0.095,0.429
9000,359.00,700.17,324,1.851,3141.9,0.119,0.084,0.112,0.133,0.140,0.091,0.322
9001,362.00,695.79,288,1.901,3142.5,0.084,0.099,0.145,0.127,0.135,0.148,0.262
9002,429.00,690.41,509,1.785,3142.6,0.167,0.167,0.148,0.194,0.083,0.157,0.083
9003,566.00,680.87,606,1.772,3142.9,0.112,0.082,0.118,0.165,0.135,0.094,0.294
9004,450.00,678.11,480,1.794,3143.2,0.121,0.121,0.107,0.079,0.131,0.084,0.355
9005,341.00,675.89,313,1.877,3143.6,0.148,0.188,0.087,0.114,0.087,0.079,0.297
9006,122.00,672.50,161,1.872,3143.8,0.101,0.189,0.124,0.077,0.183,0.059,0.266
9007,171.00,662.25,251,1.657,3144.0,0.087,0.188,0.290,0.058,0.058,0.246,0.072
9008,617.00,663.84,513,1.916,3144.4,0.173,0.135,0.154,0.103,0.122,0.125,0.189
9009,345.00,662.80,355,1.903,3144.8,0.175,0.146,0.157,0.084,0.164,0.102,0.172
9010,839.00,662.44,919,1.864,3145.1,0.141,0.114,0.201,0.152,0.109,0.098,0.185
9011,677.00,665.61,658,1.890,3145.4,0.207,0.135,0.109,0.140,0.098,0.119,0.192
9012,455.00,668.60,429,1.901,3145.9,0.243,0.134,0.125,0.099,0.109,0.099,0.192
9013,235.00,660.21,312,1.873,3146.1,0.246,0.103,0.119,0.087,0.143,0.103,0.198
9014,1226.00,663.63,738,1.619,3146.2,0.282,0.073,0.155,0.055,0.245,0.164,0.027
9015,825.00,665.83,864,1.892,3146.7,0.195,0.145,0.077,0.112,0.225,0.101,0.145
9016,357.00,661.67,328,1.912,3147.3,0.141,0.152,0.080,0.135,0.210,0.130,0.152
9017,737.00,663.38,772,1.806,3147.8,0.178,0.144,0.075,0.144,0.231,0.094,0.134
9018,1333.00,673.12,719,1.495,3148.1,0.135,0.058,0.073,0.120,0.421,0.077,0.116
9019,751.00,674.89,744,1.861,3148.7,0.139,0.073,0.162,0.147,0.243,0.081,0.154
9020,795.00,679.75,718,1.862,3149.1,0.209,0.079,0.075,0.171,0.182,0.113,0.171
9021,1205.00,683.56,553,1.693,3149.4,0.193,0.073,0.067,0.187,0.300,0.073,0.107
9022,1038.00,684.54,808,1.792,3149.7,0.241,0.062,0.067,0.210,0.205,0.087,0.128
9023,1109.00,688.87,1073,1.753,3150.0,0.262,0.077,0.044,0.158,0.246,0.093,0.120
9024,486.00,687.06,484,1.823,3150.2,0.226,0.090,0.053,0.165,0.173,0.098,0.195
9025,717.00,690.89,482,1.905,3150.7,0.218,0.117,0.101,0.120,0.109,0.109,0.226
9026,563.00,687.05,481,1.736,3150.9,0.104,0.141,0.037,0.313,0.067,0.104,0.233
9027,407.00,678.90,288,1.774,3151.3,0.084,0.079,0.099,0.241,0.064,0.123,0.310
9028,390.00,677.96,430,1.520,3151.3,0.038,0.302,0.132,0.132,0.057,0.057,0.283
9029,632.00,671.43,591,1.652,3151.5,0.056,0.241,0.102,0.194,0.037,0.065,0.306
9030,256.00,662.77,250,1.881,3152.4,0.121,0.121,0.165,0.115,0.111,0.140,0.226
9031,225.00,661.83,225,1.678,3152.5,0.037,0.099,0.123,0.086,0.025,0.062,0.568
9032,144.00,657.93,224,1.798,3152.8,0.035,0.208,0.116,0.295,0.064,0.081,0.202
9033,795.00,657.62,584,1.754,3153.0,0.086,0.172,0.099,0.344,0.119,0.106,0.073
9034,1160.00,662.02,988,1.909,3153.6,0.096,0.172,0.172,0.149,0.144,0.127,0.141
9035,539.00,661.02,397,1.915,3154.0,0.103,0.216,0.133,0.159,0.146,0.120,0.123
9036,432.00,655.66,387,1.911,3154.3,0.103,0.152,0.152,0.158,0.176,0.133,0.127
9037,478.00,658.92,509,1.927,3154.8,0.156,0.109,0.189,0.121,0.091,0.142,0.192
9038,421.00,657.72,427,1.933,3155.1,0.134,0.150,0.150,0.122,0.154,0.154,0.138
9039,263.00,650.35,244,1.927,3155.6,0.125,0.125,0.174,0.082,0.174,0.139,0.181
9040,329.00,647.07,257,1.743,3155.7,0.061,0.283,0.030,0.101,0.111,0.333,0.081
9041,818.00,653.80,426,1.768,3155.9,0.066,0.275,0.022,0.187,0.088,0.253,0.110
9042,526.00,649.58,485,1.919,3156.7,0.151,0.126,0.155,0.118,0.125,0.181,0.143
9043,654.00,648.73,619,1.799,3156.9,0.060,0.220,0.120,0.170,0.080,0.240,0.110
9044,716.00,648.68,723,1.590,3157.1,0.037,0.090,0.082,0.134,0.060,0.478,0.119
9045,1181.00,653.85,379,1.705,3157.3,0.070,0.087,0.165,0.139,0.139,0.339,0.061
9046,764.00,651.36,439,1.389,3157.4,0.058,0.093,0.093,0.093,0.058,0.570,0.035
9047,869.00,651.57,707,1.659,3157.7,0.090,0.060,0.119,0.075,0.075,0.448,0.134
9048,105.00,640.36,185,1.486,3157.9,0.071,0.063,0.119,0.079,0.071,0.508,0.087
9049,986.00,643.55,582,1.709,3158.0,0.061,0.121,0.081,0.131,0.081,0.424,0.101
9050,522.00,645.43,544,1.864,3158.5,0.163,0.077,0.146,0.089,0.158,0.258,0.109
9051,918.00,640.36,878,1.842,3158.7,0.082,0.061,0.245,0.173,0.133,0.214,0.092
9052,463.00,639.89,257,1.877,3158.9,0.128,0.128,0.191,0.106,0.149,0.227,0.071
9053,410.00,632.87,368,1.889,3159.4,0.143,0.097,0.187,0.090,0.150,0.220,0.113
9054,881.00,634.16,821,1.893,3159.8,0.148,0.148,0.183,0.073,0.170,0.164,0.114
9055,559.00,635.49,587,1.919,3160.5,0.148,0.118,0.180,0.089,0.160,0.187,0.118
9056,150.00,633.50,140,1.877,3160.8,0.096,0.143,0.199,0.108,0.143,0.096,0.215
9057,326.00,629.72,231,1.787,3161.1,0.096,0.096,0.429,0.077,0.071,0.109,0.122
9058,903.00,632.56,779,1.836,3161.3,0.095,0.095,0.336,0.117,0.124,0.131,0.102
9059,438.00,635.25,469,1.905,3161.7,0.127,0.100,0.219,0.073,0.142,0.135,0.204
9060,802.00,634.39,835,1.895,3161.9,0.181,0.107,0.215,0.101,0.081,0.128,0.188
9061,692.00,638.94,678,1.927,3163.6,0.130,0.094,0.171,0.134,0.156,0.162,0.152
9062,723.00,638.56,747,1.863,3164.1,0.128,0.101,0.177,0.107,0.209,0.157,0.122
9063,399.00,635.14,396,1.842,3164.6,0.072,0.062,0.249,0.085,0.154,0.230,0.148
9064,713.00,637.31,595,1.782,3164.6,0.075,0.057,0.132,0.132,0.283,0.113,0.208
9065,310.00,627.34,341,1.820,3164.9,0.146,0.063,0.196,0.032,0.171,0.228,0.165
9066,308.00,619.82,341,1.890,3165.5,0.110,0.077,0.138,0.084,0.173,0.224,0.194
9067,855.00,623.60,818,1.906,3165.9,0.143,0.096,0.164,0.075,0.143,0.188,0.191
9068,525.00,622.33,521,1.904,3166.5,0.151,0.066,0.183,0.112,0.144,0.149,0.195
9069,647.00,624.51,517,1.827,3166.7,0.104,0.052,0.113,0.209,0.096,0.261,0.165
9070,787.00,622.06,773,1.590,3166.8,0.174,0.000,0.072,0.304,0.058,0.116,0.275
9071,133.00,615.67,156,1.818,3167.1,0.120,0.047,0.151,0.146,0.094,0.208,0.234
9072,456.00,618.62,407,1.865,3167.6,0.090,0.054,0.162,0.151,0.101,0.201,0.241
9073,880.00,621.33,637,1.812,3167.7,0.097,0.032,0.121,0.226,0.097,0.258,0.169
9074,447.00,622.21,527,1.875,3168.2,0.116,0.091,0.189,0.094,0.107,0.233,0.170
9075,1744.00,631.29,1342,1.885,3168.4,0.176,0.050,0.143,0.118,0.118,0.244,0.151
9076,444.00,628.33,434,1.848,3168.5,0.182,0.106,0.182,0.182,0.091,0.030,0.227
9077,674.00,630.10,635,1.900,3168.9,0.119,0.052,0.119,0.103,0.139,0.262,0.206
9078,766.00,630.66,680,1.405,3169.0,0.489,0.085,0.064,0.043,0.128,0.021,0.170
9079,418.00,631.52,463,1.890,3169.2,0.146,0.066,0.152,0.166,0.146,0.192,0.132
9080,400.00,631.15,399,1.904,3169.6,0.133,0.087,0.167,0.183,0.100,0.158,0.171
9081,408.00,626.16,346,1.925,3169.9,0.151,0.124,0.170,0.119,0.133,0.161,0.142
9082,782.00,630.77,750,1.917,3170.4,0.159,0.072,0.177,0.133,0.145,0.188,0.125
9083,734.00,631.63,729,1.906,3171.0,0.152,0.093,0.132,0.171,0.125,0.222,0.105
9084,978.00,636.29,781,1.808,3171.2,0.165,0.140,0.198,0.190,0.099,0.157,0.050
9085,632.00,641.04,271,1.739,3171.3,0.137,0.098,0.078,0.382,0.108,0.147,0.049
9086,509.00,636.22,465,1.929,3171.6,0.200,0.111,0.142,0.126,0.111,0.184,0.126
9087,567.00,628.02,518,1.937,3172.2,0.121,0.107,0.146,0.107,0.179,0.168,0.171
9088,263.00,627.93,266,1.916,3172.4,0.090,0.101,0.219,0.180,0.163,0.135,0.112
9089,485.00,627.47,345,1.906,3172.6,0.124,0.168,0.161,0.234,0.117,0.117,0.080
9090,644.00,623.92,585,1.941,3172.9,0.132,0.126,0.192,0.209,0.143,0.077,0.121
9091,979.00,633.15,723,1.872,3173.1,0.189,0.198,0.153,0.135,0.090,0.099,0.135
9092,917.00,624.95,844,1.904,3173.3,0.165,0.173,0.142,0.094,0.173,0.079,0.173
9093,424.00,623.15,446,1.927,3173.9,0.153,0.127,0.141,0.105,0.167,0.167,0.139
9094,299.00,623.14,231,1.919,3174.3,0.190,0.115,0.108,0.093,0.204,0.108,0.182
9095,599.00,622.30,500,1.912,3174.8,0.174,0.108,0.165,0.088,0.179,0.142,0.142
9096,758.00,612.59,641,1.842,3175.1,0.147,0.252,0.092,0.160,0.092,0.160,0.098
9097,355.00,603.42,324,1.935,3175.6,0.144,0.180,0.165,0.147,0.120,0.129,0.114
9098,282.00,598.74,301,1.915,3175.8,0.183,0.150,0.163,0.137,0.111,0.131,0.124
9099,424.00,599.32,362,1.786,3176.1,0.139,0.278,0.178,0.111,0.067,0.150,0.078
9100,791.00,603.64,607,1.919,3176.4,0.147,0.175,0.194,0.118,0.095,0.171,0.100
9101,564.00,605.66,584,1.928,3176.8,0.128,0.206,0.160,0.119,0.136,0.119,0.132
9102,347.00,604.84,315,1.935,3177.3,0.148,0.195,0.169,0.064,0.131,0.134,0.160
9103,493.00,604.11,488,1.920,3177.5,0.129,0.161,0.218,0.129,0.129,0.105,0.129
9104,230.00,601.91,252,1.912,3177.7,0.115,0.107,0.282,0.115,0.076,0.153,0.153
9105,791.00,606.41,452,1.855,3177.9,0.203,0.153,0.271,0.025,0.102,0.144,0.102
9106,457.00,609.76,470,1.916,3178.3,0.161,0.149,0.203,0.092,0.138,0.134,0.123
9107,481.00,612.86,428,1.643,3178.4,0.177,0.177,0.210,0.032,0.274,0.097,0.032
9108,481.00,611.50,417,1.901,3178.6,0.120,0.173,0.240,0.040,0.153,0.133,0.140
9109,625.00,614.30,254,1.813,3178.8,0.171,0.214,0.236,0.093,0.129,0.100,0.057
9110,331.00,609.22,411,1.922,3179.5,0.146,0.155,0.148,0.107,0.165,0.163,0.116
9111,843.00,610.88,797,1.810,3179.7,0.124,0.274,0.186,0.062,0.159,0.088,0.106
9112,564.00,611.97,416,1.793,3179.9,0.119,0.269,0.256,0.075,0.106,0.100,0.075
9113,329.00,612.91,327,1.908,3180.4,0.113,0.192,0.170,0.082,0.135,0.132,0.176
9114,760.00,608.25,780,1.902,3180.9,0.179,0.125,0.186,0.091,0.199,0.101,0.118
9115,632.00,606.32,260,1.791,3181.1,0.165,0.150,0.188,0.135,0.233,0.068,0.060
9116,620.00,608.95,206,1.837,3181.3,0.202,0.118,0.261,0.134,0.193,0.092,0.000
9117,732.00,608.90,720,1.923,3181.8,0.149,0.149,0.162,0.152,0.149,0.131,0.107
9118,635.00,601.92,258,1.746,3182.0,0.206,0.175,0.093,0.186,0.237,0.062,0.041
9119,520.00,599.61,487,1.903,3182.4,0.192,0.224,0.141,0.137,0.094,0.106,0.106
9120,566.00,597.32,462,1.927,3182.9,0.191,0.178,0.154,0.108,0.114,0.123,0.132
9121,533.00,590.60,505,1.922,3183.5,0.187,0.069,0.145,0.165,0.128,0.170,0.138
9122,506.00,585.28,586,1.885,3183.6,0.196,0.082,0.155,0.216,0.113,0.093,0.144
9123,843.00,582.62,526,1.926,3183.9,0.194,0.088,0.147,0.141,0.147,0.165,0.118
9124,710.00,584.86,638,1.924,3184.5,0.176,0.122,0.144,0.132,0.120,0.154,0.152
9125,250.00,580.19,156,1.840,3184.9,0.213,0.059,0.151,0.188,0.162,0.114,0.114
9126,507.00,579.63,442,1.891,3185.4,0.203,0.110,0.142,0.099,0.244,0.132,0.071
9127,356.00,579.12,436,1.867,3185.8,0.130,0.123,0.112,0.112,0.279,0.130,0.112
9128,565.00,580.87,222,1.860,3186.1,0.138,0.138,0.138,0.108,0.329,0.084,0.066
9129,273.00,577.28,352,1.905,3186.4,0.107,0.160,0.175,0.107,0.228,0.121,0.102
9130,1078.00,585.50,930,1.929,3186.8,0.136,0.168,0.178,0.112,0.159,0.168,0.079
9131,606.00,589.31,592,1.926,3187.0,0.161,0.161,0.167,0.109,0.188,0.104,0.109
9132,721.00,595.08,656,1.920,3187.3,0.183,0.168,0.157,0.105,0.131,0.126,0.131
9133,635.00,593.48,499,1.915,3187.7,0.167,0.159,0.178,0.104,0.170,0.148,0.074
9134,523.00,587.11,393,1.898,3188.1,0.196,0.159,0.168,0.079,0.173,0.126,0.098
9135,201.00,583.73,244,1.885,3188.4,0.147,0.237,0.275,0.066,0.133,0.043,0.100
9136,282.00,582.23,362,1.841,3188.6,0.107,0.202,0.298,0.000,0.190,0.071,0.131
9137,692.00,584.37,623,1.921,3189.0,0.138,0.170,0.226,0.099,0.127,0.124,0.117
9138,642.00,586.58,663,1.928,3189.7,0.136,0.130,0.200,0.106,0.153,0.145,0.130
9139,737.00,591.32,566,1.718,3189.9,0.080,0.168,0.425,0.035,0.053,0.106,0.133
9140,69.00,588.72,104,1.635,3190.0,0.084,0.116,0.526,0.105,0.021,0.105,0.042
9141,157.00,582.11,208,1.714,3190.3,0.084,0.123,0.409,0.084,0.065,0.149,0.084
9142,502.00,581.87,455,1.842,3190.6,0.107,0.183,0.340,0.061,0.061,0.152,0.096
9143,121.00,576.54,99,1.852,3190.8,0.145,0.191,0.229,0.076,0.076,0.183,0.099
9144,1108.00,580.46,1028,1.902,3191.2,0.187,0.149,0.187,0.101,0.090,0.205,0.082
9145,1828.00,586.93,1349,1.878,3191.4,0.164,0.138,0.201,0.113,0.069,0.201,0.113
9146,881.00,588.10,849,1.892,3192.0,0.161,0.139,0.229,0.084,0.113,0.166,0.108
9147,890.00,588.31,745,1.854,3192.3,0.181,0.138,0.195,0.086,0.076,0.190,0.133
9148,303.00,590.29,318,1.866,3192.5,0.208,0.115,0.169,0.131,0.054,0.231,0.092
9149,1164.00,592.07,1040,1.853,3192.9,0.262,0.125,0.149,0.105,0.081,0.181,0.097
9150,292.00,589.77,372,1.871,3193.2,0.262,0.089,0.084,0.102,0.124,0.244,0.093
9151,420.00,584.79,457,1.828,3193.5,0.280,0.179,0.101,0.083,0.060,0.185,0.113
9152,0.00,580.16,0,0.354,3193.6,1.000,0.000,0.000,0.000,0.000,0.000,0.000
9153,329.00,579.35,270,1.025,3193.7,0.734,0.031,0.031,0.047,0.031,0.047,0.078
9154,1541.00,585.95,1380,1.620,3193.8,0.380,0.063,0.051,0.114,0.076,0.190,0.127
9155,907.00,589.43,901,1.882,3194.1,0.165,0.107,0.175,0.087,0.131,0.199,0.136
9156,1162.00,599.55,1129,1.893,3194.7,0.221,0.143,0.099,0.096,0.117,0.211,0.112
9157,484.00,601.13,564,1.904,3195.3,0.185,0.121,0.112,0.105,0.129,0.220,0.129
9158,964.00,601.74,944,1.857,3195.8,0.181,0.156,0.092,0.076,0.146,0.238,0.111
9159,783.00,605.19,768,1.873,3196.2,0.170,0.130,0.153,0.087,0.073,0.217,0.170
9160,890.00,606.07,834,1.117,3196.3,0.016,0.000,0.016,0.031,0.078,0.266,0.594
9161,713.00,606.28,727,1.876,3196.9,0.141,0.173,0.112,0.055,0.110,0.245,0.164
9162,761.00,606.66,584,1.678,3197.1,0.147,0.081,0.074,0.103,0.118,0.346,0.132
9163,858.00,611.25,928,1.921,3197.8,0.179,0.133,0.124,0.110,0.141,0.211,0.103
9164,160.00,605.72,160,0.654,3197.9,0.000,0.000,0.020,0.039,0.000,0.059,0.882
9165,435.00,606.97,413,1.897,3198.2,0.151,0.116,0.126,0.085,0.111,0.246,0.166
9166,703.00,610.92,740,1.826,3198.5,0.195,0.110,0.091,0.067,0.055,0.323,0.159
9167,397.00,606.34,437,1.874,3199.0,0.214,0.127,0.106,0.087,0.137,0.208,0.121
9168,1545.00,616.54,1443,1.535,3199.2,0.148,0.047,0.094,0.047,0.109,0.352,0.203
9169,408.00,614.15,327,1.797,3199.5,0.197,0.098,0.093,0.057,0.155,0.275,0.124
9170,402.00,610.30,336,1.861,3200.2,0.173,0.109,0.164,0.064,0.189,0.171,0.130
9171,702.00,615.99,698,1.660,3200.5,0.250,0.043,0.212,0.029,0.207,0.202,0.058
9172,622.00,617.65,269,1.502,3200.6,0.174,0.014,0.232,0.014,0.116,0.449,0.000
9173,1189.00,620.74,450,1.721,3200.9,0.241,0.007,0.228,0.097,0.152,0.248,0.028
9174,949.00,625.76,936,1.804,3201.5,0.211,0.069,0.188,0.106,0.159,0.200,0.067
9175,1515.00,623.47,1246,1.536,3201.7,0.407,0.008,0.153,0.076,0.093,0.237,0.025
9176,755.00,626.58,835,1.454,3201.8,0.419,0.000,0.221,0.070,0.140,0.105,0.047
9177,312.00,622.96,9,1.640,3202.2,0.407,0.019,0.181,0.111,0.102,0.153,0.028
9178,844.00,623.74,682,1.797,3202.8,0.305,0.047,0.194,0.080,0.145,0.173,0.057
9179,686.00,626.42,620,1.819,3203.3,0.234,0.048,0.254,0.111,0.149,0.118,0.086
9180,842.00,630.84,662,1.712,3203.5,0.211,0.000,0.137,0.200,0.221,0.116,0.116
9181,956.00,636.32,854,1.744,3203.7,0.199,0.012,0.180,0.186,0.211,0.137,0.075
9182,1049.00,638.99,1015,1.834,3204.3,0.210,0.044,0.189,0.131,0.199,0.139,0.087
9183,581.00,637.46,599,1.852,3204.9,0.188,0.042,0.235,0.127,0.148,0.160,0.099
9184,1091.00,638.59,1072,1.816,3205.4,0.233,0.080,0.224,0.109,0.126,0.129,0.098
9185,516.00,637.43,596,1.833,3206.0,0.235,0.062,0.221,0.144,0.153,0.103,0.082
9186,434.00,636.68,409,1.688,3206.2,0.254,0.015,0.164,0.149,0.134,0.104,0.179
9187,823.00,639.24,878,1.811,3206.6,0.259,0.037,0.185,0.170,0.130,0.144,0.074
9188,767.00,644.28,371,1.639,3206.8,0.312,0.008,0.109,0.195,0.195,0.133,0.047
9189,616.00,645.59,636,1.860,3207.4,0.238,0.075,0.131,0.143,0.145,0.178,0.091
9190,1551.00,654.66,1240,1.734,3207.6,0.234,0.075,0.084,0.224,0.159,0.131,0.093
9191,695.00,651.82,686,1.720,3207.9,0.181,0.031,0.161,0.327,0.110,0.098,0.091
9192,209.00,644.74,178,1.835,3208.3,0.186,0.072,0.134,0.296,0.141,0.093,0.079
9193,665.00,647.15,644,1.828,3208.8,0.182,0.095,0.132,0.257,0.108,0.091,0.135
9194,894.00,653.10,838,1.831,3209.3,0.196,0.115,0.118,0.233,0.100,0.112,0.127
9195,791.00,655.02,761,1.896,3210.8,0.166,0.116,0.154,0.150,0.141,0.143,0.129
9196,154.00,648.98,120,1.409,3211.1,0.015,0.060,0.468,0.308,0.025,0.030,0.095
9197,287.00,648.30,287,0.520,3211.2,0.000,0.000,0.143,0.000,0.000,0.048,0.810
9198,692.00,652.40,521,1.520,3211.4,0.021,0.064,0.350,0.286,0.036,0.064,0.179
9199,233.00,650.49,227,1.712,3211.7,0.013,0.126,0.265,0.199,0.046,0.040,0.311
9200,322.00,645.80,235,1.031,3211.7,0.000,0.021,0.125,0.229,0.000,0.021,0.604
9201,400.00,644.16,360,1.840,3212.3,0.064,0.161,0.225,0.172,0.044,0.125,0.208
9202,328.00,643.97,378,1.414,3212.4,0.000,0.015,0.313,0.194,0.015,0.149,0.313
9203,92.00,639.96,172,1.693,3212.7,0.007,0.093,0.252,0.139,0.079,0.225,0.205
9204,1000.00,647.66,843,1.599,3212.8,0.000,0.054,0.250,0.152,0.011,0.185,0.348
9205,316.00,642.91,312,1.483,3213.0,0.014,0.069,0.181,0.167,0.014,0.194,0.361
9206,726.00,645.60,724,1.826,3213.4,0.076,0.149,0.181,0.101,0.069,0.185,0.239
9207,618.00,646.97,619,1.698,3213.6,0.030,0.114,0.205,0.129,0.053,0.136,0.333
9208,313.00,645.29,303,1.820,3214.1,0.063,0.137,0.177,0.093,0.090,0.187,0.253
9209,148.00,640.52,182,1.833,3214.6,0.043,0.113,0.163,0.104,0.117,0.233,0.227
9210,1022.00,647.43,913,1.607,3214.7,0.032,0.081,0.097,0.194,0.065,0.306,0.226
9211,630.00,645.30,657,1.830,3215.0,0.043,0.100,0.152,0.087,0.095,0.299,0.225
9212,211.00,641.77,291,1.874,3215.5,0.075,0.098,0.151,0.157,0.089,0.213,0.216
9213,198.00,640.46,157,1.900,3215.8,0.063,0.119,0.159,0.143,0.123,0.210,0.183
9214,272.00,635.58,313,1.882,3216.3,0.081,0.124,0.194,0.127,0.110,0.205,0.159
9215,226.00,631.52,247,1.911,3216.7,0.059,0.137,0.166,0.169,0.156,0.205,0.107
9216,1229.00,637.61,1068,1.902,3217.0,0.079,0.137,0.142,0.179,0.095,0.242,0.126
9217,583.00,636.12,450,1.918,3217.6,0.105,0.146,0.157,0.114,0.117,0.169,0.192
9218,312.00,632.89,349,1.856,3217.9,0.067,0.100,0.176,0.086,0.105,0.271,0.195
9219,385.00,631.54,439,1.922,3218.4,0.079,0.116,0.182,0.112,0.155,0.204,0.152
9220,604.00,631.92,585,1.875,3218.8,0.083,0.107,0.151,0.234,0.111,0.179,0.135
9221,584.00,632.43,383,1.918,3219.2,0.130,0.169,0.101,0.136,0.179,0.211,0.075
9222,948.00,636.85,936,1.857,3219.5,0.095,0.136,0.101,0.183,0.160,0.243,0.083
9223,414.00,632.56,407,1.895,3220.1,0.091,0.157,0.138,0.150,0.155,0.226,0.084
9224,148.00,626.94,228,1.847,3220.3,0.051,0.087,0.051,0.239,0.203,0.225,0.145
9225,792.00,632.36,818,1.738,3220.4,0.150,0.025,0.075,0.250,0.200,0.125,0.175
9226,314.00,630.43,290,1.900,3220.8,0.145,0.068,0.086,0.264,0.105,0.164,0.168
9227,615.00,633.02,550,1.913,3221.2,0.166,0.110,0.092,0.177,0.124,0.180,0.152
9228,426.00,631.63,434,1.902,3221.6,0.153,0.098,0.095,0.142,0.127,0.207,0.178
9229,808.00,636.98,708,1.913,3221.9,0.199,0.116,0.125,0.171,0.144,0.139,0.106
9230,539.00,631.59,451,1.921,3222.5,0.186,0.126,0.105,0.133,0.155,0.129,0.167
9231,513.00,630.66,529,1.761,3222.6,0.321,0.074,0.074,0.210,0.099,0.123,0.099
9232,742.00,630.87,758,1.929,3223.2,0.208,0.141,0.105,0.146,0.154,0.128,0.118
9233,1421.00,638.73,1364,1.412,3223.4,0.451,0.042,0.113,0.042,0.113,0.113,0.127
9234,714.00,640.64,375,1.063,3223.5,0.618,0.015,0.059,0.015,0.074,0.118,0.103
9235,997.00,648.60,867,1.838,3223.7,0.215,0.074,0.208,0.134,0.134,0.121,0.114
9236,959.00,655.37,623,1.661,3223.9,0.311,0.057,0.123,0.075,0.132,0.198,0.104
9237,446.00,652.91,320,1.837,3224.2,0.214,0.112,0.219,0.086,0.118,0.102,0.150
9238,684.00,653.33,677,1.908,3224.8,0.162,0.122,0.224,0.092,0.118,0.144,0.139
9239,580.00,651.76,516,1.908,3225.3,0.203,0.114,0.206,0.094,0.131,0.131,0.120
9240,1161.00,662.68,1028,1.698,3225.5,0.156,0.028,0.333,0.071,0.050,0.262,0.099
9241,747.00,668.58,684,1.551,3225.7,0.179,0.013,0.397,0.026,0.103,0.167,0.115
9242,242.00,665.98,322,1.902,3226.2,0.149,0.171,0.190,0.074,0.091,0.157,0.168
9243,531.00,670.08,462,1.890,3226.5,0.194,0.150,0.243,0.083,0.117,0.107,0.107
9244,473.00,663.73,440,1.699,3226.7,0.267,0.013,0.200,0.053,0.173,0.133,0.160
9245,696.00,652.41,572,1.676,3226.7,0.217,0.087,0.239,0.043,0.152,0.022,0.239
9246,814.00,651.74,854,1.902,3227.0,0.172,0.104,0.161,0.078,0.120,0.156,0.208
9247,823.00,651.07,700,1.917,3227.9,0.203,0.142,0.117,0.083,0.125,0.178,0.151
9248,429.00,652.33,378,1.858,3228.1,0.263,0.096,0.218,0.083,0.071,0.103,0.167
9249,448.00,645.17,419,1.906,3228.6,0.232,0.070,0.174,0.083,0.156,0.141,0.144
9250,564.00,647.89,414,1.909,3229.2,0.249,0.127,0.147,0.107,0.142,0.109,0.119
9251,743.00,651.12,741,1.915,3229.9,0.209,0.117,0.165,0.115,0.117,0.117,0.160
9252,670.00,657.82,555,1.898,3230.2,0.187,0.123,0.204,0.119,0.140,0.106,0.119
9253,663.00,661.16,525,1.750,3230.4,0.169,0.017,0.280,0.136,0.178,0.059,0.161
9254,910.00,654.85,906,1.893,3230.9,0.221,0.121,0.167,0.156,0.143,0.111,0.081
9255,1063.00,656.41,808,1.563,3231.1,0.060,0.036,0.238,0.083,0.262,0.071,0.250
9256,461.00,649.40,431,1.867,3231.4,0.104,0.092,0.281,0.137,0.145,0.104,0.137
9257,599.00,650.55,508,1.896,3231.8,0.120,0.079,0.247,0.150,0.150,0.142,0.112
9258,1026.00,651.17,1014,1.463,3232.0,0.015,0.015,0.103,0.059,0.162,0.162,0.485
9259,303.00,646.37,213,1.917,3232.4,0.113,0.104,0.162,0.129,0.152,0.152,0.188
9260,777.00,645.24,528,1.768,3232.5,0.159,0.049,0.122,0.220,0.110,0.256,0.085
9261,668.00,644.79,658,1.919,3233.2,0.140,0.165,0.115,0.140,0.119,0.150,0.173
9262,425.00,641.43,403,1.909,3233.5,0.089,0.168,0.068,0.136,0.120,0.262,0.157
9263,895.00,641.80,607,1.902,3233.8,0.151,0.090,0.111,0.106,0.131,0.211,0.201
9264,1173.00,651.93,1017,1.587,3234.0,0.099,0.056,0.211,0.099,0.056,0.324,0.155
9265,420.00,651.78,392,1.926,3234.5,0.145,0.133,0.104,0.098,0.113,0.176,0.231
9266,849.00,653.24,838,1.930,3235.0,0.192,0.121,0.139,0.102,0.131,0.168,0.147
9267,517.00,654.44,472,1.915,3235.6,0.215,0.072,0.144,0.127,0.141,0.122,0.180
9268,475.00,643.74,501,1.881,3235.9,0.229,0.129,0.090,0.134,0.065,0.139,0.214
9269,665.00,646.31,579,1.902,3236.4,0.201,0.156,0.092,0.140,0.121,0.172,0.118
9270,712.00,649.41,648,1.887,3236.9,0.184,0.131,0.207,0.125,0.108,0.184,0.061
9271,609.00,648.48,585,1.919,3237.4,0.239,0.142,0.147,0.106,0.133,0.139,0.094
9272,493.00,647.19,573,1.818,3237.6,0.180,0.009,0.171,0.108,0.126,0.261,0.144
9273,833.00,643.63,540,1.725,3237.8,0.059,0.029,0.275,0.078,0.147,0.284,0.127
9274,431.00,638.45,449,1.874,3238.0,0.151,0.025,0.189,0.088,0.132,0.258,0.157
9275,514.00,628.44,480,1.927,3239.2,0.149,0.113,0.126,0.121,0.154,0.150,0.187
9276,687.00,627.76,578,1.698,3239.4,0.069,0.183,0.275,0.069,0.122,0.183,0.099
9277,516.00,629.80,514,1.803,3239.8,0.036,0.241,0.059,0.169,0.156,0.225,0.114
9278,515.00,626.51,465,1.791,3240.3,0.046,0.272,0.060,0.129,0.116,0.228,0.149
9279,306.00,622.71,296,1.859,3240.8,0.042,0.166,0.078,0.149,0.175,0.175,0.214
9280,542.00,619.71,533,1.743,3241.0,0.022,0.125,0.118,0.154,0.360,0.081,0.140
9281,820.00,618.35,712,1.875,3241.3,0.057,0.161,0.098,0.233,0.150,0.135,0.166
9282,699.00,614.85,449,1.873,3241.7,0.086,0.190,0.099,0.155,0.147,0.155,0.168
9283,429.00,613.33,509,1.852,3242.1,0.022,0.150,0.088,0.190,0.221,0.133,0.195
9284,749.00,609.91,723,1.814,3242.2,0.026,0.226,0.122,0.191,0.226,0.035,0.174
9285,710.00,611.85,572,1.833,3242.4,0.000,0.168,0.107,0.183,0.198,0.176,0.168
9286,698.00,614.49,778,1.196,3242.5,0.020,0.039,0.510,0.000,0.255,0.000,0.176
9287,537.00,611.63,535,1.862,3242.9,0.050,0.194,0.116,0.157,0.157,0.128,0.198
9288,344.00,607.40,301,1.877,3243.3,0.058,0.189,0.095,0.099,0.152,0.210,0.198
9289,704.00,608.28,692,1.764,3243.5,0.060,0.113,0.153,0.067,0.200,0.120,0.287
9290,637.00,599.14,677,1.505,3243.6,0.036,0.036,0.410,0.012,0.265,0.048,0.193
9291,880.00,600.99,793,1.474,3243.8,0.026,0.051,0.359,0.026,0.256,0.103,0.179
9292,410.00,603.00,330,1.905,3244.4,0.103,0.129,0.110,0.148,0.189,0.150,0.172
9293,647.00,602.82,593,1.779,3244.6,0.044,0.124,0.177,0.044,0.115,0.230,0.265
9294,467.00,598.55,405,1.844,3245.0,0.076,0.139,0.103,0.113,0.113,0.272,0.185
9295,968.00,600.32,870,1.379,3245.1,0.012,0.070,0.151,0.116,0.174,0.023,0.453
9296,974.00,608.52,959,1.543,3245.3,0.032,0.054,0.215,0.097,0.108,0.097,0.398
9297,326.00,608.91,359,1.770,3245.6,0.078,0.069,0.118,0.083,0.108,0.250,0.294
9298,75.00,602.74,150,1.658,3245.8,0.024,0.095,0.071,0.063,0.119,0.325,0.302
9299,650.00,606.91,686,1.893,3246.7,0.115,0.126,0.107,0.121,0.126,0.228,0.178
9300,704.00,610.73,482,1.568,3246.9,0.040,0.119,0.048,0.079,0.540,0.063,0.111
9301,795.00,614.68,484,1.622,3247.0,0.144,0.155,0.052,0.010,0.443,0.082,0.113
9302,341.00,614.81,224,1.814,3247.3,0.035,0.220,0.085,0.092,0.142,0.220,0.206
9303,658.00,620.47,373,1.838,3247.4,0.110,0.207,0.098,0.134,0.171,0.171,0.110
9304,232.00,612.79,164,1.862,3247.7,0.143,0.190,0.061,0.109,0.170,0.184,0.143
9305,919.00,618.82,759,1.825,3247.8,0.146,0.134,0.098,0.122,0.159,0.171,0.171
9306,894.00,620.50,666,1.722,3247.9,0.224,0.138,0.052,0.052,0.190,0.069,0.276
9307,347.00,617.79,340,1.894,3248.3,0.115,0.142,0.075,0.115,0.142,0.190,0.221
9308,1014.00,624.80,990,1.800,3248.4,0.206,0.119,0.056,0.056,0.206,0.127,0.230
9309,673.00,630.05,551,1.865,3248.7,0.137,0.153,0.089,0.116,0.105,0.147,0.253
9310,390.00,623.73,311,1.777,3248.9,0.171,0.132,0.092,0.026,0.145,0.053,0.382
9311,144.00,618.87,180,1.759,3249.0,0.071,0.153,0.059,0.071,0.129,0.129,0.388
9312,987.00,626.63,975,1.778,3249.2,0.103,0.250,0.095,0.026,0.172,0.138,0.216
9313,812.00,632.77,852,1.748,3249.3,0.146,0.213,0.079,0.000,0.225,0.056,0.281
9314,738.00,637.43,571,1.810,3249.5,0.160,0.234,0.191,0.032,0.106,0.117,0.160
9315,703.00,642.20,662,1.846,3249.7,0.106,0.097,0.186,0.071,0.150,0.142,0.248
9316,494.00,634.85,464,1.860,3249.9,0.090,0.139,0.120,0.096,0.133,0.127,0.295
9317,168.00,630.70,205,1.889,3250.3,0.139,0.143,0.071,0.079,0.107,0.230,0.230
9318,296.00,630.54,296,1.901,3250.6,0.128,0.146,0.066,0.146,0.124,0.146,0.243
9319,563.00,632.32,418,1.892,3250.8,0.156,0.188,0.094,0.070,0.125,0.172,0.195
9320,264.00,628.92,252,1.869,3251.2,0.087,0.204,0.074,0.091,0.143,0.139,0.261
9321,230.00,625.38,266,1.905,3251.5,0.092,0.202,0.096,0.133,0.128,0.124,0.225
9322,432.00,620.22,414,1.934,3252.0,0.124,0.171,0.121,0.124,0.116,0.153,0.191
9323,775.00,623.83,666,1.879,3252.2,0.171,0.103,0.171,0.158,0.096,0.192,0.110
9324,675.00,629.10,637,1.867,3252.5,0.102,0.096,0.174,0.174,0.138,0.222,0.096
9325,711.00,628.29,708,1.900,3252.8,0.119,0.101,0.124,0.151,0.115,0.261,0.128
9326,189.00,627.04,269,1.836,3253.1,0.070,0.126,0.182,0.203,0.112,0.196,0.112
9327,171.00,622.60,180,1.879,3253.3,0.083,0.158,0.173,0.158,0.083,0.218,0.128
9328,577.00,624.11,558,1.920,3253.6,0.094,0.162,0.137,0.124,0.162,0.167,0.154
9329,445.00,620.48,375,1.913,3254.2,0.127,0.138,0.130,0.163,0.127,0.163,0.152
9330,1162.00,626.71,873,1.880,3254.4,0.190,0.068,0.150,0.163,0.102,0.197,0.129
9331,120.00,622.78,200,1.914,3254.7,0.071,0.125,0.149,0.196,0.155,0.179,0.125
9332,789.00,623.25,811,1.900,3255.6,0.176,0.125,0.130,0.128,0.126,0.189,0.126
9333,101.00,610.05,181,1.927,3256.1,0.121,0.156,0.162,0.112,0.145,0.171,0.133
9334,476.00,607.67,533,1.935,3256.4,0.133,0.148,0.113,0.108,0.172,0.172,0.153
9335,591.00,603.61,537,1.917,3256.7,0.132,0.132,0.182,0.101,0.101,0.195,0.157
9336,390.00,597.92,430,1.927,3257.3,0.141,0.126,0.126,0.158,0.143,0.185,0.121
9337,2085.00,614.31,688,1.589,3257.4,0.325,0.113,0.188,0.075,0.175,0.062,0.062
9338,377.00,611.24,290,1.909,3257.8,0.164,0.151,0.156,0.120,0.124,0.084,0.200
9339,230.00,607.74,310,1.851,3257.9,0.095,0.167,0.131,0.262,0.048,0.119,0.179
9340,668.00,602.81,748,1.834,3258.1,0.182,0.182,0.164,0.164,0.091,0.073,0.145
9341,118.00,596.52,198,1.891,3258.2,0.134,0.159,0.134,0.183,0.037,0.171,0.183
9342,759.00,601.69,632,1.912,3258.5,0.113,0.160,0.113,0.147,0.100,0.140,0.227
9343,468.00,601.06,437,1.917,3258.7,0.153,0.138,0.138,0.138,0.127,0.111,0.196
9344,542.00,601.75,568,1.876,3258.9,0.183,0.156,0.101,0.183,0.128,0.064,0.183
9345,478.00,599.57,444,1.922,3259.3,0.147,0.131,0.116,0.127,0.108,0.155,0.215
9346,838.00,599.81,347,1.471,3259.4,0.456,0.193,0.088,0.053,0.035,0.105,0.070
9347,822.00,599.80,902,1.675,3259.5,0.353,0.235,0.162,0.044,0.044,0.074,0.088
9348,388.00,599.39,428,1.915,3260.1,0.158,0.156,0.156,0.104,0.106,0.168,0.151
9349,651.00,601.42,621,1.930,3260.6,0.213,0.136,0.157,0.120,0.111,0.142,0.120
9350,633.00,602.11,649,1.911,3261.0,0.208,0.124,0.185,0.097,0.139,0.154,0.093
9351,985.00,604.53,586,1.594,3261.2,0.455,0.065,0.182,0.104,0.065,0.091,0.039
9352,470.00,602.53,295,1.917,3261.4,0.179,0.083,0.103,0.135,0.141,0.173,0.186
9353,621.00,602.11,602,1.920,3261.8,0.170,0.099,0.128,0.119,0.141,0.189,0.154
9354,878.00,601.79,665,1.558,3262.0,0.333,0.027,0.213,0.080,0.053,0.187,0.107
9355,97.00,592.13,171,1.909,3262.3,0.107,0.102,0.117,0.122,0.148,0.173,0.230
9356,764.00,595.16,694,1.849,3262.5,0.209,0.079,0.201,0.122,0.086,0.180,0.122
9357,604.00,595.21,644,1.853,3262.7,0.174,0.046,0.248,0.055,0.147,0.083,0.248
9358,806.00,593.01,805,1.857,3262.9,0.179,0.054,0.259,0.089,0.080,0.143,0.196
9359,440.00,594.38,436,1.858,3263.0,0.144,0.054,0.189,0.099,0.162,0.180,0.171
9360,406.00,590.67,262,1.902,3263.3,0.172,0.075,0.145,0.129,0.113,0.140,0.226
9361,668.00,590.67,582,1.858,3263.5,0.216,0.080,0.232,0.080,0.104,0.088,0.200
9362,503.00,591.45,415,1.914,3263.8,0.165,0.098,0.165,0.091,0.152,0.116,0.213
9363,113.00,583.63,190,1.921,3264.1,0.128,0.143,0.123,0.103,0.167,0.138,0.197
9364,878.00,580.68,732,1.841,3264.3,0.226,0.103,0.206,0.097,0.116,0.155,0.097
9365,708.00,583.56,601,1.929,3264.6,0.195,0.095,0.147,0.139,0.117,0.117,0.190
9366,423.00,579.30,423,1.925,3265.3,0.180,0.133,0.108,0.108,0.155,0.151,0.164
9367,559.00,579.72,389,1.136,3265.4,0.571,0.190,0.024,0.024,0.000,0.024,0.167
9368,1629.00,591.26,1555,1.299,3265.5,0.470,0.227,0.015,0.030,0.030,0.030,0.197
9369,569.00,590.30,517,1.878,3265.7,0.240,0.162,0.066,0.168,0.120,0.072,0.174
9370,217.00,585.35,187,1.917,3266.0,0.189,0.104,0.079,0.165,0.183,0.067,0.213
9371,282.00,582.08,286,1.913,3266.3,0.241,0.113,0.123,0.138,0.108,0.123,0.153
9372,533.00,582.48,421,1.759,3266.5,0.345,0.095,0.155,0.095,0.036,0.083,0.190
9373,417.00,578.32,289,1.928,3266.8,0.211,0.099,0.131,0.155,0.113,0.117,0.174
9374,88.00,574.89,165,1.923,3267.0,0.218,0.069,0.155,0.172,0.184,0.086,0.115
9375,965.00,579.40,836,1.908,3267.5,0.223,0.088,0.150,0.099,0.168,0.154,0.117
9376,739.00,579.92,396,1.896,3267.7,0.212,0.057,0.093,0.161,0.176,0.161,0.140
9377,1136.00,586.12,1013,1.248,3267.9,0.032,0.032,0.065,0.323,0.054,0.032,0.462
9378,971.00,590.68,888,1.878,3268.3,0.238,0.069,0.169,0.134,0.115,0.153,0.123
9379,381.00,591.43,313,1.443,3268.5,0.059,0.010,0.050,0.376,0.317,0.079,0.109
9380,433.00,590.34,281,1.908,3268.9,0.192,0.089,0.103,0.122,0.207,0.125,0.162
9381,828.00,590.42,650,1.820,3269.1,0.206,0.094,0.175,0.119,0.181,0.113,0.113
9382,457.00,588.00,412,1.856,3269.6,0.246,0.082,0.164,0.171,0.150,0.082,0.106
9383,527.00,588.98,606,1.882,3270.2,0.185,0.108,0.153,0.155,0.155,0.115,0.128
9384,353.00,585.02,351,1.871,3270.6,0.173,0.104,0.150,0.246,0.088,0.073,0.165
9385,948.00,587.40,988,1.920,3272.3,0.178,0.129,0.144,0.143,0.151,0.105,0.151
9386,859.00,589.01,721,1.611,3272.5,0.073,0.115,0.188,0.219,0.031,0.052,0.323
9387,304.00,586.68,319,1.754,3272.7,0.094,0.099,0.254,0.166,0.088,0.055,0.243
9388,572.00,588.96,521,1.840,3273.1,0.154,0.098,0.231,0.199,0.066,0.080,0.171
9389,714.00,589.06,615,1.506,3273.3,0.064,0.055,0.236,0.155,0.082,0.045,0.364
9390,622.00,588.91,581,1.676,3273.5,0.118,0.137,0.245,0.137,0.108,0.029,0.225
9391,865.00,588.76,903,1.889,3274.3,0.158,0.104,0.160,0.155,0.160,0.110,0.153
9392,424.00,588.90,452,1.890,3274.7,0.156,0.096,0.130,0.222,0.137,0.070,0.189
9393,140.00,583.83,220,1.137,3274.8,0.017,0.034,0.086,0.655,0.052,0.000,0.155
9394,673.00,585.89,753,1.783,3275.0,0.193,0.147,0.120,0.300,0.060,0.020,0.160
9395,744.00,583.65,595,1.701,3275.2,0.165,0.186,0.031,0.402,0.052,0.052,0.113
9396,193.00,575.84,144,1.898,3275.5,0.190,0.106,0.137,0.150,0.119,0.181,0.115
9397,1064.00,583.22,970,1.849,3275.7,0.155,0.163,0.140,0.233,0.093,0.116,0.101
9398,507.00,587.54,251,1.650,3275.9,0.136,0.233,0.078,0.379,0.078,0.029,0.068
9399,599.00,587.03,611,1.859,3276.2,0.191,0.209,0.107,0.191,0.107,0.120,0.076
9400,617.00,586.16,383,1.818,3276.5,0.117,0.234,0.091,0.240,0.143,0.058,0.117
9401,442.00,582.63,183,1.828,3276.8,0.117,0.243,0.093,0.206,0.168,0.126,0.047
9402,349.00,582.71,396,1.604,3277.0,0.134,0.381,0.082,0.186,0.082,0.021,0.113
9403,190.00,578.03,270,1.692,3277.1,0.055,0.397,0.123,0.219,0.082,0.027,0.096
9404,1147.00,587.18,1075,1.828,3277.3,0.098,0.244,0.089,0.146,0.163,0.049,0.211
9405,864.00,586.63,705,1.898,3277.8,0.211,0.170,0.110,0.146,0.154,0.120,0.089
9406,588.00,583.57,577,1.748,3278.0,0.098,0.321,0.062,0.098,0.143,0.089,0.188
9407,804.00,588.14,819,1.859,3278.7,0.187,0.232,0.111,0.109,0.147,0.119,0.096
9408,417.00,582.17,399,1.908,3279.1,0.177,0.267,0.094,0.141,0.126,0.097,0.097
9409,386.00,579.30,466,1.916,3279.8,0.158,0.181,0.181,0.100,0.118,0.139,0.123
9410,213.00,577.53,293,1.902,3279.9,0.110,0.274,0.164,0.096,0.137,0.096,0.123
9411,599.00,582.08,285,1.911,3280.2,0.137,0.132,0.126,0.100,0.200,0.226,0.079
9412,696.00,579.17,577,1.897,3280.6,0.139,0.139,0.129,0.136,0.157,0.225,0.075
9413,280.00,573.85,355,1.909,3280.8,0.170,0.135,0.128,0.099,0.262,0.092,0.113
9414,985.00,576.32,740,1.892,3281.6,0.175,0.135,0.138,0.103,0.179,0.194,0.076
9415,370.00,572.99,321,1.892,3281.9,0.142,0.176,0.153,0.091,0.170,0.125,0.142
9416,451.00,572.56,483,1.913,3282.3,0.154,0.157,0.179,0.100,0.189,0.121,0.100
9417,819.00,579.07,829,1.920,3283.7,0.147,0.130,0.146,0.128,0.155,0.164,0.129
9418,233.00,578.44,273,1.863,3284.1,0.096,0.237,0.124,0.076,0.089,0.206,0.172
9419,456.00,577.37,421,1.886,3284.7,0.113,0.149,0.169,0.141,0.121,0.211,0.096
9420,1156.00,586.29,567,1.810,3284.9,0.189,0.171,0.149,0.177,0.063,0.183,0.069
9421,540.00,589.39,373,1.807,3285.3,0.093,0.144,0.305,0.169,0.055,0.165,0.068
9422,460.00,589.67,391,1.887,3285.9,0.153,0.170,0.182,0.118,0.106,0.209,0.062
9423,604.00,587.96,483,1.897,3286.4,0.187,0.143,0.190,0.090,0.131,0.216,0.044
9424,840.00,589.61,765,1.906,3286.9,0.181,0.118,0.154,0.112,0.139,0.205,0.091
9425,1576.00,598.26,1510,1.726,3287.0,0.052,0.130,0.143,0.156,0.052,0.117,0.351
9426,711.00,603.48,589,1.896,3287.3,0.169,0.180,0.157,0.145,0.099,0.116,0.134
9427,651.00,608.28,587,1.903,3287.7,0.203,0.180,0.113,0.098,0.124,0.158,0.124
9428,215.00,604.66,221,1.897,3288.0,0.263,0.178,0.093,0.106,0.136,0.089,0.136
9429,881.00,609.02,538,1.802,3288.2,0.119,0.073,0.119,0.248,0.193,0.083,0.165
9430,713.00,604.53,691,1.931,3289.5,0.183,0.107,0.126,0.178,0.167,0.126,0.114
9431,943.00,612.76,780,1.909,3289.9,0.191,0.139,0.090,0.127,0.187,0.154,0.112
9432,612.00,610.99,547,1.926,3290.5,0.161,0.124,0.147,0.147,0.157,0.143,0.120
9433,66.00,610.64,66,0.129,3290.6,0.000,0.000,0.036,0.000,0.000,0.000,0.964
9434,0.00,605.88,0,0.110,3290.7,0.000,0.000,0.000,0.000,0.000,0.000,1.000
9435,802.00,607.99,785,1.917,3292.2,0.139,0.148,0.151,0.164,0.142,0.144,0.113
9436,796.00,612.05,681,1.776,3292.7,0.228,0.091,0.117,0.181,0.085,0.205,0.093
9437,1068.00,601.88,0,1.569,3293.0,0.261,0.057,0.261,0.217,0.025,0.172,0.006
9438,1231.00,610.42,693,1.676,3293.3,0.240,0.062,0.269,0.163,0.058,0.178,0.029
9439,1432.00,622.44,0,1.607,3293.5,0.303,0.092,0.243,0.132,0.026,0.197,0.007
9440,1315.00,628.91,568,1.659,3293.8,0.290,0.097,0.200,0.155,0.058,0.200,0.000
9441,1119.00,638.92,985,1.687,3294.1,0.259,0.088,0.148,0.153,0.088,0.250,0.014
9442,1205.00,643.38,714,1.715,3294.5,0.258,0.098,0.148,0.141,0.078,0.266,0.012
9443,1199.00,650.69,964,1.747,3295.0,0.265,0.094,0.153,0.139,0.086,0.224,0.038
9444,967.00,654.94,713,1.771,3295.5,0.302,0.121,0.105,0.153,0.065,0.229,0.025
9445,842.00,658.58,878,1.844,3296.6,0.215,0.162,0.158,0.121,0.100,0.202,0.043
9446,975.00,659.95,219,1.365,3296.9,0.161,0.435,0.099,0.112,0.019,0.155,0.019
9447,955.00,661.28,716,1.793,3297.6,0.207,0.239,0.111,0.097,0.083,0.231,0.032
9448,1660.00,674.00,1233,1.711,3298.0,0.240,0.262,0.120,0.120,0.107,0.124,0.027
9449,458.00,672.07,251,1.769,3298.4,0.248,0.232,0.142,0.089,0.066,0.205,0.017
9450,274.00,668.48,66,1.728,3298.7,0.159,0.259,0.164,0.149,0.090,0.174,0.005
9451,952.00,668.15,772,1.844,3299.3,0.196,0.194,0.159,0.116,0.121,0.181,0.033
9452,319.00,666.64,131,1.795,3299.7,0.161,0.217,0.135,0.154,0.086,0.236,0.011
9453,1113.00,671.56,451,1.839,3300.1,0.154,0.169,0.162,0.135,0.147,0.203,0.030
9454,633.00,669.11,487,1.849,3300.7,0.152,0.223,0.140,0.143,0.126,0.192,0.024
9455,467.00,672.81,359,1.856,3301.2,0.123,0.207,0.196,0.133,0.165,0.151,0.025
9456,558.00,670.75,502,1.519,3301.3,0.034,0.119,0.085,0.424,0.068,0.051,0.220
9457,1227.00,676.98,1164,1.910,3301.9,0.167,0.141,0.152,0.124,0.154,0.177,0.086
9458,476.00,673.68,264,1.336,3302.0,0.037,0.148,0.037,0.444,0.074,0.000,0.259
9459,768.00,676.96,475,1.444,3302.1,0.115,0.213,0.016,0.311,0.082,0.016,0.246
9460,786.00,680.76,692,1.832,3302.4,0.137,0.197,0.126,0.137,0.164,0.164,0.077
9461,1378.00,687.86,1044,1.713,3302.6,0.155,0.207,0.147,0.216,0.086,0.095,0.095
9462,712.00,689.95,721,1.440,3302.7,0.105,0.281,0.123,0.333,0.018,0.000,0.140
9463,429.00,693.11,436,1.827,3303.1,0.222,0.212,0.164,0.109,0.068,0.190,0.035
9464,1633.00,700.66,567,1.782,3303.3,0.262,0.213,0.220,0.121,0.092,0.078,0.014
9465,743.00,701.01,615,1.853,3303.8,0.203,0.163,0.152,0.134,0.116,0.192,0.040
9466,469.00,701.47,482,1.911,3304.9,0.141,0.161,0.147,0.152,0.131,0.161,0.108
9467,832.00,704.20,590,1.796,3305.2,0.205,0.145,0.128,0.197,0.111,0.188,0.026
9468,870.00,696.61,472,1.789,3305.4,0.242,0.099,0.110,0.198,0.066,0.165,0.121
9469,965.00,700.57,761,1.766,3305.7,0.244,0.104,0.187,0.114,0.041,0.280,0.031
9470,230.00,700.70,162,1.809,3306.1,0.183,0.076,0.176,0.183,0.076,0.284,0.022
9471,1631.00,714.19,1326,1.793,3306.2,0.247,0.075,0.172,0.140,0.075,0.118,0.172
9472,522.00,714.08,536,1.900,3307.0,0.181,0.111,0.188,0.161,0.124,0.163,0.072
9473,83.00,710.74,83,0.927,3307.0,0.056,0.028,0.028,0.000,0.000,0.000,0.889
9474,739.00,717.25,614,1.800,3307.3,0.331,0.078,0.097,0.130,0.130,0.162,0.071
9475,1276.00,720.36,882,1.849,3307.7,0.170,0.102,0.144,0.125,0.080,0.322,0.057
9476,817.00,721.14,747,1.842,3308.1,0.193,0.101,0.184,0.127,0.092,0.206,0.098
9477,814.00,717.92,335,1.786,3308.4,0.185,0.116,0.199,0.089,0.089,0.212,0.110
9478,322.00,711.43,322,1.185,3308.4,0.114,0.086,0.086,0.029,0.029,0.029,0.629
9479,505.00,712.67,357,1.898,3309.1,0.156,0.108,0.142,0.140,0.108,0.253,0.093
9480,269.00,711.03,257,1.856,3309.5,0.160,0.087,0.209,0.139,0.139,0.195,0.070
9481,842.00,711.17,714,1.850,3309.7,0.125,0.115,0.125,0.106,0.250,0.212,0.067
9482,947.00,716.07,925,1.826,3309.8,0.140,0.103,0.262,0.065,0.150,0.215,0.065
9483,818.00,718.98,340,1.846,3310.0,0.131,0.138,0.269,0.069,0.138,0.223,0.031
9484,511.00,720.56,429,1.873,3310.4,0.157,0.139,0.175,0.081,0.121,0.238,0.090
9485,535.00,716.43,469,1.889,3310.7,0.113,0.216,0.130,0.078,0.169,0.225,0.069
9486,84.00,708.68,164,1.906,3311.2,0.194,0.200,0.125,0.097,0.138,0.166,0.081
9487,760.00,713.24,733,1.931,3311.7,0.133,0.146,0.126,0.146,0.116,0.204,0.129
9488,504.00,712.56,514,1.907,3311.9,0.153,0.170,0.165,0.108,0.131,0.199,0.074
9489,235.00,707.77,223,1.906,3312.2,0.153,0.199,0.142,0.153,0.125,0.170,0.057
9490,786.00,709.41,793,1.932,3312.5,0.125,0.145,0.125,0.160,0.150,0.135,0.160
9491,811.00,708.87,700,1.914,3312.7,0.120,0.141,0.092,0.120,0.218,0.162,0.148
9492,1123.00,715.86,779,1.734,3312.9,0.150,0.125,0.100,0.125,0.100,0.125,0.275
9493,127.00,715.73,150,1.891,3313.0,0.149,0.117,0.106,0.255,0.149,0.160,0.064
9494,443.00,713.43,449,1.926,3313.7,0.160,0.182,0.111,0.115,0.170,0.143,0.119
9495,482.00,710.81,421,1.907,3314.0,0.194,0.131,0.131,0.120,0.099,0.168,0.157
9496,816.00,717.04,755,1.889,3314.5,0.183,0.119,0.104,0.119,0.162,0.125,0.188
9497,670.00,713.10,680,1.875,3314.9,0.223,0.073,0.125,0.110,0.143,0.161,0.165
9498,75.00,708.78,75,0.244,3315.0,0.048,0.000,0.000,0.024,0.000,0.000,0.929
9499,307.00,705.86,340,1.905,3315.5,0.215,0.095,0.114,0.111,0.171,0.144,0.149
9500,543.00,705.12,543,1.899,3315.9,0.225,0.073,0.118,0.131,0.142,0.121,0.190
9501,198.00,702.68,232,1.837,3316.1,0.272,0.070,0.105,0.096,0.105,0.123,0.228
9502,64.00,699.83,144,1.829,3316.3,0.231,0.102,0.028,0.102,0.120,0.120,0.296
9503,0.00,697.93,0,0.452,3316.4,0.150,0.000,0.000,0.000,0.000,0.000,0.850
9504,373.00,690.19,381,1.902,3316.7,0.237,0.108,0.121,0.116,0.147,0.129,0.142
9505,416.00,685.71,402,1.904,3317.1,0.216,0.112,0.147,0.121,0.151,0.121,0.134
9506,353.00,683.36,424,1.888,3317.4,0.213,0.069,0.138,0.085,0.154,0.223,0.117
9507,1093.00,686.25,935,1.347,3317.5,0.273,0.018,0.073,0.091,0.036,0.036,0.473
9508,345.00,685.53,376,1.929,3318.2,0.164,0.099,0.144,0.125,0.168,0.185,0.115
9509,252.00,684.19,313,1.917,3318.6,0.203,0.132,0.119,0.088,0.207,0.137,0.115
9510,201.00,684.07,229,1.890,3318.7,0.180,0.090,0.124,0.146,0.225,0.101,0.135
9511,608.00,684.16,599,1.921,3319.5,0.155,0.126,0.144,0.134,0.134,0.126,0.180
9512,303.00,680.23,225,1.531,3319.6,0.192,0.038,0.115,0.103,0.090,0.051,0.410
9513,637.00,683.80,469,1.854,3319.9,0.167,0.072,0.130,0.174,0.116,0.138,0.203
9514,364.00,677.59,354,1.421,3319.9,0.265,0.000,0.122,0.082,0.000,0.041,0.490
9515,261.00,676.50,256,1.896,3320.2,0.167,0.078,0.244,0.128,0.083,0.111,0.189
9516,419.00,676.18,499,1.740,3320.4,0.319,0.055,0.132,0.154,0.044,0.088,0.209
9517,405.00,672.04,362,1.915,3320.7,0.173,0.071,0.111,0.150,0.150,0.155,0.190
9518,436.00,674.07,423,1.925,3321.4,0.171,0.102,0.118,0.155,0.155,0.109,0.191
9519,745.00,676.96,664,1.870,3321.6,0.246,0.068,0.178,0.085,0.110,0.127,0.186
9520,814.00,673.54,791,1.870,3322.0,0.187,0.095,0.117,0.143,0.099,0.099,0.260
9521,730.00,675.44,770,1.716,3322.1,0.104,0.042,0.219,0.125,0.031,0.094,0.385
9522,834.00,679.18,831,1.777,3322.5,0.185,0.055,0.193,0.122,0.050,0.118,0.277
9523,544.00,678.58,496,1.788,3322.9,0.246,0.043,0.152,0.091,0.083,0.159,0.225
9524,286.00,673.04,280,1.789,3323.1,0.176,0.046,0.190,0.157,0.092,0.065,0.275
9525,312.00,660.40,312,1.476,3323.3,0.161,0.092,0.103,0.172,0.000,0.046,0.425
9526,431.00,657.60,378,1.832,3323.5,0.185,0.068,0.068,0.212,0.075,0.048,0.342
9527,774.00,658.83,361,1.288,3323.6,0.228,0.035,0.018,0.456,0.000,0.000,0.263
9528,1197.00,668.65,1068,1.572,3323.8,0.270,0.045,0.079,0.337,0.011,0.011,0.247
9529,412.00,663.96,363,1.546,3323.9,0.175,0.019,0.078,0.301,0.078,0.039,0.311
9530,1473.00,671.56,1473,1.445,3324.0,0.224,0.086,0.172,0.276,0.000,0.017,0.224
9531,237.00,664.50,277,1.813,3324.3,0.191,0.051,0.051,0.157,0.112,0.073,0.365
9532,860.00,666.98,793,1.802,3324.6,0.199,0.099,0.127,0.166,0.055,0.105,0.249
9533,639.00,672.71,639,1.889,3325.3,0.147,0.107,0.115,0.186,0.111,0.092,0.243
9534,582.00,678.53,527,1.782,3325.6,0.147,0.116,0.107,0.116,0.094,0.134,0.286
9535,240.00,672.91,218,1.871,3326.0,0.163,0.087,0.119,0.131,0.099,0.107,0.294
9536,433.00,669.28,411,1.821,3326.2,0.126,0.071,0.126,0.197,0.087,0.071,0.323
9537,683.00,665.43,650,1.614,3326.4,0.349,0.057,0.245,0.170,0.009,0.019,0.151
9538,783.00,660.95,507,1.702,3326.5,0.146,0.122,0.220,0.232,0.012,0.073,0.195
9539,277.00,649.40,334,1.870,3326.8,0.096,0.051,0.117,0.228,0.061,0.162,0.284
9540,692.00,643.17,638,1.852,3327.0,0.170,0.048,0.129,0.245,0.075,0.129,0.204
9541,411.00,636.09,326,1.914,3327.6,0.136,0.086,0.124,0.139,0.124,0.183,0.207
9542,1229.00,636.33,1096,1.755,3327.8,0.252,0.200,0.161,0.142,0.039,0.077,0.129
9543,650.00,630.84,332,1.731,3328.0,0.223,0.282,0.175,0.146,0.029,0.078,0.068
9544,981.00,630.98,912,1.906,3328.3,0.123,0.178,0.097,0.148,0.114,0.208,0.131
9545,226.00,624.82,251,1.911,3328.8,0.129,0.156,0.090,0.156,0.117,0.138,0.216
9546,200.00,617.07,274,1.862,3329.1,0.148,0.249,0.095,0.089,0.089,0.160,0.172
9547,911.00,616.63,879,1.791,3329.2,0.131,0.232,0.222,0.081,0.010,0.141,0.182
9548,403.00,604.06,323,1.909,3329.7,0.141,0.169,0.144,0.119,0.109,0.138,0.181
9549,833.00,607.81,715,1.752,3329.9,0.115,0.183,0.240,0.058,0.010,0.250,0.144
9550,698.00,612.05,558,1.710,3330.0,0.205,0.128,0.308,0.013,0.026,0.141,0.179
9551,207.00,604.60,192,1.907,3330.3,0.117,0.152,0.135,0.140,0.082,0.187,0.187
9552,761.00,609.02,689,1.791,3330.4,0.274,0.155,0.238,0.071,0.071,0.036,0.155
9553,687.00,604.76,568,1.922,3330.9,0.173,0.097,0.156,0.142,0.111,0.145,0.176
9554,1097.00,609.40,1065,1.689,3331.0,0.294,0.101,0.193,0.101,0.084,0.067,0.160
9555,567.00,610.40,509,1.916,3332.0,0.169,0.114,0.134,0.131,0.144,0.119,0.190
9556,157.00,606.39,228,1.491,3332.4,0.075,0.101,0.378,0.139,0.041,0.131,0.135
9557,945.00,603.57,581,1.655,3332.9,0.121,0.074,0.408,0.154,0.038,0.059,0.145
9558,342.00,602.23,132,1.422,3333.2,0.106,0.019,0.512,0.169,0.024,0.019,0.150
9559,256.00,597.11,208,1.290,3333.4,0.060,0.022,0.575,0.187,0.000,0.030,0.127
9560,281.00,592.06,214,1.441,3333.6,0.033,0.041,0.471,0.215,0.000,0.041,0.198
9561,661.00,584.89,660,1.715,3333.9,0.127,0.014,0.335,0.160,0.042,0.071,0.250
9562,1130.00,589.07,896,1.420,3334.1,0.129,0.024,0.412,0.188,0.000,0.024,0.224
9563,378.00,588.56,413,1.830,3334.8,0.188,0.079,0.191,0.186,0.077,0.090,0.188
9564,791.00,580.14,705,1.734,3335.1,0.135,0.090,0.298,0.200,0.033,0.098,0.147
9565,417.00,576.88,497,1.829,3335.8,0.188,0.062,0.207,0.198,0.044,0.109,0.193
9566,670.00,578.89,681,1.665,3335.9,0.111,0.051,0.239,0.171,0.009,0.103,0.316
9567,367.00,574.24,407,1.603,3336.1,0.150,0.000,0.270,0.200,0.010,0.090,0.280
9568,746.00,573.00,547,1.831,3336.6,0.137,0.082,0.189,0.201,0.070,0.137,0.183
9569,762.00,570.97,741,1.883,3337.6,0.180,0.101,0.123,0.180,0.070,0.157,0.189
9570,743.00,576.10,643,1.830,3337.9,0.195,0.056,0.156,0.147,0.061,0.208,0.177
9571,231.00,562.10,311,1.766,3338.2,0.173,0.050,0.089,0.069,0.059,0.272,0.287
9572,341.00,560.29,341,0.988,3338.3,0.000,0.000,0.000,0.029,0.000,0.176,0.794
9573,431.00,563.77,423,1.860,3338.7,0.126,0.074,0.087,0.104,0.139,0.200,0.270
9574,560.00,561.98,467,1.794,3338.9,0.135,0.049,0.080,0.129,0.141,0.233,0.233
9575,635.00,555.57,494,1.671,3339.1,0.141,0.000,0.141,0.028,0.070,0.324,0.296
9576,328.00,550.68,367,1.778,3339.2,0.171,0.072,0.072,0.063,0.099,0.306,0.216
9577,321.00,545.75,329,1.892,3339.6,0.127,0.108,0.092,0.155,0.088,0.199,0.231
9578,595.00,548.48,578,1.615,3339.8,0.112,0.067,0.135,0.056,0.213,0.045,0.371
9579,495.00,548.38,519,1.817,3339.9,0.059,0.039,0.108,0.108,0.196,0.137,0.353
9580,941.00,555.10,926,1.923,3340.4,0.153,0.132,0.117,0.165,0.126,0.108,0.198
9581,404.00,550.72,437,1.915,3340.9,0.104,0.151,0.118,0.108,0.140,0.147,0.233
9582,468.00,545.93,468,1.378,3341.0,0.075,0.100,0.300,0.000,0.125,0.000,0.400
9583,85.00,538.60,118,1.882,3341.1,0.176,0.106,0.082,0.106,0.071,0.212,0.247
9584,139.00,534.88,179,1.936,3341.4,0.177,0.108,0.113,0.153,0.113,0.128,0.207
9585,456.00,534.09,496,1.902,3341.6,0.145,0.137,0.161,0.145,0.153,0.097,0.161
9586,464.00,537.89,405,1.933,3341.9,0.124,0.114,0.195,0.124,0.124,0.157,0.162
9587,208.00,532.37,244,1.937,3342.3,0.194,0.125,0.171,0.144,0.106,0.129,0.129
9588,429.00,531.62,464,1.899,3342.6,0.208,0.156,0.168,0.116,0.121,0.173,0.058
9589,648.00,535.75,648,1.934,3343.2,0.165,0.129,0.137,0.162,0.140,0.119,0.147
9590,253.00,530.42,254,1.915,3343.5,0.234,0.156,0.094,0.168,0.111,0.119,0.119
9591,521.00,527.52,531,1.893,3344.0,0.260,0.132,0.128,0.142,0.083,0.160,0.094
9592,798.00,524.27,748,1.878,3344.2,0.193,0.117,0.135,0.175,0.146,0.170,0.064
9593,973.00,532.73,812,1.848,3344.8,0.213,0.197,0.084,0.090,0.152,0.169,0.096
9594,827.00,536.57,683,1.891,3345.4,0.190,0.158,0.096,0.140,0.140,0.190,0.086
9595,775.00,539.50,729,1.867,3345.8,0.207,0.183,0.067,0.163,0.147,0.200,0.033
9596,856.00,539.90,606,1.780,3346.1,0.335,0.160,0.105,0.070,0.120,0.145,0.065
9597,367.00,536.87,447,1.882,3346.7,0.230,0.161,0.154,0.107,0.149,0.126,0.073
9598,1057.00,546.69,879,1.421,3346.9,0.491,0.120,0.120,0.019,0.074,0.130,0.046
9599,1285.00,556.47,830,1.683,3347.1,0.331,0.161,0.097,0.056,0.113,0.169,0.073
9600,1821.00,569.25,998,1.558,3347.2,0.343,0.162,0.141,0.020,0.162,0.152,0.020
9601,499.00,572.26,409,1.732,3347.6,0.342,0.186,0.056,0.043,0.113,0.203,0.056
9602,439.00,576.01,67,1.650,3347.8,0.308,0.233,0.098,0.038,0.135,0.165,0.023
9603,604.00,582.05,617,1.908,3349.1,0.211,0.159,0.096,0.121,0.156,0.148,0.110
9604,489.00,583.21,432,1.850,3349.5,0.262,0.172,0.148,0.083,0.121,0.124,0.090
9605,452.00,583.57,243,1.692,3349.7,0.245,0.293,0.190,0.048,0.082,0.041,0.102
9606,486.00,584.90,420,1.853,3350.1,0.208,0.194,0.190,0.083,0.093,0.106,0.125
9607,320.00,577.17,314,1.895,3350.7,0.216,0.209,0.149,0.084,0.110,0.089,0.144
9608,372.00,577.44,248,1.910,3351.0,0.196,0.192,0.139,0.094,0.114,0.118,0.147
9609,680.00,581.72,535,1.865,3351.3,0.188,0.127,0.285,0.067,0.127,0.073,0.133
9610,649.00,586.20,541,1.865,3351.7,0.196,0.196,0.237,0.067,0.125,0.117,0.062
9611,672.00,586.84,409,1.852,3352.0,0.186,0.207,0.211,0.112,0.140,0.083,0.062
9612,940.00,593.21,1013,1.866,3352.5,0.205,0.196,0.208,0.110,0.134,0.083,0.062
9613,1445.00,601.29,1073,1.801,3352.8,0.187,0.207,0.161,0.104,0.140,0.140,0.062
9614,451.00,602.16,419,1.909,3353.8,0.173,0.188,0.131,0.146,0.153,0.131,0.078
9615,296.00,602.51,322,1.877,3354.2,0.168,0.171,0.152,0.200,0.130,0.102,0.076
9616,772.00,606.04,744,1.853,3354.6,0.200,0.225,0.179,0.167,0.100,0.062,0.067
9617,167.00,603.66,245,1.833,3354.9,0.174,0.226,0.184,0.200,0.079,0.084,0.053
9618,1692.00,616.22,1607,1.798,3355.2,0.199,0.167,0.204,0.108,0.108,0.113,0.102
9619,900.00,617.77,879,1.907,3355.7,0.177,0.177,0.133,0.158,0.126,0.089,0.140
9620,474.00,614.37,383,1.883,3356.1,0.168,0.204,0.133,0.204,0.080,0.075,0.137
9621,53.00,607.60,133,1.808,3356.3,0.169,0.161,0.137,0.298,0.081,0.016,0.137
9622,888.00,608.14,676,1.668,3356.4,0.284,0.147,0.127,0.108,0.206,0.020,0.108
9623,848.00,611.18,690,1.813,3356.6,0.236,0.142,0.094,0.110,0.173,0.071,0.173
9624,724.00,615.56,777,1.856,3356.9,0.130,0.200,0.092,0.168,0.141,0.043,0.227
9625,773.00,620.17,707,1.849,3357.3,0.181,0.193,0.110,0.157,0.185,0.035,0.138
9626,1095.00,626.81,1135,1.631,3357.4,0.279,0.103,0.235,0.059,0.176,0.044,0.103
9627,1652.00,635.59,1357,1.775,3357.6,0.254,0.194,0.104,0.112,0.097,0.060,0.179
9628,961.00,633.23,961,1.111,3357.7,0.623,0.038,0.189,0.000,0.057,0.019,0.075
9629,576.00,634.87,458,1.764,3357.9,0.304,0.152,0.134,0.080,0.107,0.062,0.161
9630,1054.00,630.68,778,1.576,3358.0,0.365,0.269,0.125,0.000,0.106,0.029,0.106
9631,382.00,632.13,327,1.857,3358.3,0.252,0.168,0.122,0.115,0.092,0.038,0.214
9632,142.00,624.95,182,1.923,3358.8,0.166,0.127,0.140,0.135,0.142,0.106,0.185
9633,336.00,621.92,309,1.748,3359.0,0.234,0.234,0.093,0.178,0.093,0.047,0.121
9634,351.00,619.61,277,1.809,3359.2,0.132,0.209,0.078,0.225,0.085,0.070,0.202
9635,334.00,620.55,324,1.883,3359.5,0.174,0.188,0.107,0.170,0.125,0.071,0.165
9636,623.00,622.45,663,1.688,3359.6,0.197,0.115,0.115,0.164,0.148,0.000,0.262
9637,729.00,622.91,627,1.566,3359.7,0.294,0.176,0.029,0.000,0.088,0.029,0.382
9638,655.00,621.63,667,1.898,3360.0,0.184,0.135,0.112,0.179,0.152,0.099,0.139
9639,456.00,623.42,433,1.851,3360.3,0.196,0.120,0.082,0.217,0.082,0.087,0.217
9640,409.00,620.59,389,1.867,3360.6,0.164,0.158,0.082,0.208,0.104,0.104,0.180
9641,894.00,625.42,775,1.795,3360.8,0.246,0.213,0.049,0.139,0.139,0.041,0.172
9642,480.00,617.93,422,1.864,3361.1,0.186,0.180,0.082,0.164,0.120,0.082,0.186
9643,585.00,617.28,665,1.745,3361.4,0.200,0.263,0.079,0.142,0.126,0.068,0.121
9644,355.00,611.02,356,1.653,3361.6,0.211,0.316,0.070,0.070,0.105,0.018,0.211
9645,357.00,612.33,294,1.836,3361.9,0.199,0.288,0.068,0.141,0.094,0.052,0.157
9646,455.00,614.88,456,1.854,3362.3,0.204,0.182,0.050,0.161,0.136,0.075,0.193
9647,577.00,611.54,442,1.913,3362.6,0.181,0.104,0.113,0.204,0.176,0.090,0.131
9648,626.00,613.77,602,1.761,3362.8,0.208,0.189,0.057,0.132,0.142,0.019,0.255
9649,174.00,607.18,192,1.891,3363.1,0.192,0.142,0.073,0.123,0.187,0.110,0.174
9650,404.00,604.24,426,1.918,3363.8,0.181,0.141,0.110,0.128,0.181,0.110,0.150
9651,1196.00,614.13,1030,1.890,3364.0,0.106,0.122,0.130,0.187,0.236,0.049,0.171
9652,921.00,615.73,855,1.907,3364.3,0.161,0.177,0.102,0.102,0.172,0.113,0.172
9653,301.00,611.87,330,1.922,3364.7,0.127,0.211,0.117,0.117,0.137,0.127,0.164
9654,721.00,608.11,614,1.925,3365.3,0.156,0.149,0.128,0.141,0.136,0.118,0.172
9655,1001.00,612.45,942,1.734,3365.5,0.068,0.230,0.122,0.135,0.216,0.014,0.216
9656,665.00,617.53,517,1.664,3365.6,0.045,0.364,0.118,0.036,0.136,0.073,0.227
9657,511.00,613.19,339,1.886,3366.0,0.169,0.209,0.100,0.139,0.109,0.114,0.159
9658,101.00,610.78,181,1.786,3366.1,0.058,0.405,0.074,0.116,0.050,0.074,0.223
9659,1128.00,619.50,1084,1.661,3366.3,0.061,0.159,0.171,0.049,0.195,0.061,0.305
9660,488.00,621.57,437,1.924,3366.7,0.189,0.139,0.116,0.154,0.154,0.089,0.158
9661,422.00,619.18,483,1.908,3367.0,0.162,0.146,0.186,0.142,0.130,0.091,0.142
9662,676.00,614.64,479,1.928,3367.7,0.184,0.138,0.128,0.172,0.145,0.098,0.135
9663,829.00,619.15,475,1.904,3367.9,0.163,0.122,0.177,0.197,0.129,0.102,0.109
9664,430.00,615.54,469,1.899,3368.2,0.212,0.141,0.071,0.224,0.128,0.109,0.115
9665,485.00,616.22,464,1.922,3368.5,0.175,0.127,0.080,0.217,0.137,0.142,0.123
9666,833.00,617.85,773,1.927,3368.9,0.163,0.156,0.122,0.179,0.190,0.080,0.110
9667,619.00,620.37,546,1.921,3369.8,0.211,0.108,0.100,0.148,0.152,0.169,0.111
9668,898.00,621.89,864,1.361,3369.9,0.120,0.000,0.540,0.000,0.260,0.020,0.060
9669,476.00,619.03,460,1.901,3370.2,0.142,0.179,0.073,0.188,0.170,0.142,0.106
9670,773.00,619.33,619,1.778,3370.4,0.254,0.139,0.066,0.057,0.238,0.156,0.090
9671,327.00,620.29,361,1.900,3370.6,0.185,0.152,0.056,0.185,0.163,0.135,0.124
9672,438.00,621.26,379,1.899,3371.0,0.143,0.164,0.084,0.197,0.118,0.130,0.164
9673,208.00,619.03,172,1.894,3371.2,0.200,0.109,0.100,0.109,0.164,0.127,0.191
9674,396.00,617.39,389,1.924,3371.6,0.167,0.167,0.069,0.167,0.120,0.113,0.196
9675,268.00,613.72,271,1.913,3371.9,0.161,0.118,0.071,0.156,0.133,0.171,0.190
9676,334.00,613.78,374,1.931,3372.3,0.157,0.123,0.089,0.148,0.119,0.178,0.186
9677,415.00,614.72,356,1.713,3372.4,0.132,0.018,0.184,0.035,0.114,0.263,0.254
9678,401.00,612.78,416,1.886,3372.7,0.092,0.098,0.129,0.061,0.135,0.307,0.178
9679,677.00,614.60,720,1.929,3373.2,0.117,0.109,0.125,0.114,0.179,0.215,0.141
9680,230.00,607.49,305,1.924,3373.7,0.103,0.212,0.103,0.123,0.109,0.219,0.132
9681,476.00,608.21,386,1.653,3373.8,0.055,0.073,0.330,0.046,0.073,0.239,0.183
9682,776.00,611.29,759,1.939,3374.6,0.154,0.149,0.151,0.153,0.135,0.140,0.118
9683,234.00,612.78,165,1.935,3374.9,0.103,0.123,0.151,0.164,0.171,0.144,0.144
9684,634.00,617.73,607,1.929,3375.5,0.140,0.172,0.147,0.142,0.188,0.100,0.110
9685,771.00,620.88,529,1.924,3375.7,0.188,0.132,0.118,0.125,0.181,0.111,0.146
9686,982.00,626.06,929,1.912,3376.0,0.128,0.103,0.141,0.173,0.167,0.167,0.122
9687,432.00,628.30,417,1.924,3376.4,0.103,0.142,0.121,0.223,0.181,0.121,0.110
9688,571.00,629.72,438,1.920,3376.6,0.181,0.139,0.174,0.097,0.208,0.111,0.090
9689,572.00,628.96,595,1.335,3376.7,0.246,0.016,0.393,0.016,0.115,0.115,0.098
9690,1007.00,636.50,821,1.928,3377.2,0.191,0.176,0.125,0.147,0.154,0.107,0.100
9691,314.00,634.43,332,1.934,3377.6,0.158,0.188,0.140,0.118,0.125,0.129,0.143
9692,390.00,630.35,348,1.930,3377.9,0.221,0.141,0.121,0.095,0.131,0.146,0.146
9693,435.00,624.97,434,1.921,3378.7,0.174,0.172,0.158,0.121,0.125,0.108,0.143
9694,403.00,620.73,345,1.930,3379.3,0.190,0.138,0.132,0.135,0.153,0.094,0.158
9695,1571.00,628.69,1445,1.859,3379.6,0.214,0.097,0.214,0.122,0.163,0.082,0.107
9696,393.00,624.06,396,1.778,3379.7,0.336,0.035,0.142,0.053,0.097,0.221,0.115
9697,1035.00,630.74,754,1.494,3379.9,0.486,0.019,0.181,0.019,0.133,0.086,0.076
9698,591.00,626.08,556,1.791,3380.1,0.296,0.066,0.105,0.072,0.112,0.211,0.138
9699,533.00,618.56,516,1.891,3380.7,0.274,0.068,0.112,0.086,0.151,0.159,0.149
9700,509.00,605.44,535,1.908,3381.0,0.148,0.081,0.195,0.161,0.127,0.148,0.140
9701,763.00,608.08,709,1.691,3381.3,0.201,0.069,0.245,0.069,0.101,0.151,0.164
9702,317.00,606.86,256,1.900,3381.5,0.187,0.073,0.138,0.146,0.106,0.179,0.171
9703,425.00,605.07,505,1.844,3381.8,0.213,0.077,0.098,0.077,0.137,0.246,0.153
9704,477.00,604.95,352,1.855,3382.0,0.279,0.078,0.106,0.073,0.101,0.156,0.207
9705,0.00,600.43,0,0.801,3382.1,0.200,0.000,0.000,0.000,0.000,0.022,0.778
9706,530.00,600.87,498,1.917,3382.8,0.195,0.107,0.121,0.143,0.125,0.132,0.178
9707,460.00,602.27,411,1.854,3383.0,0.196,0.169,0.068,0.122,0.135,0.095,0.216
9708,462.00,603.17,498,1.913,3383.6,0.191,0.218,0.114,0.120,0.134,0.114,0.109
9709,196.00,598.33,196,0.990,3383.7,0.047,0.000,0.070,0.000,0.000,0.070,0.814
9710,496.00,596.80,410,1.865,3384.2,0.235,0.212,0.102,0.058,0.130,0.154,0.109
9711,701.00,597.09,384,1.881,3384.5,0.268,0.193,0.114,0.123,0.123,0.132,0.048
9712,727.00,594.96,727,1.448,3384.6,0.206,0.029,0.176,0.000,0.029,0.324,0.235
9713,836.00,588.87,795,1.908,3385.3,0.207,0.188,0.092,0.102,0.167,0.146,0.100
9714,282.00,587.18,333,1.855,3385.7,0.216,0.116,0.181,0.116,0.091,0.207,0.073
9715,559.00,589.81,597,1.893,3386.2,0.171,0.163,0.157,0.099,0.118,0.193,0.099
9716,1186.00,593.95,1165,1.726,3386.6,0.171,0.071,0.210,0.048,0.107,0.298,0.095
9717,303.00,595.31,346,1.758,3386.8,0.244,0.063,0.213,0.031,0.134,0.244,0.071
9718,1236.00,590.75,1078,1.789,3387.0,0.182,0.068,0.176,0.091,0.142,0.244,0.097
9719,352.00,585.27,251,1.902,3387.3,0.197,0.126,0.153,0.126,0.142,0.175,0.082
9720,1188.00,592.41,969,1.654,3387.4,0.122,0.041,0.162,0.041,0.203,0.297,0.135
9721,815.00,600.03,779,1.483,3387.5,0.094,0.000,0.078,0.000,0.188,0.297,0.344
9722,388.00,595.03,332,1.918,3388.0,0.146,0.204,0.136,0.108,0.149,0.164,0.093
9723,726.00,593.81,671,1.881,3388.4,0.142,0.120,0.191,0.097,0.180,0.176,0.094
9724,456.00,591.13,407,1.926,3388.8,0.173,0.169,0.192,0.096,0.123,0.123,0.123
9725,238.00,585.78,318,1.881,3389.1,0.142,0.178,0.210,0.100,0.123,0.110,0.137
9726,441.00,579.24,342,1.883,3389.5,0.161,0.229,0.190,0.044,0.161,0.102,0.112
9727,855.00,571.27,825,1.923,3390.9,0.168,0.112,0.157,0.148,0.146,0.165,0.104
9728,383.00,565.49,416,1.669,3391.1,0.151,0.050,0.294,0.118,0.034,0.235,0.118
9729,524.00,564.97,538,1.807,3391.7,0.147,0.099,0.284,0.075,0.086,0.233,0.075
9730,473.00,559.16,432,1.646,3392.0,0.106,0.078,0.327,0.106,0.060,0.235,0.088
9731,501.00,560.35,511,1.814,3392.5,0.157,0.088,0.311,0.080,0.066,0.194,0.105
9732,642.00,565.35,471,1.722,3392.7,0.111,0.062,0.340,0.083,0.090,0.229,0.083
9733,717.00,569.16,706,1.526,3392.8,0.074,0.000,0.222,0.037,0.185,0.204,0.278
9734,436.00,570.01,413,1.894,3393.4,0.159,0.081,0.168,0.139,0.132,0.175,0.146
9735,804.00,574.71,723,1.734,3393.7,0.072,0.094,0.230,0.094,0.273,0.108,0.129
9736,906.00,577.54,687,1.642,3393.8,0.022,0.022,0.122,0.033,0.356,0.178,0.267
9737,612.00,576.37,501,1.899,3394.1,0.145,0.122,0.186,0.136,0.199,0.122,0.090
9738,459.00,574.41,539,1.922,3395.4,0.163,0.118,0.157,0.140,0.193,0.136,0.094
9739,1065.00,580.50,770,1.780,3395.5,0.141,0.054,0.141,0.141,0.228,0.065,0.228
9740,286.00,579.27,241,1.894,3395.9,0.175,0.144,0.131,0.052,0.188,0.144,0.166
9741,502.00,575.35,502,1.879,3396.2,0.168,0.164,0.150,0.064,0.155,0.100,0.200
9742,866.00,579.21,866,1.404,3396.3,0.191,0.021,0.085,0.000,0.319,0.000,0.383
9743,737.00,580.73,756,1.409,3396.4,0.140,0.000,0.160,0.000,0.520,0.000,0.180
9744,568.00,582.86,553,1.892,3397.0,0.240,0.112,0.141,0.078,0.164,0.103,0.161
9745,1005.00,589.34,814,1.248,3397.1,0.439,0.000,0.024,0.000,0.220,0.049,0.268
9746,424.00,589.03,412,1.694,3397.3,0.186,0.009,0.239,0.044,0.292,0.053,0.177
9747,716.00,590.42,635,1.667,3397.4,0.209,0.035,0.209,0.035,0.221,0.116,0.174
9748,378.00,587.94,388,1.770,3397.6,0.144,0.068,0.318,0.030,0.197,0.114,0.129
9749,419.00,590.39,383,1.906,3398.7,0.198,0.105,0.159,0.105,0.158,0.126,0.149
9750,504.00,591.39,473,1.822,3398.9,0.229,0.064,0.159,0.051,0.134,0.293,0.070
9751,655.00,585.98,680,1.912,3399.3,0.169,0.060,0.201,0.133,0.153,0.120,0.165
9752,505.00,581.82,428,1.908,3399.9,0.193,0.123,0.179,0.139,0.128,0.086,0.152
9753,436.00,583.17,347,1.895,3400.1,0.115,0.109,0.177,0.089,0.130,0.182,0.198
9754,553.00,581.49,520,1.899,3400.6,0.145,0.117,0.187,0.092,0.141,0.120,0.198
9755,399.00,575.47,436,1.920,3401.3,0.173,0.101,0.139,0.105,0.143,0.121,0.217
9756,1203.00,580.85,1165,1.709,3401.5,0.220,0.040,0.130,0.040,0.120,0.190,0.260
9757,312.00,578.86,311,1.847,3401.7,0.183,0.087,0.122,0.070,0.096,0.252,0.191
9758,353.00,581.38,374,1.929,3402.1,0.111,0.141,0.137,0.115,0.149,0.156,0.191
9759,921.00,579.31,839,1.909,3402.5,0.135,0.122,0.148,0.168,0.079,0.148,0.201
9760,150.00,575.93,183,1.893,3403.0,0.076,0.199,0.123,0.159,0.066,0.189,0.189
9761,344.00,575.15,364,1.910,3403.4,0.081,0.135,0.150,0.181,0.100,0.165,0.188
9762,0.00,568.39,0,0.942,3403.5,0.421,0.000,0.000,0.000,0.000,0.079,0.500
9763,157.00,561.67,157,0.989,3403.5,0.561,0.000,0.000,0.000,0.000,0.049,0.390
9764,283.00,560.20,323,1.880,3403.8,0.109,0.120,0.126,0.171,0.114,0.200,0.160
9765,588.00,561.23,626,1.895,3404.2,0.131,0.071,0.139,0.171,0.099,0.187,0.202
9766,368.00,556.58,319,1.894,3404.4,0.145,0.166,0.090,0.221,0.062,0.124,0.193
9767,592.00,556.31,465,1.837,3404.5,0.224,0.045,0.164,0.060,0.075,0.179,0.254
9768,799.00,555.32,836,1.934,3405.1,0.155,0.120,0.125,0.152,0.125,0.171,0.152
9769,472.00,555.28,449,1.924,3405.4,0.147,0.123,0.156,0.147,0.133,0.147,0.147
9770,328.00,550.83,222,1.920,3405.8,0.156,0.149,0.146,0.160,0.128,0.146,0.115
9771,467.00,552.23,447,1.923,3406.3,0.172,0.133,0.120,0.175,0.126,0.126,0.149
9772,619.00,554.04,89,0.738,3406.4,0.833,0.021,0.062,0.000,0.062,0.021,0.000
9773,708.00,559.04,633,1.923,3407.0,0.199,0.110,0.158,0.151,0.130,0.137,0.116
9774,264.00,557.72,294,1.883,3407.2,0.214,0.069,0.131,0.200,0.200,0.090,0.097
9775,2193.00,576.97,1966,1.768,3407.5,0.185,0.068,0.158,0.116,0.247,0.068,0.158
9776,230.00,575.93,287,1.856,3407.7,0.156,0.071,0.121,0.270,0.184,0.071,0.128
9777,1238.00,584.16,1013,1.839,3407.9,0.212,0.045,0.096,0.224,0.199,0.128,0.096
9778,1341.00,593.56,1042,1.519,3408.1,0.340,0.019,0.146,0.029,0.330,0.068,0.068
9779,738.00,594.17,778,1.931,3409.4,0.133,0.134,0.143,0.149,0.160,0.117,0.165
9780,626.00,598.13,609,1.921,3410.3,0.108,0.116,0.142,0.185,0.163,0.145,0.140
9781,910.00,602.47,685,1.526,3410.5,0.274,0.014,0.260,0.027,0.082,0.068,0.274
9782,911.00,603.82,770,1.829,3410.6,0.154,0.154,0.202,0.154,0.115,0.038,0.183
9783,302.00,604.50,195,1.884,3410.9,0.140,0.157,0.145,0.174,0.105,0.093,0.186
9784,299.00,601.15,265,1.842,3411.1,0.107,0.123,0.123,0.230,0.049,0.139,0.230
9785,1646.00,609.90,1159,1.701,3411.3,0.315,0.040,0.169,0.056,0.065,0.161,0.194
9786,378.00,603.86,418,1.838,3411.6,0.169,0.075,0.110,0.213,0.094,0.102,0.236
9787,1442.00,613.96,1297,1.823,3411.9,0.269,0.071,0.137,0.093,0.115,0.159,0.154
9788,550.00,613.75,442,1.916,3412.4,0.134,0.148,0.093,0.216,0.117,0.148,0.145
9789,1451.00,622.54,1358,1.831,3412.8,0.232,0.109,0.142,0.131,0.135,0.142,0.109
9790,1233.00,624.80,607,1.442,3413.0,0.330,0.019,0.184,0.029,0.214,0.184,0.039
9791,152.00,623.18,232,1.870,3413.3,0.124,0.091,0.118,0.253,0.151,0.145,0.118
9792,638.00,625.66,303,1.340,3413.4,0.382,0.026,0.197,0.013,0.263,0.118,0.000
9793,316.00,624.47,396,1.862,3413.7,0.105,0.124,0.105,0.242,0.111,0.196,0.118
9794,1218.00,632.62,986,1.486,3413.8,0.372,0.035,0.256,0.023,0.174,0.093,0.047
9795,405.00,620.96,395,1.919,3414.1,0.138,0.085,0.154,0.213,0.117,0.176,0.117
9796,339.00,620.42,316,1.935,3414.5,0.146,0.136,0.109,0.149,0.185,0.142,0.132
9797,1696.00,627.03,1502,1.684,3414.7,0.286,0.076,0.105,0.067,0.238,0.114,0.114
9798,567.00,626.79,515,1.926,3415.0,0.187,0.158,0.100,0.144,0.163,0.129,0.120
9799,463.00,626.09,440,1.929,3415.6,0.175,0.114,0.137,0.150,0.184,0.143,0.096
9800,856.00,629.56,774,1.916,3416.4,0.173,0.127,0.138,0.129,0.183,0.136,0.113
9801,937.00,631.30,816,1.905,3417.0,0.188,0.141,0.126,0.157,0.113,0.188,0.087
9802,502.00,633.15,3,0.977,3417.1,0.564,0.000,0.073,0.000,0.236,0.127,0.000
9803,467.00,633.57,488,1.913,3417.6,0.091,0.091,0.125,0.182,0.162,0.202,0.148
9804,643.00,635.23,607,1.891,3417.9,0.153,0.092,0.137,0.165,0.092,0.233,0.129
9805,837.00,643.60,605,1.920,3418.4,0.199,0.110,0.146,0.160,0.125,0.153,0.107
9806,657.00,644.87,672,1.895,3418.7,0.251,0.040,0.090,0.161,0.161,0.202,0.094
9807,1003.00,650.30,859,1.631,3418.9,0.303,0.025,0.092,0.050,0.210,0.235,0.084
9808,350.00,649.18,335,1.908,3419.2,0.201,0.094,0.145,0.115,0.154,0.192,0.098
9809,353.00,650.75,357,1.925,3419.6,0.201,0.079,0.177,0.138,0.138,0.146,0.122
9810,1669.00,662.48,1452,1.597,3419.8,0.226,0.066,0.197,0.044,0.263,0.124,0.080
9811,362.00,659.09,358,1.875,3420.1,0.230,0.051,0.173,0.168,0.194,0.092,0.092
9812,391.00,655.73,390,1.928,3420.6,0.196,0.140,0.134,0.146,0.146,0.122,0.116
9813,582.00,653.19,460,1.916,3421.1,0.183,0.136,0.190,0.198,0.088,0.110,0.095
9814,639.00,656.76,646,1.901,3421.7,0.152,0.128,0.156,0.205,0.128,0.124,0.107
9815,484.00,656.01,440,1.916,3422.7,0.190,0.146,0.125,0.184,0.133,0.112,0.109
9816,649.00,650.64,566,1.923,3423.3,0.181,0.151,0.136,0.176,0.151,0.113,0.091
9817,817.00,655.78,825,1.913,3424.2,0.182,0.131,0.157,0.147,0.151,0.133,0.099
9818,565.00,649.07,435,1.907,3424.8,0.176,0.109,0.193,0.165,0.115,0.117,0.125
9819,475.00,650.30,475,0.986,3424.9,0.727,0.013,0.000,0.000,0.169,0.052,0.039
9820,751.00,645.93,420,1.104,3425.1,0.582,0.000,0.051,0.000,0.291,0.051,0.025
9821,2511.00,662.89,1873,1.652,3425.3,0.310,0.111,0.099,0.070,0.152,0.181,0.076
9822,315.00,662.16,277,1.827,3425.6,0.176,0.094,0.076,0.306,0.100,0.082,0.165
9823,547.00,660.37,257,1.851,3425.8,0.257,0.060,0.126,0.275,0.060,0.090,0.132
9824,768.00,663.49,698,1.583,3426.1,0.432,0.038,0.076,0.182,0.068,0.106,0.098
9825,722.00,668.33,600,1.772,3426.3,0.214,0.071,0.143,0.229,0.057,0.129,0.157
9826,351.00,667.43,318,1.836,3426.5,0.236,0.056,0.124,0.311,0.050,0.106,0.118
9827,1408.00,672.96,912,1.745,3426.7,0.250,0.023,0.180,0.109,0.211,0.102,0.125
9828,460.00,673.73,482,1.885,3427.0,0.140,0.110,0.183,0.183,0.055,0.165,0.165
9829,418.00,672.67,406,1.865,3427.2,0.214,0.068,0.137,0.171,0.043,0.179,0.188
9830,502.00,672.96,457,1.928,3427.5,0.148,0.135,0.148,0.170,0.122,0.127,0.148
9831,466.00,672.61,327,1.925,3427.8,0.200,0.124,0.205,0.141,0.076,0.103,0.151
9832,384.00,670.03,351,1.934,3428.3,0.182,0.134,0.143,0.137,0.089,0.170,0.146
9833,357.00,666.43,437,1.917,3428.5,0.144,0.126,0.144,0.162,0.102,0.180,0.144
9834,472.00,666.79,459,1.928,3428.9,0.177,0.194,0.097,0.202,0.077,0.093,0.161
9835,319.00,661.94,399,1.844,3429.1,0.179,0.134,0.082,0.201,0.119,0.164,0.119
9836,625.00,659.13,436,1.541,3429.3,0.102,0.065,0.074,0.111,0.139,0.417,0.093
9837,307.00,656.08,307,1.924,3430.0,0.191,0.141,0.124,0.116,0.145,0.157,0.125
9838,1220.00,663.69,304,1.656,3430.2,0.099,0.231,0.088,0.088,0.187,0.253,0.055
9839,428.00,657.32,319,1.478,3430.3,0.065,0.273,0.026,0.091,0.104,0.403,0.039
9840,425.00,658.71,505,1.644,3430.5,0.157,0.193,0.024,0.000,0.133,0.373,0.120
9841,871.00,662.40,783,1.914,3430.9,0.142,0.205,0.067,0.093,0.160,0.201,0.131
9842,1155.00,665.29,962,1.646,3431.0,0.055,0.242,0.033,0.044,0.143,0.209,0.275
9843,236.00,660.28,157,1.883,3431.2,0.196,0.144,0.124,0.052,0.093,0.124,0.268
9844,1164.00,666.24,855,1.872,3431.3,0.229,0.110,0.110,0.085,0.093,0.195,0.178
9845,692.00,663.11,486,1.855,3431.5,0.170,0.160,0.094,0.094,0.066,0.208,0.208
9846,1511.00,673.98,1551,1.668,3431.7,0.212,0.058,0.125,0.058,0.163,0.212,0.173
9847,1099.00,677.81,937,1.687,3431.8,0.302,0.019,0.104,0.132,0.104,0.160,0.179
9848,2316.00,697.19,2090,1.710,3432.1,0.227,0.055,0.135,0.092,0.117,0.227,0.147
9849,1146.00,704.46,486,1.245,3432.2,0.224,0.035,0.012,0.012,0.235,0.459,0.024
9850,343.00,702.85,260,1.724,3432.4,0.319,0.044,0.124,0.142,0.053,0.106,0.212
9851,258.00,698.88,268,1.856,3432.8,0.239,0.056,0.132,0.158,0.077,0.132,0.205
9852,930.00,703.13,811,1.859,3433.2,0.253,0.084,0.185,0.116,0.084,0.145,0.133
9853,510.00,703.87,455,1.844,3433.5,0.193,0.059,0.153,0.213,0.064,0.149,0.168
9854,1241.00,710.75,449,1.618,3433.7,0.305,0.109,0.094,0.125,0.227,0.133,0.008
9855,986.00,716.62,872,1.858,3434.0,0.179,0.068,0.145,0.218,0.077,0.132,0.179
9856,260.00,707.19,266,1.890,3434.6,0.156,0.127,0.146,0.163,0.084,0.141,0.182
9857,844.00,712.51,723,1.879,3434.9,0.168,0.082,0.158,0.245,0.087,0.103,0.158
9858,652.00,715.50,638,1.918,3435.7,0.151,0.136,0.134,0.169,0.123,0.127,0.158
9859,216.00,708.45,295,1.780,3435.9,0.110,0.055,0.220,0.147,0.128,0.046,0.294
9860,222.00,709.17,302,1.454,3436.0,0.192,0.038,0.058,0.250,0.288,0.019,0.154
9861,196.00,707.69,222,1.867,3436.2,0.172,0.134,0.157,0.157,0.112,0.052,0.216
9862,564.00,713.33,388,1.924,3436.6,0.136,0.192,0.157,0.209,0.115,0.094,0.098
9863,390.00,715.66,470,1.910,3437.1,0.168,0.116,0.123,0.190,0.165,0.084,0.155
9864,862.00,721.45,726,1.818,3437.3,0.222,0.179,0.120,0.137,0.162,0.051,0.128
9865,353.00,719.10,388,1.908,3437.6,0.172,0.124,0.156,0.113,0.161,0.075,0.199
9866,867.00,724.09,753,1.728,3437.7,0.218,0.064,0.128,0.154,0.231,0.064,0.141
9867,113.00,719.30,147,1.877,3437.8,0.207,0.046,0.138,0.172,0.126,0.057,0.253
9868,491.00,716.22,376,1.923,3438.2,0.231,0.104,0.112,0.190,0.119,0.108,0.134
9869,1689.00,728.39,861,1.649,3438.4,0.298,0.115,0.115,0.096,0.202,0.106,0.067
9870,379.00,728.90,370,1.908,3438.9,0.250,0.086,0.161,0.148,0.125,0.102,0.128
9871,786.00,732.09,762,1.932,3440.5,0.175,0.145,0.125,0.142,0.173,0.124,0.116
9872,1081.00,736.71,976,1.814,3440.8,0.194,0.105,0.159,0.155,0.163,0.109,0.116
9873,1045.00,740.08,1002,1.773,3441.3,0.254,0.098,0.077,0.125,0.150,0.111,0.185
9874,479.00,742.23,446,1.836,3441.8,0.265,0.113,0.080,0.128,0.086,0.107,0.220
9875,734.00,727.64,461,1.289,3441.9,0.320,0.379,0.010,0.058,0.087,0.087,0.058
9876,685.00,732.19,620,1.667,3442.2,0.408,0.146,0.076,0.070,0.089,0.045,0.166
9877,324.00,723.05,336,1.838,3442.4,0.248,0.083,0.140,0.108,0.108,0.115,0.197
9878,341.00,713.05,252,1.774,3442.6,0.298,0.076,0.107,0.076,0.130,0.099,0.214
9879,937.00,715.04,862,1.804,3442.8,0.126,0.154,0.070,0.098,0.161,0.189,0.203
9880,1872.00,727.50,858,1.731,3443.1,0.200,0.156,0.089,0.081,0.156,0.170,0.148
9881,2137.00,739.77,1821,1.757,3443.4,0.191,0.051,0.117,0.137,0.148,0.207,0.148
9882,1281.00,743.47,949,1.552,3443.7,0.118,0.046,0.062,0.128,0.154,0.369,0.123
9883,360.00,744.05,351,1.867,3444.1,0.237,0.046,0.174,0.087,0.145,0.166,0.145
9884,863.00,749.69,828,1.774,3444.4,0.129,0.056,0.116,0.133,0.176,0.279,0.112
9885,1468.00,747.91,843,1.695,3444.7,0.138,0.044,0.075,0.150,0.125,0.388,0.081
9886,594.00,750.07,554,1.908,3445.1,0.129,0.101,0.119,0.119,0.208,0.195,0.129
9887,880.00,744.45,813,1.881,3445.6,0.138,0.079,0.066,0.224,0.148,0.228,0.117
9888,394.00,742.89,359,1.920,3446.1,0.129,0.140,0.090,0.140,0.158,0.193,0.150
9889,385.00,732.23,379,1.716,3446.3,0.090,0.022,0.022,0.360,0.202,0.090,0.213
9890,340.00,723.30,339,1.922,3446.8,0.129,0.149,0.095,0.147,0.152,0.137,0.191
9891,266.00,724.44,294,1.932,3447.7,0.149,0.154,0.116,0.136,0.116,0.176,0.154
9892,1182.00,729.88,964,1.729,3447.8,0.259,0.035,0.129,0.165,0.024,0.165,0.224
9893,336.00,730.08,281,1.789,3448.0,0.163,0.010,0.194,0.133,0.041,0.245,0.214
9894,282.00,720.72,299,1.881,3448.3,0.094,0.135,0.157,0.152,0.072,0.184,0.206
9895,387.00,720.54,284,1.890,3448.7,0.131,0.115,0.193,0.107,0.082,0.197,0.176
9896,632.00,723.47,589,1.915,3449.2,0.131,0.119,0.131,0.149,0.122,0.198,0.152
9897,257.00,709.08,208,1.856,3449.4,0.127,0.109,0.218,0.127,0.045,0.155,0.218
9898,940.00,712.81,817,1.874,3449.6,0.176,0.170,0.105,0.216,0.046,0.150,0.137
9899,285.00,711.03,238,1.895,3449.9,0.117,0.149,0.156,0.182,0.058,0.162,0.175
9900,1103.00,713.50,1024,1.828,3450.0,0.169,0.093,0.110,0.271,0.051,0.144,0.161
9901,608.00,710.21,641,1.837,3450.2,0.165,0.087,0.217,0.252,0.026,0.096,0.157
9902,761.00,712.80,572,1.746,3450.4,0.313,0.048,0.060,0.277,0.000,0.133,0.169
9903,492.00,713.05,430,1.912,3450.7,0.129,0.167,0.129,0.163,0.107,0.099,0.206
9904,1206.00,718.68,1145,1.700,3450.8,0.279,0.049,0.082,0.213,0.033,0.098,0.246
9905,705.00,717.36,599,1.919,3451.4,0.114,0.154,0.154,0.157,0.084,0.139,0.199
9906,245.00,713.24,257,1.779,3451.5,0.300,0.113,0.075,0.150,0.075,0.163,0.125
9907,399.00,707.20,339,1.922,3451.8,0.153,0.149,0.119,0.153,0.089,0.129,0.208
9908,645.00,710.15,685,1.678,3451.9,0.276,0.069,0.034,0.069,0.138,0.172,0.241
9909,588.00,712.50,668,1.756,3452.1,0.287,0.059,0.069,0.168,0.089,0.139,0.188
9910,1385.00,709.66,988,1.845,3452.3,0.232,0.080,0.096,0.144,0.176,0.144,0.128
9911,646.00,712.50,614,1.930,3452.8,0.139,0.112,0.156,0.174,0.156,0.118,0.145
9912,723.00,715.82,657,1.921,3453.4,0.167,0.109,0.160,0.136,0.136,0.116,0.176
9913,638.00,716.38,625,1.916,3454.2,0.131,0.113,0.141,0.145,0.143,0.154,0.172
9914,341.00,713.40,324,1.755,3454.4,0.236,0.073,0.121,0.055,0.097,0.230,0.188
9915,876.00,717.32,838,1.829,3455.0,0.097,0.097,0.282,0.099,0.092,0.220,0.114
9916,489.00,715.72,527,1.921,3455.4,0.110,0.099,0.253,0.072,0.130,0.178,0.158
9917,295.00,710.50,210,1.913,3455.7,0.107,0.149,0.250,0.077,0.137,0.143,0.137
9918,1242.00,717.27,991,1.799,3455.8,0.190,0.048,0.127,0.079,0.190,0.079,0.286
9919,419.00,716.71,459,1.893,3456.0,0.173,0.087,0.220,0.150,0.079,0.126,0.165
9920,606.00,715.26,578,1.873,3456.1,0.140,0.054,0.172,0.151,0.129,0.118,0.237
9921,934.00,699.49,809,1.891,3456.3,0.162,0.090,0.216,0.144,0.135,0.117,0.135
9922,695.00,703.29,775,1.909,3456.5,0.169,0.106,0.204,0.120,0.120,0.092,0.190
9923,526.00,703.08,557,1.932,3456.9,0.132,0.140,0.185,0.119,0.115,0.148,0.160
9924,693.00,702.33,467,1.829,3457.1,0.130,0.109,0.141,0.087,0.217,0.174,0.141
9925,613.00,701.24,474,1.923,3457.5,0.143,0.161,0.175,0.136,0.119,0.140,0.126
9926,422.00,701.95,426,1.924,3457.9,0.114,0.155,0.225,0.122,0.140,0.111,0.133
9927,564.00,693.51,604,1.566,3458.1,0.115,0.044,0.097,0.035,0.389,0.106,0.212
9928,381.00,692.72,407,1.925,3458.5,0.133,0.136,0.151,0.100,0.211,0.100,0.168
9929,367.00,692.21,384,1.933,3459.1,0.144,0.155,0.114,0.150,0.150,0.114,0.172
9930,980.00,696.99,742,1.918,3459.6,0.150,0.153,0.222,0.140,0.116,0.111,0.108
9931,454.00,696.87,360,1.663,3459.8,0.047,0.065,0.215,0.187,0.318,0.131,0.037
9932,1261.00,705.64,789,1.772,3460.0,0.120,0.075,0.173,0.158,0.241,0.173,0.060
9933,685.00,708.92,601,1.925,3461.3,0.137,0.148,0.161,0.150,0.158,0.134,0.112
9934,616.00,710.36,476,1.828,3461.5,0.115,0.074,0.107,0.090,0.221,0.320,0.074
9935,453.00,711.70,478,1.724,3461.7,0.171,0.267,0.048,0.057,0.181,0.229,0.048
9936,457.00,710.02,394,1.881,3462.4,0.168,0.254,0.078,0.143,0.136,0.145,0.078
9937,346.00,710.41,286,1.914,3463.0,0.237,0.239,0.116,0.103,0.093,0.105,0.108
9938,941.00,707.62,800,1.870,3463.1,0.219,0.178,0.082,0.068,0.110,0.247,0.096
9939,605.00,709.39,677,1.897,3463.5,0.174,0.184,0.165,0.058,0.155,0.158,0.106
9940,1399.00,719.13,1125,1.864,3463.8,0.109,0.236,0.200,0.067,0.097,0.152,0.139
9941,214.00,712.56,294,1.853,3464.1,0.094,0.242,0.175,0.036,0.067,0.224,0.161
9942,662.00,707.63,568,1.822,3464.3,0.121,0.267,0.103,0.086,0.060,0.224,0.138
9943,601.00,711.28,619,1.689,3464.4,0.108,0.189,0.149,0.000,0.095,0.176,0.284
9944,452.00,704.16,473,1.904,3464.7,0.125,0.158,0.211,0.079,0.151,0.158,0.118
9945,572.00,702.96,476,1.907,3464.9,0.088,0.193,0.199,0.129,0.135,0.164,0.094
9946,453.00,692.38,528,1.925,3465.3,0.182,0.163,0.159,0.109,0.112,0.151,0.124
9947,654.00,687.93,652,1.931,3466.4,0.166,0.139,0.168,0.127,0.116,0.124,0.158
9948,914.00,673.91,826,1.673,3466.6,0.208,0.104,0.115,0.083,0.083,0.083,0.323
9949,474.00,667.19,465,1.900,3467.0,0.168,0.129,0.151,0.073,0.112,0.259,0.108
9950,335.00,667.11,301,1.929,3467.5,0.191,0.108,0.137,0.099,0.121,0.159,0.185
9951,511.00,669.64,512,1.916,3468.0,0.166,0.163,0.153,0.118,0.118,0.163,0.118
9952,790.00,668.24,752,1.839,3468.3,0.263,0.137,0.154,0.091,0.086,0.183,0.086
9953,561.00,668.75,561,1.918,3469.5,0.166,0.142,0.147,0.134,0.152,0.097,0.162
9954,321.00,659.55,258,1.883,3469.8,0.258,0.040,0.096,0.116,0.227,0.152,0.111
9955,620.00,655.89,631,1.854,3470.2,0.303,0.049,0.135,0.148,0.107,0.135,0.123
9956,948.00,662.77,902,1.840,3470.7,0.237,0.104,0.142,0.111,0.152,0.136,0.117
9957,195.00,656.28,233,1.272,3470.8,0.265,0.000,0.000,0.059,0.412,0.044,0.221
9958,1028.00,660.04,994,1.867,3471.3,0.226,0.088,0.119,0.147,0.175,0.147,0.099
9959,602.00,663.90,536,1.873,3471.7,0.236,0.077,0.077,0.159,0.155,0.166,0.129
9960,539.00,667.07,327,1.606,3472.0,0.250,0.030,0.049,0.091,0.354,0.152,0.073
9961,676.00,671.87,649,1.802,3472.3,0.182,0.095,0.078,0.104,0.299,0.152,0.091
9962,432.00,670.55,344,1.875,3472.7,0.245,0.106,0.114,0.131,0.188,0.127,0.090
9963,197.00,668.62,277,1.907,3473.1,0.249,0.100,0.104,0.100,0.172,0.149,0.126
9964,550.00,665.50,357,1.810,3473.3,0.200,0.105,0.095,0.143,0.171,0.095,0.190
9965,437.00,666.34,417,1.837,3473.5,0.178,0.068,0.136,0.136,0.186,0.169,0.127
9966,698.00,664.65,703,1.928,3474.1,0.171,0.159,0.142,0.104,0.157,0.130,0.137
9967,177.00,665.29,163,0.697,3474.2,0.127,0.018,0.036,0.055,0.055,0.073,0.636
9968,219.00,662.57,219,0.388,3474.3,0.048,0.000,0.000,0.000,0.048,0.024,0.881
9969,157.00,647.25,157,0.829,3474.4,0.093,0.000,0.000,0.037,0.019,0.037,0.815
9970,942.00,652.88,814,1.897,3474.8,0.175,0.137,0.120,0.124,0.162,0.151,0.131
9971,951.00,654.53,961,1.859,3475.2,0.194,0.121,0.154,0.113,0.130,0.121,0.166
9972,383.00,647.55,335,1.925,3475.7,0.182,0.111,0.124,0.137,0.145,0.145,0.158
9973,680.00,643.90,669,1.392,3475.9,0.315,0.068,0.027,0.041,0.096,0.041,0.411
9974,1081.00,649.92,689,1.647,3476.1,0.377,0.050,0.119,0.057,0.113,0.088,0.195
9975,948.00,652.06,925,1.885,3477.0,0.249,0.121,0.121,0.128,0.122,0.105,0.155
9976,639.00,651.60,537,1.720,3477.3,0.426,0.049,0.105,0.086,0.086,0.142,0.105
9977,0.00,648.36,0,0.332,3477.4,0.000,0.000,0.000,0.000,0.000,0.000,1.000
9978,694.00,651.89,397,1.277,3477.5,0.099,0.028,0.042,0.085,0.056,0.085,0.606
9979,628.00,648.80,663,1.908,3478.1,0.207,0.133,0.145,0.120,0.092,0.166,0.137
9980,371.00,633.79,342,1.904,3478.5,0.249,0.091,0.104,0.108,0.087,0.199,0.162
9981,812.00,620.54,665,1.805,3478.7,0.211,0.092,0.134,0.183,0.056,0.282,0.042
9982,950.00,617.23,979,1.806,3478.9,0.173,0.180,0.083,0.165,0.038,0.271,0.090
9983,364.00,617.27,405,1.898,3479.4,0.233,0.126,0.136,0.136,0.076,0.183,0.110
9984,1038.00,619.02,1069,1.911,3480.3,0.193,0.145,0.118,0.130,0.127,0.156,0.130
9985,475.00,609.09,492,1.891,3480.8,0.256,0.141,0.072,0.112,0.112,0.225,0.081
9986,1484.00,617.99,1222,1.760,3481.1,0.135,0.187,0.129,0.064,0.129,0.287,0.070
9987,236.00,611.55,199,1.876,3481.4,0.205,0.103,0.119,0.178,0.097,0.216,0.081
9988,1024.00,617.85,773,1.915,3481.9,0.196,0.159,0.113,0.108,0.137,0.191,0.097
9989,386.00,617.86,330,1.899,3482.3,0.203,0.150,0.102,0.118,0.110,0.207,0.110
9990,516.00,619.62,556,1.902,3482.7,0.155,0.115,0.094,0.165,0.155,0.187,0.129
9991,890.00,625.86,394,1.834,3483.1,0.168,0.098,0.172,0.172,0.105,0.199,0.086
9992,-1.00,614.03,79,1.602,3483.3,0.098,0.054,0.185,0.370,0.076,0.174,0.043
9993,577.00,616.44,462,1.900,3483.6,0.188,0.130,0.108,0.184,0.139,0.175,0.076
9994,587.00,619.49,578,1.886,3483.9,0.192,0.130,0.178,0.188,0.101,0.149,0.062
9995,790.00,623.52,580,1.714,3484.1,0.081,0.108,0.365,0.162,0.162,0.095,0.027
9996,574.00,622.94,554,1.888,3484.4,0.165,0.138,0.152,0.116,0.205,0.165,0.058
9997,400.00,624.37,303,1.918,3484.8,0.147,0.130,0.171,0.123,0.198,0.160,0.072
9998,339.00,618.36,419,1.864,3485.1,0.137,0.107,0.137,0.125,0.196,0.220,0.077
9999,257.00,618.08,335,1.901,3485.5,0.123,0.162,0.150,0.146,0.182,0.166,0.071
10000,1329.00,620.34,1048,1.896,3485.7,0.169,0.140,0.093,0.157,0.192,0.180,0.070
