episode,reward,avg100_reward,deposited,mean_entropy,elapsed_sec,stay,north,east,south,west,random,home,prospect
1,1313.00,1313.00,875,2.079,0.2,0.216,0.096,0.120,0.096,0.168,0.064,0.112,0.128
2,1392.00,1352.50,1337,2.077,0.4,0.089,0.123,0.116,0.144,0.103,0.137,0.137,0.151
3,1366.00,1357.00,1341,1.945,0.6,0.122,0.073,0.098,0.152,0.159,0.104,0.213,0.079
4,193.00,1066.00,185,1.822,1.3,0.083,0.093,0.091,0.305,0.047,0.014,0.309,0.057
5,679.00,988.60,674,1.787,1.6,0.083,0.083,0.088,0.249,0.083,0.044,0.326,0.044
6,159.00,850.33,132,1.660,1.8,0.042,0.161,0.042,0.234,0.120,0.016,0.370,0.016
7,986.00,869.71,985,1.793,2.6,0.063,0.189,0.057,0.181,0.118,0.032,0.345,0.015
8,317.00,800.62,312,1.829,3.0,0.061,0.213,0.064,0.178,0.092,0.041,0.315,0.035
9,533.00,770.89,533,1.751,3.1,0.068,0.288,0.017,0.153,0.017,0.102,0.356,0.000
10,554.00,749.20,506,1.887,3.3,0.081,0.274,0.037,0.237,0.044,0.089,0.215,0.022
11,471.00,723.91,469,2.005,4.6,0.151,0.198,0.065,0.166,0.113,0.112,0.153,0.043
12,422.00,698.75,248,2.004,4.9,0.139,0.169,0.122,0.135,0.135,0.072,0.165,0.063
13,1879.00,789.54,1305,1.950,5.2,0.194,0.104,0.104,0.179,0.144,0.109,0.075,0.090
14,439.00,764.50,228,1.935,6.0,0.150,0.107,0.050,0.339,0.079,0.141,0.032,0.102
15,538.00,749.40,298,1.887,6.4,0.124,0.144,0.027,0.379,0.067,0.111,0.037,0.111
16,631.00,742.00,513,1.867,6.8,0.124,0.144,0.056,0.294,0.035,0.176,0.050,0.121
17,917.00,752.29,887,2.015,7.3,0.145,0.158,0.131,0.231,0.054,0.091,0.056,0.134
18,766.00,753.06,635,1.967,7.4,0.075,0.119,0.075,0.194,0.045,0.209,0.090,0.194
19,1044.00,768.37,926,2.025,8.3,0.159,0.148,0.121,0.197,0.055,0.149,0.041,0.131
20,1875.00,823.70,827,1.985,8.4,0.085,0.153,0.186,0.195,0.076,0.136,0.042,0.127
21,1831.00,871.67,1051,1.919,8.7,0.161,0.167,0.115,0.208,0.052,0.156,0.047,0.094
22,624.00,860.41,498,1.934,9.4,0.116,0.237,0.123,0.209,0.099,0.138,0.024,0.054
23,478.00,843.78,452,1.845,9.7,0.029,0.180,0.029,0.205,0.117,0.209,0.176,0.054
24,398.00,825.21,209,1.860,10.4,0.069,0.212,0.006,0.155,0.094,0.233,0.138,0.094
25,802.00,824.28,678,1.754,10.7,0.044,0.220,0.006,0.189,0.006,0.314,0.157,0.063
26,660.00,817.96,559,1.900,11.0,0.181,0.177,0.051,0.098,0.012,0.260,0.185,0.035
27,1450.00,841.37,981,1.627,11.1,0.153,0.118,0.012,0.129,0.012,0.353,0.141,0.082
28,299.00,822.00,258,1.721,11.5,0.064,0.106,0.032,0.199,0.006,0.401,0.154,0.038
29,478.00,810.14,468,1.965,13.3,0.091,0.117,0.071,0.185,0.014,0.281,0.156,0.086
30,1573.00,835.57,958,1.674,13.4,0.143,0.143,0.016,0.175,0.016,0.302,0.143,0.063
31,455.00,823.29,358,1.460,13.5,0.050,0.025,0.000,0.438,0.025,0.250,0.138,0.075
32,612.00,816.69,439,1.545,13.8,0.145,0.000,0.000,0.406,0.051,0.261,0.138,0.000
33,233.00,799.00,175,1.571,14.0,0.153,0.000,0.012,0.344,0.043,0.215,0.221,0.012
34,807.00,799.24,689,1.617,14.2,0.166,0.000,0.000,0.371,0.007,0.192,0.238,0.026
35,955.00,803.69,824,1.577,14.4,0.237,0.000,0.009,0.298,0.035,0.184,0.202,0.035
36,1390.00,819.97,703,1.415,14.6,0.167,0.000,0.000,0.417,0.021,0.177,0.188,0.031
37,270.00,805.11,241,1.540,14.8,0.276,0.000,0.006,0.264,0.006,0.166,0.258,0.025
38,1905.00,834.05,1053,1.607,15.0,0.279,0.000,0.007,0.294,0.022,0.191,0.191,0.015
39,435.00,823.82,412,1.708,15.4,0.238,0.000,0.019,0.268,0.073,0.153,0.207,0.042
40,682.00,820.27,639,1.740,15.6,0.292,0.000,0.031,0.168,0.025,0.155,0.242,0.087
41,1017.00,825.07,866,1.787,16.3,0.250,0.012,0.032,0.121,0.042,0.278,0.143,0.121
42,1171.00,833.31,781,1.853,16.9,0.215,0.000,0.044,0.117,0.084,0.238,0.121,0.180
43,1353.00,845.40,1122,1.868,17.4,0.255,0.000,0.067,0.147,0.077,0.166,0.108,0.180
44,1463.00,859.43,1152,1.684,17.6,0.343,0.000,0.064,0.079,0.057,0.129,0.093,0.236
45,935.00,861.11,775,1.807,17.8,0.217,0.000,0.061,0.226,0.087,0.148,0.122,0.139
46,770.00,859.13,445,1.909,18.1,0.200,0.000,0.068,0.163,0.063,0.184,0.132,0.189
47,721.00,856.19,648,1.933,18.5,0.184,0.020,0.105,0.189,0.093,0.127,0.153,0.130
48,965.00,858.46,211,1.883,18.7,0.265,0.000,0.038,0.242,0.114,0.159,0.053,0.129
49,1033.00,862.02,723,1.872,19.1,0.202,0.000,0.064,0.206,0.103,0.185,0.142,0.099
50,1083.00,866.44,922,1.876,19.4,0.217,0.000,0.186,0.113,0.095,0.036,0.158,0.195
51,840.00,865.92,782,1.890,19.8,0.135,0.000,0.085,0.123,0.148,0.101,0.126,0.283
52,1331.00,874.87,662,1.851,20.2,0.195,0.000,0.066,0.081,0.077,0.176,0.088,0.316
53,785.00,873.17,753,1.899,20.8,0.209,0.000,0.111,0.116,0.114,0.157,0.118,0.175
54,1148.00,878.26,489,1.803,20.9,0.328,0.000,0.078,0.078,0.133,0.133,0.094,0.156
55,768.00,876.25,699,1.789,21.5,0.172,0.000,0.078,0.073,0.302,0.203,0.078,0.094
56,602.00,871.36,566,1.823,21.9,0.157,0.000,0.063,0.080,0.329,0.220,0.094,0.056
57,1410.00,880.81,991,1.818,22.1,0.080,0.000,0.074,0.090,0.394,0.223,0.059,0.080
58,1179.00,885.95,1069,1.877,22.3,0.051,0.000,0.143,0.071,0.204,0.214,0.184,0.133
59,324.00,876.42,294,1.908,22.5,0.072,0.000,0.206,0.061,0.178,0.183,0.172,0.128
60,517.00,870.43,385,1.929,22.7,0.133,0.000,0.147,0.063,0.105,0.168,0.231,0.154
61,822.00,869.64,638,1.891,22.9,0.176,0.000,0.224,0.165,0.059,0.118,0.176,0.082
62,650.00,866.10,614,1.935,23.3,0.141,0.006,0.183,0.120,0.078,0.135,0.186,0.153
63,946.00,867.37,751,1.885,23.5,0.250,0.000,0.211,0.195,0.078,0.125,0.102,0.039
64,436.00,860.62,410,1.981,24.3,0.130,0.016,0.147,0.147,0.116,0.177,0.156,0.112
65,680.00,857.85,511,1.768,24.4,0.091,0.000,0.323,0.121,0.152,0.131,0.121,0.061
66,1523.00,867.92,1049,1.755,24.6,0.153,0.000,0.322,0.195,0.169,0.025,0.068,0.068
67,535.00,862.96,462,1.945,25.0,0.141,0.031,0.195,0.187,0.160,0.092,0.092,0.103
68,962.00,864.41,817,1.877,25.4,0.210,0.029,0.161,0.207,0.144,0.069,0.066,0.112
69,1152.00,868.58,1037,1.803,25.7,0.251,0.014,0.222,0.140,0.111,0.048,0.097,0.116
70,593.00,864.64,480,1.920,26.1,0.154,0.003,0.233,0.187,0.092,0.069,0.154,0.108
71,819.00,864.00,784,1.914,26.5,0.164,0.000,0.262,0.156,0.070,0.102,0.135,0.111
72,744.00,862.33,566,1.978,27.4,0.162,0.014,0.211,0.103,0.117,0.138,0.111,0.144
73,600.00,858.74,556,1.967,27.9,0.211,0.011,0.176,0.144,0.070,0.142,0.142,0.104
74,510.00,854.03,426,1.994,28.3,0.217,0.023,0.136,0.117,0.113,0.136,0.091,0.168
75,938.00,855.15,869,2.004,30.1,0.202,0.043,0.178,0.144,0.086,0.099,0.142,0.106
76,719.00,853.36,683,1.778,30.3,0.311,0.015,0.061,0.174,0.015,0.136,0.197,0.091
77,720.00,851.62,616,1.951,30.8,0.200,0.014,0.145,0.068,0.085,0.162,0.225,0.101
78,1200.00,856.09,1104,1.768,30.8,0.267,0.000,0.083,0.083,0.067,0.233,0.250,0.017
79,341.00,849.57,328,1.941,31.2,0.178,0.019,0.137,0.111,0.133,0.189,0.163,0.070
80,811.00,849.09,694,1.973,31.7,0.174,0.032,0.131,0.142,0.091,0.223,0.166,0.040
81,1222.00,853.69,1071,1.836,31.8,0.181,0.011,0.074,0.106,0.191,0.181,0.074,0.181
82,1153.00,857.34,1118,1.902,32.1,0.333,0.030,0.131,0.054,0.095,0.113,0.095,0.149
83,1059.00,859.77,711,1.789,32.2,0.390,0.010,0.040,0.070,0.110,0.110,0.110,0.160
84,899.00,860.24,653,1.914,32.4,0.218,0.008,0.067,0.109,0.168,0.118,0.092,0.218
85,998.00,861.86,830,1.939,32.6,0.211,0.011,0.086,0.086,0.119,0.184,0.141,0.162
86,880.00,862.07,765,2.046,33.7,0.146,0.086,0.115,0.116,0.100,0.159,0.138,0.140
87,538.00,858.34,419,1.937,34.2,0.158,0.009,0.164,0.149,0.158,0.110,0.152,0.101
88,723.00,856.81,723,2.034,35.1,0.106,0.050,0.178,0.155,0.139,0.119,0.115,0.136
89,794.00,856.10,520,1.851,35.3,0.095,0.041,0.231,0.136,0.065,0.154,0.053,0.225
90,680.00,854.14,564,1.998,35.6,0.126,0.053,0.174,0.166,0.138,0.109,0.028,0.206
91,431.00,849.49,307,2.028,36.3,0.151,0.097,0.107,0.138,0.122,0.109,0.062,0.214
92,903.00,850.08,503,1.977,36.5,0.170,0.106,0.101,0.165,0.154,0.059,0.069,0.176
93,939.00,851.03,779,1.895,36.8,0.171,0.104,0.233,0.181,0.155,0.052,0.036,0.067
94,628.00,848.66,612,2.034,37.5,0.142,0.127,0.193,0.138,0.133,0.117,0.070,0.080
95,875.00,848.94,534,1.885,37.9,0.186,0.129,0.238,0.122,0.135,0.077,0.039,0.074
96,753.00,847.94,465,2.006,38.5,0.161,0.105,0.241,0.161,0.129,0.099,0.034,0.069
97,969.00,849.19,738,2.036,39.0,0.201,0.083,0.180,0.139,0.155,0.080,0.075,0.086
98,490.00,845.52,454,2.043,39.5,0.147,0.113,0.150,0.125,0.163,0.116,0.084,0.103
99,803.00,845.09,590,2.026,39.8,0.216,0.077,0.117,0.131,0.117,0.077,0.117,0.149
100,411.00,840.75,391,2.037,40.2,0.125,0.074,0.135,0.162,0.115,0.074,0.139,0.176
101,731.00,834.93,676,2.041,41.3,0.123,0.105,0.114,0.159,0.155,0.059,0.127,0.159
102,978.00,830.79,950,2.037,42.2,0.158,0.081,0.098,0.106,0.120,0.079,0.136,0.222
103,1717.00,834.30,1345,1.956,42.4,0.279,0.047,0.093,0.070,0.047,0.101,0.093,0.271
104,296.00,835.33,296,1.861,42.6,0.338,0.076,0.070,0.057,0.070,0.089,0.242,0.057
105,732.00,835.86,629,1.925,42.8,0.225,0.085,0.063,0.056,0.085,0.092,0.296,0.099
106,989.00,844.16,946,1.853,43.0,0.252,0.084,0.056,0.084,0.131,0.131,0.215,0.047
107,2018.00,854.48,1943,1.677,43.2,0.356,0.033,0.011,0.111,0.056,0.100,0.233,0.100
108,1049.00,861.80,1048,1.837,43.3,0.295,0.000,0.011,0.105,0.084,0.242,0.221,0.042
109,1501.00,871.48,1231,2.064,44.0,0.143,0.141,0.137,0.145,0.095,0.139,0.093,0.106
110,358.00,869.52,267,2.052,44.4,0.155,0.101,0.149,0.137,0.113,0.101,0.122,0.122
111,732.00,872.13,378,2.057,44.8,0.142,0.104,0.135,0.167,0.087,0.135,0.101,0.128
112,571.00,873.62,513,2.028,45.8,0.125,0.107,0.131,0.140,0.142,0.117,0.114,0.124
113,883.00,863.66,650,1.978,46.0,0.138,0.083,0.055,0.320,0.066,0.050,0.116,0.171
114,849.00,867.76,649,1.983,46.5,0.100,0.236,0.088,0.086,0.077,0.189,0.074,0.150
115,703.00,869.41,640,2.028,46.9,0.102,0.158,0.117,0.079,0.102,0.188,0.094,0.162
116,624.00,869.34,472,2.034,47.2,0.115,0.163,0.145,0.075,0.066,0.159,0.088,0.189
117,1236.00,872.53,1184,2.018,47.5,0.134,0.164,0.144,0.080,0.065,0.119,0.134,0.159
118,964.00,874.51,851,2.052,48.1,0.141,0.189,0.141,0.101,0.107,0.135,0.074,0.113
119,450.00,868.57,387,2.009,48.7,0.137,0.155,0.128,0.084,0.130,0.128,0.102,0.137
120,1078.00,860.60,1033,2.034,50.4,0.133,0.150,0.151,0.099,0.108,0.112,0.096,0.150
121,412.00,846.41,179,1.803,50.9,0.036,0.160,0.283,0.106,0.154,0.056,0.034,0.171
122,233.00,842.50,27,1.871,51.4,0.040,0.206,0.258,0.065,0.160,0.049,0.003,0.218
123,768.00,845.40,461,1.855,51.6,0.078,0.163,0.190,0.150,0.157,0.065,0.007,0.190
124,410.00,845.52,125,1.925,52.0,0.064,0.161,0.191,0.071,0.172,0.105,0.011,0.225
125,632.00,843.82,535,1.924,52.4,0.093,0.186,0.166,0.134,0.145,0.083,0.028,0.166
126,679.00,844.01,646,1.969,53.0,0.108,0.176,0.146,0.132,0.158,0.110,0.044,0.124
127,674.00,836.25,553,1.985,53.9,0.097,0.170,0.132,0.146,0.156,0.126,0.038,0.135
128,1188.00,845.14,552,1.934,54.3,0.180,0.108,0.133,0.126,0.198,0.162,0.022,0.072
129,809.00,848.45,509,1.953,55.2,0.132,0.121,0.182,0.118,0.186,0.129,0.009,0.124
130,605.00,838.77,296,1.900,55.4,0.138,0.114,0.210,0.054,0.186,0.156,0.000,0.144
131,987.00,844.09,595,1.955,55.9,0.132,0.132,0.160,0.120,0.117,0.191,0.000,0.148
132,568.00,843.65,42,1.945,56.5,0.183,0.138,0.144,0.093,0.142,0.176,0.000,0.124
133,1502.00,856.34,937,1.945,57.0,0.211,0.094,0.113,0.094,0.134,0.199,0.024,0.132
134,807.00,856.34,238,1.923,57.4,0.178,0.102,0.107,0.156,0.147,0.151,0.000,0.160
135,640.00,853.19,169,1.954,58.1,0.163,0.141,0.124,0.109,0.151,0.164,0.006,0.141
136,592.00,845.21,328,1.934,58.7,0.132,0.096,0.163,0.098,0.142,0.206,0.008,0.155
137,556.00,848.07,287,1.949,59.2,0.163,0.065,0.103,0.154,0.171,0.238,0.005,0.100
138,1086.00,839.88,962,1.972,60.2,0.196,0.101,0.149,0.116,0.117,0.171,0.029,0.121
139,624.00,841.77,367,1.898,60.4,0.146,0.043,0.146,0.116,0.201,0.232,0.000,0.116
140,518.00,840.13,272,1.962,61.0,0.197,0.087,0.141,0.138,0.144,0.174,0.013,0.105
141,627.00,836.23,265,1.963,61.4,0.151,0.080,0.157,0.144,0.137,0.204,0.030,0.097
142,1047.00,834.99,732,1.950,61.8,0.177,0.113,0.127,0.146,0.102,0.180,0.022,0.133
143,894.00,830.40,857,1.989,62.8,0.200,0.117,0.112,0.129,0.118,0.178,0.027,0.118
144,1749.00,833.26,634,1.926,63.1,0.227,0.144,0.114,0.122,0.114,0.135,0.004,0.140
145,650.00,830.41,417,1.947,63.8,0.168,0.127,0.200,0.139,0.067,0.180,0.008,0.112
146,1206.00,834.77,658,1.941,64.3,0.215,0.121,0.162,0.116,0.093,0.162,0.010,0.121
147,405.00,831.61,279,1.963,65.1,0.197,0.088,0.144,0.137,0.105,0.178,0.017,0.135
148,1413.00,836.09,956,1.915,65.5,0.262,0.094,0.142,0.120,0.081,0.142,0.010,0.149
149,616.00,831.92,433,1.943,65.8,0.210,0.112,0.155,0.090,0.133,0.193,0.009,0.099
150,892.00,830.01,717,2.015,66.6,0.194,0.114,0.088,0.158,0.098,0.151,0.088,0.109
151,1670.00,838.31,1227,1.909,66.8,0.175,0.103,0.071,0.214,0.159,0.087,0.056,0.135
152,1447.00,839.47,726,1.817,67.0,0.259,0.081,0.104,0.200,0.148,0.111,0.022,0.074
153,513.00,836.75,259,1.942,67.6,0.237,0.106,0.097,0.227,0.114,0.138,0.019,0.063
154,665.00,831.92,245,1.963,68.3,0.189,0.143,0.102,0.166,0.158,0.148,0.021,0.072
155,878.00,833.02,456,1.858,68.5,0.211,0.109,0.054,0.211,0.177,0.163,0.014,0.061
156,376.00,830.76,285,1.982,68.9,0.194,0.166,0.103,0.123,0.151,0.154,0.040,0.069
157,1375.00,830.41,442,1.573,69.1,0.418,0.114,0.038,0.101,0.076,0.152,0.000,0.101
158,1024.00,828.86,929,1.997,69.7,0.206,0.143,0.102,0.106,0.129,0.161,0.065,0.088
159,1181.00,837.43,944,1.974,70.4,0.169,0.140,0.110,0.115,0.127,0.196,0.035,0.108
160,642.00,838.68,623,2.004,71.2,0.183,0.139,0.102,0.124,0.148,0.148,0.039,0.117
161,631.00,836.77,513,1.983,71.7,0.183,0.135,0.090,0.177,0.110,0.143,0.022,0.140
162,693.00,837.20,186,1.917,71.9,0.309,0.084,0.096,0.118,0.073,0.140,0.028,0.152
163,436.00,832.10,355,2.009,72.5,0.196,0.189,0.088,0.072,0.137,0.127,0.041,0.150
164,1058.00,838.32,966,1.972,73.0,0.245,0.116,0.074,0.108,0.118,0.137,0.042,0.161
165,512.00,836.64,500,2.018,73.7,0.180,0.135,0.077,0.131,0.151,0.117,0.056,0.153
166,854.00,829.95,742,2.032,74.7,0.179,0.137,0.095,0.129,0.113,0.118,0.077,0.151
167,1139.00,835.99,926,1.980,75.0,0.156,0.160,0.100,0.152,0.165,0.117,0.030,0.121
168,779.00,834.16,550,2.013,75.6,0.170,0.175,0.099,0.121,0.131,0.145,0.062,0.099
169,710.00,829.74,602,2.025,76.2,0.157,0.161,0.122,0.116,0.110,0.141,0.078,0.116
170,512.00,828.93,250,2.017,76.6,0.132,0.230,0.115,0.072,0.106,0.221,0.034,0.089
171,795.00,828.69,704,2.047,77.0,0.149,0.146,0.137,0.134,0.107,0.149,0.082,0.095
172,1611.00,837.36,802,2.007,77.2,0.228,0.118,0.118,0.071,0.079,0.165,0.079,0.142
173,899.00,840.35,851,1.985,77.5,0.167,0.060,0.134,0.171,0.079,0.227,0.074,0.088
174,1227.00,847.52,1001,1.909,77.6,0.229,0.101,0.165,0.138,0.028,0.193,0.037,0.110
175,853.00,846.67,826,2.054,78.3,0.175,0.089,0.108,0.137,0.101,0.137,0.135,0.116
176,981.00,849.29,713,2.032,78.8,0.149,0.101,0.089,0.157,0.125,0.141,0.073,0.165
177,973.00,851.82,784,1.990,79.0,0.186,0.076,0.076,0.178,0.136,0.195,0.093,0.059
178,953.00,849.35,899,2.053,79.8,0.225,0.090,0.090,0.077,0.130,0.138,0.095,0.156
179,575.00,851.69,443,2.065,80.8,0.144,0.114,0.118,0.108,0.121,0.135,0.108,0.152
180,763.00,851.21,763,2.053,81.8,0.149,0.116,0.111,0.107,0.095,0.142,0.140,0.140
181,1061.00,849.60,891,2.022,82.3,0.114,0.132,0.117,0.051,0.128,0.253,0.095,0.110
182,1136.00,849.43,884,2.031,82.5,0.142,0.097,0.174,0.090,0.110,0.258,0.071,0.058
183,676.00,845.60,609,2.060,83.1,0.147,0.129,0.097,0.116,0.155,0.129,0.121,0.105
184,392.00,840.53,376,2.060,84.2,0.140,0.150,0.103,0.100,0.099,0.137,0.136,0.134
185,1114.00,841.69,788,1.772,84.5,0.077,0.092,0.144,0.338,0.113,0.072,0.077,0.087
186,755.00,840.44,683,1.997,85.6,0.117,0.095,0.141,0.249,0.091,0.080,0.100,0.127
187,485.00,839.91,392,1.986,86.4,0.120,0.153,0.086,0.233,0.113,0.099,0.082,0.113
188,629.00,838.97,491,1.872,86.7,0.077,0.140,0.119,0.315,0.043,0.145,0.064,0.098
189,700.00,838.03,285,1.951,87.0,0.080,0.179,0.086,0.321,0.031,0.148,0.086,0.068
190,596.00,837.19,530,2.057,87.7,0.098,0.152,0.125,0.228,0.074,0.119,0.103,0.101
191,989.00,842.77,738,1.863,87.9,0.049,0.074,0.098,0.311,0.082,0.115,0.148,0.123
192,1324.00,846.98,1127,1.963,88.1,0.064,0.110,0.134,0.238,0.087,0.105,0.151,0.110
193,764.00,845.23,679,2.037,88.5,0.094,0.107,0.161,0.205,0.129,0.103,0.125,0.076
194,892.00,847.87,717,2.027,88.8,0.091,0.114,0.160,0.200,0.091,0.120,0.126,0.097
195,630.00,845.42,584,1.899,88.9,0.033,0.100,0.178,0.289,0.078,0.200,0.100,0.022
196,730.00,845.19,699,2.044,89.1,0.056,0.046,0.130,0.194,0.139,0.204,0.130,0.102
197,1455.00,850.05,1222,1.997,89.3,0.133,0.120,0.120,0.193,0.108,0.133,0.145,0.048
198,1380.00,858.95,1234,2.007,89.4,0.174,0.043,0.109,0.120,0.098,0.293,0.109,0.054
199,646.00,857.38,408,2.059,89.7,0.147,0.079,0.095,0.126,0.074,0.174,0.184,0.121
200,593.00,859.20,496,2.056,90.1,0.155,0.092,0.140,0.116,0.101,0.184,0.140,0.072
201,662.00,858.51,563,2.038,90.5,0.116,0.158,0.127,0.127,0.081,0.178,0.100,0.112
202,786.00,856.59,494,1.879,90.7,0.115,0.142,0.159,0.044,0.097,0.327,0.071,0.044
203,1363.00,853.05,1093,1.901,90.9,0.126,0.126,0.146,0.033,0.113,0.311,0.093,0.053
204,949.00,859.58,945,1.949,91.5,0.154,0.128,0.125,0.051,0.083,0.285,0.094,0.080
205,739.00,859.65,645,1.968,91.8,0.175,0.151,0.124,0.092,0.104,0.235,0.084,0.036
206,1331.00,863.07,1177,1.929,92.2,0.141,0.132,0.141,0.102,0.093,0.229,0.107,0.054
207,1037.00,853.26,864,2.006,92.6,0.131,0.116,0.131,0.071,0.097,0.302,0.104,0.049
208,598.00,848.75,574,2.058,93.1,0.157,0.126,0.143,0.110,0.143,0.165,0.115,0.041
209,1247.00,846.21,1086,1.857,93.3,0.122,0.049,0.268,0.061,0.134,0.220,0.073,0.073
210,752.00,850.15,682,2.049,93.7,0.146,0.069,0.224,0.110,0.118,0.142,0.093,0.098
211,720.00,850.03,646,2.061,94.4,0.185,0.131,0.146,0.133,0.112,0.120,0.097,0.075
212,1178.00,856.10,1172,1.998,94.6,0.143,0.052,0.143,0.097,0.117,0.247,0.130,0.071
213,1610.00,863.37,1522,1.982,94.9,0.117,0.049,0.127,0.117,0.190,0.234,0.093,0.073
214,1278.00,867.66,1133,1.870,95.1,0.119,0.008,0.161,0.068,0.229,0.254,0.110,0.051
215,886.00,869.49,593,2.008,95.4,0.104,0.024,0.146,0.085,0.198,0.208,0.123,0.113
216,752.00,870.77,414,2.041,95.8,0.148,0.047,0.105,0.129,0.137,0.195,0.137,0.102
217,1131.00,869.72,1041,2.042,96.1,0.096,0.051,0.115,0.179,0.179,0.128,0.103,0.147
218,745.00,867.53,638,1.970,96.3,0.050,0.059,0.059,0.059,0.119,0.248,0.129,0.277
219,1829.00,881.32,1710,1.852,96.4,0.033,0.087,0.076,0.109,0.120,0.152,0.098,0.326
220,946.00,880.00,637,2.029,96.7,0.078,0.098,0.150,0.118,0.170,0.124,0.059,0.203
221,572.00,881.60,387,2.068,97.3,0.136,0.108,0.068,0.110,0.119,0.136,0.113,0.210
222,1136.00,890.63,1098,2.064,98.0,0.133,0.156,0.123,0.119,0.111,0.115,0.105,0.137
223,961.00,892.56,656,2.060,98.5,0.165,0.192,0.103,0.103,0.100,0.120,0.079,0.137
224,834.00,896.80,617,2.043,98.9,0.194,0.129,0.148,0.137,0.095,0.137,0.080,0.080
225,770.00,898.18,611,2.047,99.3,0.181,0.143,0.111,0.157,0.087,0.146,0.063,0.111
226,1265.00,904.04,910,2.048,99.8,0.155,0.170,0.125,0.149,0.116,0.128,0.076,0.082
227,1331.00,910.61,1145,2.015,100.0,0.180,0.090,0.180,0.189,0.108,0.108,0.054,0.090
228,785.00,906.58,665,2.045,101.2,0.151,0.137,0.110,0.155,0.105,0.090,0.094,0.159
229,378.00,902.27,276,2.014,101.4,0.197,0.052,0.156,0.191,0.046,0.173,0.098,0.087
230,464.00,900.86,423,2.040,102.5,0.144,0.104,0.129,0.149,0.099,0.116,0.102,0.157
231,891.00,899.90,797,1.055,102.6,0.638,0.017,0.017,0.034,0.017,0.121,0.121,0.034
232,679.00,901.01,532,1.707,102.9,0.315,0.025,0.137,0.112,0.033,0.112,0.149,0.116
233,612.00,892.11,560,1.547,103.2,0.463,0.000,0.074,0.056,0.006,0.105,0.247,0.049
234,542.00,889.46,453,1.755,103.5,0.375,0.018,0.121,0.085,0.013,0.085,0.210,0.094
235,77.00,883.83,77,0.757,103.6,0.643,0.000,0.000,0.000,0.000,0.048,0.310,0.000
236,661.00,884.52,508,1.409,103.8,0.518,0.000,0.024,0.047,0.000,0.141,0.235,0.035
237,377.00,882.73,361,1.812,104.1,0.284,0.028,0.149,0.121,0.014,0.158,0.181,0.065
238,1072.00,882.59,1072,1.365,104.2,0.507,0.000,0.080,0.107,0.000,0.080,0.173,0.053
239,683.00,883.18,416,0.684,104.3,0.780,0.000,0.000,0.040,0.000,0.120,0.060,0.000
240,1273.00,890.73,934,1.242,104.4,0.386,0.000,0.071,0.043,0.000,0.300,0.129,0.071
241,538.00,889.84,480,1.749,104.7,0.250,0.000,0.119,0.142,0.000,0.227,0.199,0.062
242,627.00,885.64,627,1.737,104.9,0.346,0.000,0.085,0.092,0.000,0.169,0.231,0.077
243,1349.00,890.19,1040,1.638,105.1,0.280,0.009,0.093,0.131,0.000,0.234,0.159,0.093
244,638.00,879.08,606,1.747,105.3,0.261,0.007,0.134,0.119,0.000,0.231,0.187,0.060
245,342.00,876.00,329,1.911,105.6,0.206,0.034,0.127,0.186,0.020,0.147,0.152,0.127
246,649.00,870.43,647,1.661,105.8,0.270,0.000,0.071,0.095,0.000,0.214,0.270,0.079
247,432.00,870.70,395,1.996,106.2,0.187,0.102,0.132,0.119,0.051,0.132,0.128,0.149
248,523.00,861.80,346,1.908,106.5,0.185,0.041,0.123,0.138,0.051,0.123,0.138,0.200
249,1151.00,867.15,1095,1.764,106.7,0.229,0.029,0.133,0.057,0.000,0.143,0.200,0.210
250,484.00,863.07,474,1.919,106.9,0.173,0.023,0.150,0.150,0.012,0.168,0.173,0.150
251,0.00,846.37,0,0.739,107.0,0.758,0.000,0.000,0.000,0.000,0.000,0.242,0.000
252,357.00,835.47,351,1.989,107.5,0.197,0.050,0.167,0.127,0.033,0.143,0.147,0.137
253,793.00,838.27,721,1.930,107.8,0.178,0.040,0.149,0.124,0.054,0.124,0.149,0.183
254,776.00,839.38,634,1.527,107.9,0.209,0.000,0.090,0.104,0.000,0.507,0.060,0.030
255,1018.00,840.78,925,1.798,108.2,0.212,0.005,0.133,0.227,0.010,0.232,0.108,0.074
256,1014.00,847.16,976,1.766,108.5,0.260,0.012,0.112,0.160,0.006,0.231,0.101,0.118
257,1706.00,850.47,1521,1.681,108.7,0.310,0.000,0.116,0.155,0.008,0.140,0.140,0.132
258,1122.00,851.45,1122,1.375,108.8,0.500,0.000,0.128,0.077,0.000,0.141,0.077,0.077
259,1470.00,854.34,687,1.786,109.1,0.323,0.011,0.116,0.132,0.016,0.185,0.127,0.090
260,505.00,852.97,395,1.874,109.5,0.274,0.018,0.117,0.189,0.028,0.196,0.078,0.100
261,861.00,855.27,769,1.958,110.1,0.227,0.041,0.146,0.157,0.051,0.135,0.092,0.151
262,1044.00,858.78,984,1.751,110.3,0.226,0.000,0.135,0.211,0.000,0.113,0.128,0.188
263,476.00,859.18,312,1.970,110.7,0.195,0.033,0.133,0.178,0.095,0.108,0.112,0.145
264,1102.00,859.62,286,1.495,110.7,0.368,0.018,0.053,0.140,0.035,0.263,0.018,0.105
265,1363.00,868.13,1295,1.764,110.9,0.228,0.010,0.109,0.158,0.030,0.238,0.099,0.129
266,1014.00,869.73,937,1.971,111.6,0.163,0.042,0.115,0.137,0.106,0.161,0.115,0.161
267,1025.00,868.59,900,1.895,111.9,0.179,0.020,0.117,0.056,0.041,0.311,0.102,0.173
268,669.00,867.49,597,2.026,112.5,0.136,0.076,0.101,0.106,0.133,0.129,0.179,0.140
269,425.00,864.64,393,2.010,112.8,0.186,0.082,0.082,0.052,0.057,0.216,0.186,0.139
270,623.00,865.75,602,1.514,113.0,0.031,0.000,0.165,0.010,0.000,0.268,0.309,0.216
271,630.00,864.10,619,1.895,113.2,0.148,0.041,0.123,0.016,0.033,0.270,0.238,0.131
272,1176.00,859.75,1045,1.774,113.3,0.069,0.069,0.127,0.059,0.088,0.294,0.137,0.157
273,735.00,858.11,710,2.011,114.1,0.122,0.138,0.106,0.098,0.130,0.130,0.124,0.154
274,1156.00,857.40,1019,1.832,114.3,0.090,0.045,0.181,0.039,0.077,0.329,0.123,0.116
275,891.00,857.78,651,1.893,114.6,0.109,0.050,0.163,0.054,0.084,0.297,0.069,0.173
276,752.00,855.49,654,1.998,115.2,0.110,0.112,0.146,0.091,0.103,0.237,0.103,0.098
277,1195.00,857.71,1023,1.966,115.9,0.135,0.092,0.140,0.095,0.080,0.200,0.102,0.155
278,639.00,854.57,374,1.991,116.3,0.114,0.034,0.148,0.128,0.054,0.256,0.084,0.182
279,961.00,858.43,848,2.025,116.8,0.131,0.060,0.175,0.153,0.098,0.164,0.120,0.098
280,546.00,856.26,489,2.055,117.6,0.125,0.061,0.109,0.138,0.142,0.140,0.140,0.146
281,878.00,854.43,830,1.968,117.8,0.144,0.144,0.221,0.087,0.067,0.048,0.192,0.096
282,954.00,852.61,841,2.047,118.4,0.138,0.138,0.123,0.096,0.136,0.078,0.145,0.145
283,567.00,851.52,465,1.997,118.6,0.212,0.088,0.150,0.115,0.044,0.062,0.204,0.124
284,1597.00,863.57,1561,1.890,118.8,0.205,0.094,0.120,0.060,0.060,0.043,0.171,0.248
285,723.00,859.66,537,2.054,119.9,0.174,0.118,0.112,0.097,0.129,0.098,0.132,0.140
286,482.00,856.93,428,2.039,120.8,0.152,0.094,0.076,0.167,0.146,0.071,0.149,0.144
287,993.00,862.01,891,1.871,121.0,0.094,0.088,0.141,0.235,0.082,0.047,0.112,0.200
288,1394.00,869.66,1200,1.958,121.7,0.234,0.102,0.124,0.130,0.110,0.068,0.060,0.172
289,321.00,865.87,75,1.978,122.2,0.226,0.115,0.108,0.172,0.182,0.032,0.013,0.153
290,918.00,869.09,397,1.991,122.4,0.101,0.151,0.092,0.160,0.277,0.067,0.025,0.126
291,934.00,868.54,534,2.004,122.6,0.160,0.100,0.147,0.187,0.180,0.073,0.047,0.107
292,761.00,862.91,675,2.033,123.2,0.127,0.161,0.098,0.161,0.159,0.066,0.068,0.161
293,1388.00,869.15,847,1.988,123.4,0.140,0.140,0.170,0.150,0.140,0.040,0.050,0.170
294,833.00,868.56,741,2.058,124.2,0.153,0.161,0.132,0.120,0.132,0.087,0.108,0.108
295,429.00,866.55,390,2.047,124.5,0.143,0.168,0.176,0.102,0.102,0.098,0.098,0.111
296,1209.00,871.34,695,1.991,124.8,0.186,0.064,0.186,0.071,0.107,0.064,0.079,0.243
297,617.00,862.96,550,2.011,125.1,0.185,0.081,0.140,0.099,0.104,0.054,0.158,0.180
298,1575.00,864.91,1013,1.967,125.4,0.215,0.077,0.190,0.051,0.097,0.026,0.123,0.221
299,600.00,864.45,562,1.975,125.6,0.286,0.027,0.116,0.018,0.107,0.098,0.196,0.152
300,773.00,866.25,672,2.031,125.9,0.302,0.059,0.132,0.049,0.122,0.083,0.137,0.117
301,598.00,865.61,505,2.058,126.3,0.185,0.129,0.145,0.137,0.145,0.069,0.113,0.077
302,333.00,861.08,259,2.063,126.9,0.148,0.185,0.143,0.108,0.112,0.108,0.101,0.096
303,780.00,855.25,754,2.025,127.2,0.137,0.158,0.126,0.174,0.105,0.100,0.147,0.053
304,698.00,852.74,660,2.054,127.8,0.178,0.119,0.103,0.106,0.114,0.125,0.169,0.086
305,183.00,847.18,183,0.259,127.8,0.000,0.025,0.000,0.000,0.025,0.000,0.950,0.000
306,467.00,838.54,403,2.031,128.3,0.095,0.111,0.076,0.073,0.162,0.159,0.235,0.089
307,394.00,832.11,394,1.230,128.4,0.000,0.000,0.000,0.028,0.194,0.056,0.667,0.056
308,562.00,831.75,497,2.042,128.8,0.113,0.087,0.083,0.132,0.166,0.106,0.204,0.109
309,939.00,828.67,866,1.980,129.0,0.120,0.060,0.060,0.162,0.222,0.034,0.205,0.137
310,643.00,827.58,582,2.046,129.3,0.161,0.116,0.106,0.060,0.176,0.070,0.141,0.171
311,1173.00,832.11,1129,2.055,130.7,0.158,0.095,0.119,0.105,0.127,0.117,0.122,0.158
312,1008.00,830.41,549,2.051,131.3,0.153,0.097,0.115,0.134,0.129,0.164,0.075,0.134
313,460.00,818.91,338,2.050,131.6,0.062,0.114,0.085,0.218,0.123,0.180,0.100,0.118
314,432.00,810.45,336,2.052,132.1,0.168,0.147,0.062,0.153,0.094,0.171,0.068,0.136
315,597.00,807.56,561,2.050,132.5,0.145,0.169,0.092,0.124,0.092,0.165,0.133,0.080
316,803.00,808.07,529,2.051,132.8,0.220,0.138,0.133,0.078,0.073,0.142,0.101,0.115
317,1034.00,807.10,871,2.054,133.3,0.150,0.129,0.160,0.060,0.091,0.160,0.129,0.122
318,933.00,808.98,911,2.036,133.7,0.111,0.176,0.176,0.052,0.087,0.125,0.152,0.121
319,731.00,798.00,611,2.013,133.9,0.099,0.193,0.149,0.056,0.075,0.124,0.155,0.149
320,1086.00,799.40,880,1.991,134.2,0.118,0.176,0.140,0.022,0.096,0.147,0.191,0.110
321,517.00,798.85,421,2.053,134.6,0.118,0.143,0.118,0.093,0.111,0.150,0.136,0.132
322,692.00,794.41,579,2.047,135.1,0.147,0.130,0.144,0.092,0.086,0.151,0.110,0.140
323,538.00,790.18,457,2.022,135.4,0.151,0.086,0.215,0.102,0.043,0.145,0.124,0.134
324,743.00,789.27,517,2.016,135.7,0.152,0.088,0.152,0.094,0.094,0.140,0.129,0.152
325,662.00,788.19,536,1.969,136.0,0.162,0.049,0.155,0.056,0.028,0.169,0.204,0.176
326,834.00,783.88,691,1.992,136.4,0.129,0.069,0.153,0.074,0.094,0.099,0.173,0.208
327,537.00,775.94,456,1.992,136.6,0.121,0.133,0.121,0.048,0.097,0.085,0.236,0.158
328,840.00,776.49,731,1.817,136.7,0.169,0.048,0.181,0.024,0.012,0.084,0.349,0.133
329,355.00,776.26,319,1.997,137.0,0.248,0.050,0.177,0.057,0.064,0.085,0.177,0.142
330,1178.00,783.40,896,1.973,137.2,0.160,0.050,0.193,0.050,0.067,0.218,0.151,0.109
331,753.00,782.02,751,2.061,138.2,0.197,0.122,0.134,0.106,0.076,0.162,0.091,0.112
332,1129.00,786.52,949,2.029,138.6,0.170,0.079,0.142,0.123,0.063,0.194,0.087,0.142
333,933.00,789.73,875,2.051,140.2,0.206,0.127,0.107,0.124,0.105,0.106,0.084,0.140
334,914.00,793.45,633,1.808,140.4,0.287,0.051,0.125,0.176,0.110,0.066,0.074,0.110
335,1559.00,808.27,1037,1.491,140.5,0.476,0.000,0.016,0.111,0.063,0.016,0.095,0.222
336,1385.00,815.51,1355,1.872,140.8,0.393,0.042,0.063,0.068,0.157,0.063,0.079,0.136
337,1151.00,823.25,1128,1.931,141.3,0.316,0.022,0.096,0.085,0.096,0.129,0.074,0.184
338,2246.00,834.99,2173,1.957,141.6,0.277,0.051,0.090,0.094,0.121,0.145,0.074,0.148
339,2116.00,849.32,1217,1.744,141.9,0.272,0.012,0.049,0.056,0.074,0.142,0.043,0.352
340,561.00,842.20,494,2.004,142.4,0.211,0.051,0.089,0.152,0.158,0.077,0.113,0.149
341,815.00,844.97,623,2.012,142.9,0.198,0.085,0.107,0.074,0.115,0.157,0.071,0.192
342,622.00,844.92,555,2.029,143.3,0.167,0.089,0.142,0.110,0.117,0.078,0.107,0.189
343,828.00,839.71,796,2.050,144.5,0.148,0.123,0.097,0.122,0.122,0.105,0.109,0.174
344,998.00,843.31,814,1.990,145.2,0.132,0.100,0.102,0.136,0.152,0.116,0.096,0.167
345,1278.00,852.67,1172,1.968,145.6,0.094,0.056,0.109,0.203,0.105,0.154,0.068,0.211
346,1262.00,858.80,921,1.854,145.9,0.031,0.031,0.110,0.276,0.086,0.270,0.043,0.153
347,544.00,859.92,228,2.042,146.4,0.152,0.088,0.072,0.124,0.174,0.143,0.080,0.168
348,985.00,864.54,926,2.040,147.9,0.156,0.121,0.103,0.147,0.180,0.095,0.066,0.133
349,1136.00,864.39,901,1.795,148.3,0.093,0.151,0.054,0.332,0.083,0.161,0.068,0.059
350,850.00,868.05,224,1.805,148.5,0.129,0.110,0.019,0.348,0.123,0.206,0.019,0.045
351,758.00,875.63,460,1.867,148.7,0.194,0.062,0.021,0.181,0.271,0.181,0.049,0.042
352,1044.00,882.50,577,1.823,148.9,0.233,0.060,0.015,0.135,0.248,0.195,0.038,0.075
353,796.00,882.53,572,1.959,149.9,0.189,0.092,0.027,0.141,0.257,0.156,0.081,0.056
354,963.00,884.40,612,1.907,150.2,0.154,0.075,0.037,0.210,0.187,0.117,0.093,0.126
355,1054.00,884.76,870,1.929,150.6,0.239,0.122,0.017,0.223,0.155,0.088,0.067,0.088
356,325.00,877.87,295,1.982,151.2,0.238,0.099,0.056,0.171,0.169,0.079,0.065,0.124
357,684.00,867.65,554,2.009,151.6,0.205,0.124,0.035,0.178,0.162,0.120,0.081,0.097
358,873.00,865.16,780,2.018,152.0,0.177,0.139,0.075,0.120,0.165,0.083,0.117,0.124
359,786.00,858.32,693,2.011,152.3,0.130,0.169,0.097,0.092,0.164,0.048,0.058,0.242
360,1147.00,864.74,913,1.991,152.5,0.073,0.104,0.156,0.188,0.115,0.052,0.115,0.198
361,1121.00,867.34,739,2.005,152.7,0.197,0.168,0.058,0.095,0.146,0.051,0.117,0.168
362,644.00,863.34,496,1.979,152.9,0.121,0.207,0.069,0.069,0.155,0.103,0.086,0.190
363,590.00,864.48,434,2.048,153.2,0.186,0.099,0.114,0.095,0.118,0.118,0.129,0.141
364,586.00,859.32,467,2.050,153.6,0.163,0.140,0.144,0.121,0.105,0.074,0.136,0.117
365,754.00,853.23,638,2.047,154.0,0.130,0.165,0.096,0.148,0.087,0.109,0.126,0.139
366,763.00,850.72,665,2.062,154.5,0.137,0.140,0.078,0.118,0.140,0.102,0.127,0.158
367,1030.00,850.77,839,2.050,154.8,0.124,0.144,0.115,0.067,0.182,0.110,0.139,0.120
368,652.00,850.60,380,2.050,155.1,0.111,0.168,0.163,0.042,0.100,0.137,0.153,0.126
369,559.00,851.94,534,2.065,156.0,0.138,0.131,0.125,0.095,0.143,0.119,0.123,0.126
370,979.00,855.50,807,2.017,156.4,0.181,0.134,0.120,0.083,0.093,0.144,0.134,0.111
371,916.00,858.36,430,1.984,156.7,0.215,0.085,0.085,0.049,0.139,0.193,0.040,0.193
372,693.00,853.53,581,1.992,157.1,0.206,0.096,0.110,0.050,0.149,0.206,0.078,0.106
373,1060.00,856.78,531,1.904,157.4,0.350,0.119,0.073,0.040,0.056,0.147,0.079,0.136
374,959.00,854.81,876,2.020,158.0,0.235,0.114,0.104,0.067,0.097,0.138,0.076,0.168
375,695.00,852.85,655,2.027,158.8,0.158,0.112,0.104,0.090,0.094,0.158,0.090,0.194
376,1603.00,861.36,1243,1.969,159.1,0.179,0.194,0.060,0.090,0.055,0.199,0.095,0.129
377,689.00,856.30,591,1.992,159.6,0.162,0.097,0.084,0.071,0.071,0.230,0.120,0.165
378,393.00,853.84,344,1.915,159.9,0.153,0.079,0.073,0.062,0.040,0.226,0.164,0.203
379,775.00,851.98,744,1.941,160.2,0.193,0.072,0.048,0.053,0.043,0.222,0.188,0.179
380,521.00,851.73,485,2.013,161.0,0.122,0.106,0.077,0.096,0.086,0.212,0.143,0.159
381,559.00,848.54,198,1.945,161.3,0.131,0.049,0.044,0.097,0.102,0.243,0.214,0.121
382,415.00,843.15,301,1.990,161.7,0.109,0.074,0.125,0.074,0.125,0.214,0.160,0.121
383,319.00,840.67,310,2.051,162.3,0.104,0.087,0.115,0.096,0.131,0.158,0.175,0.134
384,304.00,827.74,290,2.037,163.4,0.142,0.111,0.109,0.064,0.190,0.125,0.141,0.118
385,650.00,827.01,533,2.007,164.2,0.121,0.137,0.123,0.061,0.206,0.130,0.128,0.094
386,954.00,831.73,636,1.872,164.5,0.143,0.088,0.187,0.044,0.280,0.143,0.049,0.066
387,1087.00,832.67,666,1.562,164.7,0.127,0.127,0.134,0.019,0.408,0.045,0.076,0.064
388,836.00,827.09,698,1.611,165.0,0.056,0.118,0.243,0.042,0.444,0.014,0.062,0.021
389,852.00,832.40,512,1.764,165.2,0.065,0.130,0.216,0.011,0.432,0.022,0.059,0.065
390,926.00,832.48,769,1.787,165.4,0.053,0.115,0.237,0.046,0.389,0.023,0.092,0.046
391,664.00,829.78,595,1.971,166.2,0.115,0.133,0.206,0.087,0.167,0.071,0.125,0.097
392,596.00,828.13,275,1.857,166.4,0.125,0.074,0.316,0.029,0.243,0.059,0.081,0.074
393,823.00,822.48,613,1.945,166.9,0.167,0.115,0.200,0.041,0.266,0.063,0.093,0.055
394,639.00,820.54,541,1.970,167.3,0.161,0.087,0.145,0.058,0.277,0.090,0.119,0.064
395,1385.00,830.10,1344,2.044,168.4,0.127,0.122,0.156,0.082,0.197,0.127,0.098,0.091
396,926.00,827.27,739,1.983,168.7,0.110,0.092,0.165,0.106,0.216,0.115,0.119,0.078
397,457.00,825.67,331,2.053,169.1,0.092,0.142,0.165,0.096,0.196,0.108,0.085,0.115
398,860.00,818.52,822,2.061,169.5,0.134,0.112,0.134,0.116,0.167,0.101,0.141,0.094
399,852.00,821.04,730,2.027,169.7,0.057,0.146,0.203,0.130,0.146,0.114,0.146,0.057
400,586.00,819.17,490,1.983,169.9,0.054,0.087,0.261,0.152,0.120,0.098,0.196,0.033
401,626.00,819.45,569,2.003,170.0,0.037,0.111,0.148,0.111,0.160,0.123,0.247,0.062
402,978.00,825.90,844,2.063,171.4,0.157,0.107,0.154,0.106,0.132,0.108,0.109,0.129
403,1232.00,830.42,625,1.914,171.6,0.056,0.192,0.176,0.104,0.128,0.104,0.064,0.176
404,1056.00,834.00,735,1.855,171.8,0.057,0.210,0.121,0.089,0.236,0.076,0.045,0.166
405,972.00,841.89,403,1.859,172.1,0.165,0.160,0.128,0.106,0.250,0.053,0.011,0.128
406,1080.00,848.02,352,1.926,172.6,0.231,0.124,0.138,0.070,0.197,0.048,0.011,0.180
407,732.00,851.40,237,1.935,172.9,0.064,0.149,0.208,0.079,0.218,0.079,0.005,0.198
408,1273.00,858.51,426,1.912,173.1,0.118,0.165,0.181,0.150,0.118,0.102,0.008,0.157
409,1345.00,862.57,745,1.953,173.9,0.212,0.134,0.140,0.126,0.175,0.066,0.016,0.132
410,948.00,865.62,70,1.946,174.3,0.111,0.130,0.193,0.130,0.181,0.115,0.004,0.137
411,789.00,861.78,192,1.938,174.5,0.202,0.156,0.116,0.150,0.145,0.092,0.012,0.127
412,1452.00,866.22,1007,1.924,174.9,0.219,0.113,0.158,0.142,0.170,0.061,0.012,0.126
413,1419.00,875.81,1328,1.953,175.8,0.217,0.119,0.127,0.126,0.167,0.083,0.035,0.127
414,1136.00,882.85,562,1.958,176.2,0.186,0.138,0.135,0.125,0.119,0.087,0.003,0.206
415,965.00,886.53,741,1.978,177.3,0.213,0.112,0.158,0.137,0.123,0.096,0.031,0.130
416,1479.00,893.29,7,1.859,177.8,0.052,0.164,0.228,0.058,0.086,0.225,0.000,0.187
417,453.00,887.48,220,1.805,178.0,0.027,0.197,0.231,0.027,0.129,0.218,0.007,0.163
418,836.00,886.51,488,1.930,178.3,0.076,0.165,0.194,0.100,0.106,0.235,0.029,0.094
419,589.00,885.09,121,1.992,178.9,0.078,0.169,0.198,0.128,0.138,0.130,0.013,0.146
420,572.00,879.95,112,2.004,179.3,0.049,0.179,0.156,0.095,0.103,0.217,0.034,0.167
421,699.00,881.77,427,1.994,179.6,0.101,0.189,0.154,0.101,0.101,0.181,0.026,0.145
422,1071.00,885.56,965,2.018,180.1,0.120,0.113,0.135,0.110,0.144,0.163,0.067,0.147
423,1274.00,892.92,820,2.011,180.5,0.122,0.147,0.101,0.083,0.137,0.169,0.047,0.194
424,697.00,892.46,214,1.971,180.7,0.094,0.116,0.080,0.036,0.109,0.217,0.022,0.326
425,1931.00,905.15,1398,2.024,181.1,0.141,0.103,0.066,0.099,0.117,0.183,0.056,0.235
426,667.00,903.48,634,2.033,181.6,0.151,0.106,0.100,0.106,0.134,0.189,0.071,0.143
427,670.00,904.81,565,2.040,182.2,0.157,0.127,0.069,0.125,0.140,0.137,0.054,0.191
428,835.00,904.76,629,2.024,182.5,0.189,0.083,0.101,0.157,0.115,0.120,0.069,0.166
429,799.00,909.20,607,2.052,183.1,0.191,0.146,0.089,0.132,0.094,0.127,0.084,0.136
430,899.00,906.41,644,2.056,183.5,0.115,0.101,0.101,0.229,0.141,0.088,0.079,0.145
431,1260.00,911.48,1049,2.027,183.6,0.126,0.204,0.087,0.058,0.136,0.117,0.097,0.175
432,1172.00,911.91,631,2.024,183.8,0.186,0.138,0.103,0.034,0.097,0.166,0.090,0.186
433,777.00,910.35,460,2.034,184.2,0.153,0.145,0.137,0.065,0.129,0.133,0.093,0.145
434,1535.00,916.56,1424,1.924,184.4,0.204,0.093,0.046,0.028,0.130,0.111,0.130,0.259
435,569.00,906.66,516,1.733,184.5,0.235,0.029,0.088,0.000,0.118,0.029,0.324,0.176
436,595.00,898.76,532,1.949,184.6,0.143,0.063,0.119,0.008,0.151,0.095,0.214,0.206
437,552.00,892.77,354,2.045,185.2,0.174,0.123,0.120,0.093,0.141,0.090,0.111,0.150
438,1090.00,881.21,815,2.002,185.4,0.201,0.154,0.107,0.071,0.095,0.065,0.154,0.154
439,2121.00,881.26,1453,1.992,185.7,0.211,0.161,0.075,0.050,0.166,0.090,0.126,0.121
440,506.00,880.71,452,2.030,186.1,0.217,0.155,0.102,0.075,0.137,0.084,0.093,0.137
441,1003.00,882.59,853,1.985,186.3,0.143,0.095,0.095,0.048,0.136,0.184,0.122,0.177
442,1219.00,888.56,831,1.973,186.4,0.188,0.153,0.118,0.012,0.106,0.106,0.118,0.200
443,611.00,886.39,546,2.055,187.5,0.169,0.125,0.118,0.120,0.120,0.101,0.094,0.154
444,508.00,881.49,348,2.002,187.7,0.114,0.087,0.107,0.040,0.094,0.268,0.128,0.161
445,745.00,876.16,704,2.054,188.7,0.131,0.154,0.120,0.116,0.116,0.145,0.100,0.117
446,679.00,870.33,488,2.038,189.2,0.142,0.158,0.074,0.112,0.101,0.144,0.076,0.193
447,851.00,873.40,730,2.049,190.0,0.155,0.133,0.127,0.094,0.077,0.138,0.122,0.153
448,876.00,872.31,464,1.794,190.2,0.117,0.117,0.149,0.074,0.021,0.191,0.191,0.138
449,1167.00,872.62,1045,1.498,190.3,0.045,0.045,0.109,0.000,0.000,0.473,0.191,0.136
450,580.00,869.92,269,1.877,190.8,0.099,0.066,0.163,0.039,0.036,0.316,0.072,0.208
451,440.00,866.74,416,1.949,191.2,0.169,0.076,0.174,0.030,0.013,0.258,0.131,0.148
452,784.00,864.14,721,1.604,191.3,0.185,0.000,0.148,0.000,0.019,0.185,0.370,0.093
453,959.00,865.77,866,1.851,191.6,0.160,0.057,0.134,0.062,0.031,0.253,0.175,0.129
454,520.00,861.34,479,1.966,192.1,0.162,0.056,0.101,0.056,0.070,0.193,0.176,0.185
455,1011.00,860.91,836,1.501,192.3,0.239,0.015,0.239,0.000,0.015,0.194,0.269,0.030
456,828.00,865.94,772,1.407,192.4,0.200,0.000,0.129,0.000,0.029,0.486,0.157,0.000
457,855.00,867.65,847,1.752,192.5,0.241,0.000,0.165,0.000,0.025,0.291,0.165,0.114
458,1132.00,870.24,1066,1.990,193.0,0.222,0.074,0.109,0.087,0.090,0.180,0.122,0.116
459,1275.00,875.13,894,1.792,193.1,0.267,0.030,0.228,0.040,0.079,0.149,0.129,0.079
460,781.00,871.47,564,2.046,193.9,0.192,0.076,0.133,0.095,0.118,0.176,0.066,0.144
461,847.00,868.73,694,2.023,194.4,0.171,0.083,0.183,0.083,0.076,0.165,0.110,0.128
462,353.00,865.82,265,1.992,194.7,0.205,0.062,0.210,0.074,0.057,0.051,0.205,0.136
463,443.00,864.35,386,1.988,194.9,0.157,0.083,0.167,0.056,0.120,0.056,0.241,0.120
464,992.00,868.41,819,2.003,195.2,0.141,0.101,0.181,0.080,0.065,0.121,0.141,0.171
465,508.00,865.95,480,2.045,196.2,0.149,0.103,0.120,0.096,0.099,0.165,0.136,0.131
466,627.00,864.59,535,1.122,196.3,0.060,0.000,0.134,0.224,0.030,0.000,0.522,0.030
467,100.00,855.29,100,0.368,196.4,0.000,0.000,0.048,0.000,0.000,0.000,0.952,0.000
468,345.00,852.22,315,1.591,196.5,0.074,0.074,0.136,0.222,0.037,0.012,0.432,0.012
469,641.00,853.04,435,1.527,196.7,0.088,0.039,0.235,0.118,0.020,0.029,0.441,0.029
470,413.00,847.38,367,1.931,197.4,0.096,0.073,0.179,0.169,0.083,0.105,0.224,0.070
471,269.00,840.91,201,1.896,197.7,0.080,0.113,0.207,0.260,0.040,0.027,0.240,0.033
472,469.00,838.67,420,1.924,198.1,0.077,0.106,0.169,0.239,0.077,0.063,0.211,0.056
473,430.00,832.37,430,0.928,198.2,0.000,0.000,0.028,0.306,0.000,0.000,0.639,0.028
474,600.00,828.78,587,1.986,198.6,0.103,0.150,0.094,0.188,0.094,0.080,0.216,0.075
475,781.00,829.64,725,1.767,198.8,0.096,0.085,0.106,0.266,0.106,0.011,0.298,0.032
476,881.00,822.42,817,1.987,199.5,0.113,0.069,0.074,0.186,0.143,0.082,0.221,0.113
477,1036.00,825.89,800,2.000,200.3,0.139,0.092,0.095,0.136,0.207,0.122,0.146,0.064
478,641.00,828.37,639,1.717,200.5,0.100,0.037,0.013,0.350,0.138,0.050,0.312,0.000
479,1244.00,833.06,1065,1.946,200.9,0.097,0.075,0.060,0.246,0.194,0.112,0.149,0.067
480,704.00,834.89,678,2.040,202.3,0.131,0.112,0.083,0.153,0.120,0.169,0.120,0.112
481,573.00,835.03,410,1.999,202.9,0.044,0.114,0.103,0.162,0.225,0.118,0.181,0.052
482,816.00,839.04,724,1.957,203.3,0.052,0.146,0.099,0.146,0.208,0.120,0.198,0.031
483,800.00,843.85,761,2.020,204.0,0.123,0.141,0.114,0.117,0.144,0.173,0.123,0.065
484,489.00,845.70,489,2.029,204.8,0.130,0.186,0.074,0.104,0.139,0.172,0.121,0.074
485,605.00,845.25,507,2.048,205.6,0.161,0.145,0.069,0.122,0.083,0.159,0.149,0.113
486,575.00,841.46,418,2.040,206.0,0.153,0.128,0.102,0.122,0.148,0.122,0.133,0.092
487,906.00,839.65,900,2.049,208.3,0.144,0.127,0.095,0.107,0.120,0.156,0.094,0.158
488,518.00,836.47,467,1.967,208.7,0.105,0.101,0.069,0.117,0.101,0.101,0.250,0.157
489,700.00,834.95,694,1.890,209.1,0.056,0.056,0.108,0.144,0.138,0.118,0.272,0.108
490,346.00,829.15,346,0.369,209.1,0.024,0.000,0.000,0.024,0.048,0.000,0.857,0.048
491,677.00,829.28,638,1.636,209.4,0.030,0.030,0.081,0.131,0.101,0.051,0.465,0.111
492,398.00,827.30,266,1.969,209.7,0.065,0.070,0.109,0.174,0.134,0.075,0.259,0.114
493,568.00,824.75,524,2.017,210.3,0.096,0.098,0.111,0.116,0.160,0.111,0.168,0.140
494,527.00,823.63,524,1.546,210.4,0.000,0.017,0.254,0.068,0.068,0.000,0.407,0.186
495,410.00,813.88,367,1.958,210.6,0.060,0.090,0.172,0.052,0.179,0.045,0.216,0.187
496,517.00,809.79,444,1.975,211.0,0.116,0.064,0.179,0.127,0.110,0.110,0.150,0.145
497,599.00,811.21,342,2.040,211.3,0.098,0.119,0.103,0.093,0.134,0.175,0.124,0.155
498,723.00,809.84,617,1.349,211.5,0.019,0.000,0.259,0.019,0.130,0.000,0.389,0.185
499,519.00,806.51,241,2.006,211.8,0.098,0.080,0.179,0.080,0.045,0.134,0.250,0.134
500,583.00,806.48,517,2.045,212.3,0.096,0.096,0.120,0.096,0.137,0.165,0.133,0.157
501,597.00,806.19,556,2.047,212.8,0.107,0.114,0.125,0.114,0.086,0.182,0.161,0.111
502,659.00,803.00,654,1.874,212.9,0.048,0.024,0.119,0.190,0.083,0.036,0.345,0.155
503,463.00,795.31,424,2.036,213.5,0.121,0.074,0.107,0.151,0.088,0.176,0.173,0.110
504,489.00,789.64,422,2.044,214.2,0.087,0.087,0.087,0.122,0.135,0.135,0.181,0.167
505,537.00,785.29,482,2.031,214.5,0.089,0.105,0.121,0.095,0.147,0.126,0.142,0.174
506,1387.00,788.36,1208,2.014,215.1,0.139,0.076,0.130,0.076,0.108,0.174,0.076,0.222
507,681.00,787.85,552,2.020,215.5,0.076,0.104,0.125,0.097,0.138,0.131,0.111,0.218
508,1000.00,785.12,911,1.878,215.7,0.085,0.053,0.138,0.011,0.181,0.117,0.117,0.298
509,487.00,776.54,454,2.031,216.2,0.121,0.121,0.093,0.086,0.121,0.224,0.079,0.155
510,1045.00,777.51,974,2.058,216.7,0.105,0.178,0.101,0.101,0.167,0.130,0.094,0.123
511,918.00,778.80,765,2.048,217.2,0.166,0.102,0.075,0.163,0.123,0.145,0.072,0.154
512,1157.00,775.85,690,1.844,217.4,0.134,0.042,0.059,0.042,0.118,0.235,0.101,0.269
513,1344.00,775.10,1132,2.010,218.1,0.139,0.089,0.105,0.085,0.107,0.204,0.083,0.188
514,659.00,770.33,378,1.866,218.3,0.070,0.062,0.031,0.023,0.312,0.172,0.070,0.258
515,616.00,766.84,597,2.046,219.1,0.114,0.120,0.065,0.082,0.133,0.183,0.122,0.181
516,1162.00,763.67,1131,1.710,219.2,0.065,0.013,0.078,0.000,0.143,0.182,0.325,0.195
517,1001.00,769.15,955,1.443,219.4,0.039,0.013,0.066,0.013,0.118,0.184,0.289,0.276
518,239.00,763.18,239,0.854,219.5,0.000,0.000,0.000,0.000,0.027,0.027,0.865,0.081
519,628.00,763.57,588,1.153,219.6,0.013,0.000,0.013,0.000,0.025,0.139,0.570,0.241
520,373.00,761.58,361,1.662,220.0,0.036,0.041,0.032,0.027,0.059,0.181,0.330,0.294
521,500.00,759.59,498,1.792,220.4,0.076,0.056,0.048,0.036,0.120,0.231,0.199,0.235
522,574.00,754.62,532,1.504,220.5,0.011,0.011,0.011,0.000,0.043,0.283,0.348,0.293
523,399.00,745.87,348,1.955,221.5,0.099,0.106,0.078,0.076,0.106,0.167,0.159,0.210
524,493.00,743.83,489,0.895,221.6,0.000,0.000,0.000,0.000,0.016,0.095,0.587,0.302
525,522.00,729.74,434,1.997,222.3,0.094,0.108,0.067,0.167,0.094,0.154,0.140,0.175
526,564.00,728.71,497,1.939,223.0,0.082,0.074,0.074,0.155,0.128,0.109,0.183,0.196
527,656.00,728.57,645,1.863,223.2,0.038,0.019,0.087,0.154,0.048,0.173,0.250,0.231
528,669.00,726.91,626,1.960,223.8,0.067,0.087,0.084,0.221,0.094,0.107,0.184,0.157
529,1022.00,729.14,885,1.955,224.3,0.077,0.077,0.113,0.200,0.070,0.060,0.270,0.133
530,300.00,723.15,295,2.000,224.7,0.106,0.042,0.079,0.194,0.130,0.056,0.213,0.181
531,376.00,714.31,315,2.031,225.1,0.161,0.062,0.098,0.214,0.094,0.129,0.143,0.098
532,564.00,708.23,355,1.819,225.2,0.039,0.020,0.176,0.157,0.078,0.176,0.294,0.059
533,458.00,705.04,439,2.031,225.6,0.095,0.081,0.133,0.210,0.129,0.090,0.148,0.114
534,463.00,694.32,243,2.041,226.1,0.110,0.121,0.118,0.202,0.132,0.112,0.076,0.129
535,907.00,697.70,764,2.020,226.5,0.153,0.087,0.087,0.186,0.169,0.120,0.099,0.099
536,617.00,697.92,378,2.032,226.8,0.104,0.098,0.038,0.175,0.180,0.153,0.098,0.153
537,693.00,699.33,605,2.038,227.3,0.124,0.100,0.094,0.151,0.171,0.140,0.097,0.124
538,687.00,695.30,294,2.043,227.8,0.149,0.156,0.109,0.098,0.098,0.124,0.113,0.153
539,822.00,682.31,808,2.043,228.6,0.144,0.109,0.129,0.100,0.104,0.123,0.127,0.163
540,859.00,685.84,607,1.976,228.9,0.071,0.050,0.085,0.092,0.135,0.234,0.113,0.220
541,680.00,682.61,624,1.984,229.1,0.083,0.097,0.097,0.041,0.234,0.103,0.152,0.193
542,1140.00,681.82,1096,1.967,229.4,0.053,0.060,0.139,0.099,0.225,0.126,0.139,0.159
543,1039.00,686.10,789,1.900,229.5,0.024,0.048,0.096,0.048,0.229,0.133,0.169,0.253
544,945.00,690.47,676,1.997,229.8,0.045,0.083,0.128,0.120,0.128,0.098,0.150,0.248
545,513.00,688.15,390,2.060,230.2,0.143,0.126,0.116,0.123,0.143,0.113,0.100,0.136
546,764.00,689.00,685,1.987,230.5,0.073,0.056,0.097,0.177,0.145,0.113,0.169,0.169
547,682.00,687.31,652,2.040,231.3,0.141,0.104,0.131,0.162,0.133,0.102,0.085,0.141
548,1158.00,690.13,1080,1.906,231.5,0.058,0.071,0.090,0.194,0.181,0.110,0.181,0.116
549,906.00,687.52,811,1.995,232.2,0.116,0.103,0.131,0.126,0.186,0.098,0.143,0.098
550,415.00,685.87,351,1.959,232.6,0.124,0.058,0.107,0.093,0.147,0.044,0.218,0.209
551,583.00,687.30,536,1.936,233.0,0.140,0.119,0.073,0.104,0.135,0.052,0.254,0.124
552,734.00,686.80,576,1.994,233.4,0.150,0.135,0.057,0.073,0.140,0.041,0.223,0.181
553,527.00,682.48,472,2.043,233.6,0.142,0.112,0.089,0.107,0.118,0.059,0.219,0.154
554,544.00,682.72,249,2.041,233.9,0.117,0.101,0.128,0.095,0.156,0.117,0.134,0.151
555,612.00,678.73,407,2.050,234.4,0.143,0.147,0.097,0.090,0.153,0.093,0.100,0.177
556,403.00,674.48,374,2.052,234.8,0.146,0.082,0.091,0.078,0.164,0.087,0.169,0.183
557,523.00,671.16,401,2.058,235.6,0.143,0.145,0.108,0.100,0.155,0.096,0.110,0.143
558,497.00,664.81,316,2.039,236.1,0.144,0.147,0.110,0.147,0.141,0.061,0.117,0.132
559,942.00,661.48,757,1.881,236.3,0.043,0.101,0.116,0.145,0.217,0.029,0.232,0.116
560,861.00,662.28,637,1.938,236.5,0.094,0.077,0.154,0.068,0.205,0.085,0.171,0.145
561,727.00,661.08,680,1.955,236.7,0.041,0.124,0.176,0.135,0.129,0.082,0.218,0.094
562,990.00,667.45,880,2.042,238.5,0.160,0.140,0.133,0.113,0.117,0.104,0.108,0.126
563,861.00,671.63,648,1.935,239.5,0.116,0.221,0.153,0.084,0.183,0.048,0.063,0.132
564,305.00,664.76,182,1.959,240.1,0.065,0.179,0.215,0.124,0.132,0.074,0.018,0.194
565,863.00,668.31,496,1.687,240.4,0.013,0.171,0.105,0.138,0.086,0.013,0.039,0.434
566,879.00,670.83,822,1.926,240.7,0.048,0.228,0.120,0.152,0.148,0.080,0.084,0.140
567,819.00,678.02,335,1.830,240.9,0.000,0.218,0.182,0.155,0.109,0.036,0.064,0.236
568,859.00,683.16,516,1.852,241.1,0.000,0.237,0.093,0.247,0.144,0.031,0.072,0.175
569,1119.00,687.94,1054,1.950,241.4,0.040,0.254,0.119,0.119,0.119,0.079,0.073,0.198
570,679.00,690.60,591,2.001,241.9,0.059,0.182,0.138,0.167,0.170,0.073,0.097,0.114
571,785.00,695.76,638,1.995,242.4,0.077,0.182,0.097,0.154,0.154,0.066,0.083,0.188
572,661.00,697.68,565,1.994,242.9,0.062,0.205,0.149,0.112,0.169,0.065,0.112,0.126
573,478.00,698.16,478,1.948,243.1,0.024,0.165,0.189,0.102,0.102,0.079,0.173,0.165
574,1579.00,707.95,1523,2.049,244.5,0.150,0.117,0.116,0.134,0.120,0.118,0.121,0.125
575,620.00,706.34,345,2.020,245.0,0.077,0.204,0.083,0.120,0.105,0.096,0.151,0.164
576,1080.00,708.33,964,2.035,245.8,0.137,0.164,0.095,0.143,0.097,0.109,0.138,0.117
577,771.00,705.68,676,2.004,246.1,0.068,0.192,0.082,0.123,0.158,0.062,0.185,0.130
578,750.00,706.77,684,2.047,246.8,0.117,0.138,0.153,0.166,0.132,0.096,0.094,0.104
579,1008.00,704.41,922,1.974,247.0,0.135,0.165,0.053,0.083,0.105,0.060,0.150,0.248
580,998.00,707.35,889,2.017,247.5,0.039,0.156,0.109,0.165,0.092,0.095,0.145,0.198
581,505.00,706.67,303,2.032,248.0,0.080,0.122,0.092,0.150,0.131,0.064,0.131,0.229
582,1073.00,709.24,623,1.977,248.2,0.048,0.123,0.110,0.178,0.123,0.062,0.137,0.219
583,820.00,709.44,700,2.022,248.7,0.130,0.130,0.139,0.151,0.072,0.094,0.149,0.135
584,566.00,710.21,337,2.024,249.3,0.121,0.105,0.105,0.217,0.100,0.093,0.133,0.124
585,997.00,714.13,826,1.980,249.7,0.196,0.065,0.102,0.131,0.124,0.065,0.120,0.196
586,947.00,717.85,381,1.909,249.9,0.180,0.075,0.105,0.068,0.128,0.045,0.113,0.286
587,733.00,716.12,692,2.020,251.6,0.175,0.109,0.127,0.143,0.090,0.090,0.094,0.172
588,1210.00,723.04,1010,1.675,251.8,0.108,0.205,0.036,0.084,0.012,0.012,0.133,0.410
589,771.00,723.75,616,1.619,252.3,0.349,0.064,0.166,0.220,0.019,0.067,0.091,0.024
590,616.00,726.45,533,1.799,253.0,0.304,0.065,0.203,0.243,0.032,0.051,0.089,0.014
591,930.00,728.98,887,1.681,253.3,0.279,0.044,0.204,0.252,0.097,0.031,0.088,0.004
592,797.00,732.97,604,1.834,254.0,0.236,0.080,0.185,0.279,0.045,0.074,0.078,0.022
593,2127.00,748.56,1860,1.657,254.2,0.324,0.072,0.072,0.288,0.099,0.099,0.045,0.000
594,1385.00,757.14,1301,1.970,256.3,0.217,0.085,0.174,0.193,0.063,0.136,0.087,0.047
595,1981.00,772.85,1780,1.609,256.5,0.315,0.022,0.171,0.160,0.144,0.050,0.122,0.017
596,1838.00,786.06,1529,1.665,256.9,0.230,0.015,0.190,0.219,0.241,0.033,0.069,0.004
597,701.00,787.08,640,1.758,257.3,0.243,0.050,0.216,0.197,0.097,0.058,0.124,0.015
598,925.00,789.10,839,1.903,258.0,0.207,0.064,0.195,0.170,0.078,0.100,0.148,0.037
599,856.00,792.47,692,1.858,258.4,0.302,0.029,0.236,0.153,0.055,0.073,0.145,0.007
600,688.00,793.52,656,1.898,258.7,0.253,0.057,0.148,0.188,0.127,0.096,0.118,0.013
601,692.00,794.47,685,1.995,259.4,0.175,0.115,0.162,0.139,0.095,0.149,0.123,0.043
602,1182.00,799.70,923,1.931,259.6,0.168,0.149,0.129,0.198,0.079,0.129,0.149,0.000
603,493.00,800.00,363,1.955,259.9,0.211,0.093,0.199,0.179,0.098,0.085,0.110,0.024
604,1594.00,811.05,1061,1.894,260.0,0.220,0.066,0.088,0.176,0.231,0.088,0.110,0.022
605,598.00,811.66,464,1.995,260.4,0.178,0.121,0.195,0.191,0.101,0.091,0.097,0.027
606,380.00,801.59,279,2.011,260.9,0.210,0.066,0.178,0.138,0.112,0.095,0.167,0.034
607,1182.00,806.60,958,2.021,261.4,0.207,0.111,0.172,0.105,0.111,0.121,0.111,0.061
608,1052.00,807.12,652,2.026,261.8,0.174,0.148,0.138,0.141,0.128,0.164,0.075,0.033
609,1275.00,815.00,742,1.986,262.0,0.175,0.234,0.088,0.193,0.105,0.105,0.053,0.047
610,866.00,813.21,776,2.053,262.9,0.142,0.127,0.136,0.150,0.104,0.158,0.095,0.089
611,906.00,813.09,901,2.042,263.5,0.155,0.106,0.169,0.113,0.124,0.115,0.081,0.137
612,765.00,809.17,685,2.036,264.1,0.126,0.121,0.110,0.110,0.110,0.128,0.133,0.162
613,974.00,805.47,940,1.965,264.3,0.166,0.129,0.055,0.098,0.178,0.110,0.117,0.147
614,690.00,805.78,616,2.048,264.7,0.163,0.141,0.106,0.118,0.095,0.068,0.133,0.175
615,1244.00,812.06,477,1.891,264.9,0.147,0.118,0.071,0.094,0.159,0.053,0.035,0.324
616,530.00,805.74,372,2.047,265.2,0.125,0.182,0.115,0.141,0.099,0.078,0.146,0.115
617,325.00,798.98,277,2.045,265.4,0.128,0.090,0.120,0.075,0.241,0.075,0.143,0.128
618,572.00,802.31,463,2.069,266.2,0.132,0.150,0.171,0.115,0.116,0.113,0.116,0.086
619,830.00,804.33,711,2.048,266.4,0.139,0.109,0.176,0.121,0.109,0.158,0.079,0.109
620,551.00,806.11,518,2.069,266.9,0.141,0.127,0.173,0.100,0.138,0.116,0.105,0.100
621,1076.00,811.87,1006,1.933,267.1,0.135,0.070,0.082,0.140,0.076,0.140,0.146,0.211
622,348.00,809.61,307,2.053,267.8,0.099,0.099,0.120,0.114,0.144,0.140,0.128,0.156
623,965.00,815.27,714,1.963,268.2,0.104,0.080,0.100,0.127,0.084,0.112,0.127,0.267
624,455.00,814.89,450,2.029,268.5,0.079,0.100,0.092,0.171,0.092,0.113,0.204,0.150
625,323.00,812.90,307,2.032,268.8,0.137,0.133,0.090,0.166,0.104,0.090,0.166,0.114
626,465.00,811.91,382,2.019,269.1,0.119,0.160,0.111,0.131,0.066,0.090,0.168,0.156
627,853.00,813.88,838,2.064,270.6,0.135,0.157,0.112,0.108,0.120,0.119,0.122,0.128
628,596.00,813.15,501,1.978,270.9,0.126,0.079,0.116,0.121,0.153,0.060,0.121,0.223
629,748.00,810.41,634,1.613,271.1,0.115,0.026,0.090,0.077,0.218,0.013,0.103,0.359
630,673.00,814.14,475,1.981,271.3,0.092,0.085,0.157,0.131,0.078,0.078,0.150,0.229
631,895.00,819.33,779,1.999,271.8,0.111,0.086,0.120,0.145,0.117,0.052,0.170,0.198
632,578.00,819.47,535,2.031,272.3,0.097,0.095,0.092,0.124,0.145,0.082,0.171,0.195
633,820.00,823.09,706,1.913,272.4,0.106,0.021,0.085,0.085,0.255,0.074,0.202,0.170
634,580.00,824.26,529,1.961,272.7,0.169,0.036,0.120,0.096,0.169,0.078,0.217,0.114
635,1847.00,833.66,1654,1.875,272.8,0.200,0.008,0.038,0.062,0.223,0.092,0.138,0.238
636,423.00,831.72,392,2.002,273.3,0.132,0.050,0.076,0.116,0.202,0.099,0.146,0.179
637,577.00,830.56,543,2.015,273.5,0.115,0.021,0.147,0.152,0.136,0.157,0.157,0.115
638,1075.00,834.44,1007,1.979,273.8,0.136,0.061,0.075,0.140,0.140,0.158,0.140,0.149
639,600.00,832.22,387,2.048,274.2,0.169,0.085,0.107,0.094,0.176,0.138,0.135,0.097
640,350.00,827.13,309,2.061,274.9,0.142,0.087,0.108,0.155,0.142,0.127,0.132,0.106
641,335.00,823.68,291,2.057,275.5,0.125,0.101,0.116,0.130,0.106,0.142,0.142,0.139
642,986.00,822.14,953,2.046,276.3,0.154,0.129,0.122,0.095,0.097,0.128,0.123,0.151
643,839.00,820.14,677,2.016,276.8,0.162,0.119,0.103,0.103,0.086,0.179,0.089,0.159
644,1635.00,827.04,1336,1.713,276.9,0.218,0.090,0.051,0.000,0.000,0.256,0.090,0.295
645,1163.00,833.54,852,2.009,277.3,0.202,0.113,0.113,0.083,0.109,0.175,0.056,0.149
646,967.00,835.57,938,2.030,277.7,0.193,0.102,0.102,0.098,0.105,0.144,0.116,0.140
647,565.00,834.40,470,2.054,278.0,0.190,0.120,0.105,0.095,0.110,0.155,0.105,0.120
648,667.00,829.49,642,2.051,278.4,0.117,0.137,0.117,0.097,0.090,0.147,0.147,0.150
649,824.00,828.67,679,2.044,278.9,0.091,0.109,0.079,0.124,0.163,0.202,0.121,0.112
650,706.00,831.58,610,2.047,279.4,0.114,0.156,0.087,0.084,0.144,0.168,0.116,0.131
651,1295.00,838.70,1002,2.011,279.7,0.170,0.103,0.073,0.091,0.121,0.097,0.097,0.248
652,910.00,840.46,910,1.812,279.8,0.115,0.173,0.000,0.096,0.019,0.115,0.308,0.173
653,774.00,842.93,727,2.053,280.7,0.126,0.144,0.099,0.144,0.113,0.139,0.110,0.123
654,322.00,840.71,290,1.721,281.1,0.098,0.055,0.281,0.230,0.039,0.047,0.188,0.062
655,1044.00,845.03,797,1.192,281.2,0.039,0.039,0.689,0.068,0.000,0.000,0.146,0.019
656,482.00,845.82,477,1.844,281.6,0.080,0.145,0.237,0.126,0.046,0.061,0.237,0.069
657,753.00,848.12,693,1.849,282.0,0.066,0.121,0.283,0.180,0.066,0.029,0.154,0.099
658,449.00,847.64,424,1.915,282.3,0.063,0.092,0.255,0.218,0.063,0.063,0.117,0.130
659,938.00,847.60,815,1.695,282.5,0.040,0.100,0.200,0.290,0.020,0.000,0.200,0.150
660,1091.00,849.90,976,1.692,282.6,0.022,0.088,0.242,0.275,0.022,0.011,0.176,0.165
661,1020.00,852.83,855,1.641,282.7,0.051,0.051,0.179,0.308,0.013,0.026,0.115,0.256
662,659.00,849.52,538,2.000,283.3,0.056,0.103,0.163,0.203,0.089,0.077,0.149,0.161
663,748.00,848.39,711,2.045,284.1,0.093,0.133,0.151,0.171,0.095,0.106,0.116,0.135
664,776.00,853.10,430,1.917,284.3,0.112,0.031,0.112,0.173,0.133,0.031,0.133,0.276
665,587.00,850.34,490,2.052,285.0,0.096,0.138,0.138,0.117,0.192,0.102,0.072,0.145
666,546.00,847.01,444,2.031,285.3,0.174,0.116,0.135,0.111,0.101,0.068,0.063,0.232
667,948.00,848.30,844,2.031,285.7,0.100,0.080,0.157,0.140,0.111,0.131,0.088,0.194
668,1828.00,857.99,1495,1.947,286.0,0.208,0.169,0.090,0.146,0.034,0.045,0.051,0.258
669,1015.00,856.95,881,2.043,287.2,0.130,0.167,0.123,0.104,0.107,0.127,0.102,0.140
670,384.00,854.00,376,1.865,287.4,0.375,0.097,0.076,0.125,0.035,0.056,0.167,0.069
671,1231.00,858.46,1023,1.888,287.6,0.298,0.106,0.085,0.142,0.057,0.071,0.149,0.092
672,1294.00,864.79,379,1.681,287.8,0.371,0.124,0.134,0.124,0.010,0.031,0.144,0.062
673,501.00,865.02,431,2.027,288.9,0.165,0.141,0.153,0.112,0.106,0.109,0.117,0.098
674,880.00,858.03,497,1.752,289.2,0.074,0.062,0.099,0.289,0.041,0.029,0.103,0.302
675,1562.00,867.45,1512,1.734,289.5,0.130,0.043,0.135,0.145,0.043,0.029,0.222,0.251
676,593.00,862.58,314,1.952,290.0,0.116,0.081,0.146,0.146,0.084,0.046,0.216,0.165
677,753.00,862.40,663,1.916,290.5,0.091,0.110,0.160,0.201,0.063,0.041,0.157,0.176
678,429.00,859.19,386,1.881,290.8,0.148,0.055,0.117,0.195,0.051,0.023,0.172,0.238
679,292.00,852.03,280,2.032,291.3,0.192,0.093,0.148,0.091,0.143,0.080,0.137,0.115
680,695.00,849.00,654,1.974,291.7,0.242,0.086,0.137,0.113,0.090,0.090,0.113,0.129
681,710.00,851.05,547,1.974,292.1,0.201,0.087,0.111,0.105,0.060,0.087,0.132,0.219
682,635.00,846.67,504,1.841,292.3,0.287,0.063,0.042,0.168,0.035,0.105,0.084,0.217
683,1132.00,849.79,943,1.770,292.6,0.213,0.073,0.067,0.133,0.060,0.067,0.113,0.273
684,797.00,852.10,779,2.010,293.1,0.229,0.116,0.138,0.080,0.075,0.110,0.122,0.130
685,661.00,848.74,562,1.994,293.6,0.209,0.110,0.093,0.091,0.107,0.121,0.151,0.118
686,1390.00,853.17,1312,1.918,293.9,0.282,0.154,0.095,0.058,0.091,0.066,0.095,0.158
687,905.00,854.89,778,1.821,294.2,0.247,0.095,0.142,0.105,0.016,0.042,0.105,0.247
688,627.00,849.06,465,1.968,294.5,0.240,0.112,0.172,0.116,0.039,0.090,0.077,0.155
689,783.00,849.18,716,1.945,294.8,0.214,0.087,0.194,0.117,0.056,0.051,0.122,0.158
690,444.00,847.46,426,2.019,295.3,0.218,0.117,0.181,0.093,0.101,0.098,0.098,0.093
691,607.00,844.23,241,2.018,295.7,0.185,0.149,0.149,0.117,0.088,0.097,0.068,0.146
692,814.00,844.40,689,1.968,296.0,0.172,0.177,0.125,0.103,0.052,0.073,0.099,0.198
693,1097.00,834.10,809,1.940,296.2,0.171,0.184,0.114,0.095,0.038,0.108,0.070,0.222
694,1094.00,831.19,1008,1.932,296.5,0.168,0.130,0.130,0.087,0.029,0.077,0.125,0.255
695,486.00,816.24,367,2.036,297.0,0.153,0.134,0.141,0.102,0.083,0.096,0.134,0.157
696,760.00,805.46,666,2.043,297.5,0.149,0.149,0.128,0.086,0.093,0.145,0.107,0.142
697,1063.00,809.08,943,2.032,298.1,0.150,0.165,0.138,0.091,0.106,0.106,0.118,0.128
698,716.00,806.99,635,2.003,298.4,0.205,0.221,0.092,0.113,0.046,0.067,0.154,0.103
699,604.00,804.47,534,2.023,298.7,0.220,0.122,0.163,0.102,0.061,0.106,0.134,0.093
700,810.00,805.69,401,1.823,298.9,0.190,0.116,0.157,0.281,0.025,0.058,0.066,0.107
701,1191.00,810.68,775,1.998,299.3,0.206,0.094,0.187,0.116,0.049,0.105,0.094,0.150
702,573.00,804.59,558,2.021,299.9,0.197,0.152,0.143,0.076,0.100,0.109,0.112,0.112
703,1121.00,810.87,944,1.855,300.0,0.214,0.097,0.184,0.243,0.058,0.058,0.058,0.087
704,793.00,802.86,715,2.030,300.9,0.178,0.168,0.168,0.090,0.125,0.107,0.074,0.090
705,1615.00,813.03,1361,2.006,301.3,0.210,0.122,0.176,0.069,0.088,0.160,0.057,0.118
706,1258.00,821.81,1168,1.994,301.7,0.239,0.122,0.080,0.080,0.128,0.179,0.054,0.119
707,914.00,819.13,749,2.007,302.2,0.177,0.088,0.137,0.105,0.094,0.212,0.040,0.147
708,760.00,816.21,632,2.024,302.8,0.169,0.097,0.124,0.137,0.104,0.169,0.077,0.122
709,1299.00,816.45,1178,2.031,303.6,0.159,0.108,0.098,0.095,0.131,0.186,0.102,0.121
710,538.00,813.17,295,2.002,304.0,0.190,0.128,0.124,0.109,0.113,0.193,0.073,0.069
711,1109.00,815.20,973,1.968,304.2,0.202,0.101,0.124,0.109,0.047,0.233,0.132,0.054
712,496.00,812.51,376,2.022,304.6,0.177,0.129,0.111,0.148,0.103,0.151,0.096,0.085
713,845.00,811.22,845,2.044,305.4,0.169,0.148,0.121,0.109,0.104,0.145,0.106,0.099
714,1199.00,816.31,600,1.991,305.8,0.163,0.114,0.121,0.102,0.129,0.216,0.091,0.064
715,435.00,808.22,373,2.042,306.8,0.118,0.106,0.098,0.162,0.135,0.196,0.110,0.076
716,426.00,807.18,305,2.002,307.1,0.181,0.108,0.054,0.154,0.089,0.224,0.120,0.069
717,1422.00,818.15,1298,1.873,307.3,0.296,0.102,0.065,0.185,0.093,0.037,0.167,0.056
718,1212.00,824.55,793,1.522,307.4,0.160,0.309,0.128,0.191,0.032,0.011,0.074,0.096
719,1180.00,828.05,990,1.756,307.7,0.210,0.298,0.088,0.171,0.116,0.022,0.055,0.039
720,1418.00,836.72,874,1.728,307.9,0.203,0.299,0.051,0.181,0.096,0.023,0.068,0.079
721,974.00,835.70,672,1.635,308.1,0.193,0.272,0.061,0.360,0.044,0.000,0.018,0.053
722,657.00,838.79,641,1.984,308.8,0.247,0.119,0.127,0.121,0.129,0.033,0.116,0.108
723,1122.00,840.36,932,1.882,309.2,0.132,0.346,0.057,0.132,0.143,0.032,0.068,0.089
724,1624.00,852.05,1352,1.725,309.4,0.173,0.224,0.041,0.153,0.184,0.031,0.061,0.133
725,441.00,853.23,387,1.938,310.0,0.092,0.297,0.075,0.095,0.191,0.044,0.084,0.123
726,598.00,854.56,489,2.002,310.7,0.106,0.241,0.084,0.116,0.133,0.061,0.114,0.145
727,606.00,852.09,545,2.024,311.3,0.098,0.200,0.109,0.151,0.143,0.068,0.102,0.130
728,665.00,852.78,616,2.020,311.8,0.160,0.178,0.074,0.112,0.142,0.050,0.145,0.139
729,601.00,851.31,579,2.041,312.5,0.173,0.168,0.099,0.139,0.097,0.074,0.101,0.150
730,297.00,847.55,282,2.035,312.9,0.182,0.121,0.121,0.126,0.061,0.048,0.156,0.186
731,628.00,844.88,543,2.046,313.3,0.164,0.134,0.134,0.100,0.144,0.100,0.097,0.127
732,724.00,846.34,588,2.032,313.6,0.146,0.211,0.093,0.146,0.057,0.077,0.150,0.118
733,829.00,846.43,806,2.030,313.9,0.136,0.149,0.105,0.092,0.145,0.079,0.132,0.162
734,1100.00,851.63,1016,2.042,314.2,0.123,0.118,0.133,0.108,0.118,0.067,0.149,0.185
735,506.00,838.22,501,2.040,314.5,0.103,0.109,0.092,0.132,0.167,0.144,0.167,0.086
736,1151.00,845.50,1142,2.059,315.4,0.149,0.088,0.161,0.095,0.110,0.144,0.119,0.134
737,1277.00,852.50,967,1.976,315.5,0.205,0.103,0.090,0.179,0.167,0.077,0.077,0.103
738,1513.00,856.88,1403,1.954,315.7,0.163,0.139,0.084,0.211,0.084,0.108,0.078,0.133
739,1980.00,870.68,1411,1.805,316.0,0.184,0.184,0.046,0.184,0.138,0.072,0.072,0.118
740,1091.00,878.09,896,1.900,316.5,0.163,0.179,0.078,0.233,0.109,0.078,0.060,0.101
741,1965.00,894.39,1053,1.522,316.7,0.271,0.310,0.023,0.256,0.039,0.023,0.000,0.078
742,1912.00,903.65,1732,1.780,317.0,0.277,0.162,0.047,0.204,0.072,0.043,0.051,0.145
743,934.00,904.60,757,1.893,317.5,0.244,0.175,0.052,0.164,0.118,0.066,0.049,0.132
744,511.00,893.36,421,1.957,318.2,0.196,0.145,0.073,0.198,0.112,0.105,0.053,0.119
745,691.00,888.64,302,1.795,318.5,0.227,0.157,0.050,0.293,0.079,0.095,0.033,0.066
746,462.00,883.59,399,2.029,319.2,0.165,0.117,0.105,0.136,0.136,0.132,0.076,0.134
747,1077.00,888.71,1077,1.469,319.3,0.528,0.111,0.056,0.083,0.028,0.042,0.097,0.056
748,1248.00,894.52,1161,1.723,319.5,0.338,0.138,0.100,0.085,0.092,0.108,0.077,0.062
749,981.00,896.09,887,2.026,320.5,0.172,0.114,0.132,0.104,0.136,0.152,0.072,0.119
750,1638.00,905.41,1463,1.839,320.7,0.223,0.207,0.074,0.069,0.133,0.112,0.106,0.074
751,1373.00,906.19,1030,1.888,321.1,0.270,0.157,0.085,0.097,0.077,0.113,0.117,0.085
752,1337.00,910.46,1328,1.791,321.4,0.278,0.187,0.050,0.108,0.066,0.141,0.129,0.041
753,691.00,909.63,512,1.963,322.0,0.205,0.142,0.054,0.133,0.096,0.207,0.110,0.054
754,802.00,914.43,680,1.850,322.2,0.250,0.174,0.014,0.139,0.049,0.188,0.118,0.069
755,553.00,909.52,487,1.934,322.6,0.228,0.132,0.037,0.123,0.064,0.201,0.137,0.078
756,819.00,912.89,713,1.816,322.8,0.141,0.268,0.000,0.201,0.027,0.201,0.094,0.067
757,556.00,910.92,418,2.009,323.2,0.183,0.108,0.060,0.174,0.069,0.177,0.132,0.099
758,1142.00,917.85,695,1.667,323.4,0.194,0.264,0.014,0.236,0.056,0.153,0.069,0.014
759,963.00,918.10,778,1.812,323.5,0.124,0.186,0.035,0.292,0.071,0.150,0.124,0.018
760,871.00,915.90,645,1.890,323.7,0.160,0.231,0.045,0.160,0.083,0.122,0.141,0.058
761,497.00,910.67,461,2.018,324.3,0.152,0.158,0.067,0.166,0.091,0.115,0.147,0.104
762,292.00,907.00,235,2.007,324.7,0.128,0.121,0.099,0.255,0.138,0.082,0.142,0.035
763,1489.00,914.41,1238,1.956,324.8,0.120,0.120,0.083,0.185,0.148,0.111,0.148,0.083
764,989.00,916.54,944,1.894,325.0,0.204,0.239,0.080,0.221,0.044,0.053,0.088,0.071
765,293.00,913.60,224,2.035,325.5,0.164,0.132,0.070,0.184,0.117,0.109,0.134,0.090
766,1083.00,918.97,823,1.767,325.8,0.137,0.280,0.086,0.189,0.080,0.114,0.040,0.074
767,605.00,915.54,259,1.766,326.1,0.131,0.440,0.040,0.147,0.083,0.099,0.040,0.020
768,888.00,906.14,646,1.751,326.4,0.129,0.329,0.053,0.206,0.118,0.100,0.041,0.024
769,358.00,899.57,287,2.006,326.8,0.150,0.226,0.062,0.138,0.126,0.124,0.085,0.088
770,554.00,901.27,469,2.032,327.8,0.179,0.193,0.109,0.111,0.120,0.127,0.079,0.082
771,549.00,894.45,487,1.957,328.3,0.140,0.165,0.150,0.114,0.090,0.134,0.109,0.098
772,1231.00,893.82,687,1.891,328.8,0.238,0.191,0.147,0.155,0.067,0.082,0.044,0.076
773,670.00,895.51,572,1.946,329.6,0.218,0.197,0.153,0.171,0.083,0.039,0.042,0.098
774,1154.00,898.25,705,1.840,330.0,0.167,0.271,0.127,0.122,0.109,0.059,0.068,0.077
775,929.00,891.92,667,1.797,330.2,0.071,0.449,0.083,0.192,0.058,0.038,0.038,0.071
776,542.00,891.41,482,2.020,331.0,0.159,0.129,0.160,0.130,0.140,0.043,0.093,0.145
777,1064.00,894.52,1007,1.966,331.1,0.052,0.278,0.186,0.072,0.093,0.113,0.144,0.062
778,1308.00,903.31,978,1.940,331.3,0.061,0.265,0.167,0.114,0.114,0.053,0.114,0.114
779,712.00,907.51,649,2.017,331.6,0.089,0.232,0.133,0.103,0.113,0.089,0.133,0.108
780,307.00,903.63,244,2.036,331.9,0.134,0.134,0.149,0.079,0.134,0.084,0.149,0.139
781,742.00,903.95,626,2.035,332.4,0.153,0.156,0.156,0.079,0.138,0.085,0.130,0.103
782,585.00,903.45,448,2.026,332.8,0.164,0.109,0.138,0.082,0.197,0.046,0.161,0.102
783,701.00,899.14,605,1.998,333.1,0.106,0.168,0.120,0.091,0.125,0.043,0.202,0.144
784,417.00,895.34,400,1.949,333.5,0.161,0.165,0.079,0.075,0.130,0.063,0.244,0.083
785,632.00,895.05,500,1.777,333.5,0.130,0.043,0.087,0.152,0.174,0.065,0.326,0.022
786,328.00,884.43,300,1.956,333.7,0.182,0.066,0.088,0.044,0.204,0.022,0.328,0.066
787,985.00,885.23,580,1.709,333.8,0.167,0.067,0.017,0.100,0.117,0.117,0.417,0.000
788,772.00,886.68,426,1.791,334.0,0.124,0.082,0.134,0.082,0.103,0.072,0.361,0.041
789,678.00,885.63,652,1.749,334.2,0.118,0.028,0.153,0.056,0.181,0.028,0.312,0.125
790,309.00,884.28,309,1.248,334.3,0.042,0.000,0.042,0.042,0.021,0.083,0.771,0.000
791,395.00,882.16,371,1.973,334.8,0.149,0.103,0.139,0.088,0.144,0.086,0.217,0.076
792,706.00,881.08,546,1.732,335.0,0.058,0.036,0.210,0.080,0.109,0.080,0.406,0.022
793,511.00,875.22,511,1.218,335.1,0.028,0.000,0.028,0.056,0.083,0.167,0.639,0.000
794,776.00,872.04,661,1.841,335.4,0.112,0.037,0.207,0.136,0.161,0.070,0.240,0.037
795,379.00,870.97,338,1.826,335.7,0.107,0.028,0.254,0.107,0.119,0.045,0.254,0.085
796,711.00,870.48,632,1.968,336.3,0.122,0.067,0.167,0.143,0.161,0.098,0.154,0.087
797,729.00,867.14,729,1.628,336.4,0.000,0.013,0.205,0.038,0.423,0.103,0.205,0.013
798,835.00,868.33,672,1.792,336.6,0.060,0.103,0.259,0.060,0.250,0.078,0.164,0.026
799,703.00,869.32,692,1.890,336.9,0.081,0.057,0.219,0.085,0.206,0.085,0.215,0.053
800,782.00,869.04,617,1.861,337.2,0.083,0.047,0.203,0.083,0.219,0.083,0.245,0.036
801,403.00,861.16,394,1.813,337.5,0.080,0.037,0.196,0.043,0.331,0.135,0.172,0.006
802,1073.00,866.16,938,1.806,337.6,0.136,0.025,0.093,0.059,0.398,0.153,0.102,0.034
803,473.00,859.68,440,2.038,338.5,0.151,0.089,0.123,0.122,0.175,0.113,0.147,0.079
804,930.00,861.05,882,1.971,338.8,0.100,0.096,0.165,0.092,0.213,0.104,0.108,0.120
805,1653.00,861.43,1502,2.019,339.8,0.135,0.109,0.180,0.091,0.131,0.117,0.111,0.127
806,1112.00,859.97,871,1.925,340.0,0.129,0.079,0.208,0.089,0.089,0.238,0.129,0.040
807,642.00,857.25,478,1.798,340.1,0.234,0.031,0.172,0.000,0.062,0.281,0.141,0.078
808,1232.00,861.97,908,2.026,341.6,0.166,0.134,0.124,0.116,0.108,0.120,0.110,0.122
809,998.00,858.96,554,1.809,341.8,0.252,0.180,0.050,0.043,0.108,0.029,0.022,0.317
810,1906.00,872.64,1428,1.842,342.2,0.222,0.144,0.014,0.049,0.229,0.088,0.063,0.190
811,1383.00,875.38,1086,1.761,342.6,0.233,0.222,0.011,0.038,0.135,0.034,0.083,0.244
812,783.00,878.25,736,1.916,343.3,0.201,0.180,0.023,0.094,0.164,0.098,0.094,0.147
813,1185.00,881.65,921,1.957,344.2,0.220,0.164,0.023,0.099,0.181,0.105,0.097,0.112
814,1360.00,883.26,1171,1.836,344.6,0.186,0.147,0.035,0.091,0.115,0.056,0.147,0.221
815,382.00,882.73,341,1.958,345.7,0.196,0.185,0.036,0.106,0.158,0.068,0.101,0.150
816,1399.00,892.46,1220,1.963,346.6,0.200,0.179,0.040,0.104,0.121,0.101,0.122,0.132
817,1550.00,893.74,1491,1.650,346.7,0.344,0.183,0.022,0.086,0.075,0.022,0.118,0.151
818,630.00,887.92,605,1.719,347.0,0.317,0.088,0.039,0.078,0.083,0.029,0.171,0.195
819,781.00,883.93,696,1.716,347.3,0.305,0.071,0.019,0.006,0.123,0.052,0.169,0.253
820,1445.00,884.20,582,1.167,347.4,0.634,0.099,0.000,0.014,0.085,0.028,0.028,0.113
821,1328.00,887.74,1229,1.666,347.6,0.384,0.110,0.030,0.030,0.122,0.030,0.122,0.171
822,453.00,885.70,346,1.933,348.0,0.230,0.123,0.085,0.064,0.111,0.098,0.179,0.111
823,553.00,880.01,0,0.538,348.1,0.886,0.000,0.025,0.000,0.025,0.000,0.000,0.063
824,1194.00,875.71,1040,0.967,348.2,0.747,0.046,0.000,0.000,0.011,0.011,0.023,0.161
825,1426.00,885.56,1382,1.824,348.5,0.295,0.049,0.067,0.103,0.116,0.094,0.134,0.143
826,1510.00,894.68,1460,1.811,348.9,0.340,0.102,0.079,0.049,0.106,0.053,0.128,0.143
827,261.00,891.23,217,1.970,349.5,0.262,0.107,0.064,0.074,0.117,0.099,0.115,0.163
828,500.00,889.58,486,1.960,349.9,0.270,0.050,0.083,0.075,0.154,0.087,0.191,0.091
829,1292.00,896.49,552,1.594,350.0,0.296,0.061,0.096,0.000,0.130,0.017,0.087,0.313
830,1634.00,909.86,1526,1.950,350.4,0.295,0.122,0.068,0.065,0.119,0.115,0.112,0.104
831,1113.00,914.71,964,1.982,350.9,0.160,0.102,0.090,0.084,0.154,0.105,0.142,0.163
832,1076.00,918.23,1018,1.922,351.2,0.214,0.109,0.097,0.063,0.134,0.071,0.160,0.151
833,967.00,919.61,582,1.827,351.4,0.224,0.072,0.072,0.024,0.176,0.080,0.144,0.208
834,1005.00,918.66,914,1.983,351.7,0.201,0.085,0.103,0.077,0.154,0.098,0.154,0.128
835,644.00,920.04,604,2.028,352.4,0.173,0.107,0.112,0.126,0.137,0.107,0.147,0.091
836,1066.00,919.19,804,1.818,352.5,0.275,0.087,0.050,0.037,0.200,0.062,0.150,0.138
837,725.00,913.67,725,1.960,352.7,0.231,0.066,0.058,0.074,0.149,0.091,0.240,0.091
838,553.00,904.07,546,1.925,352.8,0.145,0.077,0.026,0.077,0.162,0.085,0.248,0.179
839,925.00,893.52,703,1.949,353.0,0.194,0.108,0.043,0.108,0.209,0.094,0.129,0.115
840,1140.00,894.01,977,2.034,353.9,0.144,0.099,0.107,0.095,0.164,0.120,0.159,0.112
841,652.00,880.88,629,1.879,354.1,0.153,0.267,0.087,0.107,0.080,0.087,0.140,0.080
842,853.00,870.29,713,2.035,354.5,0.196,0.143,0.127,0.099,0.090,0.087,0.121,0.137
843,456.00,865.51,397,2.038,355.0,0.165,0.111,0.114,0.132,0.084,0.114,0.168,0.111
844,1223.00,872.63,548,1.943,355.2,0.211,0.241,0.075,0.098,0.060,0.173,0.060,0.083
845,739.00,873.11,688,2.034,355.6,0.128,0.109,0.066,0.210,0.117,0.167,0.089,0.113
846,731.00,875.80,687,2.067,356.3,0.130,0.125,0.106,0.168,0.123,0.114,0.118,0.118
847,704.00,872.07,621,2.024,357.0,0.119,0.157,0.115,0.126,0.172,0.119,0.099,0.093
848,902.00,868.61,532,2.050,357.4,0.152,0.139,0.112,0.096,0.185,0.112,0.125,0.079
849,927.00,868.07,916,2.056,358.0,0.127,0.068,0.135,0.116,0.146,0.137,0.135,0.135
850,1283.00,864.52,1214,2.018,358.3,0.136,0.065,0.071,0.098,0.147,0.190,0.196,0.098
851,363.00,854.42,275,2.006,358.7,0.126,0.094,0.079,0.108,0.173,0.199,0.170,0.051
852,529.00,846.34,492,2.000,359.4,0.127,0.080,0.078,0.140,0.159,0.159,0.144,0.114
853,368.00,843.11,126,1.758,359.7,0.085,0.038,0.154,0.115,0.192,0.338,0.043,0.034
854,783.00,842.92,671,1.746,360.0,0.065,0.041,0.175,0.118,0.134,0.378,0.049,0.041
855,515.00,842.54,128,1.820,360.4,0.064,0.084,0.155,0.135,0.219,0.299,0.020,0.024
856,886.00,843.21,652,1.836,360.6,0.084,0.123,0.156,0.134,0.190,0.263,0.022,0.028
857,347.00,841.12,281,1.969,361.2,0.117,0.108,0.166,0.152,0.187,0.180,0.037,0.052
858,933.00,839.03,498,1.865,361.5,0.114,0.179,0.118,0.148,0.127,0.218,0.052,0.044
859,289.00,832.29,165,1.922,362.0,0.070,0.140,0.190,0.176,0.140,0.226,0.028,0.031
860,805.00,831.63,717,1.989,362.7,0.103,0.119,0.150,0.131,0.175,0.201,0.049,0.072
861,937.00,836.03,562,1.846,362.9,0.085,0.128,0.184,0.128,0.177,0.248,0.014,0.035
862,708.00,840.19,542,2.031,363.9,0.140,0.120,0.136,0.150,0.151,0.135,0.063,0.106
863,519.00,830.49,468,1.956,364.3,0.083,0.098,0.151,0.215,0.109,0.185,0.094,0.064
864,877.00,829.37,786,2.016,365.0,0.146,0.123,0.123,0.190,0.086,0.117,0.103,0.111
865,902.00,835.46,840,1.996,365.3,0.155,0.119,0.090,0.220,0.087,0.144,0.090,0.094
866,877.00,833.40,762,1.993,365.7,0.089,0.119,0.119,0.218,0.050,0.215,0.083,0.109
867,657.00,833.92,502,2.039,366.2,0.142,0.175,0.142,0.156,0.067,0.172,0.058,0.089
868,1309.00,838.13,1061,2.028,366.8,0.145,0.192,0.094,0.118,0.091,0.158,0.099,0.103
869,885.00,843.40,798,2.022,367.5,0.137,0.133,0.141,0.152,0.087,0.188,0.103,0.059
870,1162.00,849.48,178,1.912,367.8,0.087,0.093,0.240,0.160,0.133,0.193,0.007,0.087
871,1470.00,858.69,939,1.911,367.9,0.075,0.092,0.167,0.067,0.067,0.292,0.050,0.192
872,1189.00,858.27,568,1.966,368.2,0.083,0.123,0.167,0.142,0.108,0.191,0.034,0.152
873,607.00,857.64,374,2.017,368.5,0.102,0.144,0.172,0.130,0.088,0.242,0.009,0.112
874,949.00,855.59,335,2.019,368.7,0.152,0.091,0.144,0.174,0.083,0.136,0.061,0.159
875,1052.00,856.82,585,2.014,368.9,0.163,0.098,0.109,0.120,0.120,0.185,0.076,0.130
876,1596.00,867.36,1282,2.011,369.0,0.181,0.078,0.138,0.095,0.121,0.224,0.078,0.086
877,1419.00,870.91,985,2.014,369.3,0.115,0.105,0.152,0.194,0.052,0.147,0.136,0.099
878,541.00,863.24,512,2.042,370.0,0.122,0.093,0.100,0.202,0.106,0.154,0.137,0.087
879,654.00,862.66,639,1.975,371.4,0.155,0.092,0.124,0.153,0.109,0.131,0.124,0.111
880,1717.00,876.76,1567,1.546,371.7,0.128,0.378,0.064,0.000,0.192,0.023,0.192,0.023
881,1393.00,883.27,902,1.200,372.1,0.095,0.367,0.015,0.000,0.261,0.045,0.152,0.064
882,427.00,881.69,204,1.583,373.0,0.057,0.388,0.010,0.010,0.328,0.040,0.114,0.054
883,330.00,877.98,266,1.717,374.2,0.082,0.286,0.012,0.007,0.261,0.073,0.200,0.078
884,1015.00,883.96,741,1.428,374.5,0.123,0.313,0.000,0.000,0.368,0.018,0.135,0.043
885,1379.00,891.43,295,1.380,374.7,0.195,0.283,0.000,0.000,0.346,0.025,0.132,0.019
886,879.00,896.94,508,1.367,375.0,0.238,0.303,0.005,0.000,0.330,0.027,0.081,0.016
887,520.00,892.29,492,1.834,376.8,0.203,0.184,0.051,0.036,0.173,0.074,0.170,0.108
888,646.00,891.03,583,1.429,377.2,0.217,0.418,0.000,0.008,0.197,0.008,0.119,0.033
889,650.00,890.75,421,1.442,377.5,0.080,0.413,0.010,0.005,0.294,0.030,0.114,0.055
890,368.00,891.34,304,1.616,377.9,0.102,0.440,0.009,0.005,0.213,0.023,0.144,0.065
891,1118.00,898.57,788,1.491,378.1,0.087,0.391,0.011,0.022,0.250,0.033,0.141,0.065
892,693.00,898.44,693,1.874,378.9,0.125,0.204,0.057,0.029,0.191,0.112,0.165,0.116
893,522.00,898.55,475,1.887,379.6,0.134,0.182,0.041,0.046,0.230,0.065,0.196,0.106
894,853.00,899.32,800,1.601,379.8,0.087,0.283,0.022,0.000,0.261,0.080,0.196,0.072
895,406.00,899.59,331,1.818,380.4,0.093,0.302,0.052,0.044,0.136,0.087,0.172,0.114
896,953.00,902.01,850,1.948,381.4,0.101,0.220,0.083,0.065,0.131,0.107,0.158,0.136
897,1015.00,904.87,853,1.747,381.9,0.126,0.246,0.042,0.007,0.112,0.060,0.172,0.235
898,520.00,901.72,446,1.901,382.5,0.161,0.196,0.060,0.043,0.149,0.050,0.126,0.214
899,1585.00,910.54,1372,1.584,382.8,0.067,0.328,0.056,0.005,0.092,0.062,0.113,0.277
900,623.00,908.95,531,1.751,383.4,0.088,0.273,0.083,0.018,0.140,0.070,0.091,0.236
901,495.00,909.87,421,1.786,384.0,0.058,0.280,0.098,0.040,0.148,0.031,0.071,0.274
902,932.00,908.46,808,1.992,385.0,0.108,0.178,0.093,0.071,0.121,0.110,0.151,0.167
903,1166.00,915.39,1051,1.608,385.2,0.007,0.321,0.157,0.037,0.119,0.022,0.104,0.231
904,365.00,909.74,281,1.830,385.8,0.074,0.309,0.106,0.051,0.129,0.043,0.111,0.177
905,942.00,902.63,476,1.794,386.2,0.094,0.274,0.119,0.076,0.134,0.040,0.061,0.202
906,560.00,897.11,328,1.861,386.7,0.083,0.307,0.118,0.080,0.168,0.021,0.065,0.159
907,500.00,895.69,313,1.920,387.3,0.079,0.264,0.140,0.095,0.111,0.042,0.090,0.179
908,1145.00,894.82,944,1.773,387.8,0.074,0.246,0.219,0.091,0.152,0.020,0.104,0.094
909,560.00,890.44,503,1.817,388.5,0.062,0.312,0.223,0.033,0.147,0.012,0.116,0.095
910,1004.00,881.42,341,1.420,388.7,0.013,0.531,0.225,0.006,0.100,0.000,0.062,0.062
911,894.00,876.53,775,1.850,389.2,0.041,0.273,0.148,0.058,0.174,0.020,0.142,0.142
912,1152.00,880.22,1083,1.861,389.7,0.052,0.262,0.114,0.068,0.176,0.009,0.160,0.157
913,561.00,873.98,403,1.878,390.0,0.077,0.272,0.130,0.071,0.160,0.000,0.142,0.148
914,1937.00,879.75,1816,1.830,390.1,0.157,0.206,0.098,0.098,0.108,0.000,0.176,0.157
915,965.00,885.58,880,1.756,390.4,0.100,0.272,0.172,0.050,0.067,0.011,0.133,0.194
916,770.00,879.29,614,1.948,390.8,0.147,0.214,0.119,0.111,0.056,0.028,0.167,0.159
917,694.00,870.73,612,2.015,391.8,0.144,0.126,0.120,0.126,0.078,0.087,0.153,0.167
918,1038.00,874.81,932,1.814,392.1,0.106,0.298,0.126,0.096,0.056,0.015,0.141,0.162
919,419.00,871.19,358,1.871,392.5,0.108,0.217,0.195,0.061,0.047,0.004,0.202,0.166
920,1042.00,867.16,917,1.568,392.8,0.113,0.333,0.160,0.073,0.047,0.007,0.160,0.107
921,656.00,860.44,621,1.881,393.3,0.121,0.274,0.116,0.095,0.061,0.018,0.166,0.148
922,306.00,858.97,278,1.904,393.7,0.116,0.222,0.147,0.111,0.084,0.004,0.151,0.164
923,545.00,858.89,478,1.993,394.3,0.122,0.177,0.142,0.113,0.062,0.048,0.158,0.177
924,660.00,853.55,372,1.749,394.5,0.052,0.358,0.187,0.104,0.090,0.000,0.060,0.149
925,486.00,844.15,368,1.987,394.8,0.133,0.191,0.144,0.112,0.080,0.016,0.133,0.191
926,530.00,834.35,383,1.997,395.1,0.211,0.152,0.121,0.113,0.105,0.023,0.121,0.152
927,554.00,837.28,533,2.038,395.9,0.158,0.127,0.139,0.108,0.133,0.067,0.129,0.139
928,955.00,841.83,768,1.981,396.3,0.129,0.212,0.124,0.075,0.183,0.050,0.091,0.137
929,434.00,833.25,358,1.949,396.6,0.112,0.230,0.135,0.107,0.129,0.017,0.118,0.152
930,1028.00,827.19,815,1.978,396.9,0.144,0.246,0.096,0.112,0.096,0.070,0.107,0.128
931,426.00,820.32,407,2.034,397.6,0.149,0.180,0.118,0.102,0.122,0.044,0.149,0.136
932,513.00,814.69,508,1.935,398.1,0.107,0.154,0.127,0.124,0.154,0.040,0.154,0.140
933,339.00,808.41,318,1.995,398.7,0.110,0.082,0.095,0.095,0.113,0.074,0.279,0.151
934,781.00,806.17,732,1.870,398.9,0.126,0.120,0.114,0.137,0.103,0.011,0.229,0.160
935,640.00,806.13,634,1.662,399.1,0.029,0.097,0.097,0.155,0.049,0.000,0.359,0.214
936,353.00,799.00,333,1.815,399.5,0.038,0.135,0.100,0.135,0.088,0.038,0.335,0.131
937,820.00,799.95,761,1.980,400.3,0.134,0.096,0.096,0.148,0.085,0.082,0.238,0.122
938,268.00,797.10,241,1.912,400.7,0.079,0.103,0.089,0.206,0.121,0.019,0.224,0.159
939,1486.00,802.71,1209,1.848,400.8,0.110,0.068,0.059,0.280,0.144,0.000,0.161,0.178
940,453.00,795.84,450,1.947,401.1,0.118,0.077,0.097,0.159,0.144,0.021,0.226,0.159
941,776.00,797.08,712,1.887,401.6,0.105,0.115,0.112,0.102,0.139,0.058,0.173,0.197
942,911.00,797.66,836,1.605,401.9,0.052,0.052,0.058,0.069,0.480,0.000,0.087,0.202
943,727.00,800.37,471,1.923,402.3,0.162,0.086,0.092,0.106,0.264,0.023,0.106,0.162
944,812.00,796.26,768,1.995,403.0,0.156,0.091,0.146,0.141,0.200,0.049,0.097,0.120
945,640.00,795.27,493,1.939,403.4,0.155,0.106,0.135,0.127,0.180,0.024,0.090,0.184
946,1068.00,798.64,920,1.855,403.6,0.153,0.083,0.185,0.057,0.280,0.000,0.083,0.159
947,648.00,798.08,574,1.945,404.0,0.160,0.143,0.148,0.093,0.177,0.021,0.101,0.156
948,1366.00,802.72,560,1.917,404.3,0.176,0.074,0.125,0.119,0.153,0.023,0.114,0.216
949,964.00,803.09,753,1.924,404.6,0.205,0.103,0.137,0.085,0.175,0.017,0.094,0.184
950,1176.00,802.02,553,1.880,404.9,0.187,0.109,0.124,0.083,0.119,0.000,0.057,0.321
951,723.00,805.62,610,1.951,405.3,0.245,0.146,0.111,0.083,0.154,0.012,0.107,0.142
952,760.00,807.93,670,2.024,406.0,0.196,0.138,0.100,0.085,0.119,0.094,0.134,0.134
953,601.00,810.26,480,1.994,406.6,0.210,0.148,0.095,0.079,0.104,0.085,0.141,0.139
954,642.00,808.85,382,1.764,406.8,0.174,0.105,0.093,0.035,0.035,0.058,0.395,0.105
955,412.00,807.82,355,1.833,407.0,0.185,0.148,0.111,0.037,0.059,0.030,0.304,0.126
956,955.00,808.51,843,1.579,407.1,0.053,0.105,0.026,0.026,0.092,0.000,0.408,0.289
957,852.00,813.56,756,1.589,407.3,0.058,0.145,0.043,0.014,0.087,0.000,0.377,0.275
958,1013.00,814.36,986,1.534,407.4,0.074,0.130,0.019,0.056,0.074,0.000,0.296,0.352
959,529.00,816.76,464,1.807,407.5,0.110,0.200,0.070,0.040,0.100,0.000,0.300,0.180
960,220.00,810.91,178,2.012,408.1,0.177,0.106,0.146,0.057,0.109,0.066,0.223,0.117
961,801.00,809.55,418,1.843,408.3,0.167,0.111,0.056,0.086,0.074,0.074,0.228,0.204
962,728.00,809.75,653,0.860,408.5,0.000,0.000,0.000,0.000,0.013,0.000,0.481,0.506
963,769.00,812.25,628,1.956,409.3,0.115,0.086,0.115,0.086,0.095,0.102,0.197,0.204
964,567.00,809.15,560,1.982,410.0,0.098,0.100,0.061,0.082,0.104,0.112,0.222,0.220
965,991.00,810.04,620,1.940,410.4,0.147,0.140,0.077,0.085,0.074,0.103,0.210,0.165
966,738.00,808.65,595,1.985,410.9,0.145,0.198,0.075,0.066,0.085,0.057,0.176,0.198
967,1028.00,812.36,880,1.872,411.2,0.160,0.110,0.099,0.066,0.083,0.044,0.271,0.166
968,965.00,808.92,949,1.665,411.3,0.037,0.159,0.049,0.073,0.073,0.000,0.378,0.232
969,879.00,808.86,804,1.927,411.7,0.070,0.111,0.123,0.098,0.098,0.061,0.250,0.189
970,1088.00,808.12,1043,1.911,411.9,0.046,0.176,0.160,0.183,0.092,0.008,0.168,0.168
971,490.00,798.32,441,2.002,412.3,0.126,0.080,0.189,0.067,0.139,0.059,0.248,0.092
972,828.00,794.71,547,1.991,412.6,0.148,0.148,0.210,0.111,0.086,0.043,0.148,0.105
973,729.00,795.93,698,2.016,413.0,0.143,0.095,0.150,0.103,0.106,0.092,0.176,0.136
974,395.00,790.39,374,1.963,413.1,0.152,0.071,0.091,0.091,0.192,0.040,0.313,0.051
975,1022.00,790.09,939,2.018,413.5,0.122,0.098,0.122,0.110,0.151,0.106,0.200,0.090
976,522.00,779.35,492,2.031,413.9,0.128,0.097,0.153,0.135,0.132,0.115,0.142,0.097
977,616.00,771.32,389,2.019,414.2,0.115,0.089,0.153,0.140,0.134,0.045,0.223,0.102
978,814.00,774.05,726,1.963,414.3,0.050,0.188,0.225,0.125,0.113,0.037,0.188,0.075
979,224.00,769.75,209,2.042,414.6,0.200,0.114,0.155,0.114,0.114,0.064,0.136,0.105
980,338.00,755.96,253,2.063,415.0,0.120,0.125,0.130,0.134,0.139,0.139,0.116,0.097
981,663.00,748.66,556,2.063,415.4,0.122,0.115,0.145,0.145,0.095,0.151,0.109,0.118
982,840.00,752.79,712,2.054,416.0,0.149,0.129,0.170,0.134,0.084,0.120,0.137,0.077
983,964.00,759.13,747,2.032,416.5,0.164,0.115,0.164,0.123,0.086,0.126,0.141,0.082
984,1271.00,761.69,1096,1.960,416.6,0.137,0.147,0.179,0.084,0.095,0.105,0.158,0.095
985,744.00,755.34,693,2.025,416.9,0.143,0.078,0.184,0.101,0.115,0.129,0.161,0.088
986,596.00,752.51,487,2.033,417.7,0.182,0.112,0.130,0.124,0.094,0.160,0.096,0.104
987,997.00,757.28,919,2.005,418.1,0.195,0.096,0.172,0.092,0.059,0.155,0.149,0.083
988,184.00,752.66,174,1.999,418.3,0.212,0.075,0.178,0.096,0.027,0.116,0.226,0.068
989,260.00,748.76,232,2.024,418.7,0.149,0.158,0.116,0.108,0.062,0.166,0.145,0.095
990,638.00,751.46,574,2.016,419.0,0.214,0.107,0.107,0.102,0.056,0.184,0.148,0.082
991,472.00,745.00,453,2.034,419.5,0.165,0.087,0.119,0.145,0.100,0.174,0.119,0.090
992,1318.00,751.25,1192,2.009,419.7,0.160,0.110,0.117,0.141,0.098,0.166,0.110,0.098
993,1054.00,756.57,711,1.899,419.9,0.160,0.032,0.181,0.160,0.032,0.266,0.085,0.085
994,300.00,751.04,265,2.013,420.4,0.093,0.090,0.230,0.128,0.105,0.195,0.096,0.064
995,847.00,755.45,549,1.983,420.6,0.152,0.061,0.152,0.202,0.051,0.141,0.152,0.091
996,1108.00,757.00,865,1.945,420.7,0.148,0.057,0.159,0.193,0.068,0.159,0.170,0.045
997,704.00,753.89,331,2.026,421.3,0.159,0.116,0.157,0.162,0.093,0.131,0.096,0.086
998,387.00,752.56,363,1.948,421.4,0.198,0.042,0.125,0.167,0.042,0.094,0.260,0.073
999,783.00,744.54,676,1.738,421.6,0.106,0.015,0.121,0.167,0.015,0.152,0.379,0.045
1000,997.00,748.28,848,2.023,422.3,0.158,0.091,0.095,0.165,0.089,0.154,0.140,0.107
1001,724.00,750.57,709,1.812,422.5,0.082,0.024,0.106,0.082,0.118,0.129,0.412,0.047
1002,667.00,747.92,494,1.608,422.6,0.034,0.011,0.091,0.068,0.159,0.057,0.455,0.125
1003,561.00,741.87,497,1.677,422.9,0.080,0.007,0.066,0.095,0.124,0.044,0.482,0.102
1004,64.00,738.86,64,0.341,423.0,0.000,0.000,0.000,0.022,0.000,0.000,0.933,0.044
1005,386.00,733.30,286,1.979,423.5,0.074,0.026,0.157,0.131,0.111,0.197,0.203,0.100
1006,245.00,730.15,235,1.937,423.9,0.082,0.046,0.114,0.154,0.089,0.093,0.257,0.164
1007,655.00,731.70,539,1.889,424.3,0.080,0.034,0.083,0.167,0.125,0.076,0.288,0.148
1008,538.00,725.63,505,1.865,424.5,0.087,0.055,0.063,0.142,0.102,0.071,0.346,0.134
1009,767.00,727.70,763,1.798,424.7,0.047,0.047,0.023,0.233,0.070,0.035,0.372,0.174
1010,372.00,721.38,253,1.986,425.0,0.086,0.056,0.040,0.152,0.141,0.071,0.293,0.162
1011,650.00,718.94,650,1.661,425.1,0.050,0.075,0.000,0.150,0.025,0.025,0.425,0.250
1012,465.00,712.07,465,2.017,425.4,0.111,0.093,0.080,0.124,0.124,0.111,0.204,0.151
1013,366.00,710.12,347,2.008,425.7,0.071,0.115,0.064,0.199,0.135,0.064,0.199,0.154
1014,944.00,700.19,921,1.917,425.8,0.094,0.094,0.055,0.118,0.157,0.047,0.197,0.236
1015,532.00,695.86,501,2.047,426.3,0.066,0.080,0.080,0.208,0.138,0.138,0.145,0.145
1016,900.00,697.16,805,2.058,426.8,0.102,0.150,0.092,0.163,0.097,0.115,0.118,0.163
1017,1035.00,700.57,967,2.060,428.0,0.144,0.123,0.110,0.144,0.097,0.149,0.108,0.123
1018,1164.00,701.83,887,2.021,428.3,0.115,0.131,0.085,0.215,0.154,0.069,0.154,0.077
1019,738.00,705.02,608,1.986,428.6,0.181,0.103,0.070,0.218,0.099,0.066,0.128,0.136
1020,695.00,701.55,452,1.995,428.9,0.198,0.153,0.073,0.186,0.062,0.056,0.141,0.130
1021,395.00,698.94,308,2.036,429.6,0.127,0.119,0.119,0.207,0.083,0.054,0.159,0.132
1022,1137.00,707.25,890,1.972,430.3,0.180,0.069,0.103,0.160,0.101,0.153,0.121,0.113
1023,640.00,708.20,553,1.968,430.8,0.211,0.020,0.109,0.176,0.136,0.114,0.084,0.149
1024,561.00,707.21,496,1.874,431.1,0.283,0.012,0.114,0.133,0.169,0.096,0.133,0.060
1025,851.00,710.86,788,1.981,432.0,0.177,0.029,0.113,0.156,0.183,0.136,0.115,0.091
1026,722.00,712.78,549,1.967,432.5,0.230,0.022,0.110,0.138,0.157,0.104,0.138,0.101
1027,412.00,711.36,306,1.878,432.7,0.085,0.000,0.123,0.151,0.085,0.274,0.236,0.047
1028,388.00,705.69,238,2.003,433.3,0.109,0.035,0.129,0.129,0.225,0.124,0.131,0.119
1029,482.00,706.17,213,1.951,433.7,0.169,0.024,0.145,0.096,0.185,0.137,0.141,0.104
1030,664.00,702.53,627,1.996,434.3,0.149,0.048,0.162,0.129,0.142,0.142,0.129,0.099
1031,841.00,706.68,814,1.782,434.4,0.153,0.000,0.153,0.153,0.042,0.097,0.306,0.097
1032,1260.00,714.15,796,1.772,434.6,0.177,0.000,0.241,0.127,0.076,0.152,0.127,0.101
1033,411.00,714.87,409,1.843,434.7,0.259,0.000,0.130,0.185,0.093,0.074,0.204,0.056
1034,1154.00,718.60,768,1.897,435.0,0.220,0.018,0.244,0.122,0.073,0.079,0.152,0.091
1035,403.00,716.23,398,1.903,435.3,0.263,0.006,0.180,0.114,0.084,0.066,0.162,0.126
1036,848.00,721.18,700,1.418,435.4,0.091,0.000,0.121,0.045,0.015,0.394,0.303,0.030
1037,498.00,717.96,245,1.937,435.6,0.230,0.000,0.158,0.138,0.151,0.118,0.151,0.053
1038,1295.00,728.23,1269,1.677,435.8,0.194,0.000,0.125,0.153,0.069,0.306,0.111,0.042
1039,737.00,720.74,487,1.946,436.1,0.216,0.012,0.114,0.159,0.098,0.139,0.139,0.122
1040,587.00,722.08,538,1.956,436.5,0.293,0.014,0.115,0.096,0.139,0.120,0.120,0.101
1041,808.00,722.40,637,1.953,436.8,0.191,0.019,0.182,0.172,0.086,0.158,0.091,0.100
1042,598.00,719.27,579,1.988,437.4,0.157,0.050,0.198,0.144,0.089,0.144,0.110,0.110
1043,705.00,719.05,404,1.884,437.7,0.299,0.025,0.185,0.076,0.083,0.115,0.096,0.121
1044,435.00,715.28,427,1.906,438.0,0.194,0.000,0.181,0.071,0.161,0.142,0.155,0.097
1045,1378.00,722.66,1143,1.531,438.1,0.159,0.000,0.095,0.000,0.032,0.190,0.492,0.032
1046,563.00,717.61,552,1.880,438.2,0.311,0.000,0.100,0.056,0.144,0.100,0.189,0.100
1047,895.00,720.08,624,1.931,438.5,0.207,0.000,0.136,0.079,0.200,0.114,0.136,0.129
1048,844.00,714.86,844,1.329,438.5,0.104,0.000,0.042,0.000,0.125,0.271,0.458,0.000
1049,1269.00,717.91,1143,1.582,438.7,0.091,0.000,0.061,0.045,0.212,0.182,0.409,0.000
1050,456.00,710.71,160,1.988,438.9,0.129,0.026,0.123,0.155,0.206,0.148,0.181,0.032
1051,725.00,710.73,725,1.367,439.0,0.053,0.000,0.018,0.000,0.123,0.298,0.474,0.035
1052,785.00,710.98,725,1.754,439.2,0.092,0.039,0.066,0.066,0.145,0.171,0.368,0.053
1053,505.00,710.02,440,2.040,439.7,0.133,0.055,0.122,0.160,0.182,0.116,0.105,0.127
1054,610.00,709.70,503,1.998,440.0,0.186,0.027,0.173,0.124,0.137,0.102,0.124,0.128
1055,1123.00,716.81,881,1.968,440.4,0.128,0.030,0.162,0.132,0.191,0.149,0.072,0.136
1056,1099.00,718.25,725,1.827,440.6,0.178,0.000,0.163,0.101,0.202,0.217,0.039,0.101
1057,713.00,716.86,687,1.987,441.2,0.169,0.052,0.162,0.107,0.164,0.145,0.076,0.124
1058,1028.00,717.01,726,1.981,441.9,0.115,0.059,0.156,0.132,0.141,0.176,0.062,0.159
1059,1198.00,723.70,595,1.880,442.2,0.212,0.006,0.128,0.083,0.173,0.192,0.045,0.160
1060,870.00,730.20,846,2.025,443.3,0.132,0.064,0.160,0.118,0.160,0.130,0.091,0.144
1061,1140.00,733.59,570,1.845,443.6,0.309,0.028,0.171,0.099,0.127,0.166,0.033,0.066
1062,1086.00,737.17,1017,1.960,444.2,0.235,0.048,0.154,0.124,0.121,0.159,0.051,0.109
1063,950.00,738.98,928,2.022,445.2,0.204,0.048,0.137,0.116,0.130,0.134,0.102,0.129
1064,1613.00,749.44,995,1.579,445.5,0.193,0.027,0.080,0.053,0.060,0.220,0.033,0.333
1065,1118.00,750.71,929,1.845,446.0,0.173,0.064,0.061,0.070,0.091,0.161,0.061,0.319
1066,1419.00,757.52,1038,1.817,446.3,0.206,0.069,0.077,0.103,0.086,0.129,0.064,0.266
1067,1198.00,759.22,698,1.855,446.8,0.193,0.050,0.059,0.043,0.087,0.168,0.047,0.354
1068,1557.00,765.14,1476,1.851,447.2,0.196,0.073,0.087,0.058,0.069,0.204,0.076,0.236
1069,1222.00,768.57,1110,1.974,447.8,0.171,0.108,0.098,0.060,0.093,0.207,0.076,0.186
1070,1140.00,769.09,459,1.816,448.1,0.123,0.093,0.105,0.012,0.062,0.210,0.031,0.364
1071,558.00,769.77,542,1.973,448.9,0.154,0.106,0.128,0.080,0.109,0.144,0.085,0.194
1072,487.00,766.36,333,1.969,449.3,0.126,0.109,0.080,0.050,0.122,0.181,0.059,0.273
1073,626.00,765.33,497,2.032,450.2,0.123,0.100,0.095,0.095,0.100,0.163,0.124,0.199
1074,1387.00,775.25,935,1.915,450.5,0.123,0.099,0.115,0.066,0.111,0.193,0.078,0.214
1075,1042.00,775.45,501,1.623,450.7,0.109,0.069,0.099,0.000,0.069,0.475,0.040,0.139
1076,698.00,777.21,457,1.810,450.9,0.098,0.091,0.121,0.000,0.061,0.394,0.053,0.182
1077,1174.00,782.79,1064,1.945,451.3,0.182,0.054,0.093,0.027,0.120,0.225,0.085,0.213
1078,654.00,781.19,452,1.992,452.2,0.132,0.127,0.072,0.057,0.108,0.212,0.081,0.210
1079,1064.00,789.59,506,1.848,452.5,0.174,0.090,0.250,0.021,0.118,0.146,0.049,0.153
1080,889.00,795.10,863,2.037,453.5,0.127,0.090,0.172,0.095,0.129,0.138,0.077,0.172
1081,984.00,798.31,899,1.973,454.0,0.151,0.091,0.100,0.103,0.112,0.211,0.057,0.175
1082,659.00,796.50,320,1.891,454.4,0.031,0.172,0.211,0.035,0.181,0.225,0.022,0.123
1083,533.00,792.19,364,1.994,454.7,0.036,0.189,0.116,0.100,0.133,0.245,0.060,0.120
1084,915.00,788.63,488,1.996,455.1,0.099,0.103,0.137,0.103,0.133,0.189,0.056,0.180
1085,550.00,786.69,466,2.018,455.7,0.087,0.135,0.135,0.080,0.122,0.242,0.060,0.140
1086,755.00,788.28,663,1.927,455.9,0.092,0.178,0.197,0.033,0.099,0.197,0.053,0.151
1087,396.00,782.27,387,2.051,456.4,0.109,0.133,0.115,0.109,0.124,0.198,0.083,0.130
1088,1037.00,790.80,781,2.044,457.0,0.120,0.108,0.131,0.092,0.120,0.184,0.087,0.159
1089,1287.00,801.07,979,2.037,457.4,0.177,0.090,0.109,0.154,0.143,0.147,0.079,0.102
1090,1278.00,807.47,888,1.868,457.7,0.096,0.199,0.167,0.077,0.199,0.128,0.051,0.083
1091,892.00,811.67,667,2.039,458.3,0.140,0.101,0.119,0.158,0.137,0.167,0.045,0.133
1092,809.00,806.58,776,2.035,459.2,0.148,0.082,0.100,0.135,0.152,0.171,0.071,0.140
1093,543.00,801.47,474,2.008,459.9,0.143,0.135,0.076,0.132,0.137,0.175,0.049,0.152
1094,1124.00,809.71,862,1.891,460.2,0.169,0.194,0.100,0.134,0.090,0.154,0.040,0.119
1095,1367.00,814.91,283,1.842,460.4,0.133,0.313,0.087,0.207,0.067,0.080,0.060,0.053
1096,570.00,809.53,508,2.038,461.5,0.192,0.142,0.119,0.145,0.125,0.088,0.083,0.106
1097,987.00,812.36,874,1.999,462.0,0.161,0.152,0.118,0.124,0.121,0.060,0.069,0.195
1098,1137.00,819.86,1005,2.034,462.6,0.187,0.099,0.139,0.130,0.108,0.082,0.079,0.176
1099,717.00,819.20,642,2.043,463.2,0.168,0.118,0.108,0.118,0.113,0.104,0.097,0.175
1100,869.00,817.92,683,1.706,463.3,0.049,0.073,0.134,0.037,0.402,0.024,0.134,0.146
1101,851.00,819.19,325,1.862,463.6,0.058,0.129,0.148,0.026,0.226,0.058,0.097,0.258
1102,1180.00,824.32,1175,2.009,464.4,0.126,0.071,0.126,0.065,0.141,0.134,0.101,0.235
1103,734.00,826.05,665,1.946,464.7,0.084,0.056,0.164,0.042,0.248,0.098,0.065,0.243
1104,706.00,832.47,582,2.042,466.1,0.151,0.128,0.144,0.110,0.144,0.088,0.087,0.148
1105,821.00,836.82,723,1.984,466.6,0.195,0.096,0.099,0.087,0.140,0.152,0.120,0.111
1106,550.00,839.87,508,2.005,467.1,0.211,0.066,0.076,0.112,0.145,0.163,0.130,0.097
1107,1202.00,845.34,1014,1.878,467.2,0.208,0.066,0.104,0.057,0.208,0.198,0.094,0.066
1108,1070.00,850.66,1042,2.000,467.9,0.203,0.083,0.076,0.078,0.100,0.172,0.144,0.144
1109,860.00,851.59,763,2.022,468.5,0.187,0.090,0.082,0.105,0.079,0.176,0.146,0.136
1110,955.00,857.42,921,1.887,468.8,0.190,0.146,0.108,0.038,0.127,0.114,0.247,0.032
1111,259.00,853.51,259,1.693,468.9,0.172,0.172,0.047,0.016,0.094,0.047,0.422,0.031
1112,319.00,852.05,303,1.930,469.2,0.309,0.124,0.096,0.073,0.062,0.107,0.174,0.056
1113,363.00,852.02,286,1.966,469.5,0.245,0.111,0.087,0.123,0.095,0.099,0.194,0.047
1114,1330.00,855.88,1288,2.022,470.5,0.210,0.116,0.101,0.131,0.134,0.098,0.122,0.088
1115,428.00,854.84,298,2.020,471.1,0.238,0.091,0.067,0.127,0.106,0.125,0.156,0.089
1116,1200.00,857.84,1122,1.700,471.3,0.161,0.333,0.092,0.011,0.069,0.069,0.241,0.023
1117,491.00,852.40,456,2.004,471.6,0.217,0.199,0.093,0.062,0.106,0.111,0.146,0.066
1118,451.00,845.27,423,2.018,472.0,0.198,0.155,0.099,0.123,0.095,0.083,0.155,0.091
1119,335.00,841.24,164,2.024,472.2,0.221,0.141,0.094,0.047,0.101,0.121,0.168,0.107
1120,1437.00,848.66,1215,1.882,472.4,0.097,0.210,0.250,0.040,0.065,0.121,0.153,0.065
1121,210.00,846.81,207,2.061,472.8,0.144,0.108,0.108,0.136,0.100,0.132,0.156,0.116
1122,956.00,845.00,525,2.029,473.0,0.159,0.133,0.115,0.106,0.071,0.186,0.150,0.080
1123,878.00,847.38,790,2.020,473.3,0.072,0.144,0.154,0.087,0.092,0.195,0.154,0.103
1124,775.00,849.52,656,1.975,473.6,0.129,0.161,0.113,0.054,0.108,0.242,0.129,0.065
1125,1362.00,854.63,845,1.907,473.8,0.114,0.121,0.134,0.040,0.141,0.228,0.174,0.047
1126,320.00,850.61,303,1.948,474.1,0.086,0.141,0.106,0.020,0.126,0.242,0.197,0.081
1127,537.00,851.86,391,1.930,474.3,0.120,0.158,0.083,0.030,0.173,0.180,0.180,0.075
1128,664.00,854.62,562,1.897,474.5,0.055,0.164,0.118,0.027,0.127,0.245,0.164,0.100
1129,1032.00,860.12,907,1.854,474.6,0.080,0.140,0.100,0.030,0.140,0.260,0.200,0.050
1130,873.00,862.21,783,2.002,474.9,0.118,0.246,0.123,0.064,0.096,0.203,0.096,0.053
1131,539.00,859.19,453,2.041,475.3,0.119,0.149,0.119,0.115,0.115,0.169,0.096,0.119
1132,912.00,855.71,768,1.993,475.8,0.108,0.147,0.091,0.126,0.119,0.231,0.077,0.101
1133,1090.00,862.50,393,1.773,475.9,0.047,0.131,0.150,0.009,0.318,0.224,0.093,0.028
1134,1653.00,867.49,1127,1.894,476.1,0.061,0.101,0.111,0.081,0.222,0.263,0.071,0.091
1135,891.00,872.37,728,1.942,476.3,0.101,0.067,0.101,0.034,0.195,0.295,0.114,0.094
1136,878.00,872.67,679,1.949,476.5,0.094,0.109,0.125,0.055,0.172,0.234,0.117,0.094
1137,810.00,875.79,578,1.902,476.6,0.014,0.096,0.110,0.055,0.233,0.233,0.137,0.123
1138,887.00,871.71,706,1.949,476.8,0.056,0.129,0.081,0.073,0.073,0.298,0.129,0.161
1139,928.00,873.62,768,2.046,477.7,0.114,0.111,0.106,0.125,0.098,0.186,0.110,0.149
1140,880.00,876.55,837,2.022,478.5,0.100,0.139,0.094,0.137,0.086,0.175,0.116,0.153
1141,596.00,874.43,596,1.971,478.7,0.188,0.076,0.056,0.097,0.069,0.153,0.174,0.188
1142,762.00,876.07,713,1.971,479.0,0.100,0.132,0.089,0.042,0.142,0.111,0.168,0.216
1143,807.00,877.09,550,1.729,479.1,0.056,0.197,0.000,0.028,0.183,0.070,0.366,0.099
1144,335.00,876.09,320,1.910,479.3,0.051,0.152,0.030,0.030,0.192,0.121,0.253,0.172
1145,476.00,867.07,449,1.743,479.4,0.016,0.095,0.127,0.016,0.175,0.032,0.317,0.222
1146,636.00,867.80,526,2.045,479.9,0.063,0.123,0.114,0.117,0.099,0.151,0.136,0.196
1147,712.00,865.97,640,1.380,480.0,0.042,0.042,0.125,0.021,0.229,0.000,0.438,0.104
1148,690.00,864.43,535,1.526,480.1,0.045,0.106,0.045,0.061,0.212,0.000,0.455,0.076
1149,524.00,856.98,477,2.048,480.4,0.110,0.089,0.102,0.165,0.123,0.123,0.161,0.127
1150,812.00,860.54,706,2.033,480.8,0.097,0.085,0.120,0.275,0.070,0.093,0.124,0.136
1151,349.00,856.78,283,2.043,481.2,0.114,0.143,0.072,0.169,0.072,0.118,0.148,0.165
1152,1087.00,859.80,1027,1.985,481.5,0.112,0.157,0.126,0.188,0.067,0.117,0.117,0.117
1153,924.00,863.99,682,2.014,482.4,0.115,0.184,0.113,0.176,0.080,0.095,0.135,0.104
1154,579.00,863.68,579,1.640,482.5,0.125,0.089,0.125,0.196,0.036,0.000,0.393,0.036
1155,345.00,855.90,345,1.376,482.5,0.182,0.091,0.000,0.068,0.000,0.000,0.659,0.000
1156,341.00,848.32,239,1.997,482.8,0.134,0.187,0.096,0.193,0.080,0.064,0.166,0.080
1157,659.00,847.78,629,1.996,483.1,0.087,0.167,0.101,0.167,0.080,0.043,0.239,0.116
1158,773.00,845.23,690,1.954,483.2,0.171,0.171,0.130,0.179,0.057,0.098,0.154,0.041
1159,573.00,838.98,500,1.889,483.4,0.161,0.153,0.153,0.177,0.065,0.040,0.210,0.040
1160,448.00,834.76,417,1.990,483.9,0.137,0.161,0.144,0.168,0.084,0.084,0.168,0.053
1161,837.00,831.73,786,1.743,484.0,0.212,0.075,0.188,0.250,0.025,0.013,0.200,0.037
1162,577.00,826.64,351,1.845,484.2,0.156,0.066,0.148,0.279,0.049,0.066,0.172,0.066
1163,734.00,824.48,529,1.945,484.5,0.192,0.079,0.143,0.266,0.064,0.049,0.123,0.084
1164,914.00,817.49,856,1.945,484.8,0.185,0.118,0.118,0.180,0.107,0.039,0.157,0.096
1165,799.00,814.30,744,1.687,484.9,0.188,0.082,0.071,0.188,0.071,0.000,0.365,0.035
1166,673.00,806.84,632,1.508,485.0,0.127,0.032,0.159,0.095,0.048,0.016,0.524,0.000
1167,395.00,798.81,380,2.003,485.4,0.212,0.100,0.095,0.208,0.052,0.104,0.160,0.069
1168,577.00,789.01,493,2.014,485.7,0.142,0.117,0.138,0.167,0.059,0.113,0.163,0.100
1169,575.00,782.54,447,1.982,486.0,0.194,0.153,0.090,0.167,0.097,0.062,0.174,0.062
1170,1097.00,782.11,993,1.895,486.1,0.172,0.232,0.182,0.111,0.061,0.051,0.162,0.030
1171,660.00,783.13,470,1.987,486.5,0.207,0.139,0.120,0.124,0.120,0.040,0.159,0.092
1172,1046.00,788.72,753,1.932,486.8,0.205,0.167,0.136,0.091,0.098,0.030,0.174,0.098
1173,593.00,788.39,553,1.925,487.1,0.183,0.193,0.119,0.104,0.104,0.040,0.203,0.054
1174,543.00,779.95,505,2.006,487.5,0.188,0.155,0.127,0.127,0.098,0.078,0.176,0.053
1175,1228.00,781.81,784,1.478,487.6,0.175,0.050,0.013,0.075,0.362,0.013,0.287,0.025
1176,926.00,784.09,796,2.042,488.7,0.152,0.131,0.091,0.177,0.132,0.109,0.105,0.103
1177,1372.00,786.07,1225,1.936,488.9,0.157,0.121,0.079,0.114,0.164,0.079,0.243,0.043
1178,672.00,786.25,393,1.887,489.2,0.252,0.210,0.042,0.126,0.119,0.084,0.133,0.035
1179,1199.00,787.60,948,1.959,489.6,0.196,0.188,0.044,0.122,0.151,0.103,0.103,0.092
1180,678.00,785.49,534,2.011,490.2,0.186,0.153,0.062,0.148,0.091,0.088,0.107,0.165
1181,589.00,781.54,466,1.968,490.6,0.179,0.129,0.040,0.085,0.237,0.116,0.116,0.098
1182,413.00,779.08,256,2.003,490.9,0.111,0.153,0.037,0.120,0.218,0.079,0.139,0.144
1183,711.00,780.86,622,2.019,491.4,0.118,0.110,0.054,0.121,0.144,0.146,0.144,0.163
1184,977.00,781.48,702,2.030,492.0,0.110,0.141,0.044,0.099,0.162,0.123,0.138,0.183
1185,770.00,783.68,763,2.053,493.2,0.131,0.147,0.091,0.112,0.127,0.155,0.102,0.135
1186,1073.00,786.86,795,1.672,493.5,0.041,0.254,0.136,0.083,0.083,0.053,0.213,0.136
1187,378.00,786.68,375,1.628,493.8,0.034,0.221,0.137,0.093,0.039,0.044,0.333,0.098
1188,423.00,780.54,407,1.579,494.1,0.019,0.206,0.148,0.045,0.045,0.019,0.413,0.103
1189,87.00,768.54,87,0.170,494.1,0.000,0.026,0.000,0.000,0.000,0.000,0.974,0.000
1190,754.00,763.30,671,1.494,494.4,0.028,0.197,0.146,0.062,0.028,0.017,0.438,0.084
1191,429.00,758.67,273,1.618,494.7,0.016,0.191,0.186,0.048,0.027,0.011,0.394,0.128
1192,442.00,755.00,358,1.912,495.2,0.041,0.176,0.144,0.088,0.075,0.050,0.241,0.185
1193,502.00,754.59,463,1.741,495.4,0.006,0.227,0.227,0.078,0.071,0.013,0.247,0.130
1194,870.00,752.05,768,1.752,495.6,0.016,0.156,0.230,0.090,0.049,0.025,0.295,0.139
1195,620.00,744.58,503,1.997,496.7,0.104,0.139,0.138,0.124,0.096,0.062,0.163,0.174
1196,363.00,742.51,363,0.903,496.8,0.029,0.029,0.029,0.000,0.029,0.000,0.829,0.057
1197,438.00,737.02,307,1.727,496.9,0.016,0.094,0.156,0.156,0.016,0.016,0.469,0.078
1198,1592.00,741.57,1248,1.483,497.0,0.037,0.111,0.074,0.074,0.086,0.025,0.457,0.136
1199,370.00,738.10,330,1.802,497.2,0.040,0.050,0.198,0.149,0.059,0.020,0.366,0.119
1200,732.00,736.73,732,0.893,497.3,0.000,0.017,0.117,0.017,0.083,0.000,0.767,0.000
1201,354.00,731.76,354,0.736,497.4,0.000,0.100,0.050,0.000,0.050,0.000,0.800,0.000
1202,348.00,723.44,327,1.994,497.8,0.108,0.084,0.132,0.139,0.094,0.094,0.202,0.146
1203,635.00,722.45,541,1.976,498.1,0.138,0.069,0.133,0.128,0.064,0.069,0.250,0.149
1204,513.00,720.52,484,1.312,498.2,0.026,0.079,0.053,0.000,0.289,0.000,0.526,0.026
1205,1212.00,724.43,1156,2.012,498.9,0.138,0.087,0.126,0.138,0.085,0.114,0.167,0.145
1206,847.00,727.40,700,1.682,499.0,0.070,0.140,0.163,0.012,0.291,0.012,0.256,0.058
1207,1026.00,725.64,773,1.859,499.2,0.085,0.119,0.144,0.034,0.237,0.017,0.229,0.136
1208,898.00,723.92,674,1.996,499.5,0.098,0.163,0.181,0.084,0.140,0.074,0.130,0.130
1209,1024.00,725.56,911,1.980,499.8,0.132,0.157,0.239,0.057,0.107,0.031,0.132,0.145
1210,433.00,720.34,352,2.033,500.6,0.163,0.103,0.149,0.124,0.065,0.091,0.123,0.182
1211,608.00,723.83,497,2.003,501.8,0.127,0.115,0.177,0.148,0.056,0.081,0.137,0.159
1212,402.00,724.66,374,1.713,502.2,0.108,0.101,0.042,0.042,0.354,0.059,0.163,0.132
1213,1142.00,732.45,1047,1.537,502.8,0.035,0.099,0.030,0.057,0.342,0.094,0.205,0.139
1214,741.00,726.56,693,1.427,503.1,0.000,0.094,0.006,0.017,0.448,0.044,0.293,0.099
1215,949.00,731.77,938,1.195,503.3,0.000,0.088,0.008,0.000,0.480,0.032,0.344,0.048
1216,1157.00,731.34,1123,1.171,503.5,0.000,0.051,0.000,0.007,0.375,0.007,0.522,0.037
1217,338.00,729.81,292,1.495,503.7,0.000,0.071,0.000,0.048,0.206,0.079,0.476,0.119
1218,347.00,728.77,320,1.676,504.0,0.016,0.164,0.022,0.082,0.202,0.044,0.311,0.158
1219,745.00,732.87,745,0.994,504.1,0.000,0.132,0.000,0.000,0.574,0.000,0.265,0.029
1220,1248.00,730.98,1124,1.317,504.3,0.000,0.165,0.000,0.000,0.454,0.010,0.268,0.103
1221,822.00,737.10,741,1.768,504.7,0.052,0.155,0.018,0.063,0.166,0.107,0.251,0.188
1222,149.00,729.03,145,1.650,504.9,0.006,0.186,0.006,0.012,0.199,0.043,0.354,0.193
1223,886.00,729.11,787,1.931,505.7,0.063,0.180,0.061,0.108,0.094,0.112,0.180,0.202
1224,459.00,725.95,444,1.802,506.2,0.041,0.208,0.014,0.058,0.126,0.096,0.225,0.232
1225,392.00,716.25,392,1.845,506.6,0.030,0.175,0.042,0.049,0.167,0.106,0.266,0.163
1226,912.00,722.17,702,1.587,506.8,0.012,0.190,0.024,0.024,0.369,0.071,0.179,0.131
1227,1532.00,732.12,528,1.685,507.1,0.021,0.200,0.021,0.029,0.321,0.057,0.164,0.186
1228,884.00,734.32,767,1.726,507.3,0.006,0.225,0.018,0.024,0.325,0.089,0.166,0.148
1229,452.00,728.52,376,1.463,507.5,0.000,0.341,0.000,0.023,0.420,0.011,0.159,0.045
1230,480.00,724.59,462,1.829,507.7,0.007,0.194,0.052,0.060,0.164,0.097,0.269,0.157
1231,778.00,726.98,513,1.609,507.8,0.000,0.394,0.028,0.000,0.225,0.028,0.225,0.099
1232,644.00,724.30,594,1.946,508.4,0.045,0.177,0.063,0.090,0.161,0.135,0.188,0.140
1233,650.00,719.90,599,1.910,508.8,0.034,0.170,0.068,0.083,0.125,0.125,0.249,0.147
1234,1038.00,713.75,850,1.736,508.9,0.000,0.243,0.054,0.014,0.203,0.054,0.338,0.095
1235,435.00,709.19,410,1.928,509.3,0.040,0.129,0.058,0.080,0.152,0.179,0.214,0.147
1236,930.00,709.71,905,1.886,509.4,0.039,0.142,0.063,0.071,0.157,0.173,0.213,0.142
1237,828.00,709.89,705,1.808,509.6,0.019,0.170,0.104,0.019,0.217,0.132,0.217,0.123
1238,840.00,709.42,663,1.916,509.9,0.033,0.196,0.085,0.033,0.157,0.190,0.176,0.131
1239,821.00,708.35,755,1.808,510.0,0.010,0.127,0.098,0.039,0.265,0.118,0.235,0.108
1240,744.00,706.99,711,1.961,510.4,0.036,0.188,0.112,0.080,0.196,0.136,0.144,0.108
1241,934.00,710.37,920,1.721,510.5,0.015,0.162,0.206,0.029,0.162,0.132,0.235,0.059
1242,1323.00,715.98,1317,1.878,510.8,0.019,0.154,0.167,0.064,0.167,0.109,0.199,0.122
1243,485.00,712.76,484,1.727,510.9,0.000,0.203,0.351,0.027,0.095,0.014,0.270,0.041
1244,692.00,716.33,584,1.928,511.1,0.010,0.232,0.091,0.040,0.192,0.081,0.242,0.111
1245,822.00,719.79,663,1.943,511.2,0.030,0.170,0.140,0.130,0.150,0.110,0.140,0.130
1246,421.00,717.64,362,2.019,511.5,0.051,0.173,0.076,0.107,0.132,0.142,0.168,0.152
1247,1042.00,720.94,692,2.000,512.0,0.082,0.116,0.097,0.094,0.123,0.173,0.173,0.142
1248,519.00,719.23,481,1.992,512.6,0.040,0.113,0.050,0.078,0.213,0.248,0.144,0.113
1249,507.00,719.06,486,2.036,513.3,0.095,0.122,0.081,0.079,0.174,0.184,0.126,0.140
1250,618.00,717.12,282,1.938,513.7,0.049,0.098,0.134,0.112,0.232,0.156,0.121,0.098
1251,468.00,718.31,427,2.034,514.2,0.041,0.088,0.110,0.124,0.185,0.177,0.138,0.135
1252,639.00,713.83,614,1.943,514.4,0.060,0.090,0.180,0.060,0.190,0.120,0.150,0.150
1253,815.00,712.74,807,1.965,514.7,0.115,0.075,0.119,0.093,0.164,0.159,0.159,0.115
1254,1250.00,719.45,1044,1.598,514.9,0.000,0.036,0.145,0.072,0.434,0.024,0.277,0.012
1255,891.00,724.91,862,1.535,515.0,0.000,0.062,0.125,0.016,0.375,0.078,0.344,0.000
1256,998.00,731.48,838,1.857,515.2,0.030,0.090,0.075,0.097,0.366,0.134,0.157,0.052
1257,703.00,731.92,659,2.038,515.9,0.082,0.126,0.108,0.126,0.166,0.116,0.152,0.124
1258,1054.00,734.73,788,2.009,516.4,0.088,0.102,0.091,0.095,0.154,0.225,0.147,0.098
1259,602.00,735.02,449,2.052,516.9,0.091,0.112,0.134,0.067,0.140,0.176,0.173,0.106
1260,395.00,734.49,376,2.057,517.4,0.112,0.077,0.138,0.106,0.158,0.146,0.155,0.109
1261,619.00,732.31,439,1.863,517.6,0.049,0.131,0.238,0.049,0.213,0.115,0.115,0.090
1262,680.00,733.34,622,2.053,518.4,0.116,0.146,0.101,0.114,0.125,0.110,0.151,0.138
1263,1036.00,736.36,880,1.984,518.9,0.150,0.117,0.128,0.098,0.153,0.134,0.112,0.109
1264,314.00,730.36,270,1.994,519.5,0.123,0.162,0.110,0.061,0.228,0.091,0.130,0.096
1265,783.00,730.20,736,1.965,520.0,0.106,0.220,0.147,0.077,0.183,0.084,0.099,0.084
1266,1200.00,735.47,989,1.985,520.4,0.200,0.141,0.180,0.079,0.141,0.082,0.118,0.059
1267,1267.00,744.19,1021,1.967,520.8,0.159,0.163,0.240,0.034,0.142,0.073,0.103,0.086
1268,548.00,743.90,499,2.016,521.2,0.149,0.149,0.201,0.061,0.100,0.103,0.122,0.116
1269,731.00,745.46,614,2.021,522.4,0.157,0.136,0.168,0.124,0.091,0.107,0.092,0.125
1270,831.00,742.80,620,1.885,522.7,0.233,0.069,0.243,0.050,0.134,0.059,0.158,0.054
1271,1381.00,750.01,1154,1.841,523.0,0.284,0.089,0.166,0.053,0.142,0.077,0.112,0.077
1272,1036.00,749.91,665,1.389,523.0,0.678,0.017,0.068,0.000,0.102,0.068,0.051,0.017
1273,1460.00,758.58,1259,1.688,523.3,0.420,0.063,0.132,0.017,0.121,0.138,0.063,0.046
1274,1205.00,765.20,729,1.305,523.5,0.642,0.042,0.147,0.000,0.021,0.032,0.095,0.021
1275,1384.00,766.76,1058,1.708,523.7,0.427,0.112,0.146,0.028,0.062,0.135,0.079,0.011
1276,416.00,761.66,402,2.006,524.5,0.216,0.163,0.137,0.082,0.095,0.130,0.110,0.068
1277,299.00,750.93,274,1.961,525.0,0.242,0.142,0.103,0.057,0.096,0.114,0.167,0.078
1278,715.00,751.36,673,1.952,525.2,0.196,0.209,0.120,0.038,0.108,0.095,0.184,0.051
1279,1587.00,755.24,1315,1.958,525.6,0.209,0.201,0.138,0.059,0.092,0.079,0.142,0.079
1280,783.00,756.29,359,1.830,525.7,0.139,0.257,0.248,0.030,0.079,0.099,0.139,0.010
1281,604.00,756.44,476,1.855,525.9,0.100,0.263,0.200,0.013,0.138,0.087,0.175,0.025
1282,979.00,762.10,412,2.034,526.3,0.156,0.187,0.162,0.079,0.102,0.073,0.130,0.111
1283,446.00,759.45,442,2.030,526.7,0.180,0.149,0.180,0.059,0.122,0.086,0.167,0.059
1284,1159.00,761.27,940,2.005,526.9,0.220,0.157,0.126,0.039,0.102,0.142,0.126,0.087
1285,461.00,758.18,448,2.036,527.3,0.155,0.106,0.114,0.087,0.117,0.163,0.144,0.114
1286,900.00,756.45,610,1.932,527.4,0.089,0.196,0.161,0.036,0.054,0.232,0.161,0.071
1287,831.00,760.98,645,2.039,527.8,0.141,0.166,0.110,0.102,0.106,0.141,0.117,0.117
1288,1858.00,775.33,1713,1.923,527.9,0.108,0.140,0.129,0.043,0.108,0.226,0.118,0.129
1289,1132.00,785.78,1094,1.862,528.1,0.140,0.140,0.105,0.023,0.081,0.267,0.198,0.047
1290,692.00,785.16,442,2.017,528.4,0.116,0.133,0.129,0.037,0.129,0.191,0.162,0.104
1291,1124.00,792.11,789,1.867,528.6,0.147,0.147,0.138,0.009,0.055,0.239,0.220,0.046
1292,782.00,795.51,609,2.047,529.5,0.136,0.154,0.136,0.116,0.085,0.102,0.137,0.134
1293,886.00,799.35,750,1.909,529.9,0.200,0.174,0.123,0.103,0.077,0.132,0.132,0.058
1294,651.00,797.16,619,1.909,530.9,0.269,0.090,0.115,0.079,0.068,0.213,0.126,0.041
1295,1925.00,810.21,1327,1.732,531.2,0.244,0.095,0.132,0.021,0.054,0.347,0.062,0.045
1296,651.00,813.09,580,1.938,532.2,0.216,0.102,0.121,0.099,0.070,0.243,0.084,0.064
1297,1165.00,820.36,958,1.829,532.4,0.347,0.054,0.156,0.068,0.150,0.082,0.088,0.054
1298,898.00,813.42,785,1.902,532.8,0.247,0.088,0.138,0.096,0.197,0.054,0.117,0.063
1299,800.00,817.72,627,2.019,533.7,0.181,0.123,0.126,0.101,0.167,0.090,0.126,0.088
1300,379.00,814.19,364,1.970,534.1,0.203,0.084,0.111,0.108,0.155,0.095,0.193,0.051
1301,964.00,820.29,770,1.956,534.7,0.176,0.161,0.102,0.138,0.066,0.125,0.169,0.061
1302,733.00,824.14,595,1.965,535.2,0.158,0.161,0.103,0.126,0.090,0.094,0.177,0.090
1303,1298.00,830.77,1148,1.692,535.4,0.104,0.164,0.358,0.052,0.030,0.075,0.209,0.007
1304,563.00,831.27,507,1.939,535.8,0.166,0.139,0.197,0.085,0.049,0.081,0.251,0.031
1305,1618.00,835.33,1098,1.865,536.0,0.154,0.196,0.189,0.154,0.042,0.084,0.168,0.014
1306,386.00,830.72,338,2.021,536.4,0.163,0.125,0.128,0.178,0.078,0.128,0.141,0.059
1307,607.00,826.53,565,2.023,536.9,0.161,0.158,0.112,0.186,0.067,0.060,0.175,0.081
1308,826.00,825.81,800,1.986,537.2,0.138,0.194,0.121,0.186,0.036,0.097,0.150,0.077
1309,581.00,821.38,495,1.995,537.6,0.179,0.142,0.163,0.167,0.058,0.108,0.133,0.050
1310,797.00,825.02,742,2.037,538.3,0.154,0.164,0.150,0.152,0.074,0.115,0.115,0.078
1311,754.00,826.48,710,2.027,538.9,0.133,0.152,0.112,0.219,0.112,0.120,0.080,0.072
1312,769.00,830.15,562,2.051,539.5,0.147,0.130,0.098,0.232,0.103,0.108,0.088,0.095
1313,314.00,821.87,314,2.052,539.9,0.127,0.188,0.094,0.174,0.091,0.094,0.127,0.105
1314,1001.00,824.47,795,2.050,540.4,0.118,0.142,0.112,0.170,0.104,0.118,0.090,0.145
1315,1167.00,826.65,1035,2.052,541.0,0.139,0.087,0.111,0.180,0.125,0.120,0.103,0.135
1316,842.00,823.50,761,2.011,541.3,0.142,0.118,0.123,0.198,0.094,0.099,0.104,0.123
1317,603.00,826.15,484,1.894,541.6,0.194,0.054,0.134,0.349,0.054,0.097,0.086,0.032
1318,1326.00,835.94,1120,1.867,541.8,0.127,0.036,0.091,0.300,0.055,0.127,0.218,0.045
1319,831.00,836.80,693,1.981,541.9,0.185,0.120,0.130,0.120,0.037,0.148,0.167,0.093
1320,811.00,832.43,694,1.949,542.2,0.233,0.060,0.150,0.105,0.068,0.083,0.211,0.090
1321,265.00,826.86,231,2.006,542.4,0.129,0.072,0.144,0.158,0.058,0.187,0.180,0.072
1322,645.00,831.82,625,2.044,542.8,0.154,0.095,0.114,0.132,0.084,0.147,0.165,0.110
1323,739.00,830.35,592,2.037,543.3,0.150,0.108,0.150,0.133,0.071,0.130,0.136,0.122
1324,905.00,834.81,836,2.024,543.8,0.153,0.134,0.103,0.100,0.094,0.163,0.131,0.122
1325,1339.00,844.28,1068,2.058,544.7,0.130,0.158,0.134,0.121,0.095,0.148,0.087,0.127
1326,784.00,843.00,559,2.034,545.0,0.115,0.148,0.148,0.091,0.134,0.148,0.062,0.153
1327,990.00,837.58,971,2.038,547.5,0.118,0.171,0.122,0.162,0.096,0.110,0.076,0.143
1328,693.00,835.67,576,1.894,548.1,0.114,0.161,0.100,0.091,0.108,0.269,0.080,0.078
1329,555.00,836.70,508,1.955,548.7,0.119,0.186,0.139,0.104,0.109,0.213,0.074,0.055
1330,1084.00,842.74,1005,1.658,548.8,0.220,0.085,0.134,0.061,0.037,0.341,0.110,0.012
1331,825.00,843.21,812,1.903,549.3,0.165,0.080,0.142,0.091,0.083,0.260,0.115,0.065
1332,1654.00,853.31,1327,1.686,549.5,0.167,0.118,0.157,0.039,0.029,0.343,0.098,0.049
1333,1093.00,857.74,913,1.884,549.9,0.154,0.077,0.196,0.074,0.070,0.270,0.112,0.046
1334,242.00,849.78,225,1.988,550.5,0.181,0.090,0.176,0.067,0.045,0.207,0.157,0.078
1335,1352.00,858.95,1209,1.847,550.7,0.175,0.133,0.083,0.075,0.050,0.267,0.167,0.050
1336,1305.00,862.70,1013,1.580,550.8,0.375,0.172,0.000,0.016,0.016,0.250,0.062,0.109
1337,934.00,863.76,798,1.897,551.2,0.176,0.130,0.118,0.057,0.050,0.260,0.126,0.084
1338,626.00,861.62,617,1.891,551.5,0.233,0.155,0.098,0.057,0.073,0.166,0.155,0.062
1339,827.00,861.68,642,1.615,551.7,0.400,0.074,0.168,0.011,0.021,0.137,0.095,0.095
1340,1246.00,866.70,1116,1.965,552.1,0.185,0.164,0.127,0.109,0.062,0.116,0.116,0.120
1341,794.00,865.30,736,1.910,552.4,0.262,0.139,0.112,0.064,0.048,0.166,0.128,0.080
1342,1385.00,865.92,1189,1.785,552.6,0.275,0.110,0.193,0.000,0.028,0.156,0.128,0.110
1343,1507.00,876.14,728,1.789,552.8,0.231,0.131,0.131,0.031,0.038,0.192,0.123,0.123
1344,800.00,877.22,724,1.915,553.1,0.206,0.137,0.157,0.025,0.034,0.118,0.147,0.176
1345,571.00,874.71,419,2.034,554.0,0.139,0.166,0.147,0.105,0.080,0.110,0.125,0.127
1346,674.00,877.24,663,2.027,555.2,0.162,0.160,0.152,0.083,0.106,0.092,0.119,0.126
1347,698.00,873.80,577,1.847,555.7,0.213,0.098,0.086,0.063,0.095,0.225,0.098,0.121
1348,1101.00,879.62,878,1.878,556.2,0.268,0.103,0.122,0.081,0.081,0.160,0.079,0.106
1349,969.00,884.24,732,1.616,556.5,0.370,0.043,0.071,0.038,0.114,0.234,0.082,0.049
1350,441.00,882.47,441,0.283,556.5,0.946,0.000,0.000,0.000,0.000,0.027,0.000,0.027
1351,411.00,881.90,0,0.292,556.6,0.971,0.000,0.000,0.000,0.000,0.000,0.000,0.029
1352,531.00,880.82,324,1.419,556.8,0.534,0.017,0.069,0.009,0.017,0.190,0.103,0.060
1353,289.00,875.56,252,1.908,557.4,0.310,0.071,0.116,0.043,0.086,0.123,0.156,0.096
1354,948.00,872.54,897,1.329,557.6,0.588,0.012,0.035,0.000,0.012,0.188,0.106,0.059
1355,1435.00,877.98,1282,1.234,557.7,0.672,0.034,0.034,0.017,0.000,0.121,0.052,0.069
1356,2446.00,892.46,1204,1.445,557.8,0.396,0.018,0.090,0.018,0.027,0.162,0.135,0.153
1357,787.00,893.30,765,1.647,558.3,0.427,0.036,0.094,0.003,0.072,0.140,0.085,0.143
1358,1778.00,900.54,1610,1.490,558.5,0.452,0.032,0.113,0.000,0.024,0.169,0.048,0.161
1359,562.00,900.14,530,1.861,559.0,0.311,0.043,0.149,0.054,0.070,0.170,0.095,0.108
1360,659.00,902.78,560,1.837,559.4,0.286,0.050,0.100,0.046,0.091,0.183,0.112,0.133
1361,1880.00,915.39,1644,1.800,559.7,0.281,0.073,0.057,0.026,0.135,0.146,0.104,0.177
1362,855.00,917.14,798,1.850,560.1,0.313,0.076,0.087,0.044,0.069,0.160,0.095,0.156
1363,625.00,913.03,541,2.000,560.9,0.214,0.109,0.111,0.077,0.133,0.109,0.105,0.141
1364,521.00,915.10,433,1.774,561.1,0.279,0.029,0.096,0.029,0.096,0.088,0.206,0.176
1365,1201.00,919.28,1059,1.789,561.4,0.264,0.059,0.075,0.071,0.134,0.071,0.121,0.205
1366,1341.00,920.69,889,1.209,561.6,0.576,0.020,0.051,0.010,0.010,0.051,0.081,0.202
1367,270.00,910.72,146,1.686,561.8,0.449,0.029,0.066,0.037,0.140,0.110,0.096,0.074
1368,295.00,908.19,272,1.869,562.1,0.351,0.079,0.147,0.037,0.094,0.089,0.110,0.094
1369,890.00,909.78,711,1.917,562.4,0.253,0.063,0.163,0.054,0.136,0.109,0.122,0.100
1370,998.00,911.45,715,1.860,562.8,0.312,0.071,0.152,0.076,0.094,0.116,0.098,0.080
1371,782.00,905.46,729,2.021,563.8,0.174,0.106,0.135,0.091,0.138,0.092,0.133,0.130
1372,1553.00,910.63,1339,1.928,564.1,0.202,0.039,0.145,0.035,0.145,0.154,0.105,0.175
1373,569.00,901.72,417,1.827,564.5,0.166,0.028,0.207,0.041,0.101,0.092,0.115,0.249
1374,538.00,895.05,504,2.013,565.1,0.105,0.076,0.197,0.070,0.130,0.121,0.170,0.130
1375,1142.00,892.63,893,1.838,565.4,0.113,0.027,0.167,0.059,0.108,0.124,0.177,0.226
1376,512.00,893.59,487,1.493,565.5,0.048,0.024,0.214,0.000,0.036,0.048,0.262,0.369
1377,478.00,895.38,431,1.945,566.0,0.064,0.071,0.244,0.061,0.099,0.115,0.192,0.154
1378,721.00,895.44,634,2.011,566.8,0.107,0.082,0.151,0.101,0.142,0.133,0.144,0.139
1379,523.00,884.80,453,1.953,567.1,0.062,0.045,0.209,0.062,0.107,0.192,0.147,0.175
1380,1831.00,895.28,1608,1.825,567.4,0.062,0.093,0.150,0.097,0.057,0.172,0.145,0.225
1381,509.00,894.33,478,1.959,567.8,0.110,0.083,0.106,0.087,0.106,0.173,0.138,0.197
1382,795.00,892.49,771,1.782,568.0,0.086,0.040,0.113,0.053,0.086,0.126,0.152,0.344
1383,635.00,894.38,618,2.014,568.4,0.104,0.104,0.115,0.122,0.093,0.144,0.156,0.163
1384,1430.00,897.09,887,1.670,568.7,0.122,0.081,0.095,0.047,0.041,0.101,0.115,0.399
1385,366.00,896.14,330,2.053,569.3,0.108,0.118,0.178,0.135,0.080,0.115,0.163,0.103
1386,778.00,894.92,444,1.844,569.4,0.028,0.183,0.165,0.055,0.055,0.110,0.101,0.303
1387,1261.00,899.22,1157,1.818,569.6,0.092,0.092,0.217,0.058,0.058,0.150,0.092,0.242
1388,1127.00,891.91,1074,1.845,569.8,0.044,0.059,0.265,0.081,0.118,0.096,0.176,0.162
1389,1335.00,893.94,1232,1.846,570.1,0.062,0.062,0.232,0.090,0.085,0.124,0.141,0.203
1390,468.00,891.70,427,2.006,571.0,0.099,0.109,0.208,0.102,0.107,0.138,0.124,0.114
1391,249.00,882.95,249,2.025,571.6,0.105,0.115,0.200,0.080,0.077,0.105,0.195,0.125
1392,465.00,879.78,419,2.007,572.7,0.114,0.151,0.136,0.137,0.074,0.094,0.162,0.132
1393,1038.00,881.30,921,1.672,573.1,0.088,0.142,0.075,0.100,0.017,0.322,0.105,0.151
1394,1272.00,887.51,909,1.302,573.2,0.027,0.062,0.045,0.170,0.000,0.420,0.027,0.250
1395,1220.00,880.46,242,1.303,573.5,0.012,0.018,0.024,0.149,0.000,0.399,0.024,0.375
1396,402.00,877.97,345,1.759,574.1,0.053,0.233,0.094,0.084,0.041,0.314,0.056,0.127
1397,589.00,872.21,430,1.792,574.5,0.033,0.163,0.105,0.134,0.025,0.301,0.054,0.185
1398,1026.00,873.49,710,1.604,574.7,0.039,0.116,0.071,0.168,0.006,0.187,0.071,0.342
1399,1320.00,878.69,1160,1.763,575.1,0.058,0.212,0.097,0.128,0.022,0.257,0.080,0.146
1400,1179.00,886.69,968,1.727,575.6,0.064,0.152,0.091,0.122,0.052,0.293,0.058,0.168
1401,465.00,881.70,361,1.856,576.3,0.064,0.191,0.102,0.146,0.033,0.220,0.083,0.160
1402,391.00,878.28,365,1.947,577.1,0.074,0.185,0.116,0.107,0.061,0.201,0.096,0.159
1403,1508.00,880.38,838,1.610,577.3,0.000,0.083,0.058,0.083,0.000,0.314,0.083,0.380
1404,654.00,881.29,481,1.897,577.7,0.072,0.134,0.116,0.097,0.053,0.181,0.134,0.212
1405,392.00,869.03,305,1.936,578.2,0.090,0.116,0.119,0.119,0.023,0.229,0.097,0.206
1406,920.00,874.37,437,1.632,578.4,0.053,0.064,0.043,0.298,0.021,0.170,0.085,0.266
1407,616.00,874.46,577,1.917,578.8,0.049,0.145,0.099,0.201,0.023,0.184,0.118,0.181
1408,1632.00,882.52,1146,1.591,579.0,0.052,0.090,0.052,0.277,0.006,0.161,0.084,0.277
1409,1278.00,889.49,953,1.589,579.5,0.058,0.051,0.047,0.325,0.022,0.095,0.128,0.274
1410,307.00,884.59,299,1.936,580.0,0.074,0.095,0.111,0.175,0.048,0.154,0.143,0.199
1411,568.00,882.73,281,1.988,580.5,0.105,0.176,0.134,0.122,0.099,0.108,0.099,0.156
1412,617.00,881.21,549,1.863,580.8,0.072,0.122,0.050,0.161,0.033,0.211,0.139,0.211
1413,1074.00,888.81,977,1.842,581.3,0.086,0.129,0.083,0.189,0.023,0.215,0.093,0.182
1414,1055.00,889.35,676,1.528,581.5,0.033,0.007,0.013,0.296,0.000,0.217,0.072,0.362
1415,344.00,881.12,334,1.859,581.8,0.078,0.068,0.137,0.155,0.014,0.279,0.128,0.142
1416,488.00,877.58,326,1.922,582.3,0.091,0.108,0.094,0.178,0.042,0.233,0.118,0.136
1417,406.00,875.61,311,1.916,582.8,0.112,0.123,0.117,0.101,0.030,0.232,0.115,0.169
1418,1149.00,873.84,976,1.985,583.7,0.096,0.183,0.139,0.083,0.097,0.152,0.092,0.157
1419,461.00,870.14,408,1.934,584.2,0.079,0.147,0.122,0.139,0.040,0.181,0.091,0.201
1420,517.00,867.20,427,2.003,585.1,0.115,0.133,0.105,0.129,0.073,0.171,0.080,0.192
1421,478.00,869.33,375,2.034,585.6,0.106,0.106,0.104,0.128,0.093,0.153,0.104,0.207
1422,521.00,868.09,468,2.044,586.4,0.122,0.145,0.120,0.094,0.107,0.156,0.086,0.169
1423,1310.00,873.80,1282,2.027,586.7,0.153,0.159,0.074,0.101,0.101,0.175,0.138,0.101
1424,1327.00,878.02,1126,1.946,587.0,0.173,0.066,0.082,0.148,0.074,0.189,0.095,0.173
1425,760.00,872.23,670,1.993,587.8,0.155,0.097,0.086,0.144,0.107,0.170,0.124,0.116
1426,808.00,872.47,739,1.789,588.1,0.112,0.096,0.036,0.213,0.025,0.203,0.112,0.203
1427,1104.00,873.61,1085,1.778,588.8,0.079,0.053,0.040,0.258,0.040,0.160,0.156,0.214
1428,1036.00,877.04,969,1.515,588.9,0.041,0.031,0.000,0.418,0.010,0.112,0.173,0.214
1429,1643.00,887.92,1325,1.619,589.2,0.088,0.027,0.027,0.297,0.011,0.126,0.159,0.264
1430,600.00,883.08,449,1.879,589.7,0.103,0.074,0.041,0.215,0.050,0.182,0.138,0.197
1431,737.00,882.20,501,1.996,590.7,0.148,0.123,0.089,0.149,0.076,0.157,0.109,0.149
1432,570.00,871.36,501,2.013,591.4,0.125,0.109,0.090,0.154,0.111,0.167,0.119,0.125
1433,1041.00,870.84,1003,2.011,592.5,0.124,0.105,0.120,0.137,0.124,0.151,0.122,0.118
1434,1070.00,879.12,1037,1.777,592.7,0.068,0.045,0.053,0.258,0.038,0.174,0.189,0.174
1435,355.00,869.15,351,1.834,592.9,0.084,0.048,0.120,0.127,0.066,0.139,0.259,0.157
1436,833.00,864.43,731,1.607,593.1,0.025,0.013,0.100,0.100,0.025,0.175,0.275,0.287
1437,386.00,858.95,335,1.999,593.6,0.076,0.060,0.169,0.091,0.118,0.160,0.169,0.157
1438,728.00,859.97,659,1.435,593.7,0.026,0.000,0.039,0.195,0.013,0.078,0.208,0.442
1439,279.00,854.49,205,1.787,593.8,0.075,0.015,0.075,0.075,0.060,0.239,0.284,0.179
1440,1085.00,852.88,949,1.706,594.0,0.065,0.011,0.109,0.207,0.011,0.196,0.174,0.228
1441,697.00,851.91,617,1.899,594.3,0.056,0.071,0.148,0.122,0.041,0.209,0.143,0.209
1442,708.00,845.14,650,2.006,594.9,0.089,0.117,0.128,0.111,0.126,0.184,0.132,0.113
1443,698.00,837.05,627,1.788,595.2,0.060,0.060,0.066,0.212,0.033,0.093,0.205,0.272
1444,487.00,833.92,443,1.989,595.5,0.146,0.071,0.162,0.101,0.081,0.126,0.136,0.177
1445,479.00,833.00,361,1.977,595.8,0.148,0.067,0.157,0.105,0.086,0.119,0.143,0.176
1446,1258.00,838.84,1039,1.918,596.0,0.132,0.081,0.191,0.118,0.066,0.110,0.118,0.184
1447,400.00,835.86,297,1.859,596.2,0.152,0.040,0.112,0.152,0.016,0.096,0.184,0.248
1448,909.00,833.94,858,1.723,596.4,0.126,0.039,0.146,0.252,0.000,0.049,0.204,0.184
1449,970.00,833.95,795,1.921,596.7,0.176,0.063,0.190,0.141,0.059,0.059,0.122,0.190
1450,1071.00,840.25,863,1.805,596.9,0.205,0.066,0.115,0.148,0.025,0.074,0.148,0.221
1451,868.00,844.82,771,1.931,597.4,0.239,0.097,0.161,0.070,0.085,0.070,0.112,0.167
1452,921.00,848.72,733,1.907,597.8,0.230,0.123,0.103,0.083,0.056,0.071,0.111,0.222
1453,283.00,848.66,246,1.860,598.0,0.234,0.071,0.156,0.136,0.019,0.006,0.136,0.240
1454,347.00,842.65,335,2.028,598.7,0.183,0.133,0.150,0.078,0.124,0.093,0.119,0.121
1455,1204.00,840.34,1176,1.871,598.9,0.113,0.220,0.177,0.035,0.035,0.064,0.163,0.191
1456,857.00,824.45,548,1.945,599.3,0.160,0.205,0.119,0.078,0.082,0.090,0.142,0.123
1457,631.00,822.89,545,1.994,599.7,0.168,0.194,0.158,0.100,0.054,0.050,0.115,0.161
1458,1043.00,815.54,952,1.966,600.1,0.136,0.204,0.189,0.082,0.064,0.096,0.132,0.096
1459,549.00,815.41,506,2.002,600.7,0.107,0.205,0.143,0.074,0.065,0.125,0.119,0.161
1460,546.00,814.28,505,1.903,600.8,0.115,0.156,0.073,0.042,0.042,0.094,0.240,0.240
1461,978.00,805.26,925,2.037,602.2,0.163,0.151,0.154,0.074,0.113,0.110,0.103,0.131
1462,172.00,798.43,110,1.986,602.4,0.145,0.164,0.145,0.036,0.155,0.100,0.200,0.055
1463,0.00,792.18,0,0.172,602.5,0.000,0.000,0.000,0.000,0.000,0.000,1.000,0.000
1464,866.00,795.63,798,2.006,602.9,0.173,0.118,0.062,0.097,0.156,0.121,0.163,0.111
1465,528.00,788.90,504,1.995,603.7,0.188,0.152,0.073,0.067,0.121,0.093,0.138,0.168
1466,439.00,779.88,350,1.975,604.1,0.170,0.144,0.069,0.072,0.112,0.065,0.195,0.173
1467,659.00,783.77,447,2.004,604.6,0.203,0.197,0.078,0.070,0.107,0.072,0.119,0.154
1468,543.00,786.25,452,2.009,604.8,0.188,0.097,0.062,0.139,0.111,0.083,0.188,0.132
1469,570.00,783.05,475,2.037,605.6,0.176,0.132,0.115,0.106,0.160,0.087,0.098,0.126
1470,1220.00,785.27,1220,1.916,605.8,0.149,0.090,0.104,0.060,0.082,0.060,0.164,0.291
1471,798.00,785.43,750,1.960,606.3,0.163,0.069,0.144,0.118,0.098,0.062,0.098,0.248
1472,432.00,774.22,430,2.036,607.8,0.124,0.144,0.126,0.118,0.127,0.093,0.103,0.163
1473,1320.00,781.73,992,1.820,608.0,0.103,0.112,0.150,0.112,0.019,0.009,0.131,0.364
1474,551.00,781.86,408,1.605,608.1,0.081,0.041,0.149,0.176,0.014,0.014,0.176,0.351
1475,679.00,777.23,628,1.917,608.7,0.162,0.108,0.215,0.186,0.044,0.033,0.091,0.162
1476,1020.00,782.31,739,1.882,609.2,0.159,0.131,0.153,0.248,0.032,0.041,0.092,0.143
1477,863.00,786.16,524,1.545,609.4,0.091,0.091,0.121,0.172,0.010,0.010,0.172,0.333
1478,478.00,783.73,366,1.913,610.0,0.137,0.088,0.164,0.245,0.044,0.039,0.069,0.213
1479,1062.00,789.12,993,1.932,610.8,0.160,0.122,0.128,0.146,0.062,0.040,0.125,0.217
1480,604.00,776.85,597,1.070,610.9,0.053,0.018,0.000,0.035,0.000,0.000,0.579,0.316
1481,778.00,779.54,515,1.664,611.1,0.252,0.056,0.084,0.215,0.019,0.009,0.187,0.178
1482,1047.00,782.06,561,1.815,611.4,0.220,0.062,0.172,0.163,0.019,0.005,0.100,0.258
1483,786.00,783.57,742,1.874,611.8,0.227,0.104,0.095,0.246,0.043,0.024,0.152,0.109
1484,811.00,777.38,699,1.840,612.1,0.217,0.167,0.121,0.146,0.030,0.005,0.177,0.136
1485,330.00,777.02,330,0.787,612.2,0.081,0.054,0.000,0.000,0.000,0.000,0.730,0.135
1486,615.00,775.39,588,1.963,613.1,0.163,0.161,0.130,0.192,0.065,0.048,0.135,0.105
1487,510.00,767.88,407,1.889,613.4,0.220,0.102,0.102,0.188,0.043,0.022,0.188,0.134
1488,1040.00,767.01,978,1.826,613.6,0.178,0.126,0.163,0.185,0.007,0.007,0.178,0.156
1489,311.00,756.77,290,1.287,613.7,0.034,0.339,0.017,0.051,0.000,0.000,0.458,0.102
1490,1497.00,767.06,1297,1.975,614.6,0.164,0.168,0.127,0.169,0.093,0.052,0.125,0.101
1491,953.00,774.10,905,1.915,615.2,0.223,0.150,0.109,0.185,0.046,0.018,0.145,0.124
1492,442.00,773.87,394,1.715,615.4,0.290,0.131,0.037,0.196,0.000,0.000,0.178,0.168
1493,811.00,771.60,677,1.718,615.6,0.395,0.061,0.079,0.167,0.009,0.000,0.149,0.140
1494,230.00,761.18,230,1.165,615.6,0.386,0.023,0.000,0.068,0.000,0.000,0.455,0.068
1495,529.00,754.27,413,1.469,615.7,0.259,0.093,0.056,0.148,0.000,0.000,0.370,0.074
1496,698.00,757.23,698,1.977,616.5,0.207,0.149,0.110,0.139,0.093,0.058,0.135,0.108
1497,479.00,756.13,438,1.947,617.1,0.188,0.089,0.162,0.165,0.085,0.040,0.158,0.113
1498,504.00,750.91,437,1.889,617.6,0.215,0.078,0.156,0.081,0.044,0.041,0.215,0.170
1499,666.00,744.37,662,1.723,618.1,0.274,0.060,0.161,0.071,0.054,0.024,0.226,0.131
1500,590.00,738.48,450,1.899,618.6,0.260,0.112,0.141,0.100,0.086,0.022,0.175,0.104
1501,0.00,733.83,0,1.008,618.7,0.270,0.000,0.000,0.000,0.000,0.000,0.730,0.000
1502,344.00,733.36,336,1.869,619.1,0.253,0.048,0.209,0.112,0.032,0.016,0.169,0.161
1503,464.00,722.92,430,2.028,620.3,0.213,0.097,0.143,0.128,0.104,0.068,0.114,0.133
1504,752.00,723.90,665,2.050,622.1,0.185,0.140,0.137,0.106,0.128,0.096,0.103,0.104
1505,1083.00,730.81,821,1.939,622.4,0.205,0.041,0.240,0.099,0.140,0.082,0.099,0.094
1506,694.00,728.55,573,1.892,622.7,0.163,0.025,0.237,0.156,0.175,0.094,0.081,0.069
1507,534.00,727.73,522,1.944,623.1,0.221,0.033,0.188,0.150,0.146,0.054,0.108,0.100
1508,941.00,720.82,769,1.708,623.3,0.247,0.014,0.205,0.041,0.055,0.041,0.247,0.151
1509,557.00,713.61,384,2.012,624.0,0.167,0.080,0.176,0.100,0.171,0.071,0.110,0.126
1510,982.00,720.36,714,1.959,624.4,0.124,0.076,0.141,0.124,0.205,0.092,0.100,0.137
1511,949.00,724.17,817,1.908,624.7,0.239,0.058,0.110,0.103,0.161,0.045,0.116,0.168
1512,630.00,724.30,499,1.995,625.2,0.198,0.065,0.065,0.092,0.172,0.095,0.134,0.179
1513,1016.00,723.72,959,2.049,625.9,0.143,0.109,0.116,0.139,0.156,0.107,0.103,0.128
1514,420.00,717.37,263,2.048,626.4,0.109,0.073,0.084,0.162,0.115,0.176,0.134,0.148
1515,646.00,720.39,503,1.990,626.5,0.095,0.103,0.119,0.175,0.048,0.063,0.175,0.222
1516,821.00,723.72,653,2.024,626.8,0.148,0.091,0.097,0.199,0.108,0.125,0.091,0.142
1517,1016.00,729.82,815,2.002,627.0,0.148,0.110,0.143,0.143,0.088,0.110,0.115,0.143
1518,974.00,728.07,759,2.031,627.4,0.136,0.086,0.142,0.166,0.050,0.126,0.119,0.175
1519,732.00,730.78,653,1.989,627.7,0.215,0.108,0.063,0.076,0.082,0.139,0.171,0.146
1520,1321.00,738.82,953,1.989,628.0,0.181,0.077,0.118,0.113,0.109,0.104,0.145,0.154
1521,870.00,742.74,718,2.021,628.5,0.161,0.101,0.086,0.158,0.116,0.062,0.143,0.173
1522,1049.00,748.02,959,2.053,629.6,0.129,0.088,0.112,0.161,0.123,0.110,0.144,0.134
1523,807.00,742.99,500,1.926,629.8,0.099,0.074,0.124,0.116,0.124,0.099,0.165,0.198
1524,903.00,738.75,770,1.995,630.1,0.093,0.080,0.173,0.177,0.114,0.063,0.139,0.160
1525,674.00,737.89,515,1.729,630.2,0.027,0.110,0.137,0.068,0.096,0.014,0.260,0.288
1526,654.00,736.35,566,1.930,630.4,0.073,0.099,0.238,0.199,0.113,0.060,0.106,0.113
1527,562.00,730.93,504,1.977,630.7,0.066,0.087,0.197,0.219,0.109,0.098,0.126,0.098
1528,430.00,724.87,387,2.042,631.1,0.114,0.121,0.143,0.184,0.136,0.077,0.107,0.118
1529,950.00,717.94,932,2.067,632.3,0.103,0.112,0.132,0.160,0.127,0.127,0.129,0.112
1530,643.00,718.37,562,1.992,632.5,0.208,0.107,0.157,0.075,0.132,0.069,0.132,0.119
1531,603.00,717.03,597,1.963,632.8,0.183,0.105,0.173,0.047,0.073,0.131,0.168,0.120
1532,237.00,713.70,174,2.013,633.0,0.202,0.074,0.133,0.090,0.117,0.096,0.176,0.112
1533,687.00,710.16,570,2.005,633.2,0.182,0.083,0.159,0.091,0.129,0.068,0.174,0.114
1534,1331.00,712.77,1291,2.007,633.6,0.144,0.091,0.123,0.099,0.144,0.099,0.148,0.152
1535,700.00,716.22,582,1.716,633.7,0.171,0.013,0.118,0.013,0.237,0.013,0.184,0.250
1536,614.00,714.03,587,1.887,633.9,0.160,0.031,0.183,0.076,0.137,0.038,0.198,0.176
1537,901.00,719.18,715,1.778,634.0,0.239,0.028,0.127,0.070,0.070,0.042,0.211,0.211
1538,623.00,718.13,590,2.006,634.4,0.174,0.093,0.142,0.110,0.093,0.078,0.132,0.178
1539,127.00,716.61,127,0.607,634.5,0.907,0.000,0.023,0.000,0.000,0.000,0.023,0.047
1540,819.00,713.95,819,0.904,634.6,0.737,0.000,0.079,0.000,0.000,0.000,0.158,0.026
1541,665.00,713.63,665,1.730,634.7,0.394,0.077,0.115,0.029,0.106,0.048,0.135,0.096
1542,495.00,711.50,464,1.858,634.9,0.175,0.053,0.246,0.026,0.149,0.035,0.149,0.167
1543,258.00,707.10,256,2.029,635.3,0.141,0.076,0.166,0.059,0.131,0.124,0.169,0.134
1544,1338.00,715.61,1226,1.821,635.4,0.175,0.117,0.262,0.049,0.165,0.010,0.107,0.117
1545,649.00,717.31,591,2.012,635.8,0.130,0.156,0.156,0.069,0.138,0.101,0.116,0.134
1546,651.00,711.24,364,1.956,636.1,0.152,0.098,0.287,0.067,0.110,0.067,0.116,0.104
1547,982.00,717.06,649,1.937,636.3,0.171,0.073,0.244,0.078,0.093,0.073,0.135,0.135
1548,592.00,713.89,428,2.034,636.7,0.119,0.123,0.167,0.095,0.135,0.095,0.091,0.175
1549,304.00,707.23,292,2.039,637.0,0.236,0.116,0.151,0.060,0.126,0.090,0.136,0.085
1550,495.00,701.47,289,2.054,637.4,0.184,0.146,0.130,0.084,0.107,0.100,0.107,0.142
1551,770.00,700.49,673,2.057,638.1,0.153,0.153,0.085,0.127,0.125,0.109,0.119,0.129
1552,861.00,699.89,754,2.007,638.5,0.146,0.159,0.207,0.098,0.098,0.076,0.085,0.131
1553,520.00,702.26,495,2.042,639.4,0.116,0.140,0.137,0.103,0.109,0.128,0.080,0.186
1554,580.00,704.59,543,1.971,640.1,0.153,0.184,0.159,0.104,0.108,0.076,0.070,0.146
1555,1472.00,707.27,745,1.917,640.3,0.195,0.150,0.218,0.128,0.090,0.038,0.068,0.113
1556,1177.00,710.47,807,1.806,640.6,0.160,0.135,0.263,0.160,0.090,0.006,0.058,0.128
1557,1645.00,720.61,1179,1.885,640.7,0.292,0.062,0.208,0.125,0.062,0.010,0.115,0.125
1558,1070.00,720.88,887,1.868,640.9,0.205,0.112,0.261,0.149,0.087,0.000,0.062,0.124
1559,1784.00,733.23,1360,1.873,641.1,0.208,0.218,0.119,0.089,0.050,0.000,0.119,0.198
1560,1130.00,739.07,1027,1.875,641.3,0.184,0.152,0.152,0.112,0.128,0.000,0.112,0.160
1561,1115.00,740.44,703,1.884,641.5,0.225,0.199,0.146,0.126,0.113,0.000,0.066,0.126
1562,834.00,747.06,561,1.929,641.8,0.189,0.156,0.106,0.144,0.144,0.000,0.078,0.183
1563,583.00,752.89,541,2.001,642.4,0.132,0.152,0.120,0.130,0.137,0.051,0.090,0.188
1564,848.00,752.71,771,1.999,643.3,0.140,0.126,0.117,0.131,0.123,0.058,0.118,0.186
1565,1163.00,759.06,925,1.866,643.5,0.174,0.123,0.072,0.145,0.094,0.014,0.188,0.188
1566,463.00,759.30,372,1.902,643.9,0.175,0.127,0.095,0.075,0.123,0.020,0.143,0.242
1567,722.00,759.93,706,2.022,645.4,0.144,0.151,0.119,0.113,0.101,0.086,0.121,0.163
1568,941.00,763.91,827,1.927,646.3,0.191,0.079,0.145,0.159,0.111,0.073,0.056,0.187
1569,959.00,767.80,722,1.841,646.7,0.212,0.010,0.097,0.139,0.167,0.014,0.062,0.299
1570,996.00,765.56,929,1.996,647.7,0.152,0.075,0.155,0.151,0.142,0.059,0.075,0.191
1571,475.00,762.33,457,2.043,648.5,0.168,0.103,0.142,0.129,0.132,0.093,0.086,0.148
1572,641.00,764.42,590,1.923,649.1,0.186,0.112,0.121,0.126,0.119,0.062,0.069,0.205
1573,1469.00,765.91,983,1.793,649.3,0.362,0.113,0.078,0.057,0.121,0.043,0.028,0.199
1574,1349.00,773.89,1303,1.989,650.1,0.166,0.096,0.132,0.101,0.125,0.115,0.082,0.185
1575,664.00,773.74,467,1.990,650.6,0.155,0.077,0.138,0.120,0.163,0.080,0.046,0.221
1576,1062.00,774.16,719,1.943,650.9,0.228,0.117,0.133,0.111,0.144,0.039,0.067,0.161
1577,915.00,774.68,905,2.038,651.5,0.174,0.126,0.134,0.101,0.099,0.090,0.139,0.137
1578,871.00,778.61,759,1.834,651.6,0.254,0.156,0.074,0.172,0.107,0.025,0.098,0.115
1579,558.00,773.57,539,2.036,652.8,0.191,0.101,0.110,0.127,0.104,0.109,0.156,0.103
1580,820.00,775.73,755,1.938,653.2,0.188,0.079,0.072,0.101,0.094,0.199,0.101,0.166
1581,1636.00,784.31,1558,1.731,653.4,0.275,0.028,0.046,0.064,0.046,0.321,0.073,0.147
1582,956.00,783.40,864,1.945,653.8,0.219,0.056,0.090,0.090,0.110,0.196,0.083,0.156
1583,1423.00,789.77,1228,1.423,653.9,0.543,0.000,0.057,0.043,0.014,0.143,0.057,0.143
1584,655.00,788.21,451,1.950,654.3,0.231,0.041,0.102,0.088,0.126,0.153,0.105,0.153
1585,560.00,790.51,540,2.027,654.9,0.164,0.079,0.103,0.103,0.117,0.153,0.108,0.173
1586,639.00,790.75,573,2.015,655.3,0.138,0.110,0.098,0.113,0.150,0.147,0.132,0.110
1587,288.00,788.53,283,2.038,655.8,0.178,0.092,0.083,0.080,0.127,0.107,0.169,0.166
1588,2065.00,798.78,873,1.677,656.0,0.329,0.074,0.027,0.047,0.020,0.081,0.087,0.336
1589,577.00,801.44,560,1.922,656.2,0.223,0.115,0.043,0.079,0.050,0.079,0.101,0.309
1590,368.00,790.15,297,2.047,656.6,0.158,0.098,0.083,0.087,0.143,0.132,0.102,0.196
1591,1395.00,794.57,1225,2.015,657.3,0.155,0.108,0.102,0.100,0.093,0.146,0.144,0.153
1592,793.00,798.08,590,1.987,657.6,0.149,0.144,0.070,0.116,0.047,0.177,0.140,0.158
1593,870.00,798.67,775,1.699,657.7,0.224,0.104,0.015,0.328,0.000,0.149,0.149,0.030
1594,631.00,802.68,412,1.954,657.9,0.126,0.091,0.051,0.263,0.071,0.116,0.157,0.126
1595,1167.00,809.06,1045,1.947,658.2,0.133,0.076,0.089,0.184,0.063,0.127,0.234,0.095
1596,1300.00,815.08,1300,1.718,658.3,0.162,0.054,0.000,0.243,0.014,0.162,0.311,0.054
1597,761.00,817.90,692,1.910,658.6,0.107,0.112,0.083,0.180,0.044,0.194,0.214,0.068
1598,261.00,815.47,254,1.924,658.8,0.132,0.097,0.035,0.194,0.069,0.181,0.215,0.076
1599,1194.00,820.75,885,1.623,659.0,0.126,0.087,0.039,0.379,0.000,0.184,0.126,0.058
1600,1100.00,825.85,1097,1.847,659.2,0.090,0.090,0.062,0.236,0.067,0.191,0.202,0.062
1601,1065.00,836.50,954,1.804,659.4,0.115,0.079,0.043,0.259,0.043,0.230,0.165,0.065
1602,631.00,839.37,534,1.988,659.8,0.077,0.167,0.086,0.176,0.099,0.155,0.150,0.090
1603,501.00,839.74,472,1.868,660.0,0.287,0.042,0.035,0.168,0.042,0.196,0.154,0.077
1604,698.00,839.20,685,1.968,660.2,0.246,0.078,0.106,0.112,0.056,0.151,0.156,0.095
1605,359.00,831.96,310,1.897,660.4,0.236,0.083,0.062,0.153,0.028,0.222,0.125,0.090
1606,420.00,829.22,412,1.995,660.8,0.180,0.075,0.083,0.165,0.060,0.150,0.169,0.117
1607,584.00,829.72,579,1.967,661.0,0.172,0.091,0.091,0.113,0.081,0.145,0.156,0.151
1608,595.00,826.26,503,1.966,661.4,0.145,0.060,0.094,0.174,0.094,0.102,0.187,0.145
1609,827.00,828.96,815,1.694,661.6,0.116,0.027,0.034,0.390,0.007,0.082,0.158,0.185
1610,708.00,826.22,501,1.705,661.7,0.114,0.000,0.025,0.342,0.051,0.101,0.177,0.190
1611,993.00,826.66,599,1.957,661.9,0.131,0.051,0.080,0.146,0.058,0.197,0.197,0.139
1612,444.00,824.80,413,1.964,662.2,0.158,0.049,0.079,0.217,0.074,0.133,0.138,0.153
1613,386.00,818.50,337,2.055,662.7,0.139,0.117,0.115,0.134,0.090,0.145,0.150,0.109
1614,1120.00,825.50,763,1.900,662.9,0.110,0.055,0.082,0.253,0.075,0.110,0.205,0.110
1615,592.00,824.96,333,1.800,663.1,0.068,0.023,0.075,0.421,0.015,0.113,0.113,0.173
1616,1094.00,827.69,788,1.908,663.2,0.087,0.058,0.125,0.288,0.048,0.096,0.202,0.096
1617,656.00,824.09,582,1.942,663.5,0.109,0.080,0.124,0.182,0.044,0.139,0.182,0.139
1618,860.00,822.95,727,2.023,663.8,0.135,0.073,0.120,0.120,0.089,0.178,0.154,0.131
1619,547.00,821.10,547,1.860,664.0,0.152,0.048,0.105,0.114,0.038,0.133,0.200,0.210
1620,399.00,811.88,375,1.907,664.2,0.141,0.047,0.102,0.133,0.016,0.125,0.250,0.188
1621,760.00,810.78,688,1.729,664.3,0.177,0.065,0.016,0.081,0.000,0.113,0.339,0.210
1622,955.00,809.84,781,1.976,664.5,0.125,0.089,0.119,0.107,0.048,0.149,0.185,0.179
1623,522.00,806.99,468,2.061,665.3,0.132,0.146,0.150,0.096,0.111,0.132,0.137,0.096
1624,1015.00,808.11,819,1.995,665.5,0.228,0.060,0.103,0.071,0.120,0.125,0.163,0.130
1625,955.00,810.92,853,2.021,666.0,0.175,0.120,0.120,0.107,0.102,0.128,0.136,0.112
1626,548.00,809.86,548,1.398,666.1,0.533,0.044,0.000,0.044,0.000,0.044,0.289,0.044
1627,627.00,810.51,413,2.008,666.4,0.179,0.112,0.072,0.152,0.094,0.117,0.157,0.117
1628,999.00,816.20,833,1.995,666.7,0.110,0.098,0.065,0.282,0.127,0.106,0.094,0.118
1629,939.00,816.09,919,2.023,669.0,0.127,0.129,0.115,0.133,0.138,0.114,0.113,0.131
1630,491.00,814.57,453,1.986,669.9,0.116,0.172,0.084,0.127,0.217,0.103,0.078,0.103
1631,828.00,816.82,541,1.608,670.2,0.043,0.143,0.039,0.109,0.448,0.074,0.096,0.048
1632,813.00,822.58,416,1.528,670.5,0.071,0.103,0.032,0.168,0.439,0.039,0.103,0.045
1633,683.00,822.54,549,1.856,670.8,0.130,0.164,0.063,0.141,0.223,0.108,0.104,0.067
1634,1047.00,819.70,973,1.878,671.3,0.126,0.227,0.071,0.112,0.189,0.101,0.096,0.077
1635,697.00,819.67,662,1.999,672.5,0.140,0.174,0.105,0.139,0.119,0.124,0.101,0.098
1636,620.00,819.73,555,1.929,672.9,0.234,0.200,0.054,0.139,0.139,0.122,0.085,0.027
1637,876.00,819.48,781,1.870,673.4,0.109,0.232,0.103,0.123,0.165,0.109,0.131,0.028
1638,877.00,822.02,701,1.867,673.9,0.180,0.200,0.068,0.114,0.182,0.073,0.139,0.043
1639,801.00,828.76,735,1.602,674.1,0.075,0.388,0.037,0.082,0.209,0.007,0.194,0.007
1640,1200.00,832.57,1158,1.968,675.2,0.153,0.172,0.111,0.132,0.126,0.133,0.101,0.073
1641,473.00,830.65,372,1.946,675.8,0.139,0.206,0.097,0.134,0.127,0.109,0.127,0.062
1642,639.00,832.09,491,1.803,676.3,0.086,0.174,0.057,0.109,0.274,0.057,0.166,0.077
1643,655.00,836.06,551,1.781,676.6,0.073,0.244,0.057,0.118,0.228,0.024,0.211,0.045
1644,972.00,832.40,898,1.845,677.0,0.105,0.200,0.066,0.111,0.157,0.059,0.207,0.095
1645,659.00,832.50,653,1.323,677.1,0.014,0.408,0.000,0.085,0.197,0.000,0.282,0.014
1646,426.00,830.25,336,1.853,677.5,0.100,0.159,0.064,0.159,0.214,0.023,0.232,0.050
1647,779.00,828.22,560,1.806,677.8,0.087,0.202,0.078,0.151,0.174,0.064,0.188,0.055
1648,604.00,828.34,526,1.783,678.0,0.082,0.139,0.057,0.158,0.184,0.025,0.272,0.082
1649,381.00,829.11,300,1.794,678.3,0.099,0.163,0.069,0.138,0.232,0.039,0.227,0.034
1650,431.00,828.47,300,1.845,678.6,0.100,0.165,0.029,0.182,0.241,0.012,0.212,0.059
1651,581.00,826.58,474,1.912,678.8,0.094,0.173,0.102,0.157,0.134,0.055,0.205,0.079
1652,722.00,825.19,722,1.598,678.9,0.070,0.254,0.028,0.127,0.225,0.000,0.268,0.028
1653,737.00,827.36,603,1.878,679.3,0.125,0.139,0.100,0.189,0.149,0.050,0.178,0.071
1654,1029.00,831.85,806,1.872,679.6,0.119,0.151,0.082,0.174,0.201,0.037,0.183,0.055
1655,383.00,820.96,294,1.871,680.0,0.079,0.147,0.060,0.234,0.183,0.052,0.190,0.056
1656,1140.00,820.59,900,1.689,680.1,0.070,0.313,0.000,0.157,0.200,0.000,0.243,0.017
1657,914.00,813.28,692,1.872,680.4,0.108,0.217,0.054,0.229,0.163,0.018,0.139,0.072
1658,497.00,807.55,336,1.999,681.0,0.136,0.164,0.115,0.160,0.074,0.088,0.144,0.119
1659,795.00,797.66,703,1.798,681.2,0.159,0.278,0.048,0.167,0.135,0.024,0.127,0.063
1660,279.00,789.15,279,2.033,682.0,0.174,0.156,0.113,0.154,0.072,0.073,0.138,0.120
1661,1158.00,789.58,970,1.788,682.2,0.113,0.180,0.100,0.120,0.247,0.047,0.140,0.053
1662,845.00,789.69,706,1.878,682.5,0.112,0.242,0.056,0.079,0.152,0.045,0.247,0.067
1663,499.00,788.85,462,1.981,682.9,0.142,0.168,0.112,0.091,0.168,0.056,0.136,0.127
1664,726.00,787.63,619,1.496,683.0,0.131,0.286,0.012,0.083,0.190,0.000,0.250,0.048
1665,693.00,782.93,560,1.981,683.6,0.158,0.172,0.111,0.078,0.125,0.111,0.150,0.097
1666,458.00,782.88,405,1.967,683.9,0.122,0.220,0.118,0.093,0.134,0.069,0.171,0.073
1667,988.00,785.54,844,1.669,684.1,0.147,0.345,0.034,0.052,0.164,0.034,0.207,0.017
1668,532.00,781.45,469,1.995,684.5,0.146,0.137,0.101,0.101,0.125,0.122,0.146,0.122
1669,1805.00,789.91,1544,1.396,684.7,0.108,0.419,0.022,0.054,0.097,0.065,0.204,0.032
1670,983.00,789.78,840,1.761,684.9,0.122,0.329,0.049,0.104,0.110,0.049,0.201,0.037
1671,1042.00,795.45,948,1.899,685.3,0.161,0.234,0.095,0.081,0.114,0.070,0.172,0.073
1672,652.00,795.56,576,1.901,685.5,0.163,0.217,0.102,0.096,0.078,0.114,0.151,0.078
1673,376.00,784.63,306,1.950,685.8,0.148,0.224,0.054,0.076,0.117,0.094,0.238,0.049
1674,1153.00,782.67,1006,1.633,685.9,0.314,0.333,0.000,0.059,0.039,0.020,0.216,0.020
1675,668.00,782.71,668,1.915,686.1,0.205,0.136,0.125,0.023,0.102,0.068,0.284,0.057
1676,548.00,777.57,473,2.024,686.7,0.185,0.161,0.128,0.102,0.104,0.102,0.145,0.073
1677,567.00,774.09,473,2.003,687.1,0.160,0.170,0.109,0.116,0.136,0.092,0.122,0.095
1678,1917.00,784.55,665,1.785,687.3,0.224,0.267,0.026,0.129,0.172,0.026,0.129,0.026
1679,861.00,787.58,824,1.984,687.7,0.157,0.108,0.147,0.133,0.098,0.063,0.189,0.105
1680,1172.00,791.10,952,1.941,688.1,0.198,0.115,0.108,0.151,0.227,0.050,0.104,0.047
1681,1296.00,787.70,744,1.932,688.3,0.205,0.168,0.135,0.092,0.135,0.038,0.184,0.043
1682,560.00,783.74,512,1.959,688.7,0.157,0.160,0.141,0.131,0.124,0.059,0.160,0.069
1683,1000.00,779.51,656,1.895,688.9,0.207,0.124,0.107,0.116,0.190,0.041,0.207,0.008
1684,934.00,782.30,685,1.897,689.1,0.221,0.114,0.121,0.079,0.143,0.043,0.221,0.057
1685,730.00,784.00,639,2.016,689.7,0.130,0.152,0.147,0.100,0.123,0.096,0.145,0.108
1686,471.00,782.32,417,2.032,690.1,0.202,0.122,0.163,0.125,0.110,0.076,0.133,0.068
1687,749.00,786.93,580,2.041,690.4,0.126,0.143,0.104,0.095,0.177,0.134,0.126,0.095
1688,626.00,772.54,589,1.991,690.6,0.096,0.170,0.096,0.089,0.259,0.104,0.133,0.052
1689,411.00,770.88,372,2.016,690.8,0.096,0.162,0.074,0.096,0.213,0.051,0.206,0.103
1690,629.00,773.49,520,2.050,691.4,0.147,0.138,0.107,0.105,0.107,0.138,0.125,0.133
1691,982.00,769.36,818,2.028,691.5,0.200,0.056,0.078,0.056,0.189,0.167,0.100,0.156
1692,439.00,765.82,397,2.045,691.8,0.090,0.100,0.125,0.110,0.195,0.135,0.130,0.115
1693,863.00,765.75,791,2.042,692.2,0.111,0.167,0.122,0.089,0.148,0.107,0.137,0.119
1694,675.00,766.19,612,2.028,692.5,0.121,0.162,0.106,0.106,0.131,0.086,0.172,0.116
1695,971.00,764.23,600,2.050,692.9,0.110,0.177,0.134,0.117,0.090,0.114,0.104,0.154
1696,678.00,758.01,601,1.883,693.0,0.207,0.134,0.049,0.171,0.061,0.073,0.122,0.183
1697,1197.00,762.37,880,2.004,693.2,0.170,0.163,0.104,0.141,0.044,0.074,0.111,0.193
1698,1367.00,773.43,1142,2.049,693.4,0.118,0.178,0.118,0.184,0.125,0.072,0.072,0.132
1699,567.00,767.16,411,2.046,693.7,0.099,0.094,0.160,0.155,0.133,0.088,0.122,0.149
1700,825.00,764.41,725,2.047,694.1,0.132,0.119,0.175,0.116,0.119,0.109,0.096,0.132
1701,728.00,761.04,600,2.035,694.5,0.115,0.148,0.093,0.174,0.111,0.100,0.089,0.170
1702,1074.00,765.47,985,2.038,695.0,0.135,0.140,0.096,0.143,0.088,0.135,0.093,0.170
1703,940.00,769.86,785,2.031,695.2,0.185,0.180,0.090,0.122,0.090,0.101,0.090,0.143
1704,647.00,769.35,564,2.030,695.6,0.162,0.196,0.131,0.135,0.085,0.085,0.108,0.100
1705,593.00,771.69,581,2.042,695.9,0.099,0.193,0.115,0.144,0.119,0.107,0.115,0.107
1706,732.00,774.81,503,2.044,696.3,0.122,0.221,0.089,0.103,0.113,0.103,0.141,0.108
1707,602.00,774.99,544,2.053,696.6,0.134,0.111,0.095,0.202,0.122,0.134,0.107,0.095
1708,256.00,771.60,236,2.045,696.9,0.147,0.119,0.124,0.164,0.068,0.107,0.158,0.113
1709,917.00,772.50,760,2.047,697.3,0.136,0.117,0.108,0.136,0.099,0.122,0.136,0.146
1710,785.00,773.27,549,2.047,697.8,0.166,0.084,0.117,0.127,0.101,0.143,0.120,0.143
1711,1094.00,774.28,844,2.033,698.3,0.161,0.118,0.118,0.143,0.061,0.129,0.125,0.143
1712,714.00,776.98,640,2.011,698.6,0.176,0.098,0.078,0.180,0.053,0.123,0.156,0.135
1713,890.00,782.02,770,1.917,698.8,0.193,0.025,0.025,0.261,0.092,0.050,0.143,0.210
1714,1227.00,783.09,1016,1.925,699.0,0.183,0.128,0.046,0.239,0.046,0.119,0.083,0.156
1715,1199.00,789.16,1076,1.998,699.3,0.154,0.097,0.070,0.203,0.075,0.172,0.123,0.106
1716,398.00,782.20,343,1.997,699.6,0.210,0.065,0.043,0.204,0.108,0.108,0.156,0.108
1717,773.00,783.37,647,2.026,700.0,0.206,0.143,0.067,0.134,0.088,0.160,0.088,0.113
1718,555.00,780.32,409,2.016,700.4,0.183,0.113,0.133,0.146,0.129,0.079,0.100,0.117
1719,1200.00,786.85,1150,1.782,700.5,0.394,0.070,0.056,0.042,0.056,0.056,0.141,0.183
1720,833.00,791.19,763,2.003,700.9,0.194,0.146,0.097,0.138,0.075,0.104,0.131,0.116
1721,509.00,788.68,493,2.020,701.3,0.203,0.100,0.065,0.195,0.080,0.092,0.130,0.134
1722,1678.00,795.91,1331,1.884,701.5,0.163,0.152,0.054,0.174,0.087,0.076,0.076,0.217
1723,1286.00,803.55,1226,1.784,701.6,0.307,0.133,0.053,0.080,0.080,0.013,0.133,0.200
1724,1020.00,803.60,927,1.914,701.9,0.209,0.143,0.060,0.176,0.066,0.055,0.165,0.126
1725,711.00,801.16,580,1.982,702.2,0.232,0.153,0.059,0.123,0.049,0.064,0.143,0.177
1726,1357.00,809.25,1154,1.806,702.3,0.302,0.093,0.058,0.093,0.035,0.093,0.128,0.198
1727,664.00,809.62,604,2.026,702.8,0.189,0.128,0.113,0.113,0.067,0.116,0.163,0.110
1728,644.00,806.07,556,2.045,703.4,0.216,0.107,0.112,0.104,0.101,0.101,0.153,0.107
1729,1609.00,812.77,1232,1.984,703.7,0.190,0.142,0.073,0.134,0.164,0.134,0.069,0.095
1730,396.00,811.82,368,2.025,704.5,0.130,0.135,0.103,0.099,0.192,0.112,0.133,0.095
1731,735.00,810.89,679,2.041,705.6,0.175,0.157,0.140,0.107,0.117,0.123,0.100,0.080
1732,613.00,808.89,585,2.010,706.3,0.147,0.166,0.121,0.082,0.112,0.211,0.084,0.078
1733,1041.00,812.47,704,1.496,706.5,0.087,0.071,0.056,0.135,0.000,0.492,0.087,0.071
1734,765.00,809.65,452,2.013,706.8,0.121,0.121,0.142,0.105,0.061,0.227,0.109,0.113
1735,1029.00,812.97,959,1.693,707.0,0.080,0.147,0.067,0.053,0.013,0.360,0.160,0.120
1736,534.00,812.11,412,1.995,707.3,0.152,0.101,0.143,0.120,0.065,0.240,0.083,0.097
1737,1152.00,814.87,762,1.992,707.6,0.143,0.074,0.126,0.149,0.069,0.200,0.109,0.131
1738,669.00,812.79,487,2.033,708.1,0.134,0.095,0.193,0.137,0.104,0.140,0.077,0.119
1739,858.00,813.36,320,1.991,708.5,0.176,0.078,0.168,0.109,0.070,0.215,0.066,0.117
1740,865.00,810.01,697,1.981,708.9,0.155,0.075,0.205,0.109,0.067,0.213,0.059,0.117
1741,1987.00,825.15,1698,1.849,709.2,0.160,0.088,0.119,0.082,0.082,0.309,0.046,0.113
1742,1476.00,833.52,1130,1.772,709.5,0.199,0.046,0.116,0.088,0.069,0.324,0.065,0.093
1743,719.00,834.16,696,2.035,710.9,0.165,0.107,0.137,0.095,0.092,0.196,0.085,0.122
1744,1042.00,834.86,667,1.645,711.1,0.188,0.034,0.094,0.043,0.137,0.342,0.077,0.085
1745,461.00,832.88,284,1.984,711.7,0.190,0.042,0.134,0.067,0.204,0.212,0.059,0.092
1746,641.00,835.03,586,2.015,712.3,0.141,0.068,0.209,0.075,0.129,0.170,0.095,0.114
1747,815.00,835.39,428,1.995,712.6,0.142,0.069,0.180,0.073,0.180,0.150,0.090,0.116
1748,757.00,836.92,601,2.039,713.4,0.181,0.094,0.185,0.075,0.102,0.165,0.102,0.096
1749,1277.00,845.88,866,1.897,713.6,0.309,0.064,0.055,0.091,0.200,0.073,0.073,0.136
1750,462.00,846.19,413,1.659,713.7,0.395,0.013,0.053,0.105,0.132,0.105,0.105,0.092
1751,1239.00,852.77,852,1.937,714.1,0.268,0.132,0.073,0.186,0.100,0.064,0.073,0.105
1752,545.00,851.00,471,1.932,714.5,0.291,0.134,0.069,0.147,0.105,0.062,0.095,0.098
1753,1041.00,854.04,891,1.816,714.9,0.344,0.124,0.081,0.131,0.077,0.058,0.054,0.131
1754,0.00,843.75,0,0.189,715.0,1.000,0.000,0.000,0.000,0.000,0.000,0.000,0.000
1755,1731.00,857.23,1010,1.551,715.3,0.513,0.047,0.060,0.093,0.060,0.060,0.020,0.147
1756,1547.00,861.30,1187,1.411,715.5,0.504,0.065,0.022,0.115,0.101,0.029,0.022,0.144
1757,1326.00,865.42,1109,1.928,716.2,0.302,0.130,0.087,0.124,0.093,0.069,0.076,0.119
1758,877.00,869.22,516,1.713,716.6,0.395,0.058,0.054,0.101,0.101,0.078,0.093,0.120
1759,0.00,861.27,0,0.272,716.6,1.000,0.000,0.000,0.000,0.000,0.000,0.000,0.000
1760,531.00,863.79,468,1.670,716.8,0.439,0.045,0.053,0.045,0.136,0.076,0.121,0.083
1761,542.00,857.63,445,1.186,717.0,0.683,0.012,0.000,0.012,0.037,0.110,0.085,0.061
1762,589.00,855.07,450,2.002,717.4,0.267,0.079,0.075,0.125,0.113,0.117,0.146,0.079
1763,364.00,853.72,301,2.053,717.9,0.151,0.114,0.114,0.111,0.128,0.131,0.145,0.108
1764,1160.00,858.06,978,1.943,718.1,0.218,0.120,0.083,0.158,0.090,0.143,0.135,0.053
1765,1175.00,862.88,1109,1.752,718.3,0.328,0.126,0.017,0.118,0.092,0.118,0.193,0.008
1766,332.00,861.62,275,1.893,718.6,0.271,0.119,0.028,0.107,0.096,0.147,0.169,0.062
1767,306.00,854.80,198,1.942,718.9,0.242,0.121,0.044,0.121,0.126,0.082,0.203,0.060
1768,478.00,854.26,399,2.007,719.2,0.220,0.166,0.063,0.117,0.088,0.112,0.141,0.093
1769,392.00,840.13,227,1.951,719.5,0.222,0.094,0.085,0.094,0.128,0.150,0.167,0.060
1770,1600.00,846.30,1303,1.634,719.7,0.257,0.010,0.059,0.050,0.109,0.386,0.099,0.030
1771,779.00,843.67,684,2.026,720.4,0.159,0.143,0.076,0.121,0.126,0.152,0.124,0.100
1772,1116.00,848.31,913,1.146,720.5,0.152,0.043,0.011,0.033,0.054,0.641,0.065,0.000
1773,1362.00,858.17,1013,1.485,720.7,0.264,0.080,0.034,0.046,0.092,0.379,0.092,0.011
1774,531.00,851.95,489,2.006,721.2,0.192,0.157,0.078,0.093,0.154,0.151,0.090,0.084
1775,1802.00,863.29,1774,1.691,721.3,0.205,0.080,0.080,0.034,0.170,0.170,0.193,0.068
1776,711.00,864.92,622,2.033,722.2,0.168,0.148,0.141,0.083,0.115,0.115,0.126,0.104
1777,729.00,866.54,646,2.025,723.0,0.188,0.116,0.152,0.082,0.120,0.138,0.113,0.091
1778,781.00,855.18,636,1.891,723.3,0.304,0.174,0.089,0.103,0.098,0.062,0.071,0.098
1779,0.00,846.57,0,0.122,723.4,1.000,0.000,0.000,0.000,0.000,0.000,0.000,0.000
1780,1123.00,846.08,680,1.730,723.6,0.431,0.190,0.078,0.060,0.095,0.078,0.060,0.009
1781,1187.00,844.99,867,1.998,724.1,0.184,0.190,0.104,0.142,0.120,0.114,0.073,0.073
1782,684.00,846.23,516,2.032,724.7,0.174,0.171,0.127,0.164,0.106,0.109,0.068,0.081
1783,889.00,845.12,854,2.012,725.2,0.178,0.193,0.100,0.100,0.069,0.160,0.121,0.079
1784,565.00,841.43,408,1.913,725.5,0.179,0.263,0.084,0.089,0.074,0.158,0.111,0.042
1785,710.00,841.23,488,2.012,726.1,0.144,0.225,0.097,0.104,0.084,0.144,0.107,0.095
1786,474.00,841.26,461,2.015,726.8,0.191,0.213,0.093,0.143,0.065,0.078,0.117,0.100
1787,971.00,843.48,677,1.926,727.2,0.229,0.299,0.052,0.108,0.126,0.065,0.069,0.052
1788,753.00,844.75,753,1.980,727.6,0.169,0.172,0.070,0.109,0.156,0.076,0.159,0.089
1789,509.00,845.73,391,1.825,727.8,0.321,0.226,0.009,0.151,0.094,0.104,0.075,0.019
1790,646.00,845.90,519,2.026,728.3,0.163,0.138,0.080,0.119,0.115,0.119,0.154,0.112
1791,1274.00,848.82,544,1.767,728.4,0.341,0.153,0.035,0.141,0.212,0.035,0.047,0.035
1792,1111.00,855.54,1002,2.036,730.2,0.175,0.096,0.100,0.099,0.138,0.136,0.141,0.115
1793,678.00,853.69,546,1.857,730.7,0.176,0.193,0.040,0.182,0.199,0.112,0.066,0.032
1794,1201.00,858.95,336,1.378,730.9,0.071,0.150,0.057,0.136,0.057,0.493,0.021,0.014
1795,910.00,858.34,858,1.946,731.5,0.126,0.240,0.070,0.165,0.126,0.153,0.063,0.058
1796,573.00,857.29,285,1.996,732.4,0.103,0.192,0.077,0.135,0.152,0.155,0.089,0.098
1797,457.00,849.89,368,1.942,732.8,0.154,0.133,0.046,0.175,0.175,0.217,0.067,0.033
1798,487.00,841.09,476,2.023,733.6,0.162,0.168,0.101,0.127,0.119,0.172,0.067,0.083
1799,1366.00,849.08,1245,1.995,734.0,0.178,0.115,0.132,0.153,0.157,0.132,0.080,0.052
1800,771.00,848.54,666,1.943,734.5,0.137,0.163,0.111,0.183,0.163,0.134,0.072,0.036
1801,806.00,849.32,743,2.028,735.6,0.134,0.136,0.132,0.170,0.158,0.106,0.091,0.074
1802,631.00,844.89,574,2.014,736.4,0.124,0.174,0.170,0.119,0.136,0.101,0.112,0.065
1803,316.00,838.65,245,1.938,736.7,0.103,0.203,0.138,0.164,0.190,0.112,0.065,0.026
1804,833.00,840.51,810,2.037,738.1,0.107,0.197,0.170,0.139,0.119,0.111,0.085,0.072
1805,441.00,838.99,332,1.969,738.3,0.076,0.245,0.141,0.125,0.125,0.060,0.212,0.016
1806,731.00,838.98,726,1.967,738.6,0.080,0.188,0.222,0.131,0.108,0.062,0.159,0.051
1807,1401.00,846.97,1326,1.693,738.8,0.032,0.128,0.234,0.064,0.213,0.160,0.138,0.032
1808,1089.00,855.30,1047,1.966,739.2,0.091,0.192,0.131,0.131,0.141,0.118,0.148,0.047
1809,591.00,852.04,555,1.986,739.6,0.100,0.238,0.141,0.116,0.129,0.093,0.158,0.026
1810,919.00,853.38,749,1.906,739.9,0.092,0.178,0.086,0.119,0.184,0.178,0.114,0.049
1811,241.00,844.85,234,2.029,740.5,0.104,0.183,0.117,0.137,0.133,0.107,0.148,0.072
1812,934.00,847.05,715,2.017,740.9,0.122,0.186,0.105,0.115,0.153,0.122,0.136,0.061
1813,803.00,846.18,523,2.022,741.3,0.156,0.170,0.161,0.112,0.116,0.107,0.103,0.076
1814,737.00,841.28,645,2.034,741.8,0.134,0.165,0.170,0.104,0.104,0.094,0.149,0.081
1815,1383.00,843.12,1111,1.674,741.9,0.116,0.101,0.116,0.087,0.130,0.377,0.029,0.043
1816,1107.00,850.21,831,1.806,742.1,0.071,0.192,0.121,0.071,0.101,0.273,0.111,0.061
1817,552.00,848.00,458,2.024,742.7,0.097,0.227,0.124,0.093,0.076,0.134,0.136,0.112
1818,1002.00,852.47,906,1.948,743.0,0.097,0.210,0.133,0.051,0.103,0.133,0.169,0.103
1819,429.00,844.76,409,2.032,743.8,0.097,0.185,0.106,0.069,0.112,0.134,0.168,0.129
1820,930.00,845.73,791,1.999,744.5,0.097,0.218,0.097,0.064,0.092,0.121,0.129,0.181
1821,837.00,849.01,837,2.047,745.4,0.134,0.144,0.111,0.080,0.083,0.136,0.160,0.152
1822,865.00,840.88,806,2.048,746.5,0.146,0.142,0.123,0.081,0.090,0.141,0.145,0.132
1823,534.00,833.36,521,2.053,747.0,0.137,0.168,0.122,0.116,0.067,0.125,0.177,0.088
1824,592.00,829.08,537,2.050,747.2,0.141,0.092,0.117,0.141,0.104,0.123,0.196,0.086
1825,246.00,824.43,232,2.064,747.9,0.136,0.136,0.130,0.140,0.103,0.103,0.150,0.103
1826,2180.00,832.66,919,1.840,748.0,0.162,0.126,0.162,0.108,0.081,0.216,0.063,0.081
1827,564.00,831.66,528,2.055,748.5,0.126,0.124,0.158,0.078,0.167,0.152,0.129,0.066
1828,1049.00,835.71,999,2.051,749.1,0.121,0.099,0.144,0.106,0.156,0.156,0.133,0.085
1829,295.00,822.57,277,2.058,749.8,0.145,0.101,0.099,0.105,0.204,0.147,0.105,0.094
1830,580.00,824.41,544,2.063,750.4,0.133,0.091,0.142,0.084,0.144,0.162,0.133,0.109
1831,597.00,823.03,489,1.984,750.6,0.121,0.053,0.189,0.182,0.227,0.061,0.091,0.076
1832,1149.00,828.39,952,2.011,750.9,0.194,0.091,0.129,0.097,0.156,0.097,0.102,0.134
1833,1371.00,831.69,1074,1.963,751.1,0.145,0.137,0.168,0.099,0.176,0.115,0.069,0.092
1834,769.00,831.73,693,2.056,751.5,0.103,0.125,0.174,0.103,0.114,0.107,0.114,0.160
1835,1943.00,840.87,663,1.875,751.6,0.191,0.118,0.082,0.109,0.064,0.336,0.045,0.055
1836,969.00,845.22,806,2.046,752.1,0.082,0.105,0.151,0.138,0.187,0.102,0.089,0.148
1837,939.00,843.09,906,1.890,752.1,0.206,0.175,0.111,0.111,0.032,0.222,0.048,0.095
1838,606.00,842.46,557,2.046,753.2,0.124,0.112,0.145,0.088,0.130,0.141,0.123,0.137
1839,1221.00,846.09,1104,1.959,753.7,0.124,0.210,0.121,0.108,0.143,0.099,0.080,0.115
1840,785.00,845.29,580,1.941,754.1,0.118,0.291,0.124,0.076,0.176,0.100,0.076,0.039
1841,1016.00,835.58,719,2.018,754.6,0.123,0.198,0.136,0.112,0.155,0.102,0.091,0.083
1842,584.00,826.66,287,1.948,754.9,0.104,0.232,0.220,0.116,0.140,0.073,0.024,0.091
1843,582.00,825.29,521,2.053,755.5,0.111,0.129,0.129,0.156,0.154,0.098,0.119,0.105
1844,2134.00,836.21,1708,2.007,755.7,0.172,0.139,0.164,0.131,0.139,0.090,0.115,0.049
1845,585.00,837.45,498,2.040,756.2,0.144,0.183,0.089,0.131,0.163,0.114,0.087,0.089
1846,922.00,840.26,792,2.025,756.8,0.144,0.183,0.126,0.097,0.144,0.116,0.082,0.109
1847,1114.00,843.25,861,2.009,757.2,0.222,0.141,0.137,0.101,0.157,0.082,0.036,0.124
1848,1421.00,849.89,1106,1.858,757.3,0.308,0.143,0.176,0.121,0.066,0.099,0.033,0.055
1849,445.00,841.57,392,2.027,757.8,0.222,0.147,0.110,0.091,0.150,0.120,0.072,0.088
1850,688.00,843.83,662,2.031,758.4,0.187,0.115,0.118,0.096,0.103,0.118,0.138,0.125
1851,672.00,838.16,613,1.945,758.7,0.325,0.095,0.101,0.059,0.118,0.118,0.095,0.089
1852,854.00,841.25,790,1.915,758.9,0.261,0.072,0.174,0.058,0.094,0.152,0.094,0.094
1853,1576.00,846.60,1250,1.813,759.0,0.268,0.072,0.113,0.103,0.062,0.299,0.021,0.062
1854,1194.00,858.54,1110,1.967,759.3,0.195,0.078,0.117,0.117,0.087,0.190,0.104,0.113
1855,1144.00,852.67,1008,1.848,759.5,0.298,0.083,0.140,0.066,0.091,0.223,0.058,0.041
1856,591.00,843.11,575,1.711,759.7,0.305,0.137,0.147,0.105,0.084,0.147,0.042,0.032
1857,932.00,839.17,503,1.369,759.8,0.595,0.000,0.041,0.108,0.000,0.189,0.054,0.014
1858,1307.00,843.47,1049,2.046,760.2,0.153,0.088,0.130,0.115,0.111,0.149,0.122,0.134
1859,1127.00,854.74,977,1.983,760.4,0.221,0.105,0.127,0.094,0.099,0.177,0.110,0.066
1860,431.00,853.74,323,2.030,760.7,0.226,0.104,0.085,0.118,0.104,0.170,0.104,0.090
1861,473.00,853.05,429,2.037,761.3,0.133,0.100,0.113,0.097,0.108,0.174,0.159,0.115
1862,681.00,853.97,598,1.996,761.5,0.297,0.104,0.088,0.110,0.099,0.126,0.088,0.088
1863,648.00,856.81,0,1.458,761.6,0.500,0.095,0.081,0.068,0.108,0.108,0.027,0.014
1864,760.00,852.81,664,1.995,762.0,0.257,0.162,0.085,0.118,0.059,0.110,0.103,0.107
1865,1456.00,855.62,1057,1.904,762.2,0.243,0.169,0.108,0.122,0.061,0.122,0.088,0.088
1866,586.00,858.16,561,2.049,763.0,0.168,0.147,0.150,0.101,0.097,0.140,0.102,0.095
1867,1248.00,867.58,576,1.962,763.3,0.188,0.178,0.126,0.173,0.068,0.131,0.047,0.089
1868,1221.00,875.01,894,1.849,763.4,0.272,0.185,0.098,0.098,0.076,0.109,0.043,0.120
1869,679.00,877.88,662,2.040,763.9,0.158,0.136,0.106,0.152,0.130,0.145,0.082,0.091
1870,510.00,866.98,502,2.050,764.5,0.153,0.130,0.119,0.147,0.089,0.145,0.099,0.119
1871,362.00,862.81,290,2.042,765.0,0.142,0.123,0.086,0.150,0.150,0.167,0.053,0.128
1872,994.00,861.59,881,1.790,765.2,0.127,0.091,0.045,0.073,0.118,0.355,0.064,0.127
1873,810.00,856.07,781,2.060,766.1,0.119,0.128,0.142,0.088,0.123,0.165,0.119,0.116
1874,945.00,860.21,928,2.054,767.1,0.116,0.095,0.129,0.137,0.111,0.153,0.143,0.117
1875,1024.00,852.43,926,2.038,767.8,0.176,0.108,0.090,0.126,0.130,0.104,0.137,0.130
1876,1228.00,857.60,1209,2.008,768.0,0.189,0.132,0.044,0.113,0.107,0.126,0.132,0.157
1877,779.00,858.10,628,2.042,768.7,0.158,0.107,0.111,0.133,0.111,0.107,0.164,0.107
1878,492.00,855.21,384,2.033,769.0,0.235,0.105,0.060,0.115,0.115,0.075,0.130,0.165
1879,1274.00,867.95,984,1.990,769.2,0.206,0.140,0.044,0.110,0.118,0.147,0.132,0.103
1880,827.00,864.99,252,1.925,769.4,0.160,0.117,0.104,0.117,0.086,0.239,0.092,0.086
1881,711.00,860.23,490,2.039,769.9,0.173,0.112,0.088,0.109,0.109,0.152,0.125,0.131
1882,582.00,859.21,443,1.995,770.1,0.116,0.155,0.155,0.105,0.072,0.199,0.133,0.066
1883,1081.00,861.13,921,2.007,770.5,0.083,0.102,0.163,0.106,0.136,0.159,0.140,0.110
1884,547.00,860.95,449,1.983,770.7,0.102,0.119,0.085,0.062,0.097,0.312,0.142,0.080
1885,1422.00,868.07,1024,1.958,771.0,0.150,0.082,0.095,0.095,0.102,0.293,0.095,0.088
1886,764.00,870.97,637,2.033,771.3,0.096,0.113,0.091,0.083,0.161,0.152,0.200,0.104
1887,1045.00,871.71,473,1.911,771.4,0.167,0.070,0.053,0.070,0.193,0.281,0.114,0.053
1888,377.00,867.95,351,2.056,772.0,0.140,0.069,0.120,0.155,0.140,0.109,0.148,0.120
1889,1115.00,874.01,886,1.994,772.4,0.120,0.107,0.079,0.107,0.153,0.202,0.157,0.074
1890,365.00,871.20,331,1.989,772.7,0.085,0.071,0.036,0.143,0.170,0.201,0.201,0.094
1891,733.00,865.79,614,1.962,772.9,0.114,0.106,0.065,0.122,0.146,0.236,0.138,0.073
1892,316.00,857.84,309,2.017,773.2,0.108,0.059,0.094,0.163,0.241,0.089,0.182,0.064
1893,668.00,857.74,666,1.912,773.2,0.159,0.111,0.048,0.159,0.127,0.190,0.175,0.032
1894,702.00,852.75,626,1.964,773.4,0.041,0.054,0.068,0.162,0.216,0.189,0.230,0.041
1895,316.00,846.81,299,2.061,773.8,0.138,0.127,0.076,0.142,0.120,0.131,0.138,0.127
1896,1133.00,852.41,758,2.032,774.0,0.111,0.105,0.130,0.111,0.148,0.154,0.142,0.099
1897,1015.00,857.99,968,1.934,774.2,0.106,0.141,0.092,0.127,0.070,0.211,0.176,0.077
1898,794.00,861.06,358,1.706,774.4,0.172,0.241,0.011,0.161,0.034,0.253,0.115,0.011
1899,963.00,857.03,939,1.993,774.7,0.132,0.112,0.086,0.137,0.132,0.178,0.147,0.076
1900,332.00,852.64,231,2.043,775.1,0.125,0.121,0.078,0.134,0.109,0.153,0.150,0.131
1901,542.00,850.00,501,2.062,776.0,0.096,0.134,0.119,0.115,0.105,0.174,0.148,0.110
1902,580.00,849.49,565,2.020,776.6,0.201,0.112,0.082,0.121,0.130,0.137,0.112,0.103
1903,339.00,849.72,307,2.044,777.2,0.192,0.105,0.070,0.138,0.138,0.136,0.126,0.094
1904,556.00,846.95,542,1.991,777.4,0.191,0.127,0.057,0.146,0.102,0.153,0.127,0.096
1905,1039.00,852.93,999,1.435,777.5,0.429,0.079,0.048,0.095,0.111,0.095,0.127,0.016
1906,643.00,852.05,642,2.042,779.6,0.110,0.123,0.128,0.093,0.086,0.167,0.180,0.114
1907,697.00,845.01,594,1.538,779.8,0.096,0.024,0.048,0.016,0.456,0.048,0.216,0.096
1908,685.00,840.97,677,1.751,780.1,0.087,0.070,0.045,0.041,0.293,0.136,0.219,0.107
1909,439.00,839.45,422,1.595,780.3,0.051,0.058,0.065,0.058,0.304,0.036,0.348,0.080
1910,311.00,833.37,184,1.051,780.4,0.167,0.019,0.019,0.000,0.278,0.000,0.500,0.019
1911,782.00,838.78,780,1.756,780.9,0.074,0.068,0.090,0.056,0.265,0.111,0.247,0.090
1912,155.00,830.99,133,1.572,781.1,0.065,0.019,0.065,0.026,0.413,0.019,0.348,0.045
1913,257.00,825.53,251,1.716,781.3,0.038,0.038,0.114,0.010,0.324,0.029,0.362,0.086
1914,300.00,821.16,278,1.761,781.4,0.075,0.058,0.125,0.042,0.283,0.083,0.267,0.067
1915,265.00,809.98,180,1.946,781.7,0.045,0.056,0.121,0.076,0.237,0.126,0.227,0.111
1916,1559.00,814.50,1493,1.841,781.9,0.120,0.043,0.163,0.098,0.217,0.065,0.239,0.054
1917,469.00,813.67,403,1.866,782.1,0.069,0.087,0.179,0.017,0.301,0.081,0.145,0.121
1918,738.00,811.03,670,1.987,782.8,0.092,0.119,0.130,0.092,0.195,0.115,0.103,0.153
1919,395.00,810.69,235,1.893,783.0,0.075,0.087,0.174,0.043,0.273,0.118,0.081,0.149
1920,954.00,810.93,805,2.034,784.3,0.087,0.123,0.157,0.092,0.122,0.158,0.107,0.154
1921,877.00,811.33,714,1.894,784.7,0.113,0.045,0.206,0.089,0.137,0.103,0.110,0.196
1922,632.00,809.00,487,1.854,785.2,0.063,0.022,0.382,0.097,0.094,0.088,0.066,0.188
1923,772.00,811.38,523,1.892,785.5,0.098,0.035,0.267,0.122,0.075,0.078,0.102,0.224
1924,358.00,809.04,336,0.585,785.6,0.744,0.000,0.186,0.000,0.000,0.023,0.023,0.023
1925,398.00,810.56,326,1.954,786.1,0.114,0.028,0.230,0.097,0.091,0.086,0.094,0.260
1926,782.00,796.58,768,2.015,787.1,0.095,0.087,0.173,0.109,0.100,0.139,0.101,0.195
1927,616.00,797.10,471,1.943,787.4,0.132,0.018,0.169,0.164,0.128,0.091,0.046,0.251
1928,1135.00,797.96,861,1.825,787.7,0.181,0.018,0.265,0.157,0.078,0.048,0.096,0.157
1929,964.00,804.65,880,1.871,788.1,0.170,0.052,0.201,0.132,0.111,0.045,0.076,0.212
1930,916.00,808.01,694,1.926,788.5,0.182,0.042,0.211,0.125,0.122,0.060,0.074,0.185
1931,1518.00,817.22,1372,1.927,789.0,0.148,0.038,0.145,0.137,0.128,0.108,0.081,0.215
1932,258.00,808.31,46,0.987,789.1,0.557,0.000,0.164,0.016,0.033,0.066,0.033,0.131
1933,906.00,803.66,669,1.377,789.2,0.535,0.000,0.127,0.070,0.028,0.014,0.056,0.169
1934,555.00,801.52,328,1.938,789.6,0.130,0.023,0.202,0.092,0.176,0.095,0.065,0.218
1935,1121.00,793.30,1006,1.961,790.0,0.123,0.039,0.180,0.123,0.102,0.102,0.134,0.197
1936,741.00,791.02,612,1.984,790.3,0.159,0.029,0.106,0.125,0.207,0.072,0.111,0.192
1937,495.00,786.58,476,2.041,791.0,0.123,0.095,0.127,0.133,0.121,0.109,0.127,0.166
1938,647.00,786.99,480,1.997,791.3,0.112,0.066,0.102,0.152,0.122,0.117,0.178,0.152
1939,272.00,777.50,254,2.008,791.5,0.120,0.070,0.130,0.185,0.130,0.070,0.170,0.125
1940,822.00,777.87,730,1.901,791.7,0.149,0.054,0.176,0.122,0.081,0.162,0.189,0.068
1941,635.00,774.06,540,1.914,791.8,0.093,0.031,0.155,0.062,0.124,0.124,0.289,0.124
1942,910.00,777.32,763,1.736,791.9,0.098,0.000,0.171,0.085,0.085,0.183,0.329,0.049
1943,1001.00,781.51,960,2.046,792.9,0.106,0.106,0.123,0.129,0.109,0.132,0.152,0.143
1944,698.00,767.15,668,1.992,793.3,0.103,0.069,0.172,0.149,0.118,0.137,0.149,0.103
1945,575.00,767.05,545,2.026,793.8,0.120,0.049,0.201,0.166,0.089,0.132,0.146,0.097
1946,1670.00,774.53,1598,1.826,794.0,0.200,0.026,0.122,0.113,0.130,0.209,0.157,0.043
1947,622.00,769.61,617,1.947,794.3,0.126,0.033,0.153,0.121,0.195,0.121,0.186,0.065
1948,1100.00,766.40,683,1.864,794.5,0.259,0.000,0.124,0.194,0.165,0.135,0.112,0.012
1949,755.00,769.50,634,1.901,794.7,0.135,0.015,0.143,0.180,0.158,0.173,0.158,0.038
1950,993.00,772.55,957,1.990,794.9,0.126,0.023,0.160,0.154,0.149,0.194,0.126,0.069
1951,377.00,769.60,288,2.038,795.3,0.131,0.096,0.143,0.171,0.096,0.108,0.151,0.104
1952,1129.00,772.35,1051,1.698,795.4,0.243,0.014,0.057,0.200,0.057,0.300,0.129,0.000
1953,481.00,761.40,434,2.039,795.9,0.147,0.065,0.132,0.138,0.126,0.153,0.159,0.079
1954,626.00,755.72,624,2.027,796.3,0.146,0.070,0.117,0.140,0.105,0.178,0.171,0.073
1955,404.00,748.32,218,2.042,797.0,0.131,0.104,0.107,0.187,0.109,0.153,0.129,0.080
1956,1942.00,761.83,1834,1.990,798.0,0.175,0.114,0.115,0.106,0.110,0.148,0.137,0.096
1957,1058.00,763.09,1016,1.722,798.2,0.272,0.023,0.012,0.191,0.162,0.081,0.231,0.029
1958,392.00,753.94,341,1.796,798.7,0.191,0.070,0.026,0.195,0.143,0.085,0.268,0.022
1959,435.00,747.02,435,1.429,798.7,0.167,0.000,0.000,0.238,0.119,0.024,0.452,0.000
1960,610.00,748.81,605,1.852,799.0,0.217,0.042,0.016,0.169,0.196,0.063,0.265,0.032
1961,977.00,753.85,854,1.888,799.3,0.212,0.057,0.014,0.175,0.160,0.123,0.184,0.075
1962,1034.00,757.38,973,1.713,799.5,0.252,0.014,0.007,0.223,0.173,0.094,0.223,0.014
1963,1219.00,763.09,919,1.606,799.7,0.289,0.011,0.000,0.178,0.178,0.122,0.211,0.011
1964,637.00,761.86,610,1.819,799.9,0.303,0.016,0.016,0.173,0.189,0.108,0.168,0.027
1965,615.00,753.45,311,1.621,800.1,0.405,0.027,0.027,0.189,0.144,0.126,0.081,0.000
1966,420.00,751.79,325,1.847,800.3,0.293,0.057,0.036,0.129,0.179,0.143,0.136,0.029
1967,527.00,744.58,433,1.932,800.5,0.223,0.063,0.034,0.206,0.154,0.126,0.143,0.051
1968,1739.00,749.76,1441,1.865,800.7,0.230,0.037,0.052,0.193,0.089,0.185,0.156,0.059
1969,705.00,750.02,527,2.029,801.6,0.193,0.113,0.082,0.162,0.123,0.133,0.107,0.087
1970,487.00,749.79,371,2.032,802.0,0.201,0.091,0.073,0.179,0.139,0.113,0.102,0.102
1971,1259.00,758.76,1189,1.999,802.3,0.158,0.055,0.103,0.132,0.139,0.165,0.128,0.121
1972,652.00,755.34,585,2.021,802.8,0.148,0.075,0.111,0.169,0.105,0.127,0.120,0.145
1973,795.00,755.19,332,1.849,803.1,0.078,0.019,0.078,0.136,0.117,0.150,0.078,0.345
1974,397.00,749.71,352,2.038,803.7,0.084,0.101,0.138,0.157,0.116,0.106,0.116,0.181
1975,1187.00,751.34,873,1.828,803.9,0.109,0.023,0.078,0.133,0.133,0.164,0.094,0.266
1976,869.00,747.75,862,2.041,804.6,0.130,0.132,0.110,0.112,0.122,0.116,0.098,0.180
1977,818.00,748.14,783,2.030,805.2,0.116,0.086,0.116,0.164,0.114,0.118,0.123,0.162
1978,880.00,752.02,634,2.044,805.9,0.143,0.091,0.106,0.130,0.094,0.138,0.136,0.162
1979,1302.00,752.30,1057,1.971,806.2,0.148,0.006,0.154,0.179,0.068,0.136,0.099,0.210
1980,804.00,752.07,590,2.042,806.9,0.137,0.094,0.150,0.146,0.106,0.096,0.102,0.168
1981,535.00,750.31,451,2.028,807.4,0.173,0.085,0.111,0.183,0.092,0.095,0.121,0.141
1982,634.00,750.83,585,2.023,807.8,0.201,0.114,0.065,0.167,0.074,0.074,0.117,0.188
1983,989.00,749.91,878,2.004,808.3,0.230,0.129,0.113,0.167,0.053,0.097,0.104,0.107
1984,571.00,750.15,517,2.041,808.7,0.248,0.131,0.131,0.080,0.091,0.091,0.105,0.123
1985,1342.00,749.35,1178,1.973,808.9,0.175,0.093,0.093,0.134,0.093,0.093,0.113,0.206
1986,647.00,748.18,460,1.950,809.1,0.162,0.043,0.103,0.103,0.094,0.137,0.171,0.188
1987,564.00,743.37,526,1.950,809.3,0.118,0.043,0.099,0.118,0.099,0.149,0.230,0.143
1988,890.00,748.50,858,1.774,809.4,0.105,0.018,0.000,0.140,0.070,0.070,0.351,0.246
1989,828.00,745.63,691,1.962,809.6,0.128,0.048,0.112,0.120,0.088,0.184,0.208,0.112
1990,726.00,749.24,484,1.822,809.7,0.085,0.028,0.070,0.085,0.127,0.070,0.282,0.254
1991,603.00,747.94,458,1.895,809.8,0.154,0.051,0.051,0.090,0.077,0.141,0.308,0.128
1992,716.00,751.94,464,2.025,810.1,0.172,0.059,0.167,0.099,0.079,0.084,0.192,0.148
1993,905.00,754.31,740,2.045,810.6,0.162,0.110,0.140,0.096,0.118,0.129,0.129,0.115
1994,902.00,756.31,792,2.025,811.2,0.137,0.106,0.147,0.108,0.089,0.096,0.135,0.181
1995,712.00,760.27,597,1.925,811.4,0.147,0.100,0.147,0.035,0.094,0.047,0.229,0.200
1996,252.00,751.46,235,1.939,811.6,0.154,0.147,0.133,0.105,0.063,0.007,0.182,0.210
1997,553.00,746.84,503,1.997,811.9,0.122,0.145,0.158,0.113,0.095,0.081,0.122,0.163
1998,1234.00,751.24,973,1.935,812.2,0.155,0.142,0.110,0.123,0.078,0.032,0.142,0.219
1999,687.00,748.48,582,1.312,812.4,0.052,0.143,0.039,0.039,0.039,0.000,0.117,0.571
2000,371.00,748.87,185,1.985,812.6,0.147,0.185,0.065,0.114,0.125,0.016,0.179,0.168
2001,1028.00,753.73,853,1.873,812.8,0.093,0.178,0.131,0.103,0.075,0.019,0.121,0.280
2002,935.00,757.28,891,2.024,813.3,0.156,0.156,0.133,0.128,0.136,0.051,0.097,0.141
2003,951.00,763.40,861,2.014,813.7,0.192,0.118,0.114,0.133,0.133,0.063,0.096,0.151
2004,562.00,763.46,311,1.970,814.0,0.254,0.095,0.134,0.090,0.154,0.035,0.085,0.154
2005,1192.00,764.99,1141,2.004,814.4,0.159,0.126,0.173,0.148,0.116,0.043,0.123,0.112
2006,777.00,766.33,636,2.024,815.0,0.186,0.145,0.123,0.140,0.109,0.070,0.114,0.111
2007,1148.00,770.84,979,2.043,816.4,0.160,0.166,0.170,0.111,0.111,0.083,0.081,0.119
2008,755.00,771.54,714,2.011,817.2,0.169,0.149,0.125,0.118,0.145,0.135,0.064,0.095
2009,926.00,776.41,868,2.026,818.0,0.152,0.152,0.106,0.147,0.141,0.158,0.077,0.066
2010,891.00,782.21,686,1.841,818.1,0.073,0.218,0.105,0.113,0.194,0.137,0.089,0.073
2011,901.00,783.40,864,1.930,818.3,0.063,0.099,0.225,0.072,0.252,0.189,0.063,0.036
2012,287.00,784.72,147,2.001,818.6,0.156,0.152,0.140,0.099,0.243,0.136,0.049,0.025
2013,1173.00,793.88,1033,2.034,819.0,0.153,0.172,0.137,0.099,0.179,0.115,0.061,0.084
2014,733.00,798.21,667,2.041,819.7,0.141,0.112,0.123,0.094,0.168,0.162,0.119,0.082
2015,1290.00,808.46,1035,2.004,820.2,0.186,0.165,0.108,0.105,0.162,0.135,0.078,0.059
2016,927.00,802.14,739,1.784,820.4,0.055,0.258,0.188,0.047,0.320,0.031,0.086,0.016
2017,1295.00,810.40,999,2.026,820.8,0.186,0.163,0.141,0.065,0.157,0.134,0.075,0.078
2018,971.00,812.73,809,2.041,821.5,0.163,0.139,0.139,0.082,0.169,0.123,0.095,0.089
2019,1062.00,819.40,981,2.045,822.5,0.179,0.126,0.129,0.085,0.121,0.166,0.096,0.098
2020,1184.00,821.70,1035,2.035,824.1,0.157,0.131,0.126,0.100,0.126,0.119,0.124,0.117
2021,737.00,820.30,699,2.033,825.5,0.208,0.090,0.090,0.157,0.127,0.097,0.128,0.102
2022,1095.00,824.93,1005,1.820,825.7,0.183,0.083,0.202,0.183,0.147,0.055,0.092,0.055
2023,1417.00,831.38,1058,1.803,825.8,0.132,0.047,0.202,0.264,0.101,0.085,0.093,0.078
2024,545.00,833.25,472,1.968,826.3,0.142,0.059,0.190,0.211,0.150,0.064,0.131,0.053
2025,675.00,836.02,539,2.010,827.0,0.175,0.093,0.142,0.149,0.153,0.075,0.116,0.097
2026,1433.00,842.53,710,1.837,827.2,0.057,0.050,0.291,0.163,0.128,0.057,0.163,0.092
2027,1227.00,848.64,972,1.938,827.5,0.114,0.053,0.211,0.167,0.130,0.069,0.142,0.114
2028,993.00,847.22,857,2.043,828.2,0.124,0.096,0.133,0.181,0.106,0.076,0.151,0.133
2029,366.00,841.24,358,2.060,829.2,0.155,0.123,0.100,0.120,0.152,0.116,0.130,0.104
2030,1006.00,842.14,882,1.763,829.4,0.083,0.248,0.180,0.195,0.075,0.053,0.128,0.038
2031,497.00,831.93,395,1.903,830.3,0.197,0.181,0.187,0.159,0.025,0.107,0.052,0.093
2032,1230.00,841.65,762,1.781,830.6,0.190,0.210,0.206,0.165,0.008,0.089,0.032,0.101
2033,993.00,842.52,910,1.928,831.4,0.216,0.170,0.154,0.149,0.035,0.108,0.062,0.105
2034,1085.00,847.82,635,1.792,831.7,0.163,0.236,0.207,0.111,0.005,0.106,0.029,0.144
2035,797.00,844.58,754,1.902,832.2,0.213,0.174,0.159,0.150,0.021,0.135,0.060,0.090
2036,737.00,844.54,699,1.967,832.7,0.176,0.189,0.137,0.147,0.039,0.119,0.062,0.132
2037,709.00,846.68,548,2.022,833.7,0.149,0.146,0.126,0.134,0.071,0.149,0.092,0.132
2038,1022.00,850.43,863,1.821,834.1,0.139,0.172,0.142,0.106,0.026,0.099,0.088,0.230
2039,1238.00,860.09,635,1.764,834.4,0.165,0.181,0.111,0.095,0.021,0.078,0.091,0.259
2040,1118.00,863.05,1080,1.942,835.0,0.182,0.193,0.120,0.089,0.039,0.111,0.100,0.166
2041,1856.00,875.26,1753,1.825,835.4,0.230,0.148,0.102,0.124,0.018,0.117,0.074,0.187
2042,967.00,875.83,204,1.714,835.7,0.245,0.241,0.104,0.090,0.009,0.061,0.028,0.222
2043,1865.00,884.47,1108,1.789,836.0,0.248,0.187,0.114,0.118,0.004,0.089,0.045,0.195
2044,2204.00,899.53,2022,1.603,836.3,0.213,0.156,0.100,0.142,0.024,0.062,0.038,0.265
2045,1666.00,910.44,961,1.377,836.4,0.378,0.098,0.000,0.134,0.000,0.024,0.024,0.341
2046,1659.00,910.33,1205,1.681,836.7,0.218,0.245,0.064,0.207,0.005,0.053,0.027,0.181
2047,842.00,912.53,789,1.956,837.3,0.202,0.176,0.117,0.145,0.041,0.130,0.080,0.108
2048,1053.00,912.06,1023,2.013,838.6,0.133,0.183,0.121,0.115,0.088,0.130,0.111,0.119
2049,808.00,912.59,626,1.972,839.3,0.124,0.251,0.120,0.079,0.066,0.166,0.075,0.118
2050,296.00,905.62,0,1.779,839.5,0.121,0.305,0.113,0.064,0.007,0.284,0.057,0.050
2051,830.00,910.15,732,1.861,839.7,0.213,0.156,0.123,0.041,0.049,0.270,0.049,0.098
2052,1497.00,913.83,888,1.857,840.0,0.175,0.234,0.094,0.088,0.047,0.269,0.047,0.047
2053,1414.00,923.16,1093,1.857,840.4,0.136,0.192,0.166,0.053,0.060,0.225,0.103,0.066
2054,605.00,922.95,241,1.897,841.0,0.167,0.216,0.162,0.084,0.027,0.219,0.054,0.071
2055,969.00,928.60,912,1.948,841.6,0.170,0.196,0.112,0.082,0.077,0.189,0.079,0.096
2056,946.00,918.64,387,1.773,841.8,0.172,0.248,0.070,0.115,0.013,0.255,0.038,0.089
2057,1334.00,921.40,973,1.815,841.9,0.252,0.184,0.049,0.107,0.049,0.194,0.058,0.107
2058,979.00,927.27,791,1.865,842.3,0.218,0.173,0.062,0.129,0.031,0.227,0.044,0.116
2059,1164.00,934.56,908,1.892,842.7,0.153,0.215,0.085,0.147,0.062,0.160,0.098,0.081
2060,682.00,935.28,630,1.955,843.3,0.158,0.196,0.072,0.160,0.054,0.167,0.079,0.113
2061,1376.00,939.27,1299,1.988,844.1,0.190,0.121,0.104,0.162,0.086,0.151,0.063,0.123
2062,1162.00,940.55,937,1.869,844.5,0.267,0.140,0.089,0.198,0.019,0.159,0.035,0.093
2063,1925.00,947.61,1699,1.882,844.9,0.216,0.096,0.099,0.148,0.059,0.151,0.083,0.148
2064,1614.00,957.38,902,1.732,845.2,0.284,0.098,0.028,0.121,0.005,0.237,0.037,0.191
2065,892.00,960.15,478,1.917,845.8,0.232,0.117,0.089,0.161,0.034,0.180,0.036,0.151
2066,1535.00,971.30,1018,1.875,846.1,0.192,0.076,0.096,0.176,0.020,0.160,0.040,0.240
2067,1044.00,976.47,935,1.938,846.6,0.189,0.110,0.069,0.198,0.028,0.179,0.069,0.157
2068,530.00,964.38,483,1.975,846.9,0.252,0.111,0.102,0.111,0.049,0.128,0.097,0.150
2069,825.00,965.58,546,1.996,847.1,0.238,0.109,0.114,0.223,0.031,0.098,0.057,0.130
2070,1003.00,970.74,917,1.979,847.4,0.182,0.162,0.155,0.108,0.101,0.101,0.095,0.095
2071,571.00,963.86,510,2.047,848.3,0.149,0.131,0.128,0.132,0.138,0.128,0.080,0.115
2072,1113.00,968.47,936,2.008,848.9,0.167,0.114,0.136,0.143,0.114,0.107,0.092,0.126
2073,647.00,966.99,509,1.787,849.0,0.262,0.164,0.066,0.098,0.000,0.164,0.148,0.098
2074,785.00,970.87,731,2.028,849.8,0.179,0.129,0.135,0.107,0.107,0.133,0.088,0.122
2075,1039.00,969.39,816,1.907,850.0,0.222,0.176,0.231,0.065,0.019,0.093,0.120,0.074
2076,529.00,965.99,511,2.021,850.9,0.146,0.137,0.177,0.093,0.085,0.148,0.111,0.102
2077,845.00,966.26,783,1.934,851.3,0.184,0.105,0.202,0.120,0.037,0.127,0.116,0.109
2078,960.00,967.06,946,1.985,852.1,0.135,0.162,0.210,0.104,0.072,0.103,0.133,0.080
2079,594.00,959.98,380,1.800,852.3,0.188,0.211,0.117,0.180,0.000,0.031,0.211,0.062
2080,693.00,958.87,649,1.952,852.7,0.145,0.158,0.138,0.201,0.046,0.043,0.194,0.076
2081,284.00,956.36,284,0.974,852.8,0.077,0.103,0.026,0.000,0.000,0.000,0.769,0.026
2082,650.00,956.52,609,1.809,852.9,0.179,0.198,0.142,0.123,0.000,0.028,0.236,0.094
2083,743.00,954.06,673,1.884,853.2,0.221,0.169,0.169,0.122,0.012,0.064,0.169,0.076
2084,631.00,954.66,622,1.755,853.3,0.165,0.193,0.165,0.101,0.009,0.055,0.202,0.110
2085,864.00,949.88,493,1.413,853.5,0.138,0.212,0.037,0.037,0.000,0.025,0.438,0.113
2086,266.00,946.07,253,1.556,853.6,0.152,0.272,0.033,0.033,0.000,0.011,0.304,0.196
2087,1293.00,953.36,870,1.813,853.9,0.209,0.234,0.070,0.094,0.020,0.074,0.115,0.184
2088,595.00,950.41,548,1.937,854.4,0.170,0.234,0.074,0.080,0.036,0.085,0.173,0.148
2089,1163.00,953.76,1031,1.972,854.9,0.156,0.194,0.124,0.107,0.029,0.124,0.116,0.150
2090,1282.00,959.32,1005,2.015,855.8,0.142,0.173,0.137,0.088,0.067,0.123,0.131,0.137
2091,1523.00,968.52,1000,1.679,855.9,0.057,0.276,0.076,0.105,0.000,0.048,0.143,0.295
2092,592.00,967.28,340,1.687,856.1,0.103,0.248,0.094,0.128,0.000,0.094,0.094,0.239
2093,1950.00,977.73,1787,1.669,856.3,0.115,0.331,0.088,0.088,0.007,0.054,0.115,0.203
2094,824.00,976.95,610,1.712,856.5,0.139,0.340,0.104,0.076,0.000,0.049,0.076,0.215
2095,723.00,977.06,330,1.932,856.9,0.199,0.267,0.094,0.090,0.023,0.094,0.060,0.173
2096,1205.00,986.59,1155,2.006,857.6,0.196,0.123,0.157,0.086,0.070,0.114,0.119,0.135
2097,1649.00,997.55,1491,1.865,857.9,0.170,0.240,0.140,0.090,0.015,0.110,0.115,0.120
2098,574.00,990.95,528,1.934,858.4,0.182,0.182,0.150,0.088,0.016,0.142,0.091,0.150
2099,956.00,993.64,830,1.681,858.5,0.202,0.323,0.030,0.101,0.000,0.061,0.121,0.162
2100,1059.00,1000.52,988,1.876,858.7,0.122,0.260,0.076,0.145,0.015,0.168,0.084,0.130
2101,925.00,999.49,794,1.933,859.0,0.175,0.189,0.101,0.106,0.023,0.194,0.088,0.124
2102,1366.00,1003.80,1049,1.895,859.3,0.157,0.204,0.120,0.125,0.060,0.162,0.116,0.056
2103,570.00,999.99,509,1.971,859.8,0.094,0.182,0.156,0.174,0.024,0.218,0.097,0.056
2104,737.00,1001.74,686,1.910,860.1,0.158,0.174,0.109,0.120,0.033,0.179,0.152,0.076
2105,1244.00,1002.26,1112,1.812,860.3,0.128,0.318,0.108,0.115,0.007,0.095,0.128,0.101
2106,762.00,1002.11,733,2.024,861.0,0.125,0.140,0.134,0.165,0.064,0.146,0.131,0.095
2107,448.00,995.11,354,2.011,861.4,0.107,0.207,0.128,0.100,0.045,0.138,0.159,0.117
2108,500.00,992.56,482,2.021,861.8,0.082,0.155,0.152,0.143,0.091,0.137,0.119,0.119
2109,764.00,990.94,718,2.033,862.7,0.116,0.113,0.137,0.085,0.106,0.142,0.142,0.160
2110,823.00,990.26,494,1.950,863.1,0.083,0.201,0.133,0.133,0.034,0.091,0.076,0.250
2111,821.00,989.46,577,1.821,863.3,0.046,0.232,0.132,0.159,0.020,0.033,0.106,0.272
2112,1380.00,1000.39,613,1.742,863.5,0.067,0.307,0.073,0.093,0.013,0.060,0.100,0.287
2113,1099.00,999.65,864,1.792,863.7,0.067,0.262,0.081,0.101,0.027,0.081,0.081,0.302
2114,1512.00,1007.44,979,1.819,864.0,0.057,0.289,0.107,0.126,0.057,0.094,0.119,0.151
2115,733.00,1001.87,733,2.024,865.5,0.113,0.136,0.120,0.112,0.114,0.137,0.130,0.138
2116,160.00,994.20,75,1.376,865.9,0.076,0.084,0.571,0.058,0.018,0.055,0.051,0.087
2117,800.00,989.25,635,1.880,866.9,0.102,0.061,0.320,0.054,0.082,0.139,0.061,0.181
2118,725.00,986.79,510,1.825,867.5,0.098,0.079,0.390,0.039,0.061,0.120,0.075,0.138
2119,928.00,985.45,594,1.545,867.7,0.109,0.061,0.473,0.024,0.036,0.097,0.055,0.145
2120,906.00,982.67,470,1.359,867.9,0.081,0.069,0.519,0.081,0.031,0.037,0.062,0.119
2121,745.00,982.75,198,1.666,868.3,0.096,0.046,0.477,0.067,0.054,0.092,0.063,0.105
2122,1267.00,984.47,858,1.712,868.6,0.179,0.077,0.301,0.077,0.049,0.159,0.061,0.098
2123,593.00,976.23,403,1.839,869.1,0.149,0.099,0.328,0.101,0.072,0.083,0.040,0.128
2124,326.00,974.04,106,1.963,869.5,0.151,0.158,0.265,0.103,0.059,0.103,0.051,0.110
2125,1580.00,983.09,969,1.930,869.8,0.168,0.099,0.230,0.093,0.087,0.130,0.062,0.130
2126,1117.00,979.93,599,1.709,870.0,0.207,0.086,0.314,0.071,0.057,0.086,0.043,0.136
2127,848.00,976.14,358,1.706,870.2,0.235,0.061,0.326,0.098,0.061,0.091,0.045,0.083
2128,1177.00,977.98,771,1.797,870.4,0.171,0.129,0.257,0.079,0.064,0.114,0.071,0.114
2129,953.00,983.85,835,1.978,871.0,0.194,0.126,0.155,0.108,0.092,0.122,0.072,0.131
2130,929.00,983.08,865,1.968,871.5,0.185,0.115,0.154,0.112,0.073,0.146,0.037,0.177
2131,786.00,985.97,611,1.999,872.2,0.194,0.109,0.179,0.117,0.086,0.107,0.067,0.142
2132,887.00,982.54,861,2.000,873.0,0.161,0.121,0.123,0.131,0.134,0.113,0.085,0.131
2133,567.00,978.28,481,1.974,873.4,0.206,0.176,0.095,0.166,0.071,0.101,0.044,0.142
2134,1106.00,978.49,1067,2.026,874.3,0.130,0.167,0.119,0.139,0.096,0.127,0.066,0.155
2135,1305.00,983.57,837,1.956,874.5,0.188,0.149,0.139,0.109,0.030,0.178,0.040,0.168
2136,504.00,981.24,338,1.998,874.8,0.145,0.205,0.100,0.130,0.060,0.130,0.055,0.175
2137,408.00,978.23,273,2.046,875.4,0.101,0.147,0.119,0.115,0.089,0.149,0.107,0.174
2138,1167.00,979.68,982,1.858,875.6,0.043,0.172,0.226,0.172,0.011,0.086,0.140,0.151
2139,1243.00,979.73,984,1.899,875.8,0.073,0.188,0.204,0.068,0.026,0.126,0.152,0.162
2140,876.00,977.31,836,2.006,876.8,0.078,0.107,0.185,0.077,0.109,0.133,0.123,0.188
2141,928.00,968.03,773,1.796,877.0,0.072,0.165,0.266,0.230,0.014,0.007,0.115,0.129
2142,701.00,965.37,642,1.863,877.3,0.089,0.083,0.296,0.178,0.012,0.024,0.148,0.172
2143,900.00,955.72,862,1.948,877.8,0.127,0.082,0.172,0.127,0.053,0.090,0.186,0.162
2144,1181.00,945.49,1029,1.819,878.0,0.128,0.099,0.206,0.199,0.000,0.021,0.149,0.199
2145,562.00,934.45,524,1.926,878.3,0.129,0.098,0.147,0.142,0.022,0.076,0.196,0.191
2146,623.00,924.09,592,1.878,878.5,0.212,0.073,0.126,0.113,0.013,0.066,0.172,0.225
2147,1469.00,930.36,384,1.683,878.7,0.306,0.050,0.165,0.223,0.008,0.000,0.116,0.132
2148,1055.00,930.38,763,1.875,879.1,0.207,0.112,0.133,0.168,0.007,0.025,0.144,0.204
2149,944.00,931.74,716,1.688,879.2,0.198,0.109,0.208,0.238,0.000,0.010,0.109,0.129
2150,973.00,938.51,797,1.779,879.4,0.174,0.087,0.148,0.287,0.009,0.000,0.157,0.139
2151,588.00,936.09,360,1.777,879.6,0.123,0.085,0.236,0.198,0.000,0.009,0.179,0.170
2152,480.00,925.92,444,1.934,880.0,0.128,0.128,0.128,0.142,0.021,0.080,0.188,0.184
2153,673.00,918.51,552,1.970,880.5,0.163,0.131,0.100,0.094,0.031,0.089,0.171,0.220
2154,1218.00,924.64,662,1.816,880.7,0.119,0.144,0.244,0.081,0.013,0.037,0.150,0.212
2155,1101.00,925.96,882,1.657,880.8,0.221,0.052,0.078,0.195,0.000,0.026,0.091,0.338
2156,920.00,925.70,841,1.963,881.4,0.188,0.089,0.139,0.101,0.038,0.096,0.166,0.183
2157,798.00,920.34,707,1.983,881.9,0.206,0.118,0.137,0.150,0.039,0.086,0.096,0.169
2158,1291.00,923.46,909,1.815,882.2,0.157,0.182,0.226,0.088,0.006,0.082,0.050,0.208
2159,822.00,920.04,612,1.909,882.5,0.119,0.147,0.220,0.156,0.037,0.060,0.078,0.183
2160,1184.00,925.06,621,1.750,882.7,0.173,0.244,0.244,0.165,0.016,0.024,0.047,0.087
2161,973.00,921.03,804,1.942,883.0,0.181,0.163,0.156,0.181,0.029,0.072,0.091,0.127
2162,1263.00,922.04,1122,1.845,883.3,0.147,0.240,0.147,0.200,0.013,0.033,0.073,0.147
2163,669.00,909.48,573,1.868,883.5,0.198,0.157,0.134,0.169,0.006,0.064,0.081,0.192
2164,1603.00,909.37,1277,1.956,883.8,0.229,0.117,0.169,0.147,0.013,0.069,0.134,0.121
2165,1026.00,910.71,714,1.986,884.5,0.171,0.134,0.165,0.150,0.054,0.091,0.101,0.134
2166,737.00,902.73,302,1.866,884.8,0.218,0.166,0.212,0.104,0.005,0.036,0.057,0.202
2167,558.00,897.87,469,1.962,885.2,0.136,0.082,0.179,0.172,0.007,0.136,0.125,0.161
2168,561.00,898.18,423,1.994,885.8,0.172,0.108,0.165,0.154,0.042,0.137,0.057,0.165
2169,637.00,896.30,565,1.961,886.3,0.170,0.116,0.180,0.132,0.039,0.141,0.090,0.132
2170,965.00,895.92,782,1.973,886.7,0.196,0.127,0.121,0.176,0.020,0.167,0.065,0.127
2171,398.00,894.19,324,1.968,887.3,0.143,0.135,0.128,0.157,0.031,0.220,0.072,0.114
2172,906.00,892.12,754,1.997,888.2,0.127,0.125,0.107,0.157,0.066,0.183,0.078,0.157
2173,842.00,894.07,622,1.903,888.7,0.113,0.115,0.067,0.220,0.024,0.236,0.088,0.137
2174,358.00,889.80,324,1.975,889.1,0.125,0.121,0.073,0.218,0.020,0.153,0.169,0.121
2175,599.00,885.40,584,2.032,889.7,0.176,0.123,0.111,0.178,0.086,0.086,0.141,0.100
2176,593.00,886.04,450,1.846,889.9,0.103,0.279,0.059,0.250,0.000,0.059,0.088,0.162
2177,738.00,884.97,671,2.040,890.9,0.150,0.112,0.143,0.107,0.121,0.094,0.157,0.116
2178,504.00,880.41,448,1.969,891.2,0.141,0.124,0.098,0.175,0.043,0.068,0.188,0.162
2179,724.00,881.71,512,1.908,891.3,0.142,0.115,0.186,0.168,0.009,0.027,0.177,0.177
2180,1051.00,885.29,887,1.769,891.4,0.050,0.250,0.150,0.083,0.000,0.017,0.217,0.233
2181,381.00,886.26,355,1.898,891.7,0.207,0.165,0.122,0.128,0.011,0.016,0.191,0.160
2182,879.00,888.55,763,1.705,891.8,0.043,0.404,0.085,0.170,0.000,0.021,0.149,0.128
2183,424.00,885.36,424,1.915,892.0,0.158,0.222,0.082,0.140,0.018,0.041,0.211,0.129
2184,1065.00,889.70,805,1.827,892.1,0.198,0.247,0.086,0.086,0.000,0.049,0.148,0.185
2185,894.00,890.00,834,2.034,893.4,0.157,0.100,0.104,0.135,0.123,0.120,0.151,0.111
2186,545.00,892.79,518,1.849,893.6,0.092,0.059,0.086,0.250,0.013,0.125,0.289,0.086
2187,950.00,889.36,741,1.821,893.8,0.111,0.089,0.022,0.393,0.022,0.126,0.119,0.119
2188,850.00,891.91,665,1.624,894.0,0.053,0.133,0.000,0.427,0.000,0.093,0.147,0.147
2189,862.00,888.90,632,1.871,894.1,0.135,0.108,0.054,0.207,0.018,0.171,0.180,0.126
2190,390.00,879.98,370,2.000,894.6,0.178,0.100,0.078,0.212,0.037,0.128,0.125,0.143
2191,816.00,872.91,773,1.913,894.8,0.141,0.190,0.035,0.176,0.042,0.183,0.162,0.070
2192,1001.00,877.00,893,1.881,895.0,0.142,0.136,0.102,0.222,0.045,0.114,0.170,0.068
2193,591.00,863.41,578,1.800,895.3,0.112,0.158,0.046,0.329,0.039,0.145,0.145,0.026
2194,505.00,860.22,500,2.007,896.0,0.163,0.118,0.070,0.173,0.096,0.168,0.148,0.064
2195,572.00,858.71,572,1.826,896.2,0.051,0.143,0.061,0.255,0.010,0.194,0.163,0.122
2196,1079.00,857.45,1004,2.048,897.3,0.131,0.120,0.101,0.116,0.142,0.162,0.105,0.123
2197,438.00,845.34,383,1.971,897.5,0.063,0.139,0.044,0.190,0.114,0.120,0.209,0.120
2198,390.00,843.50,345,1.356,897.6,0.000,0.396,0.000,0.229,0.000,0.042,0.333,0.000
2199,382.00,837.76,321,1.998,898.0,0.071,0.173,0.082,0.173,0.109,0.119,0.190,0.082
2200,782.00,834.99,721,2.046,898.7,0.124,0.135,0.112,0.093,0.135,0.156,0.139,0.105
2201,715.00,832.89,512,2.053,899.5,0.102,0.144,0.098,0.130,0.186,0.102,0.095,0.145
2202,507.00,824.30,456,2.021,900.0,0.098,0.149,0.111,0.149,0.168,0.062,0.125,0.136
2203,504.00,823.64,485,2.022,900.7,0.121,0.184,0.113,0.152,0.178,0.100,0.108,0.043
2204,818.00,824.45,452,1.927,901.0,0.072,0.225,0.144,0.163,0.105,0.148,0.100,0.043
2205,439.00,816.40,315,1.973,901.4,0.083,0.215,0.198,0.139,0.160,0.118,0.052,0.035
2206,771.00,816.49,668,1.911,901.5,0.036,0.162,0.108,0.126,0.252,0.171,0.117,0.027
2207,681.00,818.82,482,2.009,901.8,0.081,0.166,0.094,0.136,0.196,0.136,0.106,0.085
2208,1111.00,824.93,975,1.925,902.1,0.088,0.232,0.122,0.160,0.110,0.127,0.094,0.066
2209,712.00,824.41,472,1.983,902.5,0.127,0.230,0.097,0.107,0.133,0.127,0.103,0.077
2210,486.00,821.04,415,2.039,903.0,0.113,0.157,0.098,0.149,0.154,0.121,0.103,0.105
2211,1269.00,825.52,533,1.884,903.1,0.061,0.272,0.088,0.105,0.044,0.184,0.114,0.132
2212,1097.00,822.69,1056,1.809,903.3,0.034,0.356,0.046,0.046,0.023,0.149,0.138,0.207
2213,608.00,817.78,543,2.045,903.9,0.140,0.173,0.093,0.088,0.095,0.132,0.128,0.152
2214,891.00,811.57,562,1.907,904.1,0.048,0.277,0.145,0.096,0.036,0.169,0.084,0.145
2215,811.00,812.35,718,1.865,904.2,0.024,0.285,0.114,0.057,0.122,0.081,0.122,0.195
2216,848.00,819.23,541,1.918,904.4,0.049,0.275,0.127,0.070,0.106,0.070,0.099,0.204
2217,896.00,820.19,549,1.977,904.7,0.093,0.180,0.134,0.082,0.144,0.046,0.155,0.165
2218,938.00,822.32,820,2.033,905.2,0.123,0.129,0.120,0.102,0.157,0.098,0.123,0.148
2219,404.00,817.08,222,2.019,905.5,0.092,0.147,0.168,0.103,0.158,0.082,0.130,0.120
2220,698.00,815.00,625,2.025,905.8,0.113,0.094,0.207,0.099,0.167,0.049,0.182,0.089
2221,712.00,814.67,631,1.972,906.0,0.131,0.124,0.110,0.076,0.117,0.110,0.200,0.131
2222,489.00,806.89,469,2.039,906.4,0.107,0.125,0.163,0.075,0.100,0.085,0.213,0.132
2223,467.00,805.63,394,1.984,906.7,0.123,0.156,0.133,0.104,0.156,0.085,0.137,0.104
2224,1040.00,812.77,706,1.899,906.9,0.094,0.080,0.094,0.123,0.283,0.109,0.116,0.101
2225,604.00,803.01,558,1.985,907.3,0.158,0.124,0.107,0.111,0.174,0.124,0.111,0.091
2226,820.00,800.04,602,1.867,907.6,0.117,0.068,0.086,0.080,0.241,0.086,0.210,0.111
2227,456.00,796.12,368,1.472,907.7,0.085,0.019,0.057,0.085,0.387,0.066,0.283,0.019
2228,939.00,793.74,936,1.761,908.0,0.108,0.032,0.064,0.140,0.261,0.070,0.261,0.064
2229,819.00,792.40,651,1.318,908.1,0.076,0.011,0.043,0.098,0.457,0.022,0.272,0.022
2230,967.00,792.78,689,2.013,908.9,0.136,0.105,0.125,0.132,0.162,0.092,0.153,0.096
2231,540.00,790.32,522,1.913,909.2,0.110,0.079,0.083,0.206,0.140,0.075,0.254,0.053
2232,780.00,789.25,750,2.011,909.7,0.129,0.089,0.112,0.150,0.162,0.105,0.176,0.077
2233,796.00,791.54,734,1.992,910.2,0.095,0.142,0.134,0.156,0.134,0.075,0.156,0.106
2234,403.00,784.51,374,1.971,910.5,0.058,0.173,0.101,0.135,0.111,0.077,0.264,0.082
2235,1032.00,781.78,854,1.923,910.8,0.181,0.156,0.087,0.163,0.094,0.075,0.194,0.050
2236,443.00,781.17,436,1.984,911.0,0.136,0.130,0.099,0.136,0.117,0.099,0.216,0.068
2237,314.00,780.23,296,1.980,911.3,0.130,0.130,0.092,0.151,0.130,0.076,0.232,0.059
2238,1034.00,778.90,943,1.947,911.4,0.140,0.140,0.065,0.103,0.131,0.084,0.280,0.056
2239,1234.00,778.81,1081,1.899,911.6,0.104,0.148,0.096,0.148,0.148,0.104,0.207,0.044
2240,1070.00,780.75,964,2.051,913.0,0.119,0.133,0.134,0.128,0.123,0.129,0.125,0.110
2241,410.00,775.57,335,2.004,913.5,0.104,0.239,0.135,0.093,0.126,0.107,0.132,0.063
2242,1035.00,778.91,776,1.808,913.7,0.032,0.222,0.063,0.103,0.111,0.079,0.214,0.175
2243,752.00,777.43,599,1.823,913.9,0.047,0.307,0.024,0.110,0.102,0.071,0.181,0.157
2244,1013.00,775.75,917,1.944,914.5,0.075,0.194,0.087,0.149,0.060,0.097,0.162,0.177
2245,958.00,779.71,708,1.823,914.8,0.038,0.332,0.057,0.081,0.057,0.076,0.156,0.204
2246,673.00,780.21,338,1.930,915.1,0.058,0.282,0.062,0.104,0.104,0.137,0.095,0.158
2247,605.00,771.57,539,2.001,915.7,0.087,0.211,0.087,0.087,0.114,0.104,0.087,0.223
2248,860.00,769.62,595,1.784,915.8,0.010,0.212,0.038,0.077,0.067,0.106,0.144,0.346
2249,418.00,764.36,352,2.048,916.4,0.090,0.190,0.069,0.103,0.116,0.116,0.139,0.177
2250,777.00,762.40,677,1.929,916.5,0.106,0.202,0.064,0.064,0.170,0.138,0.106,0.149
2251,966.00,766.18,582,1.803,916.7,0.043,0.130,0.014,0.101,0.116,0.116,0.188,0.290
2252,504.00,766.42,427,1.996,917.0,0.100,0.137,0.064,0.076,0.100,0.149,0.205,0.169
2253,1023.00,769.92,923,1.998,917.3,0.088,0.148,0.060,0.099,0.104,0.181,0.170,0.148
2254,925.00,766.99,662,2.054,918.3,0.158,0.138,0.105,0.098,0.103,0.122,0.114,0.161
2255,819.00,764.17,511,1.876,918.6,0.046,0.195,0.023,0.121,0.098,0.282,0.121,0.115
2256,1049.00,765.46,948,1.598,918.7,0.000,0.083,0.000,0.033,0.050,0.333,0.383,0.117
2257,426.00,761.74,408,1.792,919.0,0.083,0.083,0.045,0.090,0.090,0.248,0.248,0.113
2258,682.00,755.65,663,1.992,920.0,0.108,0.100,0.088,0.125,0.074,0.184,0.219,0.102
2259,672.00,754.15,661,1.820,920.4,0.062,0.137,0.012,0.093,0.056,0.143,0.311,0.186
2260,718.00,749.49,708,1.558,920.6,0.012,0.083,0.000,0.119,0.000,0.119,0.381,0.286
2261,338.00,743.14,327,1.921,921.0,0.067,0.155,0.031,0.109,0.062,0.171,0.254,0.150
2262,843.00,738.94,558,2.004,921.7,0.123,0.168,0.060,0.131,0.069,0.176,0.103,0.170
2263,690.00,739.15,615,1.995,922.1,0.093,0.160,0.062,0.108,0.067,0.186,0.144,0.180
2264,560.00,728.72,438,2.010,922.7,0.081,0.184,0.084,0.106,0.087,0.190,0.134,0.134
2265,450.00,722.96,442,1.971,923.1,0.097,0.157,0.093,0.169,0.109,0.177,0.149,0.048
2266,745.00,723.04,675,1.825,923.3,0.111,0.185,0.025,0.154,0.160,0.216,0.148,0.000
2267,419.00,721.65,366,1.862,923.7,0.079,0.148,0.079,0.153,0.120,0.213,0.204,0.005
2268,344.00,719.48,326,1.982,924.2,0.116,0.123,0.144,0.161,0.123,0.175,0.123,0.035
2269,1280.00,725.91,1258,1.761,924.3,0.086,0.258,0.065,0.129,0.097,0.161,0.183,0.022
2270,942.00,725.68,885,1.783,924.6,0.076,0.243,0.076,0.174,0.146,0.104,0.174,0.007
2271,470.00,726.40,262,1.931,925.0,0.121,0.185,0.102,0.117,0.091,0.147,0.200,0.038
2272,614.00,723.48,552,1.957,925.6,0.134,0.144,0.134,0.118,0.123,0.160,0.157,0.029
2273,1194.00,727.00,959,1.755,925.8,0.048,0.181,0.038,0.124,0.210,0.229,0.152,0.019
2274,292.00,726.34,236,1.930,926.2,0.122,0.139,0.117,0.157,0.113,0.183,0.139,0.030
2275,1251.00,732.86,840,1.993,926.8,0.169,0.164,0.086,0.137,0.102,0.157,0.127,0.058
2276,455.00,731.48,347,1.832,927.1,0.127,0.120,0.030,0.139,0.090,0.241,0.247,0.006
2277,335.00,727.45,214,1.950,927.5,0.154,0.154,0.073,0.124,0.115,0.184,0.192,0.004
2278,755.00,729.96,698,1.996,928.5,0.177,0.138,0.124,0.166,0.109,0.140,0.112,0.033
2279,747.00,730.19,594,1.970,929.2,0.226,0.159,0.054,0.117,0.107,0.154,0.145,0.040
2280,1380.00,733.48,1055,1.704,929.2,0.135,0.154,0.000,0.077,0.038,0.308,0.250,0.038
2281,1198.00,741.65,1173,1.720,929.4,0.140,0.280,0.000,0.060,0.050,0.240,0.220,0.010
2282,725.00,740.11,660,1.908,929.9,0.209,0.140,0.095,0.112,0.054,0.143,0.215,0.032
2283,528.00,741.15,420,2.000,931.0,0.196,0.083,0.130,0.113,0.083,0.116,0.151,0.129
2284,260.00,733.10,242,1.678,931.2,0.229,0.029,0.164,0.121,0.021,0.093,0.307,0.036
2285,290.00,727.06,281,1.792,931.5,0.122,0.011,0.178,0.033,0.156,0.122,0.317,0.061
2286,296.00,724.57,251,1.960,932.1,0.168,0.059,0.213,0.050,0.106,0.168,0.162,0.073
2287,467.00,719.74,436,2.008,933.0,0.129,0.071,0.197,0.070,0.128,0.136,0.129,0.139
2288,425.00,715.49,360,1.786,933.3,0.119,0.022,0.054,0.038,0.378,0.146,0.162,0.081
2289,740.00,714.27,709,2.038,934.7,0.111,0.083,0.147,0.109,0.108,0.116,0.164,0.162
2290,1367.00,724.04,1109,1.757,934.8,0.053,0.032,0.063,0.105,0.063,0.221,0.200,0.263
2291,480.00,720.68,399,1.951,935.2,0.078,0.054,0.124,0.085,0.116,0.275,0.151,0.116
2292,423.00,714.90,409,1.968,935.6,0.107,0.061,0.131,0.045,0.152,0.225,0.123,0.156
2293,545.00,714.44,530,2.001,936.0,0.089,0.079,0.146,0.076,0.162,0.195,0.139,0.113
2294,1303.00,722.42,1217,1.891,936.5,0.142,0.064,0.124,0.078,0.142,0.195,0.103,0.152
2295,757.00,724.27,652,1.945,936.9,0.132,0.068,0.071,0.075,0.146,0.244,0.142,0.122
2296,577.00,719.25,561,1.993,937.5,0.144,0.061,0.086,0.056,0.158,0.219,0.152,0.123
2297,1189.00,726.76,868,1.921,937.7,0.175,0.075,0.069,0.062,0.138,0.269,0.163,0.050
2298,806.00,730.92,642,1.779,937.9,0.175,0.050,0.000,0.138,0.062,0.362,0.062,0.150
2299,918.00,736.28,818,1.884,938.1,0.124,0.040,0.096,0.073,0.079,0.322,0.119,0.147
2300,1118.00,739.64,1081,1.963,938.8,0.125,0.058,0.127,0.120,0.109,0.247,0.097,0.118
2301,493.00,737.42,478,1.908,939.2,0.164,0.073,0.118,0.084,0.088,0.256,0.134,0.084
2302,675.00,739.10,634,1.957,939.8,0.152,0.093,0.136,0.088,0.096,0.229,0.112,0.093
2303,649.00,740.55,629,1.842,940.1,0.172,0.054,0.147,0.088,0.113,0.225,0.098,0.103
2304,1136.00,743.73,992,1.881,940.5,0.173,0.066,0.184,0.074,0.088,0.294,0.066,0.055
2305,572.00,745.06,554,1.915,940.9,0.125,0.081,0.143,0.062,0.117,0.260,0.132,0.081
2306,1069.00,748.04,803,1.774,941.1,0.270,0.041,0.054,0.054,0.108,0.270,0.108,0.095
2307,755.00,748.78,682,1.985,941.5,0.163,0.071,0.158,0.062,0.121,0.188,0.117,0.121
2308,1362.00,751.29,1057,1.766,941.6,0.253,0.013,0.139,0.063,0.177,0.139,0.063,0.152
2309,1530.00,759.47,1328,1.756,941.8,0.222,0.071,0.131,0.030,0.091,0.192,0.081,0.182
2310,1233.00,766.94,710,1.674,941.9,0.355,0.064,0.091,0.018,0.100,0.136,0.045,0.191
2311,719.00,761.44,680,2.017,942.8,0.161,0.078,0.157,0.076,0.115,0.143,0.103,0.166
2312,662.00,757.09,627,2.034,943.4,0.190,0.108,0.123,0.075,0.130,0.166,0.075,0.135
2313,911.00,760.12,781,2.048,943.9,0.140,0.099,0.137,0.128,0.122,0.134,0.085,0.155
2314,857.00,759.78,533,1.948,944.1,0.181,0.101,0.138,0.159,0.087,0.167,0.072,0.094
2315,1348.00,765.15,1225,1.952,944.3,0.177,0.129,0.177,0.113,0.105,0.105,0.073,0.121
2316,680.00,763.47,457,2.044,944.9,0.193,0.105,0.149,0.088,0.118,0.163,0.080,0.105
2317,1307.00,767.58,487,1.860,945.1,0.215,0.038,0.277,0.092,0.054,0.177,0.054,0.092
2318,1014.00,768.34,486,1.906,945.3,0.139,0.053,0.364,0.060,0.060,0.205,0.040,0.079
2319,903.00,773.33,560,1.998,945.7,0.210,0.030,0.236,0.107,0.129,0.137,0.069,0.082
2320,346.00,769.81,312,2.017,946.2,0.132,0.079,0.238,0.126,0.088,0.141,0.114,0.082
2321,846.00,771.15,835,2.052,947.0,0.139,0.092,0.172,0.133,0.110,0.134,0.110,0.110
2322,872.00,774.98,850,2.026,948.0,0.146,0.102,0.164,0.110,0.105,0.177,0.102,0.095
2323,807.00,778.38,740,2.037,948.7,0.152,0.126,0.146,0.089,0.073,0.181,0.124,0.110
2324,758.00,775.56,668,2.025,949.1,0.193,0.163,0.130,0.104,0.063,0.141,0.107,0.100
2325,1242.00,781.94,1010,1.994,949.4,0.240,0.132,0.066,0.090,0.054,0.174,0.162,0.084
2326,205.00,775.79,185,1.953,949.6,0.261,0.035,0.052,0.122,0.078,0.157,0.217,0.078
2327,591.00,777.14,505,2.039,950.6,0.169,0.109,0.118,0.106,0.121,0.146,0.123,0.108
2328,374.00,771.49,327,1.998,950.9,0.165,0.143,0.203,0.089,0.089,0.110,0.110,0.093
2329,451.00,767.81,360,2.023,951.4,0.101,0.191,0.197,0.101,0.133,0.093,0.087,0.096
2330,1133.00,769.47,768,2.002,951.7,0.128,0.133,0.144,0.156,0.106,0.094,0.061,0.178
2331,839.00,772.46,740,2.047,952.4,0.121,0.117,0.207,0.113,0.140,0.082,0.084,0.136
2332,1552.00,780.18,1279,1.939,952.6,0.119,0.142,0.119,0.097,0.104,0.060,0.104,0.254
2333,609.00,778.31,589,2.025,953.2,0.112,0.125,0.160,0.107,0.110,0.087,0.125,0.175
2334,732.00,781.60,655,2.036,954.0,0.117,0.129,0.157,0.117,0.086,0.109,0.111,0.175
2335,1250.00,783.78,957,1.889,954.2,0.142,0.103,0.142,0.123,0.052,0.103,0.110,0.226
2336,1295.00,792.30,773,1.752,954.5,0.082,0.146,0.123,0.181,0.035,0.076,0.058,0.298
2337,425.00,793.41,287,1.640,954.7,0.070,0.148,0.102,0.164,0.008,0.055,0.023,0.430
2338,701.00,790.08,431,1.947,955.1,0.121,0.121,0.143,0.171,0.057,0.057,0.075,0.254
2339,771.00,785.45,664,2.024,956.0,0.127,0.151,0.160,0.122,0.097,0.094,0.106,0.143
2340,779.00,782.54,729,1.954,956.7,0.149,0.153,0.114,0.164,0.054,0.081,0.066,0.219
2341,2131.00,799.75,1655,1.747,956.9,0.230,0.126,0.074,0.133,0.030,0.059,0.052,0.296
2342,1272.00,802.12,657,1.640,957.1,0.224,0.272,0.054,0.109,0.014,0.027,0.034,0.265
2343,652.00,801.12,550,1.948,957.9,0.160,0.239,0.087,0.154,0.065,0.085,0.059,0.150
2344,1801.00,809.00,1394,1.794,958.3,0.155,0.182,0.106,0.136,0.038,0.091,0.091,0.201
2345,1941.00,818.83,1430,1.726,958.7,0.176,0.180,0.117,0.121,0.031,0.039,0.051,0.285
2346,1086.00,822.96,638,1.551,958.9,0.151,0.178,0.138,0.151,0.007,0.000,0.007,0.368
2347,1263.00,829.54,1087,1.868,959.4,0.168,0.165,0.121,0.150,0.016,0.065,0.059,0.255
2348,2023.00,841.17,1492,1.508,959.7,0.170,0.102,0.122,0.156,0.007,0.034,0.020,0.388
2349,1393.00,850.92,1271,1.927,960.4,0.188,0.173,0.126,0.118,0.036,0.081,0.060,0.216
2350,674.00,849.89,488,1.981,961.3,0.174,0.133,0.073,0.173,0.073,0.098,0.090,0.185
2351,503.00,845.26,374,1.936,961.9,0.184,0.136,0.113,0.192,0.037,0.084,0.071,0.184
2352,949.00,849.71,670,1.996,962.4,0.120,0.174,0.142,0.142,0.085,0.137,0.068,0.131
2353,786.00,847.34,708,1.985,962.9,0.139,0.175,0.155,0.116,0.056,0.066,0.086,0.208
2354,1103.00,849.12,1023,2.030,963.7,0.138,0.168,0.122,0.134,0.126,0.103,0.099,0.110
2355,1448.00,855.41,1268,1.938,964.0,0.162,0.108,0.195,0.195,0.049,0.043,0.103,0.146
2356,532.00,850.24,482,1.965,964.4,0.163,0.127,0.099,0.183,0.044,0.107,0.111,0.167
2357,589.00,851.87,563,2.017,964.8,0.194,0.124,0.108,0.134,0.080,0.092,0.118,0.150
2358,598.00,851.03,408,1.983,965.2,0.121,0.138,0.146,0.194,0.089,0.089,0.101,0.121
2359,1030.00,854.61,769,1.972,965.5,0.112,0.209,0.128,0.168,0.056,0.082,0.082,0.163
2360,1136.00,858.79,935,1.928,965.8,0.141,0.096,0.096,0.198,0.090,0.090,0.096,0.192
2361,731.00,862.72,489,1.844,966.0,0.084,0.160,0.260,0.176,0.015,0.076,0.069,0.160
2362,949.00,863.78,762,2.009,966.4,0.132,0.113,0.159,0.126,0.096,0.113,0.119,0.142
2363,653.00,863.41,449,1.985,966.8,0.221,0.113,0.144,0.179,0.067,0.062,0.082,0.133
2364,554.00,863.35,507,2.039,967.4,0.112,0.128,0.183,0.154,0.069,0.133,0.124,0.097
2365,726.00,866.11,660,2.011,967.9,0.103,0.157,0.121,0.145,0.109,0.118,0.133,0.115
2366,677.00,865.43,528,2.025,968.4,0.066,0.152,0.135,0.213,0.063,0.129,0.098,0.144
2367,1201.00,873.25,995,1.879,968.7,0.098,0.173,0.127,0.168,0.046,0.092,0.075,0.220
2368,702.00,876.83,672,2.039,969.3,0.112,0.193,0.086,0.170,0.084,0.100,0.123,0.133
2369,597.00,870.00,447,1.999,969.8,0.108,0.108,0.227,0.159,0.075,0.088,0.081,0.153
2370,1204.00,872.62,753,1.910,969.9,0.142,0.094,0.189,0.208,0.057,0.028,0.075,0.208
2371,620.00,874.12,576,2.033,970.4,0.083,0.128,0.219,0.172,0.119,0.075,0.106,0.097
2372,951.00,877.49,725,1.981,970.8,0.089,0.103,0.286,0.155,0.113,0.085,0.089,0.080
2373,432.00,869.87,380,2.039,971.4,0.109,0.143,0.132,0.107,0.216,0.084,0.132,0.077
2374,1400.00,880.95,1145,1.977,971.7,0.143,0.149,0.186,0.205,0.099,0.062,0.081,0.075
2375,965.00,878.09,504,1.998,972.1,0.122,0.151,0.143,0.127,0.159,0.098,0.118,0.082
2376,700.00,880.54,619,2.006,972.5,0.161,0.143,0.223,0.125,0.066,0.073,0.114,0.095
2377,1296.00,890.15,1213,1.982,972.9,0.203,0.116,0.165,0.100,0.084,0.094,0.123,0.116
2378,1201.00,894.61,1151,2.039,974.1,0.183,0.135,0.111,0.129,0.129,0.098,0.079,0.135
2379,848.00,895.62,775,2.030,975.1,0.143,0.132,0.118,0.145,0.122,0.087,0.126,0.126
2380,1082.00,892.64,1056,2.026,975.9,0.140,0.116,0.140,0.110,0.126,0.079,0.163,0.126
2381,386.00,884.52,368,2.022,976.2,0.107,0.185,0.195,0.122,0.093,0.054,0.156,0.088
2382,1203.00,889.30,1029,2.035,976.8,0.154,0.161,0.142,0.087,0.102,0.102,0.135,0.118
2383,668.00,890.70,590,2.052,977.2,0.146,0.146,0.150,0.107,0.107,0.111,0.143,0.089
2384,595.00,894.05,351,2.030,977.5,0.115,0.220,0.093,0.055,0.115,0.088,0.176,0.137
2385,767.00,898.82,707,2.041,978.4,0.163,0.153,0.078,0.117,0.130,0.125,0.121,0.112
2386,1498.00,910.84,1440,1.777,978.6,0.231,0.106,0.029,0.125,0.029,0.192,0.231,0.058
2387,751.00,913.68,559,1.688,979.0,0.190,0.303,0.014,0.041,0.095,0.127,0.195,0.036
2388,473.00,914.16,462,1.459,979.1,0.227,0.303,0.015,0.030,0.076,0.030,0.288,0.030
2389,543.00,912.19,525,1.448,979.2,0.236,0.327,0.000,0.018,0.018,0.073,0.309,0.018
2390,1089.00,909.41,829,1.697,979.5,0.223,0.315,0.038,0.038,0.085,0.062,0.208,0.031
2391,668.00,911.29,611,1.794,979.9,0.267,0.216,0.013,0.022,0.159,0.116,0.190,0.017
2392,856.00,915.62,833,1.964,980.6,0.228,0.154,0.040,0.094,0.172,0.112,0.123,0.076
2393,943.00,919.60,774,1.690,980.7,0.236,0.055,0.000,0.145,0.127,0.091,0.345,0.000
2394,778.00,914.35,677,1.899,981.1,0.250,0.152,0.049,0.041,0.148,0.164,0.160,0.037
2395,756.00,914.34,598,1.862,981.4,0.260,0.163,0.034,0.053,0.130,0.135,0.154,0.072
2396,1507.00,923.64,1052,1.792,981.6,0.269,0.177,0.046,0.092,0.108,0.123,0.115,0.069
2397,1372.00,925.47,949,1.697,981.8,0.202,0.298,0.019,0.173,0.058,0.029,0.077,0.144
2398,1504.00,932.45,1236,1.631,982.0,0.314,0.163,0.000,0.140,0.023,0.058,0.128,0.174
2399,891.00,932.18,874,2.001,983.0,0.219,0.171,0.081,0.102,0.123,0.091,0.120,0.093
2400,2306.00,944.06,2187,1.550,983.3,0.167,0.210,0.048,0.295,0.062,0.052,0.071,0.095
2401,1006.00,949.19,855,1.881,983.9,0.258,0.178,0.062,0.133,0.093,0.085,0.122,0.068
2402,1194.00,954.38,1113,1.816,984.4,0.168,0.149,0.097,0.172,0.087,0.084,0.184,0.058
2403,579.00,953.68,298,1.968,984.9,0.168,0.207,0.060,0.168,0.105,0.081,0.123,0.087
2404,310.00,945.42,223,1.945,985.2,0.199,0.199,0.088,0.133,0.044,0.072,0.215,0.050
2405,452.00,944.22,422,1.912,985.5,0.144,0.268,0.067,0.043,0.062,0.100,0.201,0.115
2406,864.00,942.17,748,1.715,985.7,0.067,0.403,0.042,0.076,0.067,0.050,0.218,0.076
2407,428.00,938.90,276,2.012,986.1,0.170,0.160,0.087,0.070,0.090,0.150,0.160,0.113
2408,538.00,930.66,394,1.946,986.5,0.107,0.256,0.132,0.068,0.077,0.103,0.171,0.085
2409,732.00,922.68,482,1.520,986.7,0.031,0.398,0.078,0.297,0.039,0.055,0.055,0.047
2410,452.00,914.87,367,2.002,987.0,0.097,0.280,0.140,0.126,0.068,0.126,0.087,0.077
2411,965.00,917.33,713,1.886,987.2,0.143,0.229,0.124,0.190,0.048,0.076,0.095,0.095
2412,1406.00,924.77,980,1.855,987.4,0.074,0.270,0.117,0.178,0.067,0.074,0.123,0.098
2413,886.00,924.52,802,1.893,987.8,0.107,0.254,0.156,0.161,0.045,0.089,0.094,0.094
2414,328.00,919.23,288,2.024,988.3,0.109,0.232,0.135,0.055,0.102,0.169,0.086,0.112
2415,424.00,909.99,391,2.047,989.2,0.109,0.222,0.097,0.138,0.110,0.102,0.091,0.130
2416,769.00,910.88,766,1.895,989.3,0.000,0.262,0.131,0.238,0.024,0.071,0.167,0.107
2417,1060.00,908.41,754,2.017,989.6,0.084,0.207,0.112,0.101,0.067,0.134,0.128,0.168
2418,432.00,902.59,430,1.944,989.9,0.095,0.292,0.071,0.101,0.095,0.101,0.131,0.113
2419,1091.00,904.47,853,1.706,990.0,0.101,0.323,0.061,0.172,0.030,0.020,0.152,0.141
2420,809.00,909.10,796,1.949,990.4,0.116,0.237,0.108,0.064,0.084,0.104,0.145,0.141
2421,1097.00,911.61,695,1.875,990.7,0.118,0.297,0.066,0.118,0.042,0.094,0.142,0.123
2422,899.00,911.88,854,2.029,991.5,0.149,0.166,0.102,0.110,0.091,0.119,0.127,0.136
2423,1654.00,920.35,1295,1.897,991.8,0.104,0.261,0.081,0.137,0.123,0.104,0.100,0.090
2424,585.00,918.62,567,2.031,992.8,0.140,0.154,0.122,0.095,0.077,0.152,0.128,0.132
2425,1311.00,919.31,507,1.794,993.0,0.051,0.202,0.101,0.270,0.039,0.107,0.084,0.146
2426,777.00,925.03,693,1.990,993.6,0.098,0.083,0.155,0.083,0.050,0.175,0.145,0.211
2427,965.00,928.77,842,1.945,994.0,0.099,0.090,0.152,0.188,0.049,0.139,0.139,0.143
2428,1017.00,935.20,586,1.570,994.1,0.047,0.129,0.059,0.435,0.000,0.047,0.141,0.141
2429,600.00,936.69,387,1.911,994.4,0.093,0.087,0.087,0.217,0.006,0.224,0.149,0.137
2430,606.00,931.42,548,2.008,995.0,0.129,0.107,0.118,0.099,0.044,0.209,0.121,0.173
2431,680.00,929.83,547,1.738,995.0,0.038,0.226,0.075,0.226,0.019,0.075,0.264,0.075
2432,1017.00,924.48,688,1.899,995.3,0.077,0.121,0.082,0.110,0.049,0.165,0.253,0.143
2433,1018.00,928.57,883,2.012,995.9,0.146,0.110,0.117,0.095,0.068,0.132,0.185,0.146
2434,1011.00,931.36,991,1.778,996.1,0.067,0.101,0.112,0.202,0.000,0.079,0.247,0.191
2435,1702.00,935.88,1587,1.553,996.3,0.043,0.140,0.065,0.290,0.000,0.022,0.247,0.194
2436,578.00,928.71,575,1.607,996.4,0.080,0.070,0.100,0.210,0.020,0.030,0.360,0.130
2437,1458.00,939.04,1452,1.248,996.6,0.038,0.067,0.096,0.462,0.000,0.010,0.250,0.077
2438,576.00,937.79,576,1.910,997.0,0.106,0.163,0.079,0.110,0.031,0.070,0.260,0.181
2439,1409.00,944.17,1313,1.997,997.5,0.158,0.123,0.141,0.085,0.092,0.113,0.127,0.162
2440,480.00,941.18,425,1.809,997.6,0.056,0.224,0.084,0.215,0.000,0.047,0.243,0.131
2441,492.00,924.79,490,1.849,997.9,0.054,0.215,0.154,0.181,0.000,0.054,0.255,0.087
2442,595.00,918.02,562,1.989,998.1,0.090,0.157,0.172,0.149,0.037,0.067,0.231,0.097
2443,432.00,915.82,282,2.050,998.6,0.121,0.174,0.121,0.109,0.075,0.099,0.127,0.174
2444,1093.00,908.74,897,1.559,998.7,0.048,0.143,0.067,0.419,0.010,0.095,0.095,0.124
2445,799.00,897.32,753,2.029,999.8,0.151,0.131,0.131,0.112,0.105,0.109,0.115,0.147
2446,528.00,891.74,451,1.991,1000.3,0.214,0.153,0.118,0.128,0.121,0.086,0.089,0.089
2447,926.00,888.37,773,2.000,1000.7,0.203,0.132,0.105,0.071,0.135,0.086,0.128,0.139
2448,423.00,872.37,383,2.007,1001.2,0.191,0.161,0.085,0.100,0.067,0.136,0.106,0.155
2449,846.00,866.90,704,2.008,1001.8,0.171,0.129,0.099,0.117,0.087,0.119,0.149,0.129
2450,476.00,864.92,342,1.977,1002.2,0.170,0.184,0.135,0.063,0.076,0.099,0.135,0.139
2451,284.00,862.73,281,2.004,1002.6,0.107,0.090,0.164,0.115,0.074,0.090,0.168,0.193
2452,593.00,859.17,524,2.017,1002.9,0.098,0.109,0.126,0.115,0.098,0.087,0.164,0.202
2453,526.00,856.57,438,2.041,1003.4,0.110,0.135,0.179,0.102,0.110,0.061,0.132,0.171
2454,841.00,853.95,784,2.049,1004.1,0.141,0.093,0.141,0.099,0.095,0.121,0.148,0.161
2455,379.00,843.26,257,2.000,1004.4,0.123,0.117,0.266,0.084,0.058,0.123,0.123,0.104
2456,768.00,845.62,635,2.013,1004.9,0.124,0.101,0.178,0.075,0.086,0.167,0.170,0.101
2457,484.00,844.57,466,2.028,1005.6,0.115,0.121,0.134,0.098,0.104,0.124,0.145,0.158
2458,641.00,845.00,441,1.961,1005.8,0.076,0.146,0.132,0.042,0.090,0.236,0.201,0.076
2459,400.00,838.70,236,2.044,1006.4,0.113,0.128,0.128,0.113,0.079,0.151,0.169,0.118
2460,1397.00,841.31,1007,1.923,1006.6,0.025,0.158,0.050,0.183,0.033,0.275,0.192,0.083
2461,604.00,840.04,601,2.032,1007.3,0.118,0.118,0.124,0.156,0.077,0.144,0.156,0.108
2462,1125.00,841.80,987,2.023,1007.8,0.146,0.158,0.095,0.152,0.109,0.140,0.109,0.092
2463,832.00,843.59,575,2.041,1008.2,0.158,0.150,0.126,0.146,0.113,0.126,0.121,0.061
2464,933.00,847.38,754,1.979,1008.4,0.137,0.147,0.108,0.127,0.059,0.118,0.255,0.049
2465,393.00,844.05,336,2.032,1008.7,0.136,0.130,0.096,0.096,0.164,0.147,0.141,0.090
2466,1051.00,847.79,917,2.051,1009.9,0.145,0.130,0.109,0.149,0.106,0.122,0.120,0.119
2467,1022.00,846.00,661,1.276,1010.1,0.045,0.143,0.117,0.448,0.065,0.071,0.065,0.045
2468,483.00,843.81,347,1.642,1010.7,0.076,0.067,0.183,0.401,0.076,0.058,0.131,0.009
2469,389.00,841.73,358,1.858,1011.6,0.100,0.105,0.201,0.304,0.076,0.053,0.128,0.032
2470,2398.00,853.67,1192,1.451,1011.8,0.055,0.104,0.143,0.434,0.060,0.055,0.126,0.022
2471,310.00,850.57,147,1.023,1012.1,0.046,0.146,0.046,0.646,0.031,0.031,0.054,0.000
2472,774.00,848.80,636,1.721,1012.5,0.103,0.195,0.121,0.346,0.121,0.029,0.077,0.007
2473,657.00,851.05,392,1.544,1012.8,0.081,0.183,0.098,0.464,0.094,0.013,0.060,0.009
2474,929.00,846.34,855,1.808,1013.4,0.128,0.154,0.138,0.292,0.141,0.052,0.086,0.008
2475,1224.00,848.93,1053,1.797,1013.8,0.114,0.218,0.156,0.241,0.117,0.052,0.085,0.016
2476,863.00,850.56,526,1.638,1014.1,0.107,0.260,0.107,0.328,0.069,0.038,0.092,0.000
2477,847.00,846.07,698,1.853,1014.6,0.138,0.205,0.174,0.214,0.141,0.034,0.092,0.003
2478,588.00,839.94,542,1.823,1014.9,0.194,0.239,0.144,0.184,0.139,0.035,0.060,0.005
2479,416.00,835.62,404,1.840,1015.2,0.141,0.223,0.132,0.182,0.114,0.055,0.141,0.014
2480,673.00,831.53,642,1.808,1015.5,0.139,0.215,0.091,0.211,0.129,0.086,0.110,0.019
2481,1084.00,838.51,876,1.864,1015.9,0.147,0.180,0.110,0.232,0.121,0.074,0.110,0.026
2482,414.00,830.62,353,1.720,1016.2,0.077,0.194,0.097,0.368,0.077,0.026,0.155,0.006
2483,628.00,830.22,601,1.894,1016.5,0.168,0.212,0.112,0.201,0.095,0.056,0.145,0.011
2484,633.00,830.60,430,1.854,1016.7,0.138,0.186,0.103,0.166,0.138,0.090,0.179,0.000
2485,763.00,830.56,694,1.920,1017.1,0.159,0.131,0.143,0.171,0.151,0.060,0.143,0.044
2486,1495.00,830.53,1340,1.606,1017.2,0.172,0.109,0.094,0.266,0.016,0.016,0.328,0.000
2487,1278.00,835.80,1029,1.571,1017.3,0.148,0.180,0.082,0.279,0.049,0.000,0.262,0.000
2488,827.00,839.34,799,1.721,1017.5,0.182,0.124,0.083,0.322,0.058,0.025,0.207,0.000
2489,704.00,840.95,653,1.977,1018.4,0.174,0.133,0.128,0.149,0.120,0.087,0.152,0.057
2490,736.00,837.42,731,1.341,1018.5,0.054,0.071,0.036,0.411,0.000,0.000,0.429,0.000
2491,362.00,834.36,310,1.865,1018.8,0.140,0.140,0.083,0.118,0.123,0.105,0.272,0.018
2492,1031.00,836.11,812,1.625,1018.9,0.098,0.118,0.020,0.118,0.157,0.098,0.392,0.000
2493,895.00,835.63,868,1.924,1019.3,0.202,0.109,0.109,0.082,0.245,0.089,0.156,0.008
2494,230.00,830.15,200,1.895,1019.6,0.162,0.168,0.073,0.173,0.115,0.105,0.204,0.000
2495,656.00,829.15,618,1.948,1020.1,0.237,0.112,0.085,0.119,0.169,0.119,0.153,0.007
2496,696.00,821.04,671,1.924,1020.3,0.198,0.136,0.123,0.117,0.105,0.136,0.185,0.000
2497,793.00,815.25,567,1.936,1020.6,0.199,0.160,0.088,0.105,0.138,0.166,0.144,0.000
2498,837.00,808.58,764,1.941,1021.0,0.193,0.153,0.128,0.113,0.117,0.095,0.175,0.026
2499,504.00,804.71,311,1.792,1021.2,0.128,0.163,0.151,0.163,0.116,0.035,0.244,0.000
2500,479.00,786.44,469,2.009,1022.0,0.200,0.126,0.154,0.106,0.115,0.117,0.128,0.053
2501,844.00,784.82,826,1.975,1022.9,0.132,0.145,0.119,0.138,0.164,0.086,0.146,0.069
2502,542.00,778.30,390,1.896,1023.2,0.235,0.100,0.041,0.171,0.206,0.100,0.147,0.000
2503,714.00,779.65,638,1.987,1024.2,0.197,0.164,0.073,0.182,0.143,0.097,0.101,0.043
2504,940.00,785.95,864,1.827,1024.4,0.215,0.242,0.054,0.161,0.074,0.094,0.141,0.020
2505,438.00,785.81,398,1.841,1024.7,0.171,0.255,0.032,0.204,0.111,0.106,0.106,0.014
2506,560.00,782.77,555,1.991,1025.6,0.158,0.233,0.085,0.148,0.095,0.136,0.103,0.041
2507,894.00,787.43,846,1.985,1026.0,0.190,0.227,0.081,0.121,0.130,0.117,0.113,0.020
2508,675.00,788.80,570,1.909,1026.3,0.135,0.224,0.047,0.182,0.167,0.094,0.130,0.021
2509,283.00,784.31,220,1.959,1026.6,0.159,0.153,0.080,0.131,0.193,0.131,0.136,0.017
2510,1314.00,792.93,1243,1.663,1026.7,0.173,0.093,0.053,0.267,0.120,0.053,0.240,0.000
2511,490.00,788.18,332,1.756,1026.9,0.131,0.131,0.071,0.262,0.131,0.071,0.190,0.012
2512,819.00,782.31,790,1.955,1027.1,0.112,0.171,0.079,0.184,0.132,0.138,0.151,0.033
2513,678.00,780.23,635,2.007,1027.5,0.176,0.128,0.100,0.148,0.114,0.141,0.128,0.066
2514,202.00,778.97,175,1.974,1027.8,0.154,0.147,0.059,0.162,0.184,0.125,0.147,0.022
2515,818.00,782.91,640,2.033,1028.5,0.169,0.153,0.116,0.130,0.108,0.132,0.122,0.071
2516,872.00,783.94,829,1.959,1028.8,0.162,0.173,0.045,0.229,0.151,0.117,0.112,0.011
2517,575.00,779.09,528,1.979,1029.2,0.131,0.151,0.135,0.106,0.180,0.110,0.102,0.086
2518,918.00,783.95,480,1.940,1029.6,0.125,0.125,0.067,0.131,0.227,0.134,0.160,0.032
2519,380.00,776.84,379,1.926,1030.0,0.106,0.147,0.078,0.142,0.257,0.064,0.183,0.023
2520,492.00,773.67,329,2.009,1030.4,0.102,0.148,0.092,0.145,0.201,0.141,0.128,0.043
2521,1389.00,776.59,1349,1.263,1030.5,0.075,0.090,0.030,0.493,0.030,0.000,0.284,0.000
2522,665.00,774.25,647,1.998,1031.0,0.127,0.137,0.102,0.178,0.175,0.095,0.121,0.067
2523,800.00,765.71,641,1.460,1031.1,0.012,0.073,0.195,0.415,0.061,0.012,0.232,0.000
2524,794.00,767.80,672,1.765,1031.3,0.062,0.082,0.186,0.361,0.124,0.041,0.134,0.010
2525,526.00,759.95,329,2.017,1031.7,0.098,0.184,0.128,0.197,0.141,0.077,0.098,0.077
2526,535.00,757.53,280,1.992,1032.0,0.105,0.126,0.134,0.202,0.109,0.113,0.118,0.092
2527,889.00,756.77,796,1.976,1032.4,0.135,0.186,0.072,0.169,0.127,0.135,0.127,0.051
2528,590.00,752.50,489,2.021,1032.9,0.191,0.183,0.060,0.133,0.138,0.123,0.112,0.060
2529,626.00,752.76,443,2.023,1033.5,0.145,0.173,0.074,0.162,0.110,0.115,0.145,0.077
2530,629.00,752.99,548,2.001,1033.8,0.234,0.119,0.100,0.144,0.080,0.095,0.184,0.045
2531,801.00,754.20,773,2.049,1034.5,0.201,0.123,0.142,0.152,0.092,0.113,0.088,0.088
2532,609.00,750.12,530,1.979,1034.7,0.196,0.123,0.094,0.174,0.087,0.094,0.123,0.109
2533,485.00,744.79,463,2.053,1035.5,0.190,0.127,0.091,0.123,0.135,0.113,0.133,0.089
2534,533.00,740.01,484,1.992,1035.7,0.219,0.129,0.110,0.148,0.097,0.103,0.123,0.071
2535,643.00,729.42,487,1.940,1035.9,0.211,0.122,0.171,0.138,0.057,0.130,0.130,0.041
2536,800.00,731.64,619,1.873,1036.0,0.213,0.082,0.213,0.164,0.049,0.049,0.180,0.049
2537,978.00,726.84,900,2.052,1037.2,0.151,0.099,0.133,0.084,0.099,0.115,0.172,0.148
2538,1335.00,734.43,1276,1.826,1037.3,0.169,0.211,0.085,0.113,0.042,0.169,0.211,0.000
2539,437.00,724.71,410,2.014,1038.5,0.174,0.150,0.137,0.132,0.074,0.132,0.076,0.125
2540,651.00,726.42,577,1.922,1039.3,0.152,0.142,0.091,0.256,0.087,0.065,0.116,0.091
2541,467.00,726.17,451,1.997,1040.3,0.170,0.170,0.098,0.182,0.102,0.052,0.136,0.089
2542,879.00,729.01,661,1.736,1040.6,0.203,0.101,0.044,0.373,0.025,0.070,0.120,0.063
2543,873.00,733.42,756,1.460,1040.8,0.114,0.106,0.023,0.530,0.015,0.045,0.129,0.038
2544,1014.00,732.63,484,1.226,1041.0,0.060,0.213,0.007,0.607,0.000,0.000,0.107,0.007
2545,1224.00,736.88,917,1.333,1041.3,0.050,0.281,0.006,0.506,0.013,0.019,0.075,0.050
2546,492.00,736.52,466,1.744,1041.8,0.083,0.292,0.051,0.277,0.036,0.012,0.176,0.074
2547,855.00,735.81,688,1.686,1042.1,0.114,0.306,0.065,0.241,0.033,0.041,0.135,0.065
2548,417.00,735.75,364,1.483,1042.4,0.105,0.302,0.006,0.426,0.000,0.019,0.093,0.049
2549,902.00,736.31,890,1.921,1043.1,0.162,0.193,0.079,0.183,0.077,0.055,0.172,0.079
2550,261.00,734.16,244,1.858,1043.6,0.118,0.233,0.052,0.233,0.031,0.042,0.216,0.073
2551,326.00,734.58,288,1.917,1044.0,0.161,0.219,0.047,0.204,0.069,0.047,0.164,0.088
2552,731.00,735.96,640,1.848,1044.4,0.146,0.220,0.056,0.216,0.075,0.056,0.123,0.108
2553,717.00,737.87,489,1.645,1044.6,0.138,0.317,0.000,0.317,0.024,0.008,0.106,0.089
2554,959.00,739.05,927,1.925,1045.1,0.179,0.156,0.074,0.179,0.085,0.071,0.141,0.115
2555,1064.00,745.90,711,1.732,1045.3,0.355,0.255,0.018,0.127,0.027,0.036,0.127,0.055
2556,725.00,745.47,404,1.801,1045.6,0.233,0.247,0.037,0.149,0.047,0.019,0.121,0.149
2557,875.00,749.38,526,1.490,1045.7,0.395,0.233,0.000,0.186,0.000,0.000,0.186,0.000
2558,745.00,750.42,603,1.697,1045.9,0.269,0.298,0.010,0.115,0.048,0.029,0.115,0.115
2559,868.00,755.10,831,1.816,1046.2,0.256,0.231,0.026,0.138,0.051,0.026,0.103,0.169
2560,1192.00,753.05,333,1.700,1046.3,0.281,0.260,0.010,0.135,0.031,0.000,0.115,0.167
2561,777.00,754.78,716,1.914,1046.8,0.253,0.127,0.068,0.179,0.071,0.040,0.114,0.148
2562,629.00,749.82,603,1.873,1047.2,0.215,0.135,0.049,0.215,0.072,0.036,0.161,0.117
2563,339.00,744.89,199,1.973,1047.7,0.167,0.128,0.046,0.254,0.079,0.052,0.126,0.148
2564,624.00,741.80,583,1.970,1048.2,0.171,0.137,0.089,0.184,0.116,0.065,0.126,0.113
2565,610.00,743.97,471,2.027,1048.9,0.154,0.150,0.076,0.169,0.113,0.088,0.107,0.142
2566,396.00,737.42,371,2.009,1049.2,0.194,0.147,0.082,0.125,0.099,0.086,0.129,0.138
2567,605.00,733.25,574,1.914,1049.4,0.227,0.145,0.073,0.200,0.073,0.064,0.155,0.064
2568,898.00,737.40,724,1.687,1049.5,0.400,0.111,0.022,0.111,0.022,0.044,0.244,0.044
2569,882.00,742.33,826,2.019,1050.1,0.212,0.117,0.105,0.115,0.122,0.110,0.115,0.102
2570,605.00,724.40,447,1.956,1050.3,0.270,0.161,0.044,0.161,0.109,0.051,0.146,0.058
2571,844.00,729.74,809,2.022,1051.0,0.206,0.123,0.118,0.186,0.083,0.090,0.113,0.080
2572,819.00,730.19,687,1.978,1051.3,0.237,0.182,0.061,0.141,0.101,0.056,0.106,0.116
2573,2552.00,749.14,2427,1.815,1051.4,0.198,0.160,0.160,0.066,0.142,0.038,0.123,0.113
2574,907.00,748.92,746,1.910,1051.7,0.255,0.170,0.142,0.121,0.128,0.021,0.071,0.092
2575,813.00,744.81,701,2.035,1052.2,0.166,0.156,0.090,0.151,0.125,0.072,0.115,0.125
2576,813.00,744.31,759,2.012,1052.5,0.151,0.196,0.095,0.140,0.106,0.050,0.151,0.112
2577,1037.00,746.21,1003,2.030,1052.9,0.168,0.161,0.099,0.131,0.124,0.069,0.168,0.080
2578,812.00,748.45,630,2.019,1053.2,0.139,0.176,0.091,0.127,0.170,0.067,0.121,0.109
2579,1153.00,755.82,611,2.014,1053.5,0.192,0.128,0.118,0.128,0.138,0.054,0.103,0.138
2580,271.00,751.80,199,2.023,1053.8,0.150,0.186,0.091,0.177,0.150,0.050,0.105,0.091
2581,938.00,750.34,925,2.039,1054.2,0.108,0.217,0.096,0.124,0.145,0.060,0.149,0.100
2582,969.00,755.89,864,1.731,1054.3,0.125,0.094,0.141,0.109,0.203,0.031,0.250,0.047
2583,679.00,756.40,627,2.024,1054.7,0.137,0.121,0.093,0.169,0.141,0.089,0.153,0.097
2584,587.00,755.94,526,2.025,1055.2,0.149,0.149,0.099,0.143,0.105,0.094,0.126,0.135
2585,501.00,753.32,446,1.824,1055.3,0.195,0.143,0.117,0.065,0.143,0.026,0.234,0.078
2586,477.00,743.14,376,1.967,1055.8,0.222,0.151,0.102,0.127,0.127,0.080,0.120,0.071
2587,1142.00,741.78,638,1.790,1056.0,0.360,0.133,0.133,0.080,0.080,0.027,0.120,0.067
2588,650.00,740.01,645,1.998,1056.5,0.222,0.137,0.090,0.137,0.122,0.076,0.128,0.087
2589,215.00,735.12,211,1.834,1056.7,0.208,0.132,0.035,0.056,0.097,0.042,0.278,0.153
2590,463.00,732.39,420,1.865,1057.0,0.196,0.078,0.078,0.098,0.124,0.052,0.294,0.078
2591,371.00,732.48,371,1.975,1057.4,0.201,0.083,0.093,0.099,0.105,0.058,0.227,0.134
2592,615.00,728.32,551,1.299,1057.5,0.070,0.053,0.070,0.070,0.088,0.000,0.579,0.070
2593,716.00,726.53,630,2.013,1058.1,0.181,0.078,0.118,0.103,0.123,0.093,0.186,0.116
2594,592.00,730.15,523,2.006,1058.6,0.220,0.099,0.115,0.157,0.093,0.067,0.153,0.096
2595,969.00,733.28,877,2.015,1059.1,0.219,0.096,0.123,0.101,0.117,0.085,0.125,0.133
2596,475.00,731.07,415,1.989,1059.5,0.266,0.094,0.105,0.071,0.135,0.049,0.139,0.142
2597,1196.00,735.10,1171,2.016,1059.9,0.191,0.110,0.107,0.096,0.107,0.062,0.147,0.180
2598,1303.00,739.76,1002,1.641,1060.1,0.080,0.034,0.341,0.023,0.193,0.011,0.193,0.125
2599,719.00,741.91,591,1.831,1060.4,0.097,0.092,0.195,0.062,0.128,0.026,0.118,0.282
2600,693.00,744.05,551,1.319,1060.6,0.023,0.030,0.583,0.068,0.038,0.000,0.114,0.144
2601,1029.00,745.90,761,1.835,1060.9,0.126,0.087,0.311,0.082,0.098,0.033,0.115,0.148
2602,1199.00,752.47,1021,1.782,1061.1,0.125,0.097,0.333,0.083,0.090,0.035,0.118,0.118
2603,1008.00,755.41,955,2.029,1061.7,0.173,0.129,0.142,0.123,0.087,0.079,0.102,0.165
2604,604.00,752.05,582,2.014,1062.8,0.139,0.105,0.140,0.112,0.147,0.086,0.153,0.118
2605,895.00,756.62,849,1.624,1063.1,0.307,0.056,0.173,0.117,0.145,0.034,0.140,0.028
2606,864.00,759.66,507,1.591,1063.5,0.459,0.037,0.152,0.152,0.085,0.019,0.063,0.033
2607,1153.00,762.25,1143,1.695,1064.0,0.384,0.097,0.123,0.145,0.116,0.028,0.088,0.019
2608,290.00,758.40,285,1.419,1064.1,0.535,0.040,0.149,0.079,0.129,0.020,0.040,0.010
2609,413.00,759.70,352,1.709,1064.5,0.386,0.076,0.141,0.141,0.120,0.072,0.052,0.012
2610,1587.00,762.43,1259,1.497,1064.6,0.375,0.013,0.125,0.125,0.225,0.037,0.100,0.000
2611,801.00,765.54,598,1.443,1064.8,0.398,0.028,0.167,0.056,0.287,0.009,0.056,0.000
2612,512.00,762.47,250,1.618,1065.0,0.421,0.048,0.151,0.079,0.230,0.040,0.024,0.008
2613,752.00,763.21,438,1.847,1065.4,0.270,0.071,0.189,0.095,0.213,0.057,0.091,0.014
2614,785.00,769.04,734,1.901,1066.0,0.182,0.072,0.195,0.128,0.190,0.088,0.123,0.021
2615,804.00,768.90,692,1.861,1066.4,0.191,0.092,0.231,0.112,0.215,0.068,0.080,0.012
2616,1031.00,770.49,683,1.702,1066.5,0.248,0.055,0.248,0.064,0.284,0.018,0.073,0.009
2617,533.00,770.07,497,1.953,1067.0,0.238,0.087,0.151,0.131,0.151,0.070,0.131,0.040
2618,1186.00,772.75,1186,1.620,1067.1,0.163,0.050,0.312,0.125,0.075,0.025,0.250,0.000
2619,504.00,773.99,461,1.976,1067.6,0.145,0.179,0.184,0.101,0.095,0.078,0.145,0.073
2620,706.00,776.13,654,1.876,1068.0,0.152,0.112,0.272,0.107,0.098,0.089,0.161,0.009
2621,763.00,769.87,743,1.970,1068.5,0.170,0.096,0.195,0.119,0.116,0.108,0.147,0.048
2622,704.00,770.26,661,1.983,1069.0,0.165,0.094,0.240,0.118,0.066,0.105,0.152,0.061
2623,957.00,771.83,570,1.633,1069.3,0.119,0.069,0.431,0.106,0.081,0.069,0.113,0.013
2624,655.00,770.44,609,2.015,1069.9,0.148,0.160,0.131,0.143,0.099,0.114,0.123,0.082
2625,387.00,769.05,362,1.979,1070.6,0.125,0.079,0.240,0.137,0.123,0.123,0.121,0.052
2626,1291.00,776.61,780,1.565,1070.8,0.159,0.103,0.386,0.166,0.048,0.055,0.069,0.014
2627,1005.00,777.77,735,1.857,1071.3,0.172,0.148,0.289,0.137,0.055,0.100,0.076,0.024
2628,996.00,781.83,851,1.973,1071.7,0.195,0.152,0.119,0.185,0.060,0.142,0.116,0.030
2629,873.00,784.30,792,1.914,1072.1,0.184,0.158,0.184,0.122,0.061,0.133,0.143,0.015
2630,2239.00,800.40,2008,1.674,1072.4,0.142,0.133,0.279,0.137,0.043,0.090,0.155,0.021
2631,1016.00,802.55,956,1.795,1072.9,0.151,0.090,0.277,0.157,0.045,0.114,0.133,0.033
2632,771.00,804.17,727,1.622,1073.2,0.154,0.087,0.278,0.145,0.066,0.104,0.154,0.012
2633,635.00,805.67,378,1.818,1073.5,0.128,0.112,0.307,0.168,0.078,0.089,0.106,0.011
2634,737.00,807.71,651,1.876,1074.0,0.205,0.096,0.228,0.135,0.056,0.109,0.149,0.023
2635,338.00,804.66,335,1.959,1074.4,0.144,0.113,0.199,0.171,0.065,0.154,0.140,0.014
2636,1218.00,808.84,986,1.432,1074.6,0.137,0.053,0.382,0.160,0.046,0.099,0.115,0.008
2637,1184.00,810.90,833,1.642,1074.9,0.171,0.120,0.354,0.080,0.091,0.097,0.086,0.000
2638,643.00,803.98,474,1.987,1075.5,0.153,0.087,0.218,0.112,0.087,0.180,0.112,0.051
2639,846.00,808.07,758,2.037,1076.8,0.165,0.108,0.165,0.123,0.090,0.135,0.119,0.096
2640,1202.00,813.58,1145,1.689,1077.0,0.101,0.101,0.294,0.064,0.064,0.119,0.220,0.037
2641,600.00,814.91,386,1.656,1077.2,0.076,0.021,0.271,0.049,0.049,0.097,0.326,0.111
2642,1128.00,817.40,824,1.356,1077.4,0.077,0.008,0.377,0.062,0.038,0.085,0.308,0.046
2643,2061.00,829.28,1635,1.178,1077.6,0.035,0.009,0.465,0.018,0.000,0.079,0.316,0.079
2644,2011.00,839.25,1728,1.197,1077.8,0.064,0.014,0.457,0.043,0.036,0.071,0.257,0.057
2645,273.00,829.74,260,1.881,1078.7,0.130,0.071,0.185,0.073,0.089,0.114,0.216,0.121
2646,183.00,826.65,147,1.723,1079.0,0.088,0.026,0.295,0.048,0.057,0.145,0.242,0.097
2647,539.00,823.49,516,1.944,1079.5,0.118,0.055,0.211,0.095,0.055,0.176,0.156,0.133
2648,1245.00,831.77,1185,1.118,1079.8,0.053,0.007,0.540,0.033,0.027,0.100,0.207,0.033
2649,294.00,825.69,270,1.800,1080.2,0.063,0.027,0.220,0.075,0.027,0.180,0.243,0.165
2650,264.00,825.72,263,1.008,1080.3,0.000,0.000,0.574,0.043,0.000,0.053,0.319,0.011
2651,1251.00,834.97,1155,1.891,1080.7,0.116,0.019,0.174,0.072,0.077,0.179,0.198,0.164
2652,255.00,830.21,215,1.938,1081.0,0.100,0.060,0.088,0.084,0.080,0.237,0.149,0.201
2653,607.00,829.11,540,1.923,1081.3,0.136,0.037,0.147,0.094,0.068,0.178,0.173,0.168
2654,302.00,822.54,243,1.009,1081.5,0.045,0.011,0.584,0.011,0.011,0.067,0.202,0.067
2655,857.00,820.47,616,1.972,1082.0,0.100,0.091,0.138,0.066,0.075,0.201,0.129,0.201
2656,772.00,820.94,616,1.936,1082.5,0.080,0.066,0.160,0.091,0.066,0.199,0.154,0.185
2657,744.00,819.63,676,1.899,1083.0,0.079,0.023,0.238,0.050,0.043,0.208,0.145,0.215
2658,763.00,819.81,425,1.957,1083.4,0.125,0.046,0.189,0.089,0.068,0.167,0.139,0.178
2659,815.00,819.28,60,1.098,1083.6,0.038,0.000,0.714,0.038,0.000,0.015,0.180,0.015
2660,1023.00,817.59,870,1.799,1083.8,0.132,0.020,0.219,0.079,0.053,0.093,0.192,0.212
2661,589.00,815.71,498,1.951,1084.3,0.109,0.066,0.150,0.055,0.066,0.135,0.168,0.252
2662,431.00,813.73,420,2.028,1084.7,0.117,0.072,0.148,0.124,0.100,0.093,0.152,0.193
2663,984.00,820.18,836,1.728,1084.9,0.119,0.074,0.267,0.111,0.052,0.096,0.119,0.163
2664,522.00,819.16,522,2.027,1085.8,0.140,0.101,0.106,0.116,0.111,0.126,0.136,0.161
2665,1221.00,825.27,940,1.973,1086.3,0.253,0.088,0.094,0.084,0.101,0.120,0.107,0.153
2666,1099.00,832.30,1016,1.743,1086.6,0.327,0.077,0.154,0.029,0.082,0.115,0.130,0.087
2667,756.00,833.81,706,1.941,1087.3,0.232,0.095,0.131,0.086,0.106,0.099,0.149,0.104
2668,460.00,829.43,371,1.677,1087.5,0.324,0.040,0.222,0.023,0.034,0.227,0.085,0.045
2669,1025.00,830.86,885,1.778,1087.8,0.368,0.088,0.162,0.025,0.034,0.176,0.093,0.054
2670,1372.00,838.53,965,1.470,1088.1,0.380,0.092,0.289,0.000,0.007,0.134,0.070,0.028
2671,1386.00,843.95,1153,1.618,1088.3,0.410,0.104,0.231,0.023,0.023,0.127,0.046,0.035
2672,1984.00,855.60,1594,1.746,1088.7,0.298,0.139,0.151,0.036,0.040,0.143,0.107,0.087
2673,405.00,834.13,332,1.919,1089.3,0.255,0.115,0.137,0.062,0.086,0.172,0.070,0.105
2674,722.00,832.28,579,1.933,1089.7,0.257,0.162,0.129,0.048,0.077,0.151,0.085,0.092
2675,733.00,831.48,720,2.030,1090.6,0.209,0.109,0.104,0.093,0.101,0.149,0.097,0.139
2676,1422.00,837.57,1223,1.683,1090.8,0.287,0.035,0.191,0.017,0.043,0.209,0.174,0.043
2677,912.00,836.32,851,1.968,1091.3,0.187,0.136,0.119,0.093,0.079,0.133,0.178,0.074
2678,1161.00,839.81,1041,1.734,1091.5,0.254,0.066,0.197,0.041,0.049,0.230,0.139,0.025
2679,989.00,838.17,943,1.947,1092.0,0.224,0.129,0.159,0.088,0.068,0.183,0.085,0.064
2680,2243.00,857.89,1672,1.771,1092.2,0.316,0.066,0.197,0.059,0.072,0.191,0.079,0.020
2681,2312.00,871.63,2305,1.413,1092.4,0.479,0.026,0.145,0.034,0.051,0.145,0.111,0.009
2682,388.00,865.82,343,1.937,1092.9,0.212,0.112,0.124,0.067,0.097,0.194,0.145,0.048
2683,504.00,864.07,491,1.963,1093.3,0.211,0.104,0.121,0.097,0.084,0.168,0.124,0.091
2684,579.00,863.99,519,1.894,1093.7,0.282,0.095,0.133,0.058,0.095,0.154,0.129,0.054
2685,672.00,865.70,575,1.823,1093.9,0.259,0.088,0.143,0.068,0.102,0.190,0.109,0.041
2686,1165.00,872.58,812,1.993,1094.4,0.187,0.104,0.110,0.110,0.125,0.229,0.089,0.046
2687,748.00,868.64,550,1.941,1094.8,0.204,0.147,0.118,0.102,0.102,0.147,0.082,0.098
2688,995.00,872.09,304,1.182,1094.9,0.638,0.034,0.121,0.000,0.034,0.103,0.052,0.017
2689,791.00,877.85,661,1.092,1095.0,0.642,0.000,0.113,0.000,0.038,0.132,0.038,0.038
2690,448.00,877.70,411,2.049,1095.6,0.132,0.167,0.104,0.096,0.134,0.165,0.076,0.127
2691,578.00,879.77,388,2.043,1096.4,0.132,0.189,0.116,0.079,0.138,0.107,0.086,0.154
2692,694.00,880.56,694,1.826,1096.6,0.156,0.101,0.128,0.046,0.083,0.165,0.248,0.073
2693,794.00,881.34,750,1.637,1096.7,0.128,0.103,0.197,0.017,0.026,0.145,0.308,0.077
2694,833.00,883.75,645,1.455,1096.9,0.167,0.064,0.282,0.026,0.013,0.090,0.308,0.051
2695,629.00,880.35,557,1.470,1097.1,0.099,0.031,0.237,0.015,0.000,0.122,0.450,0.046
2696,976.00,885.36,973,1.228,1097.2,0.069,0.000,0.417,0.000,0.000,0.111,0.389,0.014
2697,393.00,877.33,319,1.825,1097.5,0.074,0.181,0.101,0.053,0.053,0.112,0.324,0.101
2698,940.00,873.70,808,1.799,1097.9,0.049,0.143,0.134,0.071,0.036,0.174,0.304,0.089
2699,1395.00,880.46,1233,1.571,1098.1,0.014,0.206,0.234,0.035,0.028,0.149,0.284,0.050
2700,1115.00,884.68,1041,1.417,1098.3,0.008,0.150,0.307,0.000,0.000,0.213,0.276,0.047
2701,1447.00,888.86,1419,1.514,1098.6,0.006,0.174,0.290,0.006,0.019,0.181,0.258,0.065
2702,811.00,884.98,714,1.348,1098.8,0.023,0.039,0.426,0.016,0.000,0.209,0.279,0.008
2703,808.00,882.98,736,1.718,1099.2,0.013,0.223,0.137,0.013,0.026,0.215,0.313,0.060
2704,1253.00,889.47,1001,1.459,1099.4,0.081,0.113,0.363,0.000,0.000,0.234,0.161,0.048
2705,1121.00,891.73,668,1.600,1099.6,0.074,0.099,0.413,0.008,0.000,0.207,0.165,0.033
2706,718.00,890.27,456,1.979,1100.5,0.065,0.255,0.105,0.076,0.086,0.148,0.131,0.134
2707,919.00,887.93,840,1.845,1100.7,0.050,0.300,0.092,0.092,0.083,0.133,0.183,0.067
2708,677.00,891.80,639,1.865,1100.9,0.035,0.354,0.062,0.062,0.042,0.167,0.167,0.111
2709,1020.00,897.87,1012,1.927,1101.1,0.090,0.218,0.068,0.150,0.030,0.233,0.135,0.075
2710,440.00,886.40,414,1.990,1101.5,0.040,0.178,0.067,0.131,0.074,0.219,0.175,0.114
2711,814.00,886.53,782,1.905,1101.7,0.129,0.119,0.119,0.069,0.069,0.168,0.208,0.119
2712,562.00,887.03,480,1.964,1102.1,0.055,0.162,0.103,0.119,0.055,0.237,0.154,0.115
2713,544.00,884.95,360,1.939,1102.3,0.147,0.147,0.225,0.098,0.069,0.147,0.098,0.069
2714,1154.00,888.64,684,1.923,1102.4,0.172,0.172,0.172,0.086,0.011,0.226,0.129,0.032
2715,880.00,889.40,597,1.973,1102.7,0.078,0.138,0.114,0.102,0.114,0.228,0.144,0.084
2716,566.00,884.75,457,2.027,1103.4,0.058,0.122,0.103,0.122,0.122,0.241,0.107,0.126
2717,854.00,887.96,394,2.000,1103.7,0.097,0.158,0.143,0.092,0.112,0.235,0.092,0.071
2718,864.00,884.74,776,2.021,1104.3,0.110,0.144,0.093,0.147,0.093,0.190,0.127,0.093
2719,974.00,889.44,671,1.932,1104.6,0.199,0.108,0.139,0.090,0.084,0.223,0.090,0.066
2720,564.00,888.02,429,2.030,1105.2,0.128,0.119,0.096,0.138,0.111,0.217,0.114,0.077
2721,293.00,883.32,271,1.960,1105.7,0.161,0.170,0.113,0.113,0.100,0.193,0.090,0.061
2722,340.00,879.68,274,2.013,1106.1,0.116,0.135,0.158,0.107,0.149,0.177,0.107,0.051
2723,897.00,879.08,784,2.038,1107.3,0.184,0.100,0.128,0.102,0.169,0.128,0.094,0.096
2724,856.00,881.09,729,1.942,1107.8,0.195,0.130,0.099,0.082,0.151,0.168,0.079,0.096
2725,635.00,883.57,432,0.714,1107.9,0.816,0.000,0.020,0.000,0.020,0.082,0.041,0.020
2726,1126.00,881.92,950,1.848,1108.2,0.233,0.031,0.121,0.045,0.072,0.296,0.081,0.121
2727,741.00,879.28,629,0.520,1108.3,0.864,0.000,0.045,0.068,0.000,0.000,0.000,0.023
2728,532.00,874.64,464,1.758,1108.5,0.220,0.000,0.094,0.016,0.102,0.315,0.134,0.118
2729,812.00,874.03,771,1.963,1109.1,0.156,0.037,0.097,0.093,0.104,0.222,0.148,0.143
2730,549.00,857.13,500,1.924,1109.6,0.155,0.042,0.085,0.092,0.077,0.250,0.165,0.134
2731,1236.00,859.33,1069,1.923,1109.9,0.134,0.016,0.075,0.059,0.123,0.380,0.075,0.139
2732,550.00,857.12,462,2.036,1111.3,0.126,0.055,0.103,0.118,0.162,0.134,0.137,0.166
2733,679.00,857.56,573,1.862,1111.7,0.211,0.046,0.084,0.144,0.144,0.193,0.067,0.112
2734,457.00,854.76,443,2.021,1112.7,0.222,0.076,0.088,0.130,0.139,0.145,0.082,0.118
2735,749.00,858.87,563,1.947,1113.3,0.238,0.060,0.066,0.109,0.117,0.215,0.089,0.106
2736,0.00,846.69,0,0.074,1113.3,1.000,0.000,0.000,0.000,0.000,0.000,0.000,0.000
2737,576.00,840.61,552,1.978,1113.6,0.203,0.079,0.073,0.175,0.090,0.153,0.119,0.107
2738,531.00,839.49,431,2.030,1114.2,0.123,0.071,0.099,0.172,0.149,0.177,0.104,0.106
2739,650.00,837.53,436,2.017,1114.8,0.135,0.074,0.082,0.223,0.140,0.151,0.093,0.102
2740,475.00,830.26,432,2.037,1115.5,0.123,0.061,0.093,0.215,0.115,0.097,0.140,0.156
2741,1442.00,838.68,1381,2.003,1115.9,0.148,0.100,0.127,0.135,0.144,0.087,0.114,0.144
2742,816.00,835.56,723,1.982,1116.4,0.120,0.063,0.108,0.246,0.135,0.096,0.093,0.141
2743,443.00,819.38,359,2.038,1116.9,0.105,0.099,0.125,0.202,0.091,0.088,0.119,0.170
2744,1521.00,814.48,1418,2.016,1117.4,0.110,0.103,0.114,0.110,0.203,0.076,0.138,0.145
2745,783.00,819.58,631,1.946,1117.7,0.109,0.078,0.117,0.170,0.148,0.065,0.083,0.230
2746,574.00,823.49,565,2.030,1118.1,0.141,0.061,0.118,0.114,0.168,0.084,0.135,0.178
2747,905.00,827.15,751,1.919,1118.3,0.103,0.040,0.111,0.135,0.183,0.071,0.119,0.238
2748,679.00,821.49,357,2.021,1118.7,0.147,0.087,0.134,0.156,0.165,0.056,0.039,0.216
2749,1121.00,829.76,671,1.985,1118.9,0.136,0.102,0.170,0.088,0.197,0.082,0.082,0.143
2750,716.00,834.28,681,2.059,1119.6,0.151,0.100,0.112,0.122,0.158,0.102,0.117,0.139
2751,463.00,826.40,460,2.055,1120.2,0.132,0.091,0.127,0.127,0.139,0.096,0.161,0.127
2752,792.00,831.77,608,1.987,1120.5,0.183,0.129,0.091,0.151,0.124,0.043,0.183,0.097
2753,393.00,829.63,392,1.921,1120.7,0.156,0.049,0.090,0.205,0.172,0.041,0.172,0.115
2754,708.00,833.69,558,1.915,1120.9,0.110,0.052,0.064,0.174,0.233,0.041,0.174,0.151
2755,513.00,830.25,444,1.965,1121.3,0.096,0.039,0.061,0.211,0.180,0.066,0.211,0.136
2756,1156.00,834.09,978,1.669,1121.4,0.125,0.050,0.050,0.075,0.350,0.013,0.200,0.138
2757,467.00,831.32,463,1.933,1121.7,0.150,0.037,0.084,0.098,0.201,0.098,0.243,0.089
2758,364.00,827.33,344,1.975,1122.0,0.139,0.097,0.076,0.104,0.146,0.090,0.222,0.125
2759,975.00,828.93,727,2.009,1122.3,0.140,0.101,0.107,0.090,0.124,0.096,0.197,0.146
2760,943.00,828.13,863,2.060,1123.1,0.164,0.098,0.105,0.121,0.130,0.128,0.138,0.116
2761,552.00,827.76,463,2.048,1123.5,0.128,0.106,0.119,0.141,0.123,0.150,0.101,0.132
2762,871.00,832.16,716,2.051,1124.2,0.164,0.123,0.115,0.117,0.131,0.148,0.113,0.090
2763,615.00,828.47,466,2.005,1124.5,0.139,0.160,0.076,0.174,0.118,0.111,0.056,0.167
2764,737.00,830.62,521,2.040,1124.9,0.198,0.139,0.112,0.145,0.076,0.102,0.076,0.152
2765,365.00,822.06,319,2.044,1125.4,0.177,0.093,0.090,0.128,0.119,0.148,0.108,0.137
2766,636.00,817.43,548,2.036,1125.9,0.170,0.107,0.141,0.089,0.111,0.159,0.085,0.137
2767,1273.00,822.60,1112,1.987,1126.2,0.197,0.107,0.094,0.176,0.112,0.120,0.060,0.133
2768,723.00,825.23,580,1.978,1126.6,0.170,0.101,0.141,0.112,0.123,0.098,0.043,0.210
2769,707.00,822.05,693,2.021,1127.2,0.216,0.112,0.120,0.125,0.115,0.093,0.080,0.139
2770,647.00,814.80,528,2.000,1127.8,0.157,0.090,0.159,0.139,0.109,0.127,0.075,0.144
2771,1681.00,817.75,995,1.800,1128.0,0.245,0.082,0.109,0.091,0.082,0.109,0.045,0.236
2772,1279.00,810.70,1123,2.020,1128.8,0.193,0.126,0.136,0.108,0.133,0.119,0.086,0.100
2773,1464.00,821.29,1441,1.998,1129.5,0.200,0.156,0.110,0.076,0.088,0.122,0.105,0.142
2774,2054.00,834.61,1293,1.511,1129.6,0.492,0.032,0.079,0.063,0.000,0.032,0.032,0.270
2775,800.00,835.28,710,2.027,1130.2,0.210,0.125,0.129,0.138,0.081,0.088,0.081,0.149
2776,1694.00,838.00,1269,1.708,1130.5,0.310,0.099,0.092,0.042,0.120,0.063,0.021,0.254
2777,647.00,835.35,569,1.983,1131.0,0.178,0.120,0.202,0.083,0.089,0.074,0.101,0.153
2778,1500.00,838.74,1147,1.881,1131.3,0.287,0.110,0.105,0.080,0.046,0.105,0.076,0.190
2779,915.00,838.00,810,2.007,1131.8,0.232,0.098,0.142,0.090,0.106,0.109,0.074,0.150
2780,1252.00,828.09,702,1.582,1132.0,0.198,0.089,0.040,0.050,0.119,0.139,0.010,0.356
2781,611.00,811.08,498,2.000,1132.5,0.189,0.087,0.130,0.090,0.076,0.144,0.096,0.189
2782,791.00,815.11,707,1.966,1133.0,0.209,0.079,0.073,0.089,0.106,0.159,0.116,0.169
2783,1519.00,825.26,1108,1.801,1133.2,0.170,0.088,0.057,0.126,0.057,0.164,0.126,0.214
2784,1049.00,829.96,957,1.966,1133.8,0.151,0.063,0.112,0.123,0.077,0.200,0.148,0.126
2785,708.00,830.32,684,2.018,1134.3,0.174,0.080,0.107,0.110,0.072,0.158,0.198,0.102
2786,613.00,824.80,565,2.024,1135.2,0.139,0.114,0.094,0.135,0.177,0.106,0.127,0.109
2787,825.00,825.57,728,1.694,1135.4,0.071,0.057,0.036,0.079,0.186,0.207,0.314,0.050
2788,444.00,820.06,211,1.454,1135.6,0.039,0.000,0.019,0.126,0.369,0.146,0.291,0.010
2789,917.00,821.32,606,1.287,1135.8,0.000,0.009,0.019,0.038,0.481,0.085,0.358,0.009
2790,1547.00,832.31,1282,1.395,1135.9,0.041,0.017,0.000,0.083,0.479,0.107,0.256,0.017
2791,873.00,835.26,749,1.453,1136.3,0.037,0.019,0.005,0.098,0.397,0.140,0.280,0.023
2792,790.00,836.22,739,1.707,1136.6,0.081,0.025,0.034,0.178,0.280,0.123,0.229,0.051
2793,641.00,834.69,637,1.753,1137.1,0.065,0.053,0.034,0.161,0.276,0.099,0.263,0.050
2794,914.00,835.50,882,1.545,1137.3,0.072,0.018,0.027,0.144,0.243,0.297,0.171,0.027
2795,355.00,832.76,299,1.681,1137.6,0.073,0.030,0.018,0.146,0.360,0.122,0.226,0.024
2796,535.00,828.35,402,1.751,1137.8,0.096,0.041,0.027,0.096,0.349,0.110,0.233,0.048
2797,1123.00,835.65,1037,1.728,1138.0,0.057,0.043,0.021,0.128,0.319,0.163,0.227,0.043
2798,962.00,835.87,877,1.858,1138.3,0.087,0.046,0.073,0.170,0.206,0.115,0.266,0.037
2799,1355.00,835.47,1271,1.594,1138.5,0.013,0.000,0.000,0.092,0.171,0.368,0.289,0.066
2800,512.00,829.44,411,1.867,1138.8,0.102,0.058,0.029,0.189,0.194,0.146,0.238,0.044
2801,1571.00,830.68,1527,1.647,1139.0,0.041,0.031,0.010,0.276,0.102,0.173,0.143,0.224
2802,750.00,830.07,401,1.913,1139.4,0.111,0.053,0.053,0.127,0.209,0.143,0.217,0.086
2803,801.00,830.00,636,1.786,1139.6,0.142,0.028,0.007,0.163,0.170,0.234,0.170,0.085
2804,246.00,819.93,225,1.877,1139.7,0.143,0.010,0.071,0.184,0.133,0.133,0.245,0.082
2805,461.00,813.33,411,1.931,1140.1,0.131,0.068,0.068,0.225,0.149,0.117,0.185,0.059
2806,567.00,811.82,562,1.915,1140.4,0.205,0.037,0.019,0.140,0.186,0.158,0.153,0.102
2807,773.00,810.36,722,1.902,1140.7,0.263,0.077,0.026,0.128,0.154,0.154,0.122,0.077
2808,724.00,810.83,599,1.964,1141.2,0.196,0.041,0.056,0.176,0.097,0.238,0.094,0.103
2809,1008.00,810.71,865,1.748,1141.4,0.109,0.029,0.051,0.210,0.130,0.094,0.080,0.297
2810,1012.00,816.43,638,1.916,1141.5,0.143,0.020,0.041,0.194,0.143,0.184,0.071,0.204
2811,505.00,813.34,439,2.028,1142.1,0.116,0.099,0.075,0.203,0.143,0.118,0.121,0.126
2812,821.00,815.93,792,2.044,1143.5,0.128,0.091,0.089,0.215,0.122,0.113,0.110,0.132
2813,1410.00,824.59,1364,1.825,1143.6,0.186,0.029,0.020,0.137,0.275,0.029,0.167,0.157
2814,1590.00,828.95,1477,1.908,1144.1,0.146,0.108,0.045,0.149,0.201,0.049,0.163,0.139
2815,853.00,828.68,844,1.909,1144.6,0.151,0.093,0.040,0.124,0.212,0.066,0.193,0.122
2816,628.00,829.30,499,1.933,1145.1,0.198,0.058,0.029,0.160,0.179,0.086,0.185,0.105
2817,742.00,828.18,717,1.605,1145.3,0.073,0.045,0.009,0.036,0.173,0.018,0.336,0.309
2818,824.00,827.78,487,1.827,1145.6,0.152,0.088,0.034,0.118,0.216,0.054,0.186,0.152
2819,660.00,824.64,381,1.678,1145.8,0.077,0.046,0.008,0.054,0.277,0.031,0.200,0.308
2820,790.00,826.90,367,1.466,1145.9,0.197,0.039,0.026,0.013,0.316,0.013,0.079,0.316
2821,419.00,828.16,394,2.022,1146.7,0.187,0.085,0.065,0.122,0.158,0.114,0.148,0.120
2822,193.00,826.69,192,1.972,1147.0,0.143,0.121,0.027,0.085,0.238,0.054,0.265,0.067
2823,858.00,826.30,804,2.016,1147.4,0.118,0.156,0.084,0.135,0.122,0.076,0.198,0.110
2824,578.00,823.52,496,1.958,1147.7,0.112,0.194,0.053,0.078,0.252,0.058,0.141,0.112
2825,356.00,820.73,321,2.036,1148.0,0.119,0.142,0.095,0.099,0.158,0.095,0.190,0.103
2826,1414.00,823.61,1302,2.020,1148.4,0.183,0.179,0.102,0.106,0.140,0.089,0.111,0.089
2827,1194.00,828.14,1087,1.999,1148.9,0.195,0.152,0.047,0.099,0.178,0.108,0.117,0.105
2828,1118.00,834.00,896,1.993,1149.2,0.153,0.163,0.064,0.099,0.178,0.094,0.114,0.134
2829,696.00,832.84,536,2.044,1149.8,0.176,0.124,0.074,0.124,0.121,0.162,0.110,0.110
2830,518.00,832.53,511,2.042,1150.2,0.152,0.144,0.067,0.100,0.133,0.159,0.122,0.122
2831,374.00,823.91,349,2.061,1150.8,0.150,0.138,0.090,0.126,0.140,0.150,0.082,0.123
2832,1022.00,828.63,877,2.040,1151.1,0.171,0.132,0.053,0.151,0.118,0.112,0.092,0.171
2833,836.00,830.20,776,2.056,1151.9,0.126,0.148,0.077,0.138,0.138,0.119,0.116,0.138
2834,1512.00,840.75,966,1.837,1152.2,0.159,0.191,0.096,0.108,0.115,0.089,0.064,0.178
2835,939.00,842.65,546,1.833,1152.4,0.142,0.216,0.086,0.099,0.142,0.049,0.068,0.198
2836,1629.00,858.94,1434,1.951,1152.7,0.188,0.188,0.058,0.084,0.149,0.078,0.143,0.110
2837,1995.00,873.13,1499,1.825,1152.9,0.179,0.231,0.094,0.068,0.120,0.060,0.068,0.179
2838,948.00,877.30,524,1.897,1153.2,0.147,0.239,0.110,0.119,0.115,0.060,0.060,0.151
2839,369.00,874.49,315,2.033,1153.8,0.143,0.170,0.116,0.105,0.138,0.103,0.085,0.141
2840,1121.00,880.95,899,1.921,1154.1,0.158,0.187,0.088,0.099,0.140,0.053,0.064,0.211
2841,1096.00,877.49,936,1.915,1154.4,0.152,0.229,0.056,0.087,0.165,0.048,0.091,0.173
2842,428.00,873.61,400,1.866,1154.7,0.202,0.153,0.024,0.040,0.169,0.065,0.081,0.266
2843,553.00,874.71,471,1.989,1155.1,0.230,0.111,0.070,0.049,0.184,0.086,0.127,0.143
2844,822.00,867.72,735,2.005,1155.5,0.188,0.127,0.090,0.059,0.142,0.120,0.133,0.142
2845,562.00,865.51,354,2.001,1155.9,0.218,0.095,0.079,0.087,0.159,0.119,0.079,0.163
2846,348.00,863.25,298,2.040,1156.5,0.178,0.128,0.073,0.089,0.157,0.117,0.128,0.131
2847,645.00,860.65,538,2.030,1156.8,0.155,0.132,0.082,0.110,0.169,0.105,0.096,0.151
2848,1217.00,866.03,1069,2.022,1157.2,0.165,0.114,0.114,0.063,0.165,0.102,0.094,0.181
2849,681.00,861.63,604,1.964,1157.5,0.204,0.096,0.084,0.060,0.198,0.102,0.126,0.132
2850,765.00,862.12,684,2.021,1157.8,0.150,0.122,0.165,0.071,0.165,0.102,0.102,0.122
2851,1489.00,872.38,1347,2.006,1158.1,0.209,0.114,0.070,0.070,0.171,0.139,0.082,0.146
2852,813.00,872.59,747,2.050,1159.5,0.129,0.143,0.102,0.105,0.121,0.142,0.118,0.141
2853,1796.00,886.62,1796,1.773,1159.6,0.169,0.102,0.102,0.068,0.051,0.136,0.102,0.271
2854,1413.00,893.67,1249,1.943,1160.0,0.190,0.131,0.080,0.055,0.135,0.183,0.097,0.128
2855,831.00,896.85,798,2.033,1161.6,0.188,0.141,0.107,0.084,0.116,0.134,0.122,0.108
2856,681.00,892.10,549,1.937,1161.9,0.262,0.084,0.047,0.110,0.079,0.173,0.183,0.063
2857,534.00,892.77,426,1.916,1162.2,0.282,0.036,0.055,0.164,0.086,0.205,0.132,0.041
2858,1358.00,902.71,911,1.799,1162.4,0.184,0.032,0.032,0.136,0.056,0.312,0.200,0.048
2859,672.00,899.68,552,2.008,1163.0,0.190,0.082,0.113,0.152,0.096,0.176,0.118,0.072
2860,533.00,895.58,524,2.036,1163.7,0.201,0.100,0.131,0.153,0.085,0.140,0.105,0.085
2861,841.00,898.47,693,1.768,1163.9,0.110,0.230,0.010,0.060,0.020,0.230,0.240,0.100
2862,657.00,896.33,505,1.972,1164.2,0.169,0.178,0.073,0.128,0.055,0.196,0.132,0.068
2863,446.00,894.64,414,2.015,1164.7,0.168,0.171,0.097,0.104,0.081,0.191,0.087,0.101
2864,430.00,891.57,318,2.049,1165.1,0.138,0.138,0.106,0.154,0.130,0.142,0.094,0.098
2865,985.00,897.77,565,1.958,1165.2,0.115,0.197,0.057,0.148,0.041,0.238,0.082,0.123
2866,611.00,897.52,513,2.060,1166.0,0.170,0.141,0.102,0.143,0.094,0.114,0.104,0.131
2867,938.00,894.17,676,2.054,1166.4,0.170,0.116,0.105,0.141,0.101,0.145,0.098,0.123
2868,1345.00,900.39,793,1.836,1166.6,0.048,0.176,0.091,0.061,0.091,0.230,0.121,0.182
2869,1258.00,905.90,1036,2.051,1167.3,0.122,0.163,0.087,0.089,0.126,0.167,0.119,0.126
2870,615.00,905.58,612,2.054,1167.7,0.122,0.068,0.139,0.101,0.125,0.142,0.162,0.142
2871,551.00,894.28,496,2.028,1168.0,0.078,0.120,0.084,0.090,0.151,0.229,0.133,0.114
2872,793.00,889.42,705,2.054,1168.6,0.107,0.141,0.094,0.156,0.156,0.116,0.092,0.138
2873,638.00,881.16,372,2.047,1169.0,0.114,0.141,0.087,0.114,0.160,0.186,0.110,0.087
2874,1056.00,871.18,961,1.992,1169.2,0.113,0.113,0.078,0.078,0.174,0.191,0.096,0.157
2875,773.00,870.91,542,1.979,1169.5,0.091,0.153,0.085,0.091,0.080,0.239,0.102,0.159
2876,416.00,858.13,321,2.068,1170.0,0.110,0.106,0.120,0.123,0.153,0.173,0.106,0.110
2877,504.00,856.70,477,2.055,1170.5,0.161,0.094,0.112,0.125,0.116,0.170,0.103,0.119
2878,636.00,848.06,539,2.062,1171.0,0.118,0.165,0.094,0.129,0.132,0.143,0.099,0.118
2879,965.00,848.56,789,2.038,1171.5,0.087,0.144,0.153,0.153,0.126,0.126,0.084,0.129
2880,963.00,845.67,838,2.044,1172.0,0.104,0.137,0.185,0.122,0.116,0.134,0.122,0.080
2881,841.00,847.97,794,2.063,1173.1,0.122,0.092,0.133,0.130,0.125,0.146,0.125,0.127
2882,1079.00,850.85,726,1.939,1173.2,0.038,0.135,0.173,0.087,0.192,0.135,0.115,0.125
2883,752.00,843.18,585,1.868,1173.5,0.014,0.123,0.295,0.041,0.089,0.123,0.171,0.144
2884,450.00,837.19,436,2.026,1174.5,0.099,0.093,0.181,0.114,0.088,0.187,0.145,0.093
2885,938.00,839.49,661,1.901,1174.6,0.035,0.133,0.292,0.080,0.115,0.142,0.133,0.071
2886,1242.00,845.78,977,1.853,1174.9,0.027,0.291,0.209,0.027,0.142,0.128,0.108,0.068
2887,693.00,844.46,555,1.963,1175.2,0.046,0.148,0.203,0.110,0.169,0.169,0.084,0.072
2888,722.00,847.24,663,1.858,1175.4,0.021,0.287,0.149,0.021,0.202,0.064,0.117,0.138
2889,1012.00,848.19,586,1.904,1175.5,0.049,0.268,0.146,0.049,0.159,0.098,0.110,0.122
2890,1327.00,845.99,1246,1.946,1175.7,0.109,0.136,0.127,0.036,0.173,0.118,0.127,0.173
2891,473.00,841.99,426,2.050,1176.7,0.127,0.109,0.150,0.117,0.111,0.141,0.132,0.113
2892,1452.00,848.61,1383,1.842,1176.9,0.017,0.183,0.157,0.087,0.104,0.113,0.235,0.104
2893,1200.00,854.20,978,1.537,1177.1,0.000,0.436,0.000,0.167,0.026,0.103,0.077,0.192
2894,641.00,851.47,400,1.733,1177.3,0.022,0.339,0.060,0.240,0.066,0.115,0.049,0.109
2895,1114.00,859.06,945,1.756,1177.6,0.007,0.329,0.056,0.259,0.049,0.133,0.042,0.126
2896,1041.00,864.12,708,1.756,1177.8,0.044,0.299,0.058,0.226,0.051,0.109,0.088,0.124
2897,937.00,862.26,813,2.015,1179.0,0.099,0.160,0.125,0.184,0.074,0.172,0.086,0.101
2898,733.00,859.97,630,1.935,1179.7,0.088,0.152,0.113,0.247,0.113,0.113,0.083,0.092
2899,938.00,855.80,847,1.956,1180.1,0.026,0.242,0.132,0.151,0.121,0.121,0.064,0.143
2900,1355.00,864.23,1284,1.845,1180.4,0.009,0.198,0.175,0.127,0.085,0.118,0.118,0.170
2901,417.00,852.69,314,1.982,1180.9,0.028,0.168,0.137,0.120,0.140,0.165,0.097,0.145
2902,538.00,850.57,367,1.972,1181.3,0.008,0.112,0.136,0.097,0.140,0.267,0.101,0.140
2903,1302.00,855.58,1212,1.941,1181.6,0.028,0.200,0.078,0.078,0.133,0.161,0.122,0.200
2904,648.00,859.60,602,2.033,1182.6,0.073,0.109,0.205,0.124,0.107,0.133,0.101,0.148
2905,497.00,859.96,480,2.014,1183.2,0.064,0.127,0.146,0.077,0.130,0.119,0.141,0.196
2906,680.00,861.09,510,1.752,1183.3,0.012,0.179,0.095,0.071,0.155,0.060,0.369,0.060
2907,613.00,859.49,553,2.034,1184.1,0.106,0.100,0.179,0.128,0.128,0.108,0.122,0.130
2908,435.00,856.60,366,2.037,1184.7,0.092,0.092,0.172,0.127,0.129,0.125,0.165,0.099
2909,543.00,851.95,490,2.036,1185.7,0.107,0.116,0.144,0.113,0.117,0.123,0.142,0.138
2910,776.00,849.59,731,1.757,1186.1,0.270,0.091,0.129,0.157,0.122,0.053,0.056,0.122
2911,747.00,852.01,712,1.942,1187.1,0.207,0.093,0.240,0.164,0.070,0.064,0.062,0.099
2912,708.00,850.88,38,1.841,1187.5,0.206,0.059,0.307,0.168,0.059,0.067,0.013,0.122
2913,901.00,845.79,765,1.990,1188.7,0.162,0.118,0.217,0.156,0.098,0.072,0.056,0.121
2914,1308.00,842.97,958,1.865,1188.9,0.284,0.083,0.193,0.092,0.147,0.092,0.046,0.064
2915,2011.00,854.55,957,1.802,1189.1,0.307,0.024,0.236,0.142,0.134,0.055,0.047,0.055
2916,1229.00,860.56,707,1.601,1189.2,0.302,0.047,0.198,0.093,0.163,0.035,0.035,0.128
2917,875.00,861.89,756,1.758,1189.7,0.328,0.058,0.167,0.122,0.158,0.051,0.035,0.080
2918,2057.00,874.22,1164,1.553,1189.9,0.373,0.060,0.112,0.104,0.149,0.007,0.015,0.179
2919,1895.00,886.57,1103,1.534,1190.1,0.303,0.028,0.049,0.070,0.085,0.007,0.042,0.415
2920,797.00,886.64,783,1.940,1191.2,0.232,0.104,0.135,0.122,0.163,0.070,0.074,0.101
2921,527.00,887.72,139,1.854,1191.5,0.253,0.057,0.200,0.204,0.163,0.041,0.033,0.049
2922,779.00,893.58,751,2.009,1192.7,0.097,0.111,0.162,0.186,0.167,0.119,0.077,0.080
2923,425.00,889.25,419,1.990,1193.4,0.116,0.079,0.202,0.175,0.215,0.084,0.050,0.079
2924,1061.00,894.08,879,2.009,1193.9,0.096,0.085,0.148,0.181,0.181,0.113,0.060,0.135
2925,606.00,896.58,602,2.018,1194.6,0.093,0.064,0.098,0.178,0.242,0.104,0.089,0.132
2926,542.00,887.86,409,1.955,1195.0,0.166,0.078,0.163,0.119,0.210,0.044,0.058,0.163
2927,1716.00,893.08,1277,1.538,1195.3,0.076,0.057,0.095,0.057,0.196,0.038,0.082,0.399
2928,744.00,889.34,622,1.281,1195.4,0.030,0.020,0.119,0.030,0.238,0.000,0.020,0.545
2929,652.00,888.90,641,2.005,1196.6,0.147,0.143,0.120,0.093,0.155,0.052,0.109,0.181
2930,613.00,889.85,388,1.984,1197.3,0.102,0.095,0.109,0.055,0.239,0.144,0.075,0.182
2931,2011.00,906.22,1631,1.745,1197.5,0.087,0.063,0.205,0.055,0.260,0.118,0.071,0.142
2932,553.00,901.53,189,1.588,1197.7,0.045,0.006,0.117,0.052,0.318,0.065,0.052,0.344
2933,1338.00,906.55,1026,2.006,1199.2,0.120,0.104,0.151,0.085,0.166,0.103,0.086,0.185
2934,376.00,895.19,362,1.926,1199.6,0.074,0.018,0.152,0.110,0.223,0.092,0.131,0.201
2935,552.00,891.32,512,2.010,1200.2,0.089,0.074,0.128,0.116,0.140,0.076,0.167,0.209
2936,1139.00,886.42,828,1.573,1200.3,0.035,0.012,0.070,0.058,0.174,0.047,0.151,0.453
2937,726.00,873.73,583,2.009,1201.1,0.096,0.088,0.132,0.112,0.114,0.107,0.149,0.202
2938,596.00,870.21,546,2.003,1201.5,0.072,0.091,0.139,0.057,0.139,0.081,0.153,0.268
2939,912.00,875.64,685,1.742,1201.6,0.024,0.060,0.083,0.024,0.250,0.083,0.250,0.226
2940,615.00,870.58,417,2.040,1202.0,0.147,0.119,0.198,0.087,0.075,0.091,0.163,0.119
2941,470.00,864.32,420,1.963,1202.2,0.068,0.059,0.169,0.059,0.153,0.119,0.212,0.161
2942,339.00,863.43,314,2.032,1202.5,0.159,0.097,0.159,0.092,0.138,0.118,0.128,0.108
2943,517.00,863.07,415,2.048,1202.9,0.137,0.113,0.153,0.127,0.100,0.097,0.097,0.177
2944,911.00,863.96,638,2.051,1203.4,0.168,0.094,0.103,0.088,0.132,0.106,0.124,0.185
2945,1146.00,869.80,987,2.007,1203.7,0.102,0.057,0.134,0.083,0.115,0.115,0.185,0.210
2946,674.00,873.06,484,1.878,1203.8,0.048,0.131,0.095,0.107,0.119,0.060,0.155,0.286
2947,730.00,873.91,558,2.056,1204.3,0.142,0.142,0.122,0.110,0.116,0.101,0.125,0.142
2948,777.00,869.51,709,2.044,1205.6,0.131,0.146,0.158,0.112,0.076,0.119,0.121,0.136
2949,728.00,869.98,401,2.027,1206.5,0.134,0.104,0.125,0.110,0.134,0.110,0.095,0.187
2950,749.00,869.82,474,2.028,1207.3,0.082,0.124,0.155,0.107,0.173,0.128,0.082,0.148
2951,389.00,858.82,298,1.954,1207.6,0.028,0.136,0.130,0.107,0.209,0.124,0.102,0.164
2952,1007.00,860.76,929,2.003,1208.0,0.035,0.160,0.141,0.093,0.166,0.121,0.080,0.204
2953,886.00,851.66,418,1.873,1208.3,0.027,0.162,0.101,0.054,0.284,0.135,0.074,0.162
2954,1110.00,848.63,963,2.036,1209.3,0.100,0.149,0.130,0.092,0.146,0.121,0.093,0.168
2955,854.00,848.86,681,2.000,1209.6,0.051,0.162,0.091,0.071,0.208,0.127,0.127,0.162
2956,634.00,848.39,596,2.014,1210.0,0.073,0.150,0.128,0.091,0.219,0.099,0.120,0.120
2957,474.00,847.79,447,2.026,1210.3,0.093,0.126,0.113,0.117,0.206,0.061,0.138,0.146
2958,755.00,841.76,687,2.043,1210.9,0.100,0.173,0.109,0.128,0.137,0.130,0.095,0.128
2959,644.00,841.48,599,2.045,1211.4,0.091,0.142,0.106,0.097,0.142,0.091,0.184,0.148
2960,492.00,841.07,485,2.047,1211.8,0.100,0.157,0.071,0.076,0.162,0.114,0.162,0.157
2961,885.00,841.51,567,1.927,1212.0,0.027,0.102,0.088,0.136,0.068,0.252,0.150,0.177
2962,303.00,837.97,241,1.962,1212.2,0.017,0.084,0.109,0.101,0.126,0.168,0.160,0.235
2963,669.00,840.20,490,2.029,1212.5,0.078,0.161,0.142,0.083,0.124,0.110,0.106,0.197
2964,526.00,841.16,406,2.010,1212.8,0.123,0.103,0.151,0.116,0.103,0.103,0.116,0.185
2965,565.00,836.96,391,2.012,1213.0,0.046,0.118,0.209,0.098,0.111,0.098,0.124,0.196
2966,623.00,837.08,552,2.025,1213.4,0.092,0.143,0.125,0.096,0.099,0.107,0.121,0.217
2967,1121.00,838.91,679,1.972,1213.7,0.120,0.148,0.109,0.066,0.148,0.120,0.077,0.213
2968,813.00,833.59,677,1.850,1213.8,0.072,0.036,0.145,0.096,0.096,0.277,0.193,0.084
2969,820.00,829.21,735,1.933,1214.0,0.036,0.054,0.143,0.098,0.134,0.232,0.188,0.116
2970,713.00,830.19,627,2.020,1214.7,0.148,0.121,0.130,0.069,0.154,0.089,0.098,0.190
2971,396.00,828.64,292,2.006,1215.0,0.062,0.081,0.156,0.081,0.100,0.142,0.118,0.261
2972,309.00,823.80,296,2.043,1215.4,0.108,0.093,0.166,0.089,0.139,0.143,0.104,0.158
2973,556.00,822.98,463,2.035,1216.0,0.160,0.117,0.097,0.099,0.158,0.081,0.081,0.206
2974,1285.00,825.27,1055,1.842,1216.2,0.129,0.094,0.151,0.072,0.086,0.050,0.137,0.281
2975,297.00,820.51,276,1.903,1216.5,0.146,0.071,0.116,0.091,0.091,0.045,0.162,0.278
2976,810.00,824.45,796,1.963,1216.8,0.148,0.068,0.119,0.080,0.102,0.085,0.148,0.250
2977,1041.00,829.82,1021,1.938,1217.2,0.150,0.085,0.130,0.085,0.106,0.098,0.142,0.203
2978,566.00,829.12,540,1.764,1217.3,0.194,0.014,0.125,0.056,0.028,0.042,0.264,0.278
2979,562.00,825.09,385,2.029,1217.6,0.154,0.108,0.154,0.144,0.072,0.087,0.118,0.164
2980,739.00,822.85,649,2.030,1218.1,0.145,0.098,0.115,0.151,0.109,0.059,0.106,0.218
2981,919.00,823.63,759,1.918,1218.3,0.182,0.076,0.227,0.121,0.076,0.030,0.121,0.167
2982,627.00,819.11,454,1.881,1218.4,0.051,0.026,0.256,0.244,0.115,0.013,0.103,0.192
2983,1066.00,822.25,848,1.995,1218.6,0.112,0.106,0.155,0.193,0.137,0.050,0.099,0.149
2984,504.00,822.79,281,2.036,1219.2,0.178,0.120,0.109,0.173,0.120,0.086,0.072,0.142
2985,1478.00,828.19,1138,2.007,1219.7,0.180,0.107,0.165,0.112,0.140,0.076,0.114,0.107
2986,1030.00,826.07,518,1.958,1220.1,0.134,0.045,0.229,0.159,0.199,0.055,0.075,0.104
2987,743.00,826.57,720,1.924,1220.3,0.095,0.088,0.182,0.088,0.197,0.044,0.175,0.131
2988,533.00,824.68,504,2.034,1220.7,0.215,0.080,0.143,0.127,0.131,0.084,0.127,0.093
2989,775.00,822.31,753,1.893,1220.8,0.184,0.072,0.168,0.080,0.096,0.080,0.200,0.120
2990,470.00,813.74,463,2.046,1221.1,0.182,0.104,0.135,0.109,0.120,0.094,0.115,0.141
2991,1007.00,819.08,898,2.045,1221.6,0.152,0.110,0.126,0.126,0.139,0.110,0.110,0.126
2992,746.00,812.02,555,2.025,1221.9,0.159,0.140,0.126,0.130,0.106,0.106,0.150,0.082
2993,396.00,803.98,386,2.039,1222.2,0.189,0.118,0.107,0.148,0.089,0.083,0.154,0.112
2994,957.00,807.14,938,1.658,1222.3,0.160,0.074,0.111,0.025,0.062,0.062,0.160,0.346
2995,672.00,802.72,466,1.720,1222.5,0.139,0.089,0.152,0.013,0.038,0.063,0.291,0.215
2996,550.00,797.81,470,1.999,1222.7,0.186,0.164,0.079,0.085,0.079,0.096,0.130,0.181
2997,814.00,796.58,779,2.045,1223.4,0.161,0.191,0.099,0.118,0.080,0.087,0.137,0.125
2998,1068.00,799.93,862,1.877,1223.5,0.176,0.041,0.203,0.054,0.068,0.122,0.311,0.027
2999,364.00,794.19,285,2.053,1223.7,0.187,0.206,0.090,0.103,0.123,0.065,0.123,0.103
3000,745.00,788.09,676,1.942,1223.9,0.101,0.253,0.101,0.063,0.063,0.089,0.253,0.076
3001,1550.00,799.42,1455,2.052,1225.2,0.173,0.144,0.117,0.121,0.116,0.097,0.103,0.128
3002,620.00,800.24,400,2.067,1225.7,0.120,0.154,0.102,0.157,0.108,0.105,0.099,0.154
3003,867.00,795.89,485,1.882,1225.9,0.164,0.218,0.127,0.091,0.082,0.036,0.136,0.145
3004,868.00,798.09,618,2.051,1226.3,0.159,0.139,0.108,0.100,0.159,0.104,0.116,0.116
3005,298.00,796.10,286,2.060,1226.7,0.154,0.140,0.091,0.116,0.137,0.123,0.098,0.140
3006,869.00,797.99,703,2.054,1227.2,0.136,0.097,0.094,0.129,0.152,0.091,0.139,0.162
3007,1006.00,801.92,882,2.028,1227.5,0.136,0.118,0.091,0.127,0.118,0.095,0.123,0.191
3008,250.00,800.07,220,2.054,1227.9,0.162,0.123,0.083,0.107,0.138,0.091,0.119,0.178
3009,697.00,801.61,443,2.060,1228.2,0.151,0.159,0.082,0.139,0.135,0.094,0.094,0.147
3010,1008.00,803.93,789,2.061,1229.0,0.166,0.148,0.071,0.137,0.110,0.135,0.091,0.141
3011,605.00,802.51,509,2.034,1229.4,0.133,0.071,0.095,0.118,0.133,0.118,0.175,0.156
3012,956.00,804.99,746,1.983,1229.6,0.070,0.054,0.101,0.093,0.132,0.147,0.194,0.209
3013,534.00,801.32,442,2.041,1230.2,0.130,0.087,0.077,0.123,0.130,0.114,0.114,0.225
3014,727.00,795.51,689,1.854,1230.3,0.117,0.039,0.233,0.058,0.087,0.068,0.184,0.214
3015,879.00,784.19,801,2.005,1230.7,0.112,0.080,0.116,0.092,0.116,0.151,0.131,0.203
3016,552.00,777.42,525,2.024,1231.3,0.150,0.068,0.131,0.061,0.119,0.187,0.155,0.129
3017,468.00,773.35,447,2.026,1231.9,0.154,0.108,0.167,0.078,0.100,0.142,0.113,0.137
3018,401.00,756.79,392,1.371,1232.0,0.044,0.044,0.267,0.000,0.000,0.044,0.533,0.067
3019,1105.00,748.89,844,2.040,1233.7,0.161,0.122,0.107,0.088,0.139,0.102,0.099,0.182
3020,607.00,746.99,246,1.914,1234.0,0.070,0.070,0.100,0.026,0.122,0.374,0.113,0.126
3021,839.00,750.11,787,1.971,1234.5,0.109,0.046,0.130,0.049,0.168,0.179,0.137,0.182
3022,789.00,750.21,603,1.919,1234.8,0.093,0.038,0.148,0.055,0.126,0.170,0.126,0.242
3023,636.00,752.32,581,1.987,1235.3,0.082,0.061,0.130,0.051,0.144,0.226,0.120,0.186
3024,832.00,750.03,726,1.980,1235.7,0.046,0.053,0.174,0.071,0.146,0.171,0.121,0.217
3025,433.00,748.30,387,1.804,1235.9,0.039,0.176,0.147,0.010,0.098,0.108,0.265,0.157
3026,706.00,749.94,594,1.887,1236.1,0.063,0.126,0.198,0.027,0.081,0.225,0.144,0.135
3027,1499.00,747.77,975,1.907,1236.3,0.088,0.162,0.162,0.041,0.074,0.115,0.149,0.209
3028,820.00,748.53,796,1.996,1236.7,0.088,0.080,0.176,0.067,0.105,0.147,0.164,0.172
3029,670.00,748.71,537,1.988,1237.1,0.076,0.133,0.144,0.057,0.118,0.224,0.175,0.072
3030,816.00,750.74,784,2.042,1238.4,0.147,0.144,0.127,0.072,0.141,0.130,0.098,0.141
3031,790.00,738.53,628,1.984,1238.7,0.144,0.106,0.116,0.051,0.102,0.148,0.176,0.157
3032,315.00,736.15,0,1.166,1238.8,0.623,0.082,0.115,0.000,0.016,0.098,0.016,0.049
3033,649.00,729.26,623,1.841,1238.9,0.222,0.042,0.069,0.069,0.028,0.222,0.278,0.069
3034,904.00,734.54,862,1.785,1239.1,0.134,0.085,0.195,0.049,0.024,0.098,0.329,0.085
3035,651.00,735.53,544,2.031,1239.6,0.145,0.125,0.179,0.082,0.068,0.170,0.142,0.088
3036,711.00,731.25,629,2.015,1239.9,0.110,0.087,0.187,0.073,0.105,0.174,0.151,0.114
3037,1357.00,737.56,1340,2.043,1242.8,0.153,0.169,0.108,0.099,0.135,0.097,0.085,0.155
3038,716.00,738.76,616,2.019,1243.2,0.148,0.128,0.134,0.141,0.045,0.103,0.155,0.145
3039,354.00,733.18,347,1.962,1243.4,0.096,0.119,0.133,0.215,0.030,0.089,0.148,0.170
3040,768.00,734.71,690,1.917,1243.6,0.053,0.140,0.123,0.140,0.009,0.123,0.219,0.193
3041,506.00,735.07,498,2.026,1244.9,0.128,0.182,0.092,0.143,0.068,0.123,0.125,0.140
3042,501.00,736.69,439,1.909,1245.4,0.099,0.175,0.083,0.063,0.056,0.145,0.201,0.178
3043,259.00,734.11,255,1.958,1245.7,0.063,0.122,0.116,0.106,0.032,0.153,0.280,0.127
3044,556.00,730.56,517,2.014,1246.1,0.094,0.108,0.126,0.083,0.079,0.148,0.202,0.159
3045,754.00,726.64,566,2.003,1246.5,0.127,0.154,0.114,0.082,0.121,0.127,0.134,0.141
3046,1004.00,729.94,900,2.047,1247.2,0.126,0.108,0.110,0.117,0.166,0.110,0.117,0.146
3047,296.00,725.60,263,2.044,1247.5,0.109,0.151,0.109,0.134,0.109,0.155,0.155,0.076
3048,600.00,723.83,532,2.046,1247.8,0.139,0.129,0.134,0.055,0.129,0.159,0.169,0.085
3049,452.00,721.07,240,2.052,1248.1,0.098,0.124,0.183,0.085,0.144,0.144,0.118,0.105
3050,493.00,718.51,370,2.064,1248.5,0.091,0.136,0.095,0.107,0.202,0.140,0.123,0.107
3051,1012.00,724.74,865,1.911,1248.6,0.170,0.116,0.170,0.089,0.143,0.116,0.116,0.080
3052,897.00,723.64,746,1.902,1248.9,0.225,0.106,0.086,0.093,0.099,0.106,0.106,0.179
3053,898.00,723.76,496,1.775,1249.0,0.336,0.073,0.164,0.091,0.009,0.109,0.100,0.118
3054,715.00,719.81,614,2.060,1250.2,0.135,0.162,0.092,0.146,0.128,0.126,0.104,0.107
3055,348.00,714.75,341,2.044,1250.7,0.176,0.131,0.085,0.131,0.097,0.136,0.128,0.116
3056,788.00,716.29,361,1.861,1250.9,0.135,0.302,0.032,0.119,0.127,0.087,0.056,0.143
3057,481.00,716.36,466,2.054,1251.8,0.139,0.187,0.094,0.149,0.135,0.095,0.082,0.119
3058,1158.00,720.39,825,1.908,1251.9,0.088,0.237,0.079,0.123,0.140,0.105,0.114,0.114
3059,791.00,721.86,695,1.993,1252.3,0.182,0.178,0.099,0.091,0.174,0.103,0.087,0.087
3060,508.00,722.02,329,1.973,1252.7,0.197,0.175,0.103,0.145,0.141,0.068,0.098,0.073
3061,391.00,717.08,269,2.015,1253.1,0.164,0.150,0.071,0.104,0.204,0.100,0.121,0.086
3062,1205.00,726.10,1059,1.748,1253.3,0.147,0.243,0.051,0.081,0.118,0.022,0.154,0.184
3063,742.00,726.83,228,1.397,1253.5,0.129,0.552,0.034,0.043,0.034,0.017,0.060,0.129
3064,895.00,730.52,822,1.909,1254.0,0.109,0.335,0.060,0.070,0.125,0.081,0.130,0.091
3065,1116.00,736.03,1072,1.696,1254.2,0.117,0.375,0.017,0.042,0.075,0.008,0.167,0.200
3066,482.00,734.62,306,1.879,1254.6,0.103,0.339,0.026,0.112,0.107,0.043,0.129,0.142
3067,777.00,731.18,754,2.029,1256.1,0.132,0.127,0.144,0.110,0.156,0.109,0.123,0.101
3068,487.00,727.92,277,1.941,1256.6,0.133,0.160,0.099,0.096,0.148,0.117,0.160,0.087
3069,633.00,726.05,614,1.805,1256.9,0.030,0.236,0.055,0.055,0.188,0.109,0.248,0.079
3070,460.00,723.52,343,1.956,1257.7,0.063,0.185,0.133,0.102,0.152,0.107,0.166,0.092
3071,473.00,724.29,451,1.879,1258.1,0.035,0.222,0.076,0.062,0.163,0.170,0.188,0.083
3072,766.00,728.86,760,1.787,1258.5,0.033,0.220,0.110,0.067,0.144,0.139,0.187,0.100
3073,729.00,730.59,680,1.855,1259.0,0.020,0.320,0.128,0.047,0.140,0.102,0.160,0.084
3074,465.00,722.39,409,1.928,1259.5,0.052,0.218,0.099,0.091,0.146,0.105,0.179,0.110
3075,757.00,726.99,687,1.747,1259.8,0.014,0.262,0.131,0.048,0.145,0.131,0.228,0.041
3076,1121.00,730.10,973,1.971,1260.8,0.072,0.157,0.151,0.119,0.138,0.133,0.133,0.097
3077,896.00,728.65,855,1.883,1261.2,0.045,0.223,0.090,0.090,0.158,0.152,0.168,0.074
3078,426.00,727.25,340,1.513,1261.4,0.029,0.291,0.097,0.029,0.029,0.068,0.437,0.019
3079,440.00,726.03,433,1.175,1261.5,0.000,0.146,0.083,0.021,0.042,0.062,0.625,0.021
3080,1087.00,729.51,946,1.314,1261.6,0.000,0.218,0.055,0.055,0.018,0.164,0.491,0.000
3081,567.00,725.99,381,1.805,1261.8,0.023,0.287,0.144,0.103,0.040,0.167,0.190,0.046
3082,761.00,727.33,705,1.523,1262.0,0.000,0.232,0.085,0.024,0.024,0.268,0.341,0.024
3083,486.00,721.53,444,1.557,1262.1,0.000,0.169,0.153,0.051,0.051,0.186,0.390,0.000
3084,587.00,722.36,519,2.014,1262.7,0.051,0.137,0.129,0.141,0.141,0.176,0.139,0.085
3085,608.00,713.66,557,1.987,1263.0,0.017,0.172,0.189,0.067,0.151,0.147,0.155,0.101
3086,512.00,708.48,445,2.034,1263.5,0.057,0.133,0.154,0.117,0.142,0.117,0.151,0.130
3087,1118.00,712.23,802,2.034,1264.1,0.068,0.139,0.176,0.122,0.078,0.148,0.141,0.127
3088,905.00,715.95,833,2.010,1264.4,0.042,0.095,0.155,0.119,0.155,0.149,0.143,0.143
3089,753.00,715.73,634,1.938,1264.6,0.038,0.132,0.123,0.142,0.151,0.179,0.170,0.066
3090,513.00,716.16,454,2.035,1265.1,0.070,0.154,0.100,0.160,0.152,0.108,0.100,0.154
3091,744.00,713.53,730,1.890,1265.4,0.041,0.143,0.156,0.170,0.068,0.068,0.224,0.129
3092,902.00,715.09,599,2.010,1265.8,0.079,0.170,0.083,0.162,0.117,0.094,0.109,0.185
3093,711.00,718.24,479,1.747,1265.9,0.011,0.121,0.121,0.286,0.044,0.033,0.242,0.143
3094,817.00,716.84,812,1.765,1266.0,0.000,0.067,0.160,0.173,0.027,0.107,0.320,0.147
3095,1299.00,723.11,1262,1.849,1266.2,0.019,0.159,0.206,0.215,0.084,0.028,0.196,0.093
3096,723.00,724.84,673,1.916,1266.4,0.027,0.200,0.191,0.091,0.127,0.036,0.236,0.091
3097,737.00,724.07,643,2.013,1267.0,0.078,0.158,0.106,0.156,0.147,0.092,0.099,0.163
3098,631.00,719.70,425,2.015,1267.3,0.116,0.195,0.112,0.112,0.158,0.060,0.121,0.126
3099,1148.00,727.54,1145,1.976,1267.6,0.097,0.157,0.075,0.112,0.112,0.067,0.224,0.157
3100,620.00,726.29,586,2.044,1268.2,0.082,0.128,0.095,0.092,0.161,0.090,0.146,0.207
3101,1368.00,724.47,1271,2.034,1268.8,0.124,0.127,0.112,0.112,0.137,0.092,0.129,0.167
3102,1080.00,729.07,848,2.045,1269.6,0.125,0.116,0.096,0.130,0.186,0.070,0.096,0.182
3103,1019.00,730.59,689,1.961,1269.9,0.119,0.106,0.083,0.133,0.124,0.096,0.115,0.225
3104,1395.00,735.86,1273,1.742,1270.1,0.109,0.069,0.050,0.040,0.030,0.020,0.139,0.545
3105,208.00,734.96,202,1.885,1270.3,0.140,0.073,0.060,0.060,0.033,0.093,0.207,0.333
3106,384.00,730.11,332,2.020,1270.8,0.140,0.096,0.073,0.116,0.100,0.110,0.130,0.236
3107,672.00,726.77,586,2.060,1271.5,0.114,0.085,0.098,0.147,0.108,0.137,0.122,0.189
3108,1543.00,739.70,1112,2.023,1271.9,0.196,0.131,0.091,0.113,0.080,0.153,0.102,0.135
3109,712.00,739.85,647,1.496,1272.0,0.097,0.000,0.014,0.472,0.000,0.097,0.250,0.069
3110,574.00,735.51,487,1.966,1272.3,0.128,0.103,0.041,0.210,0.036,0.200,0.190,0.092
3111,424.00,733.70,402,2.018,1272.7,0.131,0.102,0.064,0.201,0.078,0.184,0.131,0.110
3112,504.00,729.18,334,2.034,1273.2,0.104,0.132,0.097,0.149,0.104,0.128,0.160,0.125
3113,552.00,729.36,419,2.027,1273.7,0.131,0.128,0.077,0.182,0.134,0.134,0.128,0.086
3114,446.00,726.55,413,1.510,1273.8,0.077,0.038,0.154,0.154,0.000,0.038,0.519,0.019
3115,318.00,720.94,287,2.041,1274.0,0.129,0.121,0.136,0.164,0.043,0.143,0.186,0.079
3116,784.00,723.26,644,1.980,1274.2,0.087,0.174,0.123,0.094,0.109,0.123,0.188,0.101
3117,787.00,726.45,456,1.965,1274.4,0.110,0.154,0.176,0.074,0.051,0.125,0.169,0.140
3118,948.00,731.92,860,1.997,1274.8,0.099,0.216,0.117,0.075,0.075,0.094,0.127,0.197
3119,979.00,730.66,647,1.989,1275.0,0.202,0.129,0.113,0.040,0.113,0.113,0.145,0.145
3120,359.00,728.18,251,2.029,1275.2,0.160,0.160,0.105,0.062,0.111,0.111,0.154,0.136
3121,997.00,729.76,874,1.994,1275.4,0.171,0.098,0.089,0.073,0.154,0.138,0.146,0.130
3122,859.00,730.46,562,2.016,1275.7,0.124,0.086,0.124,0.038,0.177,0.118,0.140,0.194
3123,776.00,731.86,776,2.051,1276.4,0.103,0.105,0.152,0.081,0.156,0.135,0.132,0.137
3124,608.00,729.62,529,2.054,1276.9,0.116,0.109,0.093,0.077,0.135,0.119,0.141,0.209
3125,901.00,734.30,840,1.822,1277.0,0.209,0.066,0.121,0.033,0.176,0.055,0.242,0.099
3126,533.00,732.57,489,1.999,1277.3,0.075,0.095,0.181,0.085,0.181,0.101,0.146,0.136
3127,413.00,721.71,403,2.045,1278.1,0.103,0.099,0.131,0.090,0.214,0.107,0.107,0.150
3128,1019.00,723.70,602,1.945,1278.3,0.114,0.121,0.081,0.107,0.242,0.074,0.148,0.114
3129,610.00,723.10,380,1.731,1278.4,0.132,0.110,0.088,0.088,0.308,0.055,0.187,0.033
3130,615.00,721.09,465,1.934,1278.7,0.089,0.130,0.083,0.148,0.272,0.041,0.166,0.071
3131,638.00,719.57,518,1.754,1278.8,0.115,0.103,0.038,0.077,0.256,0.038,0.295,0.077
3132,517.00,721.59,358,1.868,1279.1,0.128,0.206,0.071,0.057,0.248,0.043,0.149,0.099
3133,498.00,720.08,336,1.865,1279.3,0.111,0.171,0.068,0.060,0.248,0.043,0.197,0.103
3134,867.00,719.71,724,1.502,1279.4,0.355,0.158,0.013,0.000,0.184,0.026,0.211,0.053
3135,501.00,718.21,483,2.045,1280.0,0.151,0.135,0.123,0.111,0.195,0.099,0.082,0.106
3136,652.00,717.62,347,1.347,1280.1,0.556,0.079,0.063,0.016,0.127,0.032,0.079,0.048
3137,580.00,709.85,551,1.988,1280.5,0.217,0.176,0.086,0.082,0.164,0.070,0.127,0.078
3138,784.00,710.53,417,1.484,1280.6,0.439,0.045,0.045,0.000,0.227,0.030,0.152,0.061
3139,851.00,715.50,846,2.059,1282.4,0.135,0.101,0.143,0.100,0.159,0.117,0.121,0.123
3140,1080.00,718.62,1074,1.799,1282.5,0.215,0.299,0.019,0.019,0.065,0.112,0.196,0.075
3141,435.00,717.91,397,2.030,1283.2,0.177,0.151,0.092,0.149,0.116,0.123,0.111,0.080
3142,1103.00,723.93,965,1.893,1283.4,0.244,0.115,0.053,0.092,0.221,0.092,0.115,0.069
3143,1579.00,737.13,1446,1.823,1283.7,0.257,0.166,0.043,0.075,0.176,0.075,0.123,0.086
3144,558.00,737.15,397,1.986,1284.1,0.229,0.121,0.102,0.086,0.162,0.102,0.137,0.061
3145,1062.00,740.23,1029,1.849,1284.5,0.219,0.189,0.047,0.047,0.202,0.077,0.142,0.077
3146,476.00,734.95,290,2.024,1285.2,0.186,0.124,0.092,0.108,0.198,0.147,0.086,0.059
3147,779.00,739.78,601,2.025,1285.7,0.162,0.138,0.166,0.152,0.159,0.062,0.086,0.076
3148,1370.00,747.48,1170,2.028,1286.4,0.128,0.140,0.150,0.105,0.176,0.123,0.109,0.069
3149,1184.00,754.80,1109,1.913,1286.6,0.171,0.153,0.090,0.045,0.171,0.099,0.189,0.081
3150,697.00,756.84,650,2.029,1287.3,0.106,0.128,0.162,0.114,0.164,0.070,0.174,0.080
3151,541.00,752.13,477,1.984,1287.8,0.133,0.123,0.102,0.068,0.147,0.140,0.191,0.096
3152,790.00,751.06,527,2.024,1288.3,0.088,0.115,0.147,0.080,0.169,0.134,0.145,0.121
3153,300.00,745.08,212,1.993,1288.8,0.087,0.151,0.164,0.071,0.177,0.093,0.180,0.077
3154,603.00,743.96,603,1.773,1288.9,0.039,0.078,0.208,0.026,0.377,0.026,0.208,0.039
3155,946.00,749.94,930,2.063,1289.8,0.099,0.130,0.185,0.113,0.143,0.113,0.099,0.118
3156,615.00,748.21,545,2.067,1290.1,0.155,0.086,0.150,0.112,0.123,0.118,0.107,0.150
3157,993.00,753.33,643,2.038,1290.4,0.146,0.099,0.239,0.066,0.113,0.094,0.108,0.136
3158,889.00,750.64,642,2.052,1290.8,0.126,0.134,0.193,0.126,0.110,0.106,0.114,0.091
3159,680.00,749.53,617,2.052,1291.2,0.127,0.119,0.155,0.095,0.103,0.171,0.139,0.091
3160,328.00,747.73,299,1.980,1291.4,0.100,0.092,0.108,0.092,0.125,0.125,0.258,0.100
3161,852.00,752.34,793,1.993,1291.7,0.083,0.130,0.150,0.078,0.192,0.098,0.176,0.093
3162,882.00,749.11,874,2.049,1293.0,0.129,0.149,0.133,0.130,0.130,0.129,0.106,0.093
3163,576.00,747.45,537,2.014,1293.8,0.098,0.164,0.139,0.102,0.089,0.171,0.152,0.086
3164,619.00,744.69,570,2.007,1294.1,0.043,0.204,0.156,0.156,0.104,0.109,0.166,0.062
3165,907.00,742.60,897,2.022,1294.4,0.082,0.147,0.118,0.200,0.135,0.090,0.127,0.102
3166,360.00,741.38,360,1.920,1294.6,0.058,0.273,0.107,0.066,0.058,0.174,0.198,0.066
3167,893.00,742.54,764,1.891,1294.8,0.029,0.340,0.107,0.049,0.049,0.136,0.184,0.107
3168,1005.00,747.72,910,2.014,1295.0,0.065,0.173,0.119,0.107,0.125,0.149,0.179,0.083
3169,383.00,745.22,355,2.043,1295.5,0.078,0.165,0.150,0.106,0.081,0.165,0.153,0.103
3170,1482.00,755.44,1189,1.992,1295.7,0.085,0.212,0.161,0.085,0.085,0.085,0.178,0.110
3171,1580.00,766.51,1487,1.915,1295.9,0.090,0.189,0.198,0.045,0.063,0.063,0.189,0.162
3172,567.00,764.52,547,1.944,1296.1,0.014,0.212,0.199,0.062,0.062,0.089,0.185,0.178
3173,1177.00,769.00,1026,1.875,1296.3,0.074,0.298,0.202,0.011,0.085,0.043,0.106,0.181
3174,735.00,771.70,640,2.055,1297.1,0.087,0.158,0.166,0.104,0.104,0.146,0.116,0.118
3175,979.00,773.92,822,1.985,1297.4,0.098,0.166,0.141,0.123,0.098,0.117,0.135,0.123
3176,558.00,768.29,504,1.934,1297.7,0.043,0.237,0.121,0.179,0.097,0.039,0.213,0.072
3177,400.00,763.33,388,1.988,1298.2,0.064,0.211,0.110,0.193,0.119,0.052,0.156,0.095
3178,602.00,765.09,455,2.004,1298.7,0.098,0.230,0.115,0.186,0.091,0.074,0.111,0.095
3179,815.00,768.84,687,1.984,1299.0,0.132,0.204,0.140,0.115,0.077,0.060,0.145,0.128
3180,483.00,762.80,389,2.033,1299.5,0.123,0.184,0.120,0.158,0.085,0.053,0.137,0.140
3181,1730.00,774.43,1445,1.842,1299.6,0.263,0.140,0.053,0.035,0.070,0.018,0.175,0.246
3182,1160.00,778.42,1054,1.924,1299.8,0.144,0.144,0.121,0.061,0.114,0.030,0.144,0.242
3183,524.00,778.80,492,2.050,1300.8,0.142,0.172,0.126,0.115,0.117,0.093,0.112,0.124
3184,800.00,780.93,795,1.781,1300.9,0.188,0.219,0.031,0.047,0.109,0.016,0.234,0.156
3185,534.00,780.19,496,2.045,1301.7,0.170,0.144,0.132,0.103,0.120,0.098,0.099,0.135
3186,727.00,782.34,719,2.005,1302.6,0.191,0.086,0.115,0.103,0.131,0.130,0.111,0.133
3187,1571.00,786.87,1011,1.837,1302.9,0.156,0.163,0.021,0.050,0.262,0.142,0.078,0.128
3188,441.00,782.23,339,1.858,1303.2,0.335,0.196,0.040,0.067,0.076,0.112,0.116,0.058
3189,379.00,778.49,285,1.879,1303.4,0.328,0.164,0.045,0.015,0.082,0.104,0.201,0.060
3190,376.00,777.12,349,2.000,1304.0,0.231,0.203,0.056,0.123,0.115,0.105,0.079,0.087
3191,728.00,776.96,563,2.029,1304.4,0.184,0.194,0.084,0.074,0.135,0.116,0.119,0.094
3192,890.00,776.84,412,1.991,1304.7,0.182,0.292,0.039,0.032,0.182,0.097,0.104,0.071
3193,814.00,777.87,559,1.905,1304.8,0.197,0.155,0.099,0.042,0.099,0.085,0.211,0.113
3194,657.00,776.27,647,2.012,1305.1,0.176,0.212,0.067,0.067,0.121,0.115,0.158,0.085
3195,587.00,769.15,510,2.025,1305.6,0.175,0.142,0.115,0.126,0.088,0.137,0.104,0.112
3196,1649.00,778.41,1161,1.836,1305.8,0.130,0.070,0.043,0.017,0.287,0.183,0.087,0.183
3197,1021.00,781.25,844,2.017,1306.2,0.157,0.147,0.107,0.103,0.113,0.137,0.140,0.097
3198,616.00,781.10,604,2.046,1306.7,0.197,0.121,0.097,0.115,0.097,0.161,0.100,0.112
3199,1088.00,780.50,784,1.848,1307.0,0.138,0.090,0.079,0.063,0.339,0.106,0.074,0.111
3200,1297.00,787.27,1050,1.995,1307.4,0.174,0.142,0.077,0.130,0.146,0.126,0.069,0.138
3201,597.00,779.56,460,1.978,1307.7,0.194,0.161,0.065,0.075,0.134,0.167,0.070,0.134
3202,1668.00,785.44,1365,1.979,1308.0,0.175,0.170,0.090,0.063,0.135,0.166,0.099,0.103
3203,926.00,784.51,569,2.027,1308.7,0.181,0.153,0.102,0.117,0.093,0.149,0.093,0.112
3204,857.00,779.13,637,1.958,1309.0,0.141,0.117,0.078,0.068,0.102,0.238,0.073,0.184
3205,958.00,786.63,844,1.955,1309.3,0.141,0.128,0.057,0.044,0.172,0.256,0.070,0.132
3206,988.00,792.67,891,2.036,1310.4,0.159,0.123,0.120,0.130,0.110,0.181,0.054,0.123
3207,984.00,795.79,848,1.997,1310.8,0.133,0.169,0.076,0.064,0.137,0.141,0.141,0.141
3208,963.00,789.99,774,1.929,1311.0,0.093,0.142,0.033,0.033,0.311,0.115,0.115,0.158
3209,1368.00,796.55,1256,2.003,1311.3,0.142,0.164,0.077,0.098,0.115,0.109,0.115,0.180
3210,1210.00,802.91,829,1.988,1311.7,0.156,0.126,0.070,0.089,0.167,0.059,0.133,0.200
3211,477.00,803.44,313,2.061,1312.2,0.182,0.164,0.097,0.109,0.100,0.112,0.119,0.116
3212,963.00,808.03,842,2.051,1313.2,0.139,0.147,0.158,0.104,0.095,0.127,0.093,0.136
3213,861.00,811.12,820,1.926,1313.4,0.025,0.109,0.059,0.059,0.286,0.168,0.151,0.143
3214,1214.00,818.80,1045,2.061,1314.1,0.131,0.093,0.128,0.128,0.139,0.135,0.097,0.148
3215,638.00,822.00,592,2.046,1314.4,0.112,0.162,0.054,0.158,0.199,0.133,0.091,0.091
3216,1787.00,832.03,1432,1.937,1314.7,0.122,0.094,0.122,0.138,0.204,0.105,0.066,0.149
3217,1701.00,841.17,1089,1.819,1314.9,0.077,0.135,0.058,0.083,0.276,0.160,0.083,0.128
3218,1448.00,846.17,1167,1.904,1315.2,0.077,0.133,0.049,0.112,0.238,0.140,0.105,0.147
3219,1245.00,848.83,971,2.021,1315.8,0.109,0.137,0.098,0.119,0.212,0.137,0.081,0.107
3220,1159.00,856.83,943,2.021,1316.4,0.135,0.130,0.125,0.170,0.130,0.095,0.118,0.097
3221,1285.00,859.71,1191,1.795,1316.6,0.094,0.063,0.057,0.119,0.157,0.038,0.151,0.321
3222,434.00,855.46,358,2.056,1317.2,0.125,0.097,0.161,0.119,0.144,0.083,0.167,0.103
3223,463.00,852.33,255,2.056,1317.7,0.127,0.083,0.164,0.130,0.133,0.114,0.133,0.117
3224,381.00,850.06,325,2.052,1318.1,0.146,0.105,0.126,0.102,0.119,0.156,0.129,0.116
3225,635.00,847.40,602,2.049,1319.4,0.155,0.133,0.124,0.141,0.097,0.159,0.090,0.102
3226,368.00,845.75,309,1.946,1319.6,0.107,0.040,0.173,0.120,0.140,0.107,0.187,0.127
3227,368.00,845.30,288,1.988,1320.1,0.074,0.119,0.126,0.116,0.130,0.074,0.214,0.147
3228,683.00,841.94,492,1.979,1320.4,0.103,0.116,0.094,0.077,0.129,0.086,0.176,0.219
3229,617.00,842.01,503,1.964,1320.7,0.067,0.106,0.156,0.056,0.111,0.089,0.211,0.206
3230,1180.00,847.66,1098,1.875,1320.8,0.138,0.062,0.075,0.000,0.150,0.075,0.200,0.300
3231,651.00,847.79,612,2.023,1321.7,0.104,0.163,0.135,0.108,0.119,0.092,0.133,0.147
3232,998.00,852.60,728,1.994,1322.4,0.122,0.122,0.172,0.124,0.091,0.058,0.120,0.190
3233,293.00,850.55,190,1.926,1322.6,0.048,0.139,0.097,0.164,0.024,0.139,0.248,0.139
3234,1267.00,854.55,1075,1.691,1322.8,0.179,0.134,0.030,0.134,0.015,0.239,0.149,0.119
3235,759.00,857.13,467,1.966,1323.3,0.128,0.223,0.076,0.099,0.042,0.152,0.141,0.139
3236,843.00,859.04,730,1.979,1323.7,0.156,0.153,0.047,0.105,0.058,0.169,0.122,0.190
3237,1090.00,864.14,972,1.942,1324.2,0.159,0.184,0.072,0.144,0.031,0.138,0.119,0.153
3238,1783.00,874.13,1233,1.734,1324.5,0.226,0.038,0.031,0.138,0.038,0.233,0.101,0.195
3239,1225.00,877.87,492,1.695,1324.7,0.220,0.064,0.006,0.214,0.035,0.220,0.023,0.220
3240,761.00,874.68,644,1.921,1325.1,0.086,0.141,0.024,0.165,0.047,0.188,0.129,0.220
3241,1199.00,882.32,988,1.869,1325.4,0.247,0.092,0.029,0.121,0.040,0.184,0.080,0.207
3242,565.00,876.94,488,1.973,1325.9,0.164,0.105,0.031,0.167,0.034,0.139,0.127,0.235
3243,773.00,868.88,693,2.025,1326.6,0.156,0.113,0.074,0.133,0.060,0.148,0.127,0.189
3244,1399.00,877.29,687,1.710,1326.7,0.341,0.106,0.047,0.059,0.059,0.153,0.047,0.188
3245,965.00,876.32,786,2.019,1327.4,0.216,0.125,0.075,0.123,0.067,0.133,0.069,0.194
3246,688.00,878.44,525,2.031,1328.0,0.166,0.122,0.125,0.142,0.074,0.145,0.050,0.175
3247,1248.00,883.13,1071,1.985,1328.3,0.217,0.159,0.102,0.124,0.035,0.088,0.093,0.181
3248,526.00,874.69,438,2.037,1328.9,0.180,0.146,0.119,0.187,0.068,0.102,0.085,0.114
3249,756.00,870.41,571,2.012,1329.2,0.187,0.109,0.114,0.140,0.021,0.124,0.124,0.181
3250,850.00,871.94,781,2.028,1329.8,0.141,0.150,0.111,0.152,0.072,0.152,0.111,0.111
3251,477.00,871.30,319,2.025,1330.2,0.124,0.183,0.092,0.100,0.060,0.155,0.183,0.104
3252,642.00,869.82,538,2.045,1330.7,0.141,0.146,0.106,0.124,0.073,0.139,0.109,0.162
3253,751.00,874.33,725,2.034,1331.3,0.164,0.086,0.142,0.186,0.056,0.140,0.127,0.098
3254,894.00,877.24,804,2.022,1331.9,0.203,0.147,0.131,0.163,0.107,0.110,0.072,0.067
3255,343.00,871.21,244,1.933,1332.1,0.218,0.089,0.073,0.056,0.065,0.161,0.234,0.105
3256,1001.00,875.07,864,2.048,1333.2,0.170,0.131,0.123,0.091,0.102,0.158,0.111,0.113
3257,646.00,871.60,580,1.873,1333.4,0.268,0.071,0.089,0.080,0.054,0.098,0.214,0.125
3258,615.00,868.86,415,1.979,1333.8,0.271,0.092,0.102,0.092,0.060,0.109,0.088,0.187
3259,650.00,868.56,581,2.040,1334.5,0.172,0.123,0.111,0.107,0.074,0.135,0.078,0.201
3260,813.00,873.41,589,2.029,1335.1,0.167,0.135,0.082,0.133,0.109,0.196,0.056,0.122
3261,921.00,874.10,788,2.017,1335.7,0.226,0.105,0.087,0.169,0.082,0.128,0.090,0.113
3262,958.00,874.86,949,2.045,1337.3,0.163,0.107,0.119,0.130,0.103,0.167,0.088,0.122
3263,1067.00,879.77,823,2.032,1338.4,0.180,0.097,0.137,0.089,0.103,0.214,0.070,0.110
3264,792.00,881.50,503,1.925,1338.6,0.201,0.079,0.073,0.055,0.110,0.280,0.110,0.091
3265,914.00,881.57,762,2.008,1339.2,0.158,0.072,0.117,0.063,0.126,0.203,0.129,0.132
3266,629.00,884.26,530,1.915,1339.5,0.101,0.087,0.134,0.087,0.195,0.215,0.128,0.054
3267,1156.00,886.89,808,1.934,1339.7,0.099,0.068,0.167,0.062,0.105,0.296,0.117,0.086
3268,625.00,883.09,584,2.011,1340.2,0.109,0.087,0.185,0.094,0.076,0.207,0.149,0.094
3269,455.00,883.81,430,1.976,1340.4,0.117,0.044,0.139,0.067,0.150,0.244,0.183,0.056
3270,635.00,875.34,567,2.055,1341.3,0.131,0.108,0.112,0.135,0.129,0.140,0.103,0.142
3271,600.00,865.54,512,2.039,1342.0,0.092,0.084,0.168,0.176,0.112,0.138,0.152,0.078
3272,812.00,867.99,738,1.970,1342.3,0.087,0.067,0.114,0.148,0.128,0.141,0.228,0.087
3273,1187.00,868.09,1187,1.726,1342.4,0.051,0.013,0.167,0.205,0.179,0.051,0.308,0.026
3274,652.00,867.26,541,1.776,1342.6,0.060,0.026,0.086,0.181,0.216,0.147,0.259,0.026
3275,1003.00,867.50,611,1.548,1342.7,0.016,0.016,0.159,0.270,0.159,0.111,0.270,0.000
3276,581.00,867.73,384,1.962,1343.0,0.076,0.097,0.092,0.244,0.067,0.122,0.223,0.080
3277,341.00,867.14,245,1.880,1343.2,0.065,0.114,0.146,0.179,0.089,0.146,0.220,0.041
3278,1220.00,873.32,973,1.622,1343.4,0.030,0.020,0.172,0.101,0.253,0.051,0.313,0.061
3279,565.00,870.82,405,1.828,1343.5,0.092,0.020,0.163,0.133,0.122,0.102,0.296,0.071
3280,340.00,869.39,308,2.015,1344.0,0.101,0.101,0.166,0.140,0.121,0.068,0.205,0.098
3281,998.00,862.07,699,1.941,1344.3,0.089,0.072,0.161,0.117,0.194,0.144,0.144,0.078
3282,458.00,855.05,299,2.044,1344.9,0.112,0.105,0.142,0.128,0.126,0.138,0.133,0.117
3283,488.00,854.69,436,1.983,1345.2,0.063,0.092,0.238,0.083,0.141,0.146,0.160,0.078
3284,463.00,851.32,264,1.960,1345.5,0.058,0.139,0.139,0.052,0.168,0.208,0.133,0.104
3285,715.00,853.13,564,2.011,1346.0,0.128,0.148,0.122,0.056,0.125,0.178,0.125,0.118
3286,698.00,852.84,613,1.864,1346.2,0.063,0.077,0.161,0.028,0.238,0.224,0.133,0.077
3287,348.00,840.61,330,2.002,1346.5,0.122,0.199,0.061,0.055,0.144,0.221,0.138,0.061
3288,628.00,842.48,572,2.039,1347.2,0.150,0.168,0.114,0.059,0.136,0.144,0.091,0.138
3289,955.00,848.24,574,1.744,1347.3,0.047,0.085,0.236,0.028,0.340,0.104,0.123,0.038
3290,932.00,853.80,832,2.034,1347.8,0.152,0.172,0.135,0.073,0.132,0.116,0.086,0.135
3291,553.00,852.05,451,2.039,1348.2,0.138,0.164,0.112,0.069,0.099,0.155,0.132,0.132
3292,468.00,847.83,286,2.039,1348.6,0.195,0.144,0.167,0.070,0.079,0.088,0.126,0.130
3293,609.00,845.78,586,2.006,1348.8,0.127,0.121,0.108,0.051,0.134,0.140,0.197,0.121
3294,365.00,842.86,352,2.009,1349.1,0.114,0.114,0.072,0.024,0.133,0.151,0.241,0.151
3295,315.00,840.14,123,2.037,1349.4,0.095,0.157,0.090,0.076,0.124,0.138,0.171,0.148
3296,925.00,832.90,891,1.816,1349.5,0.048,0.097,0.113,0.016,0.323,0.048,0.210,0.145
3297,831.00,831.00,526,1.880,1349.7,0.119,0.147,0.073,0.037,0.248,0.128,0.156,0.092
3298,723.00,832.07,525,2.041,1350.1,0.121,0.096,0.114,0.070,0.110,0.184,0.162,0.143
3299,1106.00,832.25,997,2.036,1350.5,0.126,0.107,0.083,0.083,0.126,0.134,0.111,0.229
3300,690.00,826.18,446,2.057,1351.0,0.143,0.107,0.116,0.094,0.118,0.107,0.110,0.204
3301,597.00,826.18,420,2.032,1351.4,0.093,0.141,0.165,0.093,0.097,0.173,0.137,0.101
3302,742.00,816.92,645,1.542,1351.5,0.032,0.111,0.317,0.000,0.238,0.079,0.206,0.016
3303,820.00,815.86,815,2.047,1352.9,0.147,0.142,0.122,0.075,0.115,0.156,0.094,0.148
3304,532.00,812.61,482,1.990,1353.2,0.056,0.133,0.146,0.120,0.124,0.180,0.124,0.116
3305,1134.00,814.37,324,1.937,1353.8,0.037,0.146,0.160,0.154,0.138,0.205,0.048,0.112
3306,480.00,809.29,406,2.006,1354.5,0.057,0.161,0.130,0.151,0.161,0.149,0.078,0.113
3307,732.00,806.77,668,2.016,1355.8,0.086,0.129,0.138,0.130,0.140,0.157,0.061,0.158
3308,945.00,806.59,714,1.961,1356.3,0.046,0.089,0.136,0.156,0.169,0.185,0.099,0.119
3309,690.00,799.81,635,1.725,1356.5,0.007,0.060,0.067,0.154,0.369,0.208,0.027,0.107
3310,352.00,791.23,193,1.924,1356.8,0.009,0.130,0.103,0.211,0.184,0.202,0.058,0.103
3311,1025.00,796.71,705,1.937,1357.0,0.000,0.136,0.168,0.152,0.216,0.152,0.064,0.112
3312,1016.00,797.24,686,1.936,1357.2,0.007,0.119,0.075,0.201,0.224,0.187,0.060,0.127
3313,490.00,793.53,438,1.990,1357.7,0.033,0.112,0.112,0.156,0.163,0.203,0.083,0.138
3314,763.00,789.02,612,2.002,1358.1,0.050,0.181,0.110,0.142,0.139,0.146,0.082,0.149
3315,753.00,790.17,626,2.025,1358.7,0.064,0.152,0.114,0.134,0.148,0.150,0.075,0.164
3316,1200.00,784.30,1140,1.845,1358.9,0.000,0.183,0.110,0.098,0.183,0.171,0.171,0.085
3317,1062.00,777.91,912,1.875,1359.1,0.007,0.167,0.132,0.083,0.194,0.153,0.153,0.111
3318,446.00,767.89,432,1.863,1359.4,0.000,0.205,0.106,0.081,0.199,0.180,0.174,0.056
3319,1089.00,766.33,1044,1.600,1359.5,0.000,0.212,0.167,0.030,0.242,0.106,0.227,0.015
3320,425.00,758.99,313,1.955,1359.7,0.039,0.190,0.098,0.118,0.124,0.203,0.170,0.059
3321,715.00,753.29,641,1.919,1360.0,0.034,0.188,0.176,0.062,0.193,0.131,0.131,0.085
3322,1242.00,761.37,1153,1.634,1360.1,0.000,0.135,0.203,0.027,0.338,0.095,0.162,0.041
3323,772.00,764.46,572,1.180,1360.2,0.000,0.095,0.143,0.024,0.119,0.000,0.619,0.000
3324,808.00,768.73,737,1.959,1360.6,0.039,0.155,0.120,0.147,0.140,0.147,0.147,0.105
3325,727.00,769.65,327,1.986,1360.9,0.046,0.130,0.122,0.109,0.210,0.143,0.122,0.118
3326,835.00,774.32,785,1.693,1361.1,0.000,0.150,0.358,0.075,0.083,0.083,0.225,0.025
3327,361.00,774.25,328,1.974,1361.4,0.025,0.183,0.144,0.099,0.149,0.084,0.183,0.134
3328,692.00,774.34,611,2.002,1361.7,0.038,0.176,0.110,0.148,0.104,0.071,0.192,0.159
3329,848.00,776.65,557,2.014,1362.3,0.058,0.185,0.075,0.127,0.152,0.122,0.105,0.177
3330,880.00,773.65,716,1.888,1362.4,0.010,0.267,0.143,0.067,0.143,0.114,0.171,0.086
3331,823.00,775.37,716,1.977,1362.7,0.031,0.219,0.068,0.151,0.120,0.141,0.125,0.146
3332,1085.00,776.24,704,2.023,1363.6,0.084,0.180,0.123,0.128,0.133,0.115,0.097,0.139
3333,1110.00,784.41,1011,1.507,1363.7,0.000,0.211,0.316,0.026,0.039,0.053,0.263,0.092
3334,1023.00,781.97,788,1.556,1363.9,0.012,0.106,0.224,0.141,0.024,0.059,0.365,0.071
3335,562.00,780.00,556,1.933,1364.0,0.019,0.095,0.143,0.229,0.086,0.133,0.257,0.038
3336,568.00,777.25,533,1.969,1364.4,0.028,0.124,0.088,0.241,0.120,0.129,0.177,0.092
3337,594.00,772.29,499,1.957,1364.6,0.023,0.099,0.175,0.228,0.140,0.094,0.181,0.058
3338,335.00,757.81,276,2.020,1364.9,0.051,0.108,0.170,0.142,0.125,0.108,0.199,0.097
3339,752.00,753.08,694,1.813,1365.1,0.041,0.081,0.163,0.130,0.122,0.114,0.301,0.049
3340,413.00,749.60,357,2.053,1365.7,0.130,0.130,0.120,0.125,0.120,0.123,0.150,0.101
3341,472.00,742.33,309,2.015,1366.0,0.082,0.109,0.213,0.126,0.104,0.115,0.175,0.077
3342,943.00,746.11,927,2.037,1366.7,0.134,0.120,0.194,0.095,0.130,0.107,0.120,0.101
3343,521.00,743.59,334,2.022,1367.1,0.094,0.090,0.127,0.171,0.131,0.127,0.155,0.106
3344,1228.00,741.88,728,2.047,1367.6,0.129,0.086,0.107,0.156,0.153,0.126,0.129,0.113
3345,939.00,741.62,781,1.875,1367.8,0.031,0.173,0.117,0.130,0.111,0.093,0.278,0.068
3346,349.00,738.23,314,2.017,1368.1,0.053,0.128,0.122,0.154,0.149,0.096,0.186,0.112
3347,395.00,729.70,310,2.055,1368.6,0.116,0.146,0.088,0.125,0.119,0.131,0.131,0.143
3348,1323.00,737.67,1292,2.048,1370.8,0.159,0.128,0.102,0.127,0.154,0.106,0.098,0.126
3349,539.00,735.50,482,2.021,1371.2,0.128,0.124,0.121,0.141,0.183,0.134,0.103,0.066
3350,682.00,733.82,556,1.996,1371.7,0.073,0.159,0.146,0.089,0.168,0.187,0.089,0.089
3351,540.00,734.45,350,2.013,1372.2,0.092,0.145,0.095,0.172,0.145,0.178,0.101,0.071
3352,744.00,735.47,582,2.023,1372.8,0.114,0.197,0.116,0.130,0.109,0.140,0.107,0.088
3353,604.00,734.00,544,2.019,1373.3,0.082,0.203,0.133,0.158,0.082,0.142,0.100,0.100
3354,602.00,731.08,511,1.964,1373.5,0.074,0.122,0.203,0.189,0.128,0.068,0.149,0.068
3355,1104.00,738.69,966,1.989,1373.9,0.041,0.195,0.142,0.163,0.171,0.093,0.110,0.085
3356,836.00,737.04,676,1.840,1374.1,0.050,0.144,0.129,0.180,0.223,0.072,0.137,0.065
3357,507.00,735.65,381,2.004,1374.5,0.078,0.088,0.120,0.152,0.265,0.106,0.081,0.110
3358,1009.00,739.59,521,1.945,1374.8,0.043,0.235,0.123,0.086,0.191,0.093,0.086,0.142
3359,952.00,742.61,631,1.992,1375.1,0.078,0.152,0.108,0.103,0.201,0.093,0.078,0.186
3360,439.00,738.87,286,2.027,1375.3,0.068,0.123,0.144,0.096,0.219,0.123,0.123,0.103
3361,400.00,733.66,323,2.051,1376.0,0.132,0.117,0.139,0.115,0.148,0.119,0.090,0.141
3362,833.00,732.41,683,2.011,1376.6,0.166,0.106,0.091,0.122,0.187,0.132,0.099,0.096
3363,703.00,728.77,549,1.926,1376.7,0.097,0.080,0.106,0.088,0.336,0.053,0.106,0.133
3364,668.00,727.53,533,2.041,1377.6,0.151,0.142,0.083,0.154,0.182,0.120,0.052,0.116
3365,892.00,727.31,516,1.978,1377.8,0.089,0.122,0.057,0.106,0.293,0.163,0.114,0.057
3366,822.00,729.24,609,2.049,1378.4,0.138,0.143,0.102,0.131,0.157,0.129,0.081,0.119
3367,540.00,723.08,469,2.055,1379.0,0.114,0.175,0.103,0.132,0.121,0.130,0.118,0.107
3368,1269.00,729.52,1223,2.015,1379.3,0.131,0.137,0.078,0.144,0.105,0.170,0.157,0.078
3369,666.00,731.63,543,2.024,1379.9,0.164,0.152,0.112,0.144,0.183,0.125,0.068,0.051
3370,902.00,734.30,830,2.053,1381.0,0.150,0.130,0.097,0.154,0.154,0.145,0.074,0.097
3371,789.00,736.19,638,1.997,1381.2,0.116,0.164,0.110,0.068,0.158,0.082,0.171,0.130
3372,359.00,731.66,288,2.020,1381.5,0.129,0.147,0.141,0.071,0.176,0.112,0.147,0.076
3373,1031.00,730.10,703,1.773,1381.6,0.129,0.153,0.094,0.012,0.106,0.047,0.200,0.259
3374,789.00,731.47,709,2.023,1382.3,0.190,0.139,0.102,0.093,0.100,0.156,0.104,0.117
3375,455.00,725.99,393,1.988,1382.5,0.150,0.098,0.113,0.000,0.143,0.226,0.203,0.068
3376,481.00,724.99,457,1.999,1382.7,0.169,0.085,0.119,0.068,0.153,0.178,0.144,0.085
3377,768.00,729.26,556,2.047,1383.4,0.149,0.113,0.132,0.090,0.136,0.145,0.126,0.109
3378,1015.00,727.21,679,2.019,1383.8,0.181,0.147,0.092,0.046,0.139,0.109,0.168,0.118
3379,672.00,728.28,555,1.781,1384.0,0.067,0.296,0.207,0.037,0.052,0.015,0.119,0.207
3380,585.00,730.73,485,1.991,1384.2,0.085,0.177,0.121,0.085,0.085,0.149,0.184,0.113
3381,443.00,725.18,349,2.007,1384.6,0.172,0.197,0.094,0.069,0.113,0.133,0.103,0.118
3382,538.00,725.98,515,2.036,1385.2,0.209,0.178,0.109,0.102,0.105,0.134,0.085,0.078
3383,613.00,727.23,560,2.052,1385.7,0.177,0.152,0.075,0.109,0.071,0.115,0.121,0.180
3384,523.00,727.83,436,2.054,1386.1,0.121,0.174,0.149,0.135,0.138,0.110,0.071,0.103
3385,1927.00,739.95,1391,2.015,1386.5,0.107,0.207,0.178,0.070,0.132,0.079,0.099,0.128
3386,1323.00,746.20,1136,1.960,1386.7,0.172,0.202,0.141,0.141,0.111,0.040,0.061,0.131
3387,980.00,752.52,897,2.038,1387.1,0.137,0.168,0.179,0.122,0.115,0.088,0.088,0.103
3388,1559.00,761.83,1098,1.897,1387.3,0.207,0.091,0.248,0.116,0.140,0.025,0.074,0.099
3389,1258.00,764.86,743,1.913,1387.5,0.165,0.076,0.171,0.120,0.101,0.089,0.101,0.177
3390,624.00,761.78,613,1.941,1387.7,0.213,0.165,0.142,0.157,0.071,0.063,0.110,0.079
3391,861.00,764.86,679,2.027,1388.1,0.145,0.115,0.140,0.128,0.153,0.085,0.119,0.115
3392,503.00,765.21,413,2.065,1388.7,0.135,0.178,0.135,0.097,0.156,0.113,0.099,0.086
3393,811.00,767.23,631,2.039,1389.0,0.150,0.143,0.186,0.114,0.129,0.100,0.079,0.100
3394,1170.00,775.28,831,1.997,1389.2,0.163,0.094,0.150,0.194,0.094,0.081,0.056,0.169
3395,1573.00,787.86,1044,1.996,1389.4,0.175,0.103,0.196,0.155,0.062,0.093,0.072,0.144
3396,785.00,786.46,739,2.057,1389.9,0.161,0.084,0.155,0.109,0.124,0.115,0.106,0.146
3397,941.00,787.56,788,1.933,1390.1,0.138,0.119,0.064,0.321,0.083,0.073,0.092,0.110
3398,750.00,787.83,417,1.897,1390.3,0.179,0.079,0.129,0.279,0.057,0.114,0.100,0.064
3399,529.00,782.06,449,2.033,1390.7,0.112,0.134,0.109,0.221,0.134,0.091,0.141,0.058
3400,733.00,782.49,619,2.059,1391.3,0.136,0.115,0.172,0.184,0.129,0.096,0.086,0.081
3401,458.00,781.10,371,2.046,1391.8,0.119,0.115,0.112,0.175,0.123,0.056,0.130,0.171
3402,625.00,779.93,590,2.016,1392.0,0.136,0.095,0.183,0.172,0.083,0.071,0.160,0.101
3403,374.00,775.47,332,2.036,1392.3,0.180,0.096,0.146,0.146,0.062,0.107,0.180,0.084
3404,299.00,773.14,167,2.055,1392.7,0.149,0.124,0.132,0.112,0.070,0.128,0.153,0.132
3405,922.00,771.02,861,2.024,1393.1,0.166,0.132,0.139,0.132,0.098,0.139,0.115,0.078
3406,1050.00,776.72,977,2.034,1394.0,0.215,0.126,0.129,0.129,0.133,0.078,0.096,0.094
3407,381.00,773.21,329,1.989,1394.1,0.259,0.107,0.062,0.143,0.098,0.054,0.188,0.089
3408,480.00,768.56,418,2.025,1394.7,0.254,0.116,0.106,0.121,0.106,0.098,0.093,0.106
3409,1322.00,774.88,1080,1.910,1395.0,0.212,0.161,0.073,0.117,0.080,0.109,0.066,0.182
3410,893.00,780.29,806,1.986,1395.6,0.220,0.150,0.137,0.123,0.090,0.081,0.099,0.101
3411,471.00,774.75,390,1.995,1396.1,0.288,0.147,0.126,0.165,0.050,0.079,0.053,0.091
3412,908.00,773.67,299,1.975,1396.3,0.164,0.125,0.191,0.132,0.099,0.145,0.033,0.112
3413,1202.00,780.79,1106,2.005,1396.8,0.159,0.153,0.168,0.123,0.102,0.123,0.069,0.105
3414,1090.00,784.06,818,2.020,1397.3,0.155,0.188,0.145,0.112,0.069,0.158,0.059,0.115
3415,780.00,784.33,706,2.043,1398.1,0.151,0.147,0.169,0.138,0.089,0.140,0.081,0.085
3416,764.00,779.97,662,2.033,1398.7,0.130,0.183,0.169,0.119,0.093,0.119,0.101,0.087
3417,503.00,774.38,427,2.038,1399.3,0.119,0.155,0.189,0.132,0.078,0.130,0.105,0.091
3418,556.00,775.48,524,2.046,1400.1,0.146,0.170,0.150,0.095,0.083,0.150,0.111,0.095
3419,1637.00,780.96,1546,2.006,1400.4,0.144,0.075,0.103,0.098,0.144,0.126,0.144,0.167
3420,328.00,779.99,233,1.855,1400.6,0.191,0.096,0.096,0.021,0.176,0.106,0.250,0.064
3421,570.00,778.54,559,1.951,1401.1,0.198,0.077,0.125,0.086,0.153,0.118,0.176,0.067
3422,747.00,773.59,640,1.696,1401.3,0.273,0.036,0.091,0.027,0.145,0.109,0.318,0.000
3423,745.00,773.32,731,1.531,1401.4,0.382,0.000,0.118,0.013,0.171,0.053,0.263,0.000
3424,642.00,771.66,458,1.935,1402.1,0.204,0.090,0.143,0.059,0.140,0.131,0.169,0.064
3425,900.00,773.39,801,1.796,1402.3,0.190,0.006,0.149,0.023,0.138,0.259,0.224,0.011
3426,889.00,773.93,771,1.700,1402.5,0.323,0.011,0.194,0.022,0.118,0.097,0.226,0.011
3427,714.00,777.46,682,1.962,1403.9,0.167,0.098,0.117,0.102,0.146,0.172,0.108,0.090
3428,453.00,775.07,373,1.892,1404.6,0.097,0.067,0.156,0.067,0.235,0.257,0.078,0.043
3429,707.00,773.66,556,1.797,1405.0,0.084,0.026,0.233,0.133,0.117,0.301,0.081,0.026
3430,1113.00,775.99,667,1.744,1405.4,0.063,0.024,0.232,0.106,0.246,0.266,0.019,0.043
3431,485.00,772.61,421,1.849,1405.9,0.087,0.049,0.206,0.112,0.206,0.276,0.056,0.007
3432,834.00,770.10,655,1.868,1406.3,0.097,0.060,0.130,0.134,0.194,0.258,0.084,0.043
3433,600.00,765.00,526,2.016,1407.8,0.147,0.086,0.126,0.157,0.146,0.166,0.066,0.106
3434,1176.00,766.53,1072,1.762,1408.2,0.061,0.055,0.286,0.164,0.119,0.161,0.113,0.042
3435,417.00,765.08,365,1.986,1409.5,0.110,0.079,0.216,0.132,0.110,0.183,0.094,0.076
3436,1036.00,769.76,779,1.527,1409.7,0.043,0.014,0.319,0.007,0.305,0.199,0.035,0.078
3437,360.00,767.42,167,1.181,1410.0,0.074,0.041,0.047,0.007,0.642,0.108,0.027,0.054
3438,375.00,767.82,258,1.546,1410.4,0.087,0.028,0.031,0.003,0.550,0.091,0.062,0.147
3439,891.00,769.21,472,1.519,1410.7,0.079,0.058,0.047,0.026,0.479,0.126,0.047,0.137
3440,472.00,769.80,107,1.431,1411.0,0.103,0.057,0.080,0.000,0.549,0.069,0.034,0.109
3441,528.00,770.36,502,1.879,1411.6,0.144,0.100,0.055,0.026,0.357,0.094,0.084,0.139
3442,730.00,768.23,534,1.706,1411.7,0.070,0.088,0.061,0.026,0.447,0.114,0.070,0.123
3443,1032.00,773.34,748,1.705,1412.1,0.116,0.077,0.087,0.024,0.343,0.135,0.072,0.145
3444,1092.00,771.98,834,1.643,1412.3,0.095,0.057,0.051,0.000,0.494,0.177,0.057,0.070
3445,470.00,767.29,344,1.940,1413.2,0.133,0.105,0.053,0.034,0.303,0.126,0.118,0.126
3446,1259.00,776.39,1196,1.924,1413.6,0.083,0.156,0.076,0.019,0.276,0.114,0.111,0.165
3447,1085.00,783.29,891,1.749,1413.9,0.036,0.254,0.087,0.007,0.196,0.167,0.058,0.196
3448,723.00,777.29,579,1.961,1414.5,0.083,0.130,0.104,0.033,0.218,0.182,0.081,0.168
3449,769.00,779.59,557,1.940,1414.9,0.072,0.210,0.107,0.010,0.200,0.141,0.128,0.131
3450,853.00,781.30,682,1.943,1415.3,0.102,0.170,0.125,0.015,0.204,0.174,0.109,0.102
3451,342.00,779.32,304,1.956,1415.7,0.095,0.240,0.132,0.012,0.153,0.140,0.107,0.120
3452,742.00,779.30,722,2.007,1416.2,0.106,0.178,0.109,0.031,0.175,0.138,0.141,0.122
3453,806.00,781.32,796,2.031,1417.1,0.136,0.143,0.137,0.082,0.139,0.119,0.129,0.116
3454,916.00,784.46,536,1.938,1417.6,0.076,0.155,0.132,0.040,0.205,0.139,0.092,0.162
3455,485.00,778.27,141,1.937,1417.9,0.049,0.124,0.157,0.016,0.222,0.195,0.049,0.189
3456,938.00,779.29,817,2.015,1418.4,0.092,0.117,0.132,0.062,0.182,0.169,0.114,0.132
3457,673.00,780.95,568,1.993,1418.7,0.103,0.108,0.108,0.049,0.157,0.152,0.108,0.216
3458,414.00,775.00,341,2.036,1419.1,0.112,0.118,0.118,0.058,0.160,0.147,0.144,0.144
3459,342.00,768.90,310,2.037,1419.6,0.114,0.121,0.104,0.088,0.155,0.165,0.111,0.141
3460,600.00,770.51,570,2.024,1420.0,0.123,0.116,0.085,0.116,0.155,0.158,0.123,0.123
3461,952.00,776.03,881,2.007,1420.4,0.149,0.133,0.097,0.056,0.137,0.121,0.141,0.165
3462,973.00,777.43,745,2.036,1422.1,0.178,0.081,0.097,0.178,0.117,0.146,0.087,0.117
3463,620.00,776.60,594,1.469,1422.4,0.026,0.099,0.099,0.033,0.092,0.112,0.138,0.401
3464,337.00,773.29,305,1.820,1423.0,0.057,0.064,0.104,0.059,0.089,0.119,0.114,0.395
3465,646.00,770.83,523,1.589,1423.3,0.027,0.155,0.086,0.059,0.027,0.075,0.155,0.417
3466,362.00,766.23,328,1.790,1423.6,0.018,0.107,0.111,0.071,0.040,0.098,0.169,0.387
3467,546.00,766.29,429,1.870,1423.9,0.080,0.116,0.098,0.040,0.067,0.098,0.156,0.344
3468,1085.00,764.45,1051,1.718,1424.2,0.036,0.217,0.138,0.014,0.065,0.152,0.145,0.232
3469,740.00,765.19,598,1.880,1424.7,0.056,0.177,0.135,0.076,0.076,0.101,0.129,0.250
3470,605.00,762.22,510,1.959,1425.4,0.081,0.146,0.159,0.061,0.112,0.081,0.161,0.200
3471,956.00,763.89,907,1.984,1426.3,0.065,0.133,0.162,0.120,0.105,0.162,0.102,0.151
3472,1341.00,773.71,1203,1.942,1426.7,0.045,0.188,0.167,0.035,0.115,0.236,0.122,0.094
3473,573.00,769.13,451,1.996,1427.4,0.065,0.186,0.136,0.086,0.132,0.190,0.067,0.138
3474,525.00,766.49,449,1.946,1427.8,0.061,0.149,0.192,0.054,0.169,0.207,0.065,0.103
3475,1494.00,776.88,1472,2.028,1430.6,0.131,0.079,0.113,0.167,0.167,0.145,0.081,0.117
3476,528.00,777.35,500,2.054,1431.5,0.137,0.148,0.120,0.146,0.142,0.109,0.077,0.122
3477,962.00,779.29,715,2.004,1431.9,0.150,0.202,0.181,0.070,0.091,0.136,0.066,0.105
3478,958.00,778.72,743,1.931,1432.1,0.180,0.200,0.180,0.040,0.113,0.153,0.040,0.093
3479,739.00,779.39,537,2.021,1432.5,0.137,0.137,0.208,0.044,0.142,0.181,0.058,0.093
3480,804.00,781.58,586,2.054,1433.1,0.119,0.096,0.151,0.148,0.151,0.126,0.078,0.132
3481,389.00,781.04,318,2.048,1433.7,0.141,0.085,0.131,0.157,0.113,0.123,0.075,0.175
3482,912.00,784.78,750,2.021,1434.1,0.116,0.088,0.124,0.108,0.163,0.147,0.056,0.199
3483,978.00,788.43,538,1.918,1434.3,0.146,0.111,0.160,0.104,0.118,0.153,0.042,0.167
3484,818.00,791.38,775,2.058,1435.0,0.138,0.093,0.132,0.123,0.108,0.114,0.108,0.184
3485,1005.00,782.16,939,2.056,1435.6,0.127,0.100,0.103,0.152,0.115,0.159,0.076,0.169
3486,527.00,774.20,422,2.059,1435.9,0.114,0.088,0.161,0.130,0.166,0.119,0.098,0.124
3487,961.00,774.01,908,1.911,1436.0,0.131,0.155,0.143,0.143,0.095,0.060,0.131,0.143
3488,580.00,764.22,500,2.062,1436.5,0.142,0.097,0.110,0.151,0.110,0.116,0.107,0.167
3489,663.00,758.27,385,2.041,1436.9,0.156,0.082,0.070,0.111,0.148,0.140,0.103,0.189
3490,1105.00,763.08,709,1.940,1437.0,0.191,0.109,0.036,0.155,0.109,0.155,0.082,0.164
3491,786.00,762.33,554,2.044,1437.5,0.150,0.113,0.101,0.107,0.135,0.116,0.101,0.177
3492,1485.00,772.15,1087,1.823,1437.7,0.190,0.133,0.095,0.114,0.114,0.076,0.067,0.210
3493,837.00,772.41,624,2.022,1438.3,0.171,0.094,0.089,0.173,0.125,0.075,0.077,0.197
3494,947.00,770.18,794,2.029,1439.0,0.149,0.124,0.131,0.131,0.095,0.133,0.079,0.160
3495,986.00,764.31,768,2.029,1439.5,0.215,0.110,0.110,0.151,0.085,0.088,0.079,0.161
3496,1108.00,767.54,557,2.038,1440.1,0.167,0.103,0.157,0.130,0.108,0.106,0.076,0.152
3497,956.00,767.69,784,1.982,1440.4,0.200,0.147,0.160,0.071,0.098,0.089,0.093,0.142
3498,1073.00,770.92,953,2.043,1441.2,0.189,0.180,0.079,0.101,0.113,0.104,0.079,0.156
3499,1000.00,775.63,824,1.971,1441.7,0.168,0.158,0.071,0.065,0.129,0.119,0.097,0.194
3500,905.00,777.35,881,2.035,1442.8,0.150,0.140,0.095,0.080,0.141,0.127,0.089,0.177
3501,717.00,779.94,625,1.997,1443.7,0.083,0.115,0.072,0.177,0.098,0.129,0.116,0.209
3502,1200.00,785.69,662,1.755,1443.9,0.030,0.060,0.128,0.361,0.083,0.075,0.120,0.143
3503,828.00,790.23,400,1.967,1444.2,0.089,0.145,0.094,0.243,0.081,0.102,0.068,0.179
3504,718.00,794.42,568,2.019,1444.6,0.085,0.155,0.128,0.186,0.066,0.147,0.093,0.140
3505,706.00,792.26,365,1.860,1444.8,0.067,0.183,0.133,0.308,0.117,0.100,0.025,0.067
3506,571.00,787.47,474,2.048,1445.4,0.084,0.144,0.124,0.175,0.096,0.124,0.127,0.127
3507,627.00,789.93,622,2.028,1446.1,0.068,0.114,0.081,0.163,0.136,0.142,0.138,0.159
3508,456.00,789.69,400,2.029,1446.5,0.084,0.164,0.080,0.152,0.084,0.164,0.124,0.148
3509,630.00,782.77,383,2.036,1447.0,0.117,0.123,0.114,0.123,0.095,0.185,0.074,0.169
3510,1128.00,785.12,1033,2.025,1447.3,0.152,0.219,0.079,0.079,0.112,0.135,0.096,0.129
3511,1121.00,791.62,894,2.009,1447.6,0.111,0.222,0.101,0.096,0.086,0.192,0.061,0.131
3512,1140.00,793.94,949,1.889,1447.8,0.065,0.185,0.097,0.185,0.121,0.121,0.081,0.145
3513,892.00,790.84,841,2.055,1449.4,0.130,0.145,0.101,0.117,0.119,0.157,0.086,0.145
3514,261.00,782.55,232,2.018,1449.8,0.101,0.214,0.060,0.073,0.097,0.157,0.169,0.129
3515,1089.00,785.64,809,1.882,1450.0,0.111,0.274,0.133,0.193,0.052,0.037,0.081,0.119
3516,588.00,783.88,491,2.032,1450.6,0.135,0.166,0.083,0.123,0.160,0.077,0.077,0.178
3517,745.00,786.30,478,2.034,1451.1,0.142,0.151,0.110,0.099,0.104,0.115,0.096,0.184
3518,1014.00,790.88,829,1.525,1451.2,0.101,0.392,0.013,0.278,0.051,0.038,0.051,0.076
3519,1064.00,785.15,1033,1.746,1451.5,0.109,0.322,0.044,0.191,0.060,0.098,0.082,0.093
3520,827.00,790.14,741,1.975,1451.9,0.110,0.155,0.110,0.197,0.121,0.090,0.114,0.103
3521,530.00,789.74,339,2.049,1452.9,0.131,0.124,0.110,0.107,0.129,0.124,0.101,0.174
3522,663.00,788.90,623,1.994,1453.3,0.136,0.149,0.066,0.157,0.099,0.099,0.107,0.186
3523,697.00,788.42,421,2.032,1454.0,0.127,0.125,0.094,0.121,0.092,0.136,0.086,0.219
3524,695.00,788.95,497,2.056,1454.7,0.161,0.124,0.129,0.116,0.131,0.105,0.088,0.146
3525,1207.00,792.02,971,2.018,1455.1,0.152,0.110,0.117,0.133,0.125,0.133,0.129,0.102
3526,902.00,792.15,753,1.867,1455.4,0.236,0.124,0.056,0.236,0.130,0.068,0.093,0.056
3527,813.00,793.14,736,2.002,1455.8,0.158,0.144,0.091,0.084,0.130,0.179,0.112,0.102
3528,923.00,797.84,757,1.973,1456.2,0.170,0.109,0.121,0.130,0.101,0.166,0.109,0.093
3529,630.00,797.07,505,2.036,1457.7,0.174,0.098,0.127,0.085,0.148,0.157,0.095,0.115
3530,820.00,794.14,429,1.749,1458.1,0.231,0.109,0.095,0.077,0.104,0.095,0.059,0.231
3531,732.00,796.61,675,1.902,1459.0,0.222,0.118,0.040,0.091,0.144,0.105,0.040,0.239
3532,1229.00,800.56,554,1.746,1459.3,0.253,0.098,0.065,0.069,0.147,0.098,0.024,0.245
3533,2335.00,817.91,1953,1.815,1459.9,0.213,0.127,0.056,0.089,0.157,0.089,0.066,0.205
3534,1907.00,825.22,1688,1.532,1460.3,0.370,0.118,0.023,0.084,0.103,0.061,0.042,0.198
3535,2049.00,841.54,338,1.285,1460.5,0.431,0.095,0.000,0.138,0.043,0.009,0.009,0.276
3536,3001.00,861.19,2876,1.723,1461.3,0.269,0.121,0.040,0.096,0.127,0.107,0.038,0.202
3537,725.00,864.84,596,1.251,1461.6,0.439,0.128,0.005,0.086,0.053,0.005,0.011,0.273
3538,1360.00,874.69,727,1.498,1461.9,0.394,0.059,0.020,0.103,0.079,0.074,0.025,0.246
3539,1707.00,882.85,812,1.618,1462.3,0.354,0.093,0.039,0.093,0.109,0.084,0.023,0.206
3540,1112.00,889.25,988,1.738,1463.1,0.241,0.157,0.020,0.086,0.127,0.082,0.022,0.264
3541,1205.00,896.02,487,1.595,1463.5,0.341,0.123,0.020,0.123,0.111,0.032,0.028,0.222
3542,867.00,897.39,804,1.757,1464.1,0.298,0.102,0.027,0.078,0.171,0.073,0.041,0.210
3543,813.00,895.20,648,0.530,1464.2,0.756,0.070,0.000,0.012,0.047,0.000,0.000,0.116
3544,296.00,887.24,0,0.722,1464.4,0.752,0.044,0.000,0.035,0.097,0.027,0.000,0.044
3545,41.00,882.95,0,0.141,1464.6,0.986,0.014,0.000,0.000,0.000,0.000,0.000,0.000
3546,0.00,870.36,0,0.005,1464.6,1.000,0.000,0.000,0.000,0.000,0.000,0.000,0.000
3547,459.00,864.10,0,0.312,1464.8,0.882,0.053,0.013,0.013,0.026,0.013,0.000,0.000
3548,449.00,861.36,191,1.505,1465.1,0.443,0.090,0.049,0.037,0.148,0.070,0.061,0.102
3549,205.00,855.72,0,0.062,1465.2,0.981,0.019,0.000,0.000,0.000,0.000,0.000,0.000
3550,0.00,847.19,0,0.030,1465.3,1.000,0.000,0.000,0.000,0.000,0.000,0.000,0.000
3551,1135.00,855.12,1050,1.734,1465.9,0.327,0.110,0.066,0.126,0.118,0.096,0.036,0.121
3552,574.00,853.44,456,1.222,1466.2,0.599,0.096,0.000,0.075,0.048,0.070,0.016,0.096
3553,615.00,851.53,0,0.130,1466.2,0.947,0.000,0.000,0.026,0.000,0.000,0.000,0.026
3554,0.00,842.37,0,0.058,1466.3,1.000,0.000,0.000,0.000,0.000,0.000,0.000,0.000
3555,732.00,844.84,603,1.610,1466.7,0.416,0.156,0.025,0.070,0.136,0.070,0.033,0.095
3556,0.00,835.46,0,0.095,1466.7,1.000,0.000,0.000,0.000,0.000,0.000,0.000,0.000
3557,282.00,831.55,0,0.662,1466.9,0.842,0.053,0.000,0.053,0.013,0.013,0.000,0.026
3558,891.00,836.32,700,1.484,1467.2,0.467,0.127,0.014,0.066,0.099,0.099,0.047,0.080
3559,612.00,839.02,595,0.193,1467.3,0.949,0.051,0.000,0.000,0.000,0.000,0.000,0.000
3560,981.00,842.83,676,1.431,1467.6,0.466,0.138,0.034,0.073,0.082,0.069,0.017,0.121
3561,0.00,833.31,0,0.216,1467.7,0.976,0.024,0.000,0.000,0.000,0.000,0.000,0.000
3562,565.00,829.23,559,1.807,1468.3,0.300,0.169,0.029,0.095,0.151,0.104,0.036,0.115
3563,1862.00,841.65,1572,1.689,1468.8,0.323,0.183,0.040,0.130,0.100,0.077,0.023,0.123
3564,1675.00,855.03,1526,1.622,1469.2,0.355,0.147,0.020,0.094,0.154,0.087,0.037,0.107
3565,1321.00,861.78,620,1.177,1469.4,0.526,0.189,0.000,0.253,0.000,0.021,0.000,0.011
3566,1081.00,868.97,552,1.695,1469.7,0.295,0.171,0.032,0.159,0.116,0.092,0.028,0.108
3567,557.00,869.08,277,1.672,1470.1,0.362,0.176,0.010,0.106,0.121,0.090,0.040,0.095
3568,862.00,866.85,737,1.332,1470.2,0.512,0.256,0.000,0.110,0.024,0.061,0.000,0.037
3569,1377.00,873.22,741,1.934,1470.9,0.217,0.130,0.062,0.120,0.182,0.124,0.050,0.116
3570,548.00,872.65,444,1.907,1471.4,0.184,0.184,0.036,0.133,0.168,0.087,0.042,0.165
3571,610.00,869.19,321,1.940,1471.8,0.228,0.164,0.030,0.138,0.183,0.127,0.019,0.112
3572,1091.00,866.69,1047,1.974,1472.5,0.176,0.130,0.061,0.136,0.167,0.109,0.071,0.151
3573,1183.00,872.79,979,1.998,1473.8,0.165,0.143,0.053,0.125,0.192,0.130,0.050,0.143
3574,981.00,877.35,385,1.728,1474.0,0.255,0.204,0.020,0.184,0.133,0.041,0.020,0.143
3575,952.00,871.93,871,2.013,1475.4,0.155,0.164,0.060,0.127,0.133,0.113,0.083,0.165
3576,945.00,876.10,903,1.907,1476.2,0.169,0.194,0.036,0.143,0.194,0.085,0.066,0.115
3577,779.00,874.27,411,1.905,1476.6,0.213,0.205,0.019,0.142,0.216,0.090,0.056,0.060
3578,1587.00,880.56,785,1.924,1477.1,0.185,0.182,0.033,0.167,0.164,0.089,0.077,0.104
3579,1115.00,884.32,792,1.827,1477.5,0.256,0.227,0.014,0.126,0.135,0.106,0.053,0.082
3580,1230.00,888.58,1006,1.885,1477.8,0.234,0.186,0.013,0.121,0.169,0.108,0.052,0.117
3581,1033.00,895.02,868,1.888,1478.4,0.190,0.198,0.033,0.185,0.126,0.085,0.067,0.116
3582,551.00,891.41,423,1.860,1478.7,0.330,0.106,0.018,0.142,0.101,0.147,0.060,0.096
3583,1043.00,892.06,995,1.825,1478.9,0.262,0.140,0.019,0.168,0.131,0.168,0.037,0.075
3584,984.00,893.72,915,2.030,1480.9,0.168,0.114,0.090,0.115,0.142,0.133,0.101,0.137
3585,898.00,892.65,295,1.747,1481.1,0.103,0.130,0.016,0.308,0.103,0.108,0.032,0.200
3586,1323.00,900.61,1094,1.987,1482.3,0.115,0.068,0.080,0.149,0.109,0.153,0.107,0.220
3587,1038.00,901.38,849,1.794,1482.6,0.060,0.060,0.020,0.232,0.073,0.232,0.033,0.291
3588,774.00,903.32,628,1.952,1483.2,0.089,0.089,0.029,0.145,0.071,0.221,0.116,0.239
3589,1117.00,907.86,751,1.980,1483.8,0.134,0.096,0.052,0.132,0.096,0.237,0.112,0.141
3590,1090.00,907.71,871,1.935,1484.2,0.112,0.058,0.077,0.158,0.115,0.177,0.131,0.173
3591,534.00,905.19,527,1.995,1484.7,0.086,0.101,0.078,0.121,0.130,0.207,0.107,0.170
3592,1450.00,904.84,644,1.918,1485.0,0.105,0.105,0.084,0.204,0.115,0.204,0.042,0.141
3593,857.00,905.04,589,1.965,1485.5,0.076,0.076,0.086,0.175,0.137,0.197,0.096,0.156
3594,678.00,902.35,432,2.009,1485.9,0.133,0.088,0.074,0.182,0.126,0.196,0.070,0.130
3595,952.00,902.01,802,2.051,1486.6,0.165,0.095,0.115,0.101,0.147,0.125,0.117,0.135
3596,895.00,899.88,680,2.018,1487.1,0.097,0.074,0.131,0.141,0.138,0.171,0.081,0.168
3597,676.00,897.08,435,1.996,1487.4,0.113,0.080,0.113,0.108,0.156,0.226,0.052,0.151
3598,1285.00,899.20,1040,1.904,1487.7,0.096,0.079,0.130,0.113,0.113,0.237,0.073,0.158
3599,844.00,897.64,746,1.975,1488.1,0.091,0.084,0.165,0.102,0.144,0.200,0.056,0.158
3600,516.00,893.75,424,2.024,1488.7,0.115,0.093,0.131,0.069,0.123,0.211,0.077,0.181
3601,1033.00,896.91,441,1.869,1488.9,0.105,0.085,0.131,0.098,0.131,0.294,0.026,0.131
3602,1328.00,898.19,1193,2.000,1489.3,0.112,0.084,0.116,0.135,0.126,0.214,0.056,0.158
3603,760.00,897.51,708,2.032,1490.0,0.115,0.079,0.109,0.100,0.149,0.179,0.092,0.177
3604,1003.00,900.36,812,1.961,1490.2,0.098,0.092,0.058,0.075,0.191,0.220,0.075,0.191
3605,783.00,901.13,694,2.044,1491.2,0.149,0.110,0.106,0.109,0.143,0.141,0.110,0.132
3606,565.00,901.07,544,2.028,1491.6,0.174,0.136,0.070,0.050,0.161,0.107,0.112,0.190
3607,781.00,902.61,680,2.046,1492.3,0.132,0.163,0.090,0.104,0.144,0.123,0.121,0.123
3608,988.00,907.93,655,1.988,1492.5,0.108,0.194,0.043,0.079,0.216,0.086,0.094,0.180
3609,204.00,903.67,196,2.041,1492.9,0.139,0.131,0.099,0.099,0.168,0.106,0.120,0.139
3610,1217.00,904.56,925,2.033,1493.2,0.181,0.158,0.053,0.117,0.135,0.099,0.099,0.158
3611,891.00,902.26,809,2.037,1493.6,0.144,0.107,0.103,0.140,0.128,0.148,0.082,0.148
3612,1224.00,903.10,956,2.050,1494.3,0.139,0.133,0.126,0.148,0.111,0.120,0.090,0.133
3613,317.00,897.35,288,2.048,1494.7,0.139,0.106,0.096,0.059,0.168,0.109,0.152,0.172
3614,523.00,899.97,385,2.067,1495.3,0.161,0.089,0.102,0.083,0.175,0.124,0.124,0.142
3615,794.00,897.02,615,2.052,1495.7,0.102,0.102,0.120,0.088,0.201,0.124,0.124,0.139
3616,599.00,897.13,528,2.048,1496.3,0.131,0.102,0.105,0.081,0.136,0.174,0.119,0.152
3617,1460.00,904.28,1446,1.974,1496.5,0.142,0.042,0.042,0.142,0.083,0.275,0.167,0.108
3618,901.00,903.15,772,2.047,1497.9,0.155,0.090,0.123,0.121,0.104,0.197,0.109,0.100
3619,1406.00,906.57,970,1.953,1498.1,0.094,0.078,0.125,0.164,0.078,0.242,0.102,0.117
3620,286.00,901.16,240,1.992,1498.5,0.117,0.089,0.066,0.167,0.062,0.226,0.195,0.078
3621,1152.00,907.38,1001,2.013,1499.3,0.157,0.108,0.076,0.150,0.072,0.169,0.182,0.086
3622,885.00,909.60,761,1.915,1499.4,0.101,0.180,0.011,0.202,0.090,0.112,0.169,0.135
3623,536.00,907.99,502,1.997,1499.8,0.142,0.156,0.058,0.151,0.084,0.116,0.173,0.120
3624,492.00,905.96,296,1.980,1500.2,0.163,0.134,0.067,0.079,0.042,0.180,0.163,0.172
3625,446.00,898.35,315,1.995,1500.5,0.151,0.104,0.080,0.061,0.066,0.151,0.236,0.151
3626,212.00,891.45,203,2.046,1500.8,0.107,0.157,0.127,0.086,0.086,0.193,0.147,0.096
3627,562.00,888.94,530,2.058,1501.1,0.135,0.173,0.077,0.149,0.101,0.144,0.125,0.096
3628,1233.00,892.04,1150,1.905,1501.4,0.103,0.170,0.073,0.109,0.170,0.170,0.109,0.097
3629,720.00,892.94,355,2.038,1501.7,0.114,0.205,0.087,0.188,0.114,0.135,0.079,0.079
3630,1049.00,895.23,209,1.898,1501.9,0.190,0.181,0.060,0.078,0.224,0.121,0.052,0.095
3631,1315.00,901.06,898,1.912,1502.0,0.143,0.163,0.071,0.194,0.163,0.061,0.051,0.153
3632,622.00,894.99,342,2.052,1502.4,0.166,0.188,0.118,0.131,0.079,0.087,0.135,0.096
3633,762.00,879.26,689,2.050,1503.3,0.181,0.159,0.130,0.113,0.117,0.108,0.091,0.101
3634,1258.00,872.77,700,1.962,1503.5,0.230,0.107,0.098,0.115,0.131,0.074,0.082,0.164
3635,731.00,859.59,405,1.873,1503.6,0.268,0.195,0.073,0.171,0.073,0.037,0.073,0.110
3636,880.00,838.38,856,2.030,1504.5,0.172,0.192,0.104,0.124,0.116,0.106,0.098,0.089
3637,1668.00,847.81,1574,1.994,1504.7,0.194,0.133,0.106,0.094,0.139,0.117,0.111,0.106
3638,1085.00,845.06,893,1.287,1504.8,0.556,0.127,0.048,0.032,0.048,0.048,0.063,0.079
3639,0.00,827.99,0,0.124,1504.9,1.000,0.000,0.000,0.000,0.000,0.000,0.000,0.000
3640,456.00,821.43,375,1.993,1505.4,0.236,0.208,0.091,0.076,0.042,0.133,0.088,0.127
3641,1068.00,820.06,738,2.005,1506.1,0.158,0.177,0.120,0.072,0.106,0.137,0.106,0.125
3642,796.00,819.35,682,2.006,1506.6,0.184,0.202,0.121,0.066,0.084,0.157,0.092,0.094
3643,651.00,817.73,613,1.822,1506.9,0.286,0.230,0.062,0.068,0.093,0.112,0.081,0.068
3644,1286.00,827.63,813,1.942,1507.4,0.243,0.141,0.128,0.072,0.120,0.131,0.101,0.064
3645,1159.00,838.81,994,1.931,1507.8,0.199,0.199,0.080,0.069,0.101,0.174,0.130,0.047
3646,0.00,838.81,0,0.091,1507.9,1.000,0.000,0.000,0.000,0.000,0.000,0.000,0.000
3647,0.00,834.22,0,0.183,1508.0,1.000,0.000,0.000,0.000,0.000,0.000,0.000,0.000
3648,729.00,837.02,729,0.832,1508.1,0.754,0.123,0.031,0.015,0.000,0.031,0.031,0.015
3649,568.00,840.65,424,1.588,1508.3,0.406,0.229,0.031,0.073,0.073,0.062,0.052,0.073
3650,809.00,848.74,496,1.612,1508.4,0.392,0.113,0.031,0.124,0.082,0.072,0.072,0.113
3651,809.00,845.48,711,1.740,1508.6,0.325,0.103,0.120,0.137,0.085,0.094,0.077,0.060
3652,1259.00,852.33,1171,1.906,1508.9,0.219,0.202,0.073,0.079,0.096,0.152,0.107,0.073
3653,1100.00,857.18,603,1.705,1509.0,0.294,0.255,0.069,0.098,0.078,0.108,0.039,0.059
3654,704.00,864.22,552,1.295,1509.1,0.554,0.154,0.015,0.077,0.077,0.031,0.092,0.000
3655,666.00,863.56,601,2.031,1509.5,0.200,0.153,0.098,0.102,0.094,0.106,0.123,0.123
3656,746.00,871.02,616,2.045,1510.0,0.164,0.143,0.099,0.111,0.140,0.140,0.117,0.085
3657,1731.00,885.51,1389,1.941,1510.2,0.121,0.198,0.043,0.103,0.095,0.164,0.138,0.138
3658,437.00,880.97,359,2.029,1510.6,0.145,0.095,0.095,0.120,0.083,0.154,0.141,0.166
3659,522.00,880.07,320,1.409,1510.7,0.136,0.169,0.000,0.153,0.034,0.051,0.441,0.017
3660,713.00,877.39,257,1.882,1510.8,0.139,0.096,0.087,0.157,0.157,0.113,0.157,0.096
3661,1082.00,888.21,1066,1.987,1511.1,0.082,0.071,0.071,0.220,0.137,0.132,0.198,0.088
3662,688.00,889.44,463,1.735,1511.2,0.149,0.041,0.014,0.230,0.081,0.108,0.338,0.041
3663,575.00,876.57,534,1.507,1511.4,0.100,0.129,0.014,0.229,0.029,0.057,0.414,0.029
3664,619.00,866.01,519,1.528,1511.5,0.128,0.103,0.000,0.244,0.026,0.064,0.436,0.000
3665,752.00,860.32,690,1.857,1511.7,0.128,0.064,0.055,0.211,0.183,0.073,0.211,0.073
3666,867.00,858.18,495,2.000,1512.0,0.113,0.147,0.082,0.177,0.173,0.108,0.117,0.082
3667,998.00,862.59,891,1.688,1512.1,0.157,0.137,0.039,0.235,0.059,0.020,0.314,0.039
3668,1039.00,864.36,1016,2.020,1513.8,0.135,0.086,0.149,0.078,0.203,0.170,0.104,0.077
3669,425.00,854.84,412,2.005,1514.6,0.099,0.100,0.112,0.141,0.141,0.206,0.147,0.054
3670,462.00,853.98,240,2.005,1515.0,0.149,0.078,0.089,0.093,0.197,0.190,0.112,0.093
3671,874.00,856.62,790,2.017,1515.4,0.119,0.074,0.167,0.100,0.067,0.212,0.112,0.149
3672,628.00,851.99,562,2.016,1515.8,0.124,0.085,0.181,0.121,0.082,0.181,0.135,0.092
3673,590.00,846.06,429,2.031,1516.3,0.132,0.076,0.229,0.132,0.114,0.103,0.085,0.129
3674,717.00,843.42,631,2.026,1516.9,0.111,0.106,0.186,0.158,0.090,0.127,0.078,0.145
3675,836.00,842.26,681,2.003,1517.2,0.123,0.097,0.216,0.195,0.085,0.127,0.059,0.097
3676,394.00,836.75,250,2.025,1517.6,0.146,0.094,0.075,0.139,0.191,0.154,0.090,0.112
3677,695.00,835.91,692,2.028,1519.8,0.133,0.125,0.133,0.066,0.198,0.169,0.091,0.086
3678,432.00,824.36,394,1.876,1520.0,0.096,0.066,0.066,0.051,0.206,0.169,0.279,0.066
3679,932.00,822.53,890,1.658,1520.1,0.103,0.000,0.034,0.121,0.000,0.121,0.466,0.155
3680,647.00,816.70,620,1.881,1520.5,0.118,0.049,0.103,0.093,0.147,0.162,0.240,0.088
3681,307.00,809.44,243,1.946,1520.8,0.083,0.039,0.074,0.143,0.083,0.248,0.226,0.104
3682,967.00,813.60,834,1.887,1521.0,0.060,0.026,0.137,0.179,0.077,0.231,0.214,0.077
3683,1094.00,814.11,1065,1.850,1521.2,0.057,0.023,0.103,0.115,0.161,0.230,0.253,0.057
3684,674.00,811.01,308,1.894,1521.4,0.065,0.058,0.090,0.116,0.174,0.194,0.258,0.045
3685,1408.00,816.11,1302,1.796,1521.6,0.086,0.019,0.200,0.029,0.133,0.229,0.257,0.048
3686,578.00,808.66,549,1.989,1522.1,0.141,0.079,0.123,0.109,0.155,0.155,0.170,0.067
3687,545.00,803.73,433,1.904,1522.4,0.101,0.027,0.069,0.133,0.133,0.239,0.223,0.074
3688,618.00,802.17,553,1.942,1522.6,0.061,0.048,0.048,0.121,0.230,0.212,0.176,0.103
3689,477.00,795.77,339,1.968,1523.0,0.115,0.055,0.065,0.106,0.175,0.143,0.249,0.092
3690,1281.00,797.68,1205,1.901,1523.1,0.250,0.135,0.183,0.077,0.135,0.038,0.115,0.067
3691,530.00,797.64,485,2.007,1523.6,0.120,0.072,0.108,0.117,0.178,0.133,0.202,0.069
3692,613.00,789.27,427,1.329,1523.8,0.515,0.121,0.061,0.076,0.061,0.061,0.076,0.030
3693,966.00,790.36,825,2.018,1524.1,0.195,0.106,0.106,0.131,0.106,0.076,0.186,0.093
3694,1104.00,794.62,1023,2.026,1524.7,0.193,0.120,0.107,0.107,0.137,0.125,0.140,0.071
3695,1136.00,796.46,843,1.829,1524.9,0.281,0.156,0.109,0.086,0.086,0.078,0.156,0.047
3696,576.00,793.27,544,2.021,1525.4,0.184,0.128,0.094,0.163,0.101,0.115,0.139,0.076
3697,1447.00,800.98,974,1.121,1525.5,0.545,0.227,0.030,0.106,0.000,0.061,0.015,0.015
3698,1262.00,800.75,707,1.491,1525.7,0.485,0.172,0.101,0.061,0.030,0.051,0.071,0.030
3699,1316.00,805.47,720,1.612,1525.9,0.412,0.219,0.061,0.096,0.044,0.044,0.079,0.044
3700,837.00,808.68,766,1.854,1526.1,0.219,0.188,0.062,0.211,0.078,0.070,0.141,0.031
3701,822.00,806.57,659,1.969,1526.5,0.163,0.110,0.126,0.187,0.073,0.081,0.183,0.077
3702,1347.00,806.76,1310,1.807,1526.8,0.159,0.146,0.055,0.341,0.055,0.073,0.098,0.073
3703,760.00,806.76,526,1.964,1527.1,0.113,0.169,0.100,0.182,0.095,0.074,0.177,0.091
3704,1214.00,808.87,1210,2.032,1527.7,0.168,0.104,0.111,0.177,0.097,0.116,0.168,0.059
3705,297.00,804.01,278,2.029,1528.3,0.143,0.140,0.094,0.138,0.077,0.129,0.143,0.135
3706,770.00,806.06,593,2.030,1528.8,0.172,0.129,0.104,0.156,0.089,0.123,0.132,0.095
3707,836.00,806.61,768,1.912,1528.9,0.267,0.128,0.081,0.186,0.058,0.093,0.093,0.093
3708,786.00,804.59,448,2.042,1529.4,0.176,0.124,0.105,0.150,0.095,0.127,0.121,0.101
3709,1488.00,817.43,1191,1.768,1529.6,0.312,0.036,0.116,0.089,0.054,0.214,0.080,0.098
3710,601.00,811.27,572,2.008,1530.1,0.188,0.077,0.071,0.163,0.089,0.160,0.157,0.095
3711,994.00,812.30,654,1.821,1530.3,0.208,0.076,0.021,0.167,0.083,0.264,0.125,0.056
3712,959.00,809.65,817,1.928,1530.7,0.224,0.061,0.048,0.184,0.061,0.206,0.136,0.079
3713,1072.00,817.20,1051,1.882,1530.9,0.188,0.083,0.060,0.150,0.105,0.256,0.128,0.030
3714,774.00,819.71,700,1.802,1531.0,0.242,0.081,0.010,0.202,0.051,0.303,0.071,0.040
3715,776.00,819.53,454,1.934,1531.4,0.195,0.068,0.064,0.182,0.109,0.214,0.109,0.059
3716,896.00,822.50,803,1.902,1531.6,0.264,0.062,0.076,0.160,0.090,0.215,0.069,0.062
3717,752.00,815.42,653,2.042,1532.6,0.167,0.119,0.108,0.109,0.163,0.137,0.103,0.094
3718,409.00,810.50,289,1.983,1532.9,0.183,0.096,0.096,0.234,0.101,0.124,0.119,0.046
3719,679.00,803.23,470,1.837,1533.1,0.196,0.036,0.027,0.295,0.098,0.179,0.134,0.036
3720,661.00,806.98,597,2.008,1533.4,0.156,0.085,0.057,0.171,0.118,0.161,0.161,0.090
3721,729.00,802.75,577,2.020,1533.9,0.207,0.074,0.053,0.130,0.118,0.142,0.167,0.108
3722,618.00,800.08,559,2.031,1534.5,0.172,0.115,0.094,0.122,0.130,0.161,0.148,0.057
3723,794.00,802.66,682,2.034,1535.3,0.164,0.084,0.088,0.123,0.114,0.178,0.108,0.140
3724,744.00,805.18,697,2.017,1535.8,0.168,0.092,0.090,0.101,0.124,0.136,0.145,0.145
3725,287.00,803.59,281,2.027,1536.3,0.139,0.069,0.092,0.108,0.117,0.172,0.183,0.119
3726,764.00,809.11,658,2.012,1536.6,0.162,0.035,0.085,0.127,0.127,0.085,0.218,0.162
3727,232.00,805.81,177,2.015,1537.0,0.127,0.058,0.109,0.116,0.095,0.124,0.233,0.138
3728,1753.00,811.01,1370,2.007,1537.1,0.149,0.061,0.132,0.149,0.105,0.105,0.167,0.132
3729,950.00,813.31,853,2.030,1537.7,0.139,0.099,0.106,0.131,0.134,0.146,0.134,0.111
3730,608.00,808.90,405,2.029,1538.1,0.205,0.065,0.107,0.107,0.107,0.158,0.149,0.102
3731,1677.00,812.52,1459,1.971,1538.2,0.111,0.030,0.162,0.101,0.081,0.121,0.232,0.162
3732,747.00,813.77,699,2.038,1538.6,0.114,0.114,0.140,0.123,0.092,0.092,0.162,0.162
3733,523.00,811.38,451,2.020,1538.7,0.111,0.040,0.111,0.192,0.212,0.030,0.101,0.202
3734,581.00,804.61,547,2.052,1539.6,0.168,0.102,0.135,0.100,0.121,0.149,0.116,0.109
3735,1716.00,814.46,892,1.814,1539.9,0.046,0.092,0.138,0.243,0.184,0.105,0.079,0.112
3736,813.00,813.79,468,1.918,1540.2,0.059,0.099,0.197,0.232,0.177,0.148,0.059,0.030
3737,823.00,805.34,279,1.942,1540.4,0.106,0.134,0.151,0.201,0.184,0.140,0.073,0.011
3738,400.00,798.49,313,2.018,1540.8,0.105,0.120,0.148,0.148,0.182,0.172,0.086,0.038
3739,472.00,803.21,468,2.024,1541.2,0.121,0.150,0.173,0.105,0.144,0.150,0.098,0.059
3740,1685.00,815.50,995,1.949,1541.5,0.140,0.132,0.110,0.081,0.243,0.140,0.140,0.015
3741,669.00,811.51,488,2.020,1542.3,0.134,0.157,0.140,0.096,0.178,0.146,0.103,0.046
3742,1496.00,818.51,782,1.860,1542.5,0.149,0.117,0.106,0.074,0.309,0.085,0.117,0.043
3743,841.00,820.41,705,1.786,1542.7,0.157,0.122,0.130,0.061,0.287,0.096,0.113,0.035
3744,1279.00,820.34,1090,1.846,1543.0,0.181,0.105,0.100,0.133,0.267,0.119,0.067,0.029
3745,914.00,817.89,900,2.011,1544.5,0.165,0.140,0.114,0.099,0.179,0.151,0.076,0.077
3746,607.00,823.96,580,1.911,1544.8,0.045,0.150,0.109,0.091,0.336,0.150,0.105,0.014
3747,1011.00,834.07,634,1.846,1545.1,0.062,0.308,0.108,0.069,0.254,0.069,0.092,0.038
3748,963.00,836.41,827,1.889,1545.2,0.082,0.221,0.057,0.115,0.197,0.107,0.156,0.066
3749,513.00,835.86,508,1.996,1545.6,0.110,0.201,0.077,0.144,0.158,0.100,0.148,0.062
3750,889.00,836.66,534,1.860,1545.7,0.111,0.188,0.120,0.103,0.308,0.051,0.103,0.017
3751,1214.00,840.71,1148,1.920,1546.0,0.036,0.197,0.168,0.131,0.204,0.102,0.131,0.029
3752,1005.00,838.17,954,1.889,1546.2,0.098,0.147,0.105,0.084,0.273,0.091,0.189,0.014
3753,939.00,836.56,897,2.036,1547.7,0.138,0.159,0.114,0.143,0.127,0.138,0.098,0.083
3754,387.00,833.39,289,2.006,1548.5,0.120,0.178,0.070,0.236,0.120,0.111,0.114,0.051
3755,727.00,834.00,669,1.950,1548.8,0.075,0.241,0.075,0.160,0.182,0.064,0.171,0.032
3756,603.00,832.57,573,1.864,1549.0,0.031,0.197,0.094,0.126,0.283,0.102,0.134,0.031
3757,742.00,822.68,718,1.911,1549.2,0.078,0.180,0.062,0.242,0.219,0.086,0.133,0.000
3758,673.00,825.04,458,1.958,1549.6,0.129,0.193,0.073,0.176,0.155,0.120,0.133,0.021
3759,514.00,824.96,418,1.925,1549.8,0.077,0.186,0.104,0.197,0.164,0.131,0.120,0.022
3760,881.00,826.64,801,2.006,1550.6,0.089,0.149,0.093,0.204,0.140,0.164,0.113,0.047
3761,509.00,820.91,489,2.020,1551.7,0.120,0.162,0.134,0.157,0.116,0.131,0.114,0.067
3762,1015.00,824.18,872,1.879,1551.9,0.105,0.153,0.105,0.202,0.210,0.089,0.121,0.016
3763,585.00,824.28,229,1.817,1552.1,0.099,0.136,0.049,0.389,0.105,0.086,0.099,0.037
3764,634.00,824.43,493,1.965,1552.8,0.133,0.165,0.091,0.280,0.091,0.106,0.091,0.042
3765,505.00,821.96,428,1.916,1553.2,0.078,0.123,0.110,0.306,0.105,0.137,0.100,0.041
3766,383.00,817.12,350,1.997,1553.6,0.127,0.127,0.091,0.260,0.123,0.133,0.104,0.036
3767,1120.00,818.34,1013,1.989,1554.0,0.088,0.136,0.070,0.189,0.162,0.162,0.118,0.075
3768,740.00,815.35,591,2.014,1554.7,0.128,0.137,0.093,0.194,0.162,0.196,0.046,0.044
3769,805.00,819.15,750,2.033,1555.2,0.149,0.174,0.110,0.174,0.122,0.102,0.108,0.061
3770,378.00,818.31,311,2.013,1555.7,0.139,0.116,0.075,0.205,0.169,0.080,0.150,0.066
3771,1273.00,822.30,877,1.994,1556.1,0.180,0.127,0.110,0.162,0.096,0.110,0.136,0.079
3772,979.00,825.81,965,1.843,1556.2,0.256,0.218,0.128,0.064,0.141,0.026,0.154,0.013
3773,1033.00,830.24,1022,1.785,1556.4,0.298,0.128,0.202,0.117,0.074,0.011,0.170,0.000
3774,394.00,827.01,367,2.026,1557.1,0.202,0.118,0.112,0.118,0.140,0.130,0.138,0.044
3775,887.00,827.52,733,1.731,1557.4,0.192,0.071,0.301,0.212,0.077,0.038,0.109,0.000
3776,799.00,831.57,584,2.008,1558.0,0.235,0.127,0.151,0.129,0.120,0.086,0.101,0.050
3777,655.00,831.17,515,1.964,1558.4,0.187,0.082,0.157,0.239,0.134,0.063,0.082,0.056
3778,645.00,833.30,424,1.986,1558.9,0.230,0.083,0.169,0.196,0.098,0.074,0.067,0.083
3779,1537.00,839.35,1373,1.792,1559.1,0.226,0.027,0.233,0.171,0.096,0.055,0.103,0.089
3780,396.00,836.84,393,1.962,1559.6,0.229,0.098,0.156,0.193,0.116,0.055,0.116,0.037
3781,671.00,840.48,300,1.779,1559.9,0.179,0.069,0.207,0.317,0.110,0.048,0.021,0.048
3782,694.00,837.75,551,1.999,1560.3,0.149,0.108,0.164,0.193,0.134,0.063,0.082,0.108
3783,956.00,836.37,607,2.015,1560.8,0.155,0.091,0.125,0.180,0.128,0.128,0.119,0.073
3784,843.00,838.06,801,2.031,1561.2,0.149,0.107,0.130,0.168,0.149,0.092,0.103,0.103
3785,850.00,832.48,719,2.045,1561.7,0.133,0.104,0.117,0.148,0.109,0.156,0.130,0.102
3786,449.00,831.19,423,2.026,1562.1,0.118,0.080,0.151,0.146,0.156,0.108,0.142,0.099
3787,230.00,828.04,208,1.991,1562.3,0.179,0.057,0.164,0.157,0.143,0.064,0.171,0.064
3788,484.00,826.70,291,2.038,1562.7,0.124,0.109,0.127,0.202,0.109,0.127,0.139,0.064
3789,528.00,827.21,507,2.049,1563.6,0.141,0.134,0.141,0.118,0.139,0.110,0.132,0.086
3790,619.00,820.59,406,2.049,1564.1,0.110,0.155,0.110,0.164,0.131,0.069,0.093,0.167
3791,478.00,820.07,392,2.028,1564.4,0.128,0.089,0.117,0.078,0.194,0.078,0.156,0.161
3792,662.00,820.56,635,2.022,1564.7,0.084,0.108,0.118,0.089,0.197,0.113,0.153,0.138
3793,321.00,814.11,285,1.974,1564.9,0.060,0.103,0.164,0.095,0.181,0.043,0.241,0.112
3794,918.00,812.25,904,1.973,1565.1,0.098,0.078,0.206,0.098,0.186,0.078,0.186,0.069
3795,468.00,805.57,373,2.019,1565.3,0.092,0.071,0.158,0.092,0.196,0.082,0.152,0.158
3796,662.00,806.43,581,2.039,1565.7,0.088,0.115,0.150,0.069,0.158,0.092,0.158,0.169
3797,1006.00,802.02,879,2.047,1566.7,0.088,0.158,0.179,0.079,0.116,0.155,0.099,0.127
3798,530.00,794.70,468,2.035,1567.0,0.132,0.137,0.167,0.108,0.142,0.083,0.093,0.137
3799,629.00,787.83,589,2.050,1568.1,0.129,0.135,0.159,0.068,0.131,0.129,0.088,0.161
3800,944.00,788.90,559,1.888,1568.3,0.255,0.142,0.132,0.075,0.104,0.094,0.094,0.104
3801,1437.00,795.05,1092,1.614,1568.5,0.418,0.063,0.114,0.051,0.127,0.025,0.089,0.114
3802,1020.00,791.78,906,2.023,1569.4,0.174,0.140,0.078,0.122,0.103,0.115,0.122,0.146
3803,899.00,793.17,850,1.942,1569.7,0.229,0.108,0.062,0.100,0.083,0.071,0.158,0.188
3804,1231.00,793.34,1030,1.810,1569.9,0.317,0.167,0.167,0.042,0.067,0.050,0.100,0.092
3805,1023.00,800.60,607,1.970,1570.2,0.212,0.131,0.081,0.086,0.126,0.061,0.152,0.152
3806,1514.00,808.04,1245,1.315,1570.4,0.195,0.545,0.114,0.033,0.041,0.016,0.024,0.033
3807,457.00,804.25,390,2.030,1571.0,0.149,0.213,0.085,0.093,0.082,0.085,0.130,0.162
3808,686.00,803.25,528,1.962,1571.3,0.127,0.299,0.147,0.034,0.123,0.064,0.098,0.108
3809,963.00,798.00,789,1.991,1571.6,0.111,0.236,0.111,0.070,0.141,0.111,0.116,0.106
3810,285.00,794.84,205,2.052,1571.9,0.092,0.169,0.077,0.092,0.101,0.145,0.135,0.188
3811,1029.00,795.19,493,2.025,1572.1,0.140,0.182,0.174,0.107,0.124,0.066,0.083,0.124
3812,1180.00,797.40,1134,1.999,1572.3,0.081,0.182,0.131,0.101,0.131,0.111,0.121,0.141
3813,427.00,790.95,412,2.059,1572.5,0.121,0.109,0.098,0.109,0.132,0.063,0.149,0.218
3814,1366.00,796.87,1135,1.952,1572.7,0.155,0.175,0.134,0.093,0.134,0.062,0.144,0.103
3815,1030.00,799.41,939,1.936,1572.9,0.242,0.185,0.169,0.097,0.073,0.040,0.145,0.048
3816,641.00,796.86,635,2.050,1573.3,0.172,0.107,0.103,0.099,0.133,0.116,0.155,0.116
3817,644.00,795.78,641,2.036,1574.3,0.140,0.139,0.113,0.103,0.118,0.158,0.117,0.113
3818,950.00,801.19,435,1.286,1574.5,0.059,0.022,0.015,0.647,0.037,0.007,0.184,0.029
3819,711.00,801.51,566,1.592,1574.7,0.135,0.063,0.040,0.341,0.071,0.063,0.198,0.087
3820,1117.00,806.07,804,1.247,1574.9,0.047,0.000,0.047,0.535,0.047,0.023,0.291,0.012
3821,676.00,805.54,617,1.714,1575.2,0.093,0.056,0.102,0.282,0.125,0.069,0.208,0.065
3822,252.00,801.88,198,1.276,1575.3,0.072,0.029,0.029,0.261,0.029,0.029,0.536,0.014
3823,228.00,796.22,228,0.708,1575.4,0.029,0.000,0.000,0.086,0.029,0.000,0.857,0.000
3824,711.00,795.89,632,2.019,1576.4,0.132,0.110,0.111,0.082,0.117,0.167,0.154,0.127
3825,1246.00,805.48,1130,1.841,1576.6,0.142,0.028,0.092,0.234,0.142,0.057,0.149,0.156
3826,587.00,803.71,580,1.227,1576.7,0.038,0.000,0.058,0.404,0.019,0.000,0.481,0.000
3827,376.00,805.15,375,1.939,1576.9,0.145,0.036,0.051,0.116,0.036,0.217,0.268,0.130
3828,524.00,792.86,492,1.988,1577.2,0.106,0.042,0.063,0.058,0.106,0.175,0.259,0.190
3829,352.00,786.88,323,2.025,1577.8,0.120,0.093,0.142,0.095,0.117,0.159,0.161,0.112
3830,417.00,784.97,336,0.926,1577.9,0.062,0.000,0.000,0.125,0.031,0.000,0.750,0.031
3831,759.00,775.79,422,1.975,1578.3,0.107,0.099,0.095,0.067,0.111,0.155,0.202,0.163
3832,844.00,776.76,816,2.029,1578.9,0.120,0.102,0.102,0.102,0.107,0.137,0.159,0.172
3833,1342.00,784.95,965,1.942,1579.1,0.121,0.081,0.113,0.258,0.121,0.024,0.177,0.105
3834,471.00,783.85,203,2.047,1579.6,0.117,0.125,0.084,0.077,0.128,0.179,0.121,0.168
3835,457.00,771.26,457,2.036,1580.1,0.087,0.117,0.109,0.101,0.122,0.171,0.095,0.198
3836,1026.00,773.39,782,1.895,1580.3,0.076,0.017,0.136,0.246,0.110,0.102,0.110,0.203
3837,887.00,774.03,742,1.918,1580.5,0.081,0.094,0.087,0.174,0.114,0.094,0.148,0.208
3838,921.00,779.24,763,1.732,1580.6,0.027,0.040,0.200,0.240,0.093,0.000,0.227,0.173
3839,570.00,780.22,547,2.017,1581.5,0.103,0.182,0.094,0.079,0.124,0.134,0.109,0.175
3840,1080.00,774.17,846,1.932,1581.7,0.053,0.106,0.074,0.149,0.138,0.096,0.117,0.266
3841,774.00,775.22,733,2.038,1582.5,0.147,0.144,0.093,0.100,0.102,0.154,0.114,0.146
3842,957.00,769.83,891,2.020,1583.0,0.089,0.147,0.072,0.127,0.133,0.167,0.098,0.167
3843,523.00,766.65,433,2.016,1584.0,0.111,0.185,0.098,0.080,0.117,0.172,0.093,0.144
3844,329.00,757.15,302,1.965,1584.8,0.073,0.154,0.095,0.121,0.059,0.215,0.103,0.180
3845,953.00,757.54,629,1.929,1585.0,0.044,0.081,0.162,0.184,0.088,0.066,0.088,0.287
3846,990.00,761.37,640,1.936,1585.2,0.034,0.127,0.153,0.161,0.153,0.085,0.076,0.212
3847,1111.00,762.37,814,1.944,1585.4,0.033,0.211,0.061,0.183,0.117,0.106,0.100,0.189
3848,916.00,761.90,688,1.958,1585.7,0.094,0.216,0.079,0.151,0.108,0.094,0.122,0.137
3849,449.00,761.26,423,1.991,1585.9,0.075,0.161,0.106,0.137,0.099,0.130,0.118,0.174
3850,922.00,761.59,524,2.031,1586.4,0.116,0.201,0.122,0.079,0.112,0.094,0.091,0.185
3851,748.00,756.93,641,2.024,1586.8,0.077,0.119,0.112,0.115,0.119,0.146,0.169,0.142
3852,1176.00,758.64,1001,1.692,1587.0,0.026,0.090,0.410,0.064,0.103,0.051,0.192,0.064
3853,424.00,753.49,401,2.028,1587.7,0.133,0.129,0.122,0.068,0.174,0.129,0.108,0.137
3854,997.00,759.59,680,1.859,1587.9,0.054,0.054,0.289,0.121,0.074,0.148,0.148,0.114
3855,788.00,760.20,552,1.734,1588.1,0.033,0.033,0.330,0.121,0.088,0.110,0.253,0.033
3856,545.00,759.62,508,2.017,1588.5,0.080,0.093,0.134,0.150,0.109,0.192,0.141,0.102
3857,840.00,760.60,616,2.027,1589.1,0.125,0.117,0.136,0.086,0.128,0.214,0.089,0.104
3858,1377.00,767.64,1017,2.040,1589.7,0.140,0.179,0.130,0.065,0.135,0.132,0.096,0.122
3859,350.00,766.00,285,2.038,1590.0,0.091,0.194,0.091,0.102,0.118,0.183,0.134,0.086
3860,575.00,762.94,486,2.051,1590.4,0.107,0.156,0.126,0.111,0.103,0.168,0.134,0.095
3861,1393.00,771.78,1228,2.002,1590.6,0.110,0.171,0.137,0.068,0.068,0.116,0.212,0.116
3862,1070.00,772.33,1070,1.666,1590.8,0.100,0.163,0.287,0.037,0.062,0.025,0.300,0.025
3863,497.00,771.45,393,2.051,1591.3,0.122,0.139,0.080,0.125,0.122,0.119,0.151,0.142
3864,589.00,771.00,547,1.955,1591.5,0.096,0.184,0.140,0.105,0.061,0.114,0.219,0.079
3865,1051.00,776.46,641,1.965,1591.7,0.092,0.162,0.197,0.116,0.121,0.104,0.087,0.121
3866,768.00,780.31,685,1.965,1591.9,0.152,0.174,0.129,0.114,0.091,0.068,0.152,0.121
3867,1234.00,781.45,1219,1.938,1592.2,0.103,0.247,0.144,0.096,0.130,0.075,0.123,0.082
3868,573.00,779.78,489,2.044,1592.6,0.115,0.174,0.122,0.092,0.158,0.099,0.118,0.122
3869,652.00,778.25,591,2.032,1593.1,0.130,0.182,0.115,0.130,0.121,0.091,0.100,0.130
3870,986.00,784.33,770,1.966,1593.3,0.164,0.109,0.173,0.082,0.245,0.036,0.091,0.100
3871,780.00,779.40,579,2.029,1594.4,0.216,0.150,0.126,0.085,0.125,0.093,0.067,0.137
3872,302.00,772.63,281,2.037,1595.0,0.141,0.101,0.166,0.124,0.134,0.126,0.084,0.124
3873,495.00,767.25,411,2.031,1595.7,0.126,0.091,0.193,0.126,0.126,0.143,0.084,0.113
3874,1950.00,782.81,1798,1.984,1595.8,0.173,0.122,0.143,0.082,0.122,0.163,0.051,0.143
3875,569.00,779.63,444,2.026,1596.4,0.094,0.148,0.124,0.136,0.103,0.170,0.058,0.167
3876,672.00,778.36,583,2.032,1597.0,0.112,0.118,0.155,0.087,0.144,0.162,0.068,0.155
3877,1240.00,784.21,858,1.996,1597.2,0.096,0.125,0.163,0.144,0.077,0.144,0.067,0.183
3878,1059.00,788.35,744,2.010,1597.6,0.123,0.127,0.132,0.104,0.099,0.127,0.061,0.226
3879,497.00,777.95,436,2.037,1598.3,0.124,0.126,0.143,0.099,0.103,0.137,0.062,0.206
3880,333.00,777.32,316,2.058,1598.9,0.143,0.095,0.136,0.125,0.113,0.136,0.107,0.146
3881,572.00,776.33,329,2.049,1599.1,0.158,0.053,0.158,0.151,0.178,0.105,0.125,0.072
3882,905.00,778.44,665,2.036,1599.5,0.158,0.107,0.146,0.111,0.146,0.123,0.099,0.111
3883,774.00,776.62,733,2.012,1599.9,0.127,0.065,0.143,0.171,0.139,0.114,0.118,0.122
3884,416.00,772.35,383,2.022,1600.3,0.135,0.093,0.164,0.174,0.164,0.068,0.093,0.110
3885,432.00,768.17,424,1.645,1600.4,0.140,0.020,0.120,0.140,0.020,0.140,0.380,0.040
3886,356.00,767.24,285,1.447,1600.5,0.100,0.025,0.050,0.025,0.000,0.075,0.625,0.100
3887,930.00,774.24,771,1.941,1600.6,0.105,0.081,0.163,0.163,0.105,0.070,0.267,0.047
3888,520.00,774.60,475,2.039,1601.1,0.119,0.103,0.167,0.119,0.178,0.108,0.081,0.125
3889,1310.00,782.42,1047,2.044,1601.8,0.133,0.124,0.140,0.120,0.169,0.133,0.086,0.095
3890,329.00,779.52,289,2.052,1602.2,0.198,0.078,0.121,0.129,0.121,0.151,0.121,0.082
3891,318.00,777.92,303,2.058,1602.5,0.173,0.082,0.128,0.061,0.097,0.163,0.148,0.148
3892,480.00,776.10,425,2.043,1603.1,0.163,0.126,0.153,0.068,0.129,0.100,0.129,0.133
3893,587.00,778.76,424,2.049,1603.3,0.158,0.068,0.158,0.130,0.130,0.151,0.103,0.103
3894,719.00,776.77,672,2.046,1603.7,0.139,0.099,0.147,0.087,0.099,0.159,0.139,0.131
3895,557.00,777.66,557,1.806,1603.8,0.119,0.104,0.030,0.090,0.075,0.075,0.418,0.090
3896,561.00,776.65,489,2.047,1604.3,0.179,0.095,0.101,0.126,0.123,0.104,0.140,0.132
3897,591.00,772.50,468,2.055,1604.6,0.137,0.068,0.153,0.168,0.147,0.089,0.111,0.126
3898,1103.00,778.23,1088,2.005,1606.7,0.200,0.093,0.169,0.073,0.171,0.115,0.072,0.107
3899,886.00,780.80,414,1.562,1606.9,0.019,0.139,0.324,0.083,0.065,0.278,0.037,0.056
3900,776.00,779.12,539,1.524,1607.1,0.028,0.213,0.204,0.037,0.093,0.389,0.028,0.009
3901,480.00,769.55,420,1.860,1607.9,0.052,0.212,0.187,0.071,0.115,0.260,0.065,0.038
3902,640.00,765.75,296,1.672,1608.2,0.021,0.159,0.138,0.082,0.087,0.467,0.046,0.000
3903,507.00,761.83,372,1.940,1608.8,0.061,0.153,0.161,0.095,0.153,0.290,0.051,0.036
3904,1219.00,761.71,967,1.798,1609.0,0.015,0.154,0.254,0.115,0.146,0.215,0.077,0.023
3905,348.00,754.96,303,1.953,1609.6,0.074,0.173,0.176,0.133,0.149,0.184,0.096,0.016
3906,841.00,748.23,725,1.922,1610.0,0.103,0.126,0.256,0.150,0.130,0.143,0.066,0.027
3907,679.00,750.45,168,1.840,1610.2,0.031,0.104,0.264,0.160,0.215,0.166,0.049,0.012
3908,1321.00,756.80,1174,1.942,1610.6,0.102,0.090,0.148,0.148,0.172,0.193,0.098,0.049
3909,897.00,756.14,540,1.801,1610.8,0.042,0.109,0.168,0.168,0.193,0.227,0.076,0.017
3910,330.00,756.59,302,1.924,1611.3,0.061,0.104,0.182,0.184,0.147,0.198,0.080,0.043
3911,654.00,752.84,551,1.958,1611.9,0.097,0.122,0.180,0.153,0.178,0.165,0.063,0.041
3912,465.00,745.69,403,1.992,1612.6,0.102,0.138,0.191,0.138,0.186,0.140,0.068,0.038
3913,573.00,747.15,522,1.932,1612.8,0.045,0.107,0.205,0.161,0.125,0.179,0.170,0.009
3914,494.00,738.43,421,1.963,1613.1,0.101,0.121,0.136,0.070,0.141,0.221,0.161,0.050
3915,641.00,734.54,538,1.929,1613.3,0.160,0.084,0.076,0.092,0.084,0.244,0.210,0.050
3916,691.00,735.04,243,1.920,1613.6,0.104,0.085,0.114,0.119,0.159,0.264,0.119,0.035
3917,906.00,737.66,512,1.982,1614.4,0.164,0.085,0.124,0.087,0.179,0.185,0.101,0.075
3918,839.00,736.55,791,2.006,1615.5,0.169,0.084,0.125,0.089,0.213,0.149,0.094,0.076
3919,823.00,737.67,702,1.826,1615.8,0.094,0.052,0.146,0.089,0.240,0.214,0.104,0.062
3920,1148.00,737.98,492,1.765,1616.2,0.159,0.065,0.089,0.053,0.276,0.260,0.045,0.053
3921,888.00,740.10,181,1.724,1616.4,0.136,0.043,0.049,0.049,0.463,0.173,0.031,0.056
3922,1101.00,748.59,833,1.858,1616.7,0.141,0.091,0.121,0.071,0.268,0.202,0.071,0.035
3923,757.00,753.88,632,1.525,1616.9,0.337,0.023,0.093,0.000,0.267,0.198,0.081,0.000
3924,756.00,754.33,689,1.999,1617.7,0.160,0.065,0.146,0.074,0.241,0.158,0.074,0.082
3925,582.00,747.69,557,1.992,1618.2,0.151,0.071,0.107,0.080,0.278,0.151,0.080,0.083
3926,717.00,748.99,564,1.723,1618.3,0.209,0.011,0.176,0.088,0.286,0.088,0.132,0.011
3927,828.00,753.51,689,2.017,1619.1,0.153,0.084,0.126,0.126,0.166,0.143,0.109,0.094
3928,344.00,751.71,289,2.033,1619.8,0.121,0.104,0.100,0.138,0.179,0.119,0.150,0.090
3929,523.00,753.42,473,2.032,1620.3,0.175,0.111,0.105,0.163,0.187,0.087,0.081,0.090
3930,1255.00,761.80,996,1.776,1620.5,0.333,0.083,0.111,0.125,0.125,0.069,0.125,0.028
3931,771.00,761.92,669,2.008,1621.0,0.170,0.105,0.149,0.136,0.161,0.093,0.087,0.099
3932,553.00,759.01,485,2.035,1621.9,0.174,0.107,0.148,0.118,0.145,0.073,0.085,0.150
3933,1141.00,757.00,900,1.999,1622.4,0.156,0.107,0.152,0.126,0.141,0.115,0.104,0.100
3934,251.00,754.80,246,2.003,1622.8,0.111,0.114,0.189,0.175,0.129,0.079,0.146,0.057
3935,966.00,759.89,696,2.032,1623.3,0.128,0.098,0.179,0.147,0.109,0.095,0.103,0.141
3936,409.00,753.72,331,1.931,1623.6,0.172,0.071,0.201,0.142,0.154,0.083,0.130,0.047
3937,1416.00,759.01,988,1.775,1623.7,0.257,0.108,0.122,0.041,0.176,0.122,0.135,0.041
3938,1196.00,761.76,1096,1.739,1623.8,0.131,0.036,0.226,0.107,0.131,0.202,0.167,0.000
3939,535.00,761.41,426,1.966,1624.1,0.164,0.113,0.203,0.153,0.136,0.073,0.113,0.045
3940,476.00,755.37,449,2.041,1624.7,0.111,0.093,0.152,0.154,0.093,0.103,0.167,0.129
3941,1550.00,763.13,1436,1.755,1624.9,0.219,0.061,0.088,0.079,0.184,0.149,0.167,0.053
3942,714.00,760.70,611,1.469,1625.0,0.148,0.000,0.012,0.025,0.284,0.235,0.296,0.000
3943,749.00,762.96,429,2.025,1625.5,0.182,0.101,0.166,0.140,0.117,0.078,0.111,0.104
3944,1076.00,770.43,866,1.525,1625.6,0.247,0.000,0.014,0.055,0.315,0.164,0.205,0.000
3945,647.00,767.37,549,2.025,1626.4,0.145,0.117,0.136,0.110,0.156,0.090,0.129,0.117
3946,558.00,763.05,474,1.966,1626.7,0.174,0.042,0.188,0.069,0.201,0.104,0.167,0.056
3947,289.00,754.83,267,1.986,1627.0,0.182,0.055,0.150,0.109,0.123,0.141,0.177,0.064
3948,527.00,750.94,501,2.028,1627.4,0.237,0.079,0.158,0.087,0.113,0.129,0.146,0.050
3949,1002.00,756.47,964,1.879,1627.6,0.212,0.083,0.096,0.083,0.135,0.147,0.186,0.058
3950,473.00,751.98,461,2.021,1628.1,0.202,0.101,0.134,0.123,0.104,0.158,0.106,0.074
3951,1651.00,761.01,1377,1.664,1628.4,0.199,0.064,0.092,0.085,0.121,0.277,0.135,0.028
3952,394.00,753.19,381,1.931,1628.6,0.198,0.124,0.091,0.174,0.099,0.165,0.107,0.041
3953,1016.00,759.11,874,1.497,1628.7,0.203,0.013,0.000,0.076,0.025,0.367,0.304,0.013
3954,1077.00,759.91,1052,1.976,1629.1,0.193,0.131,0.078,0.172,0.070,0.111,0.131,0.115
3955,588.00,757.91,417,2.029,1629.6,0.155,0.184,0.084,0.155,0.071,0.119,0.129,0.103
3956,796.00,760.42,668,2.048,1630.3,0.188,0.129,0.135,0.133,0.086,0.115,0.110,0.104
3957,356.00,755.58,317,2.006,1630.6,0.202,0.107,0.137,0.176,0.129,0.082,0.107,0.060
3958,564.00,747.45,459,2.020,1631.2,0.199,0.141,0.126,0.157,0.097,0.079,0.113,0.089
3959,1549.00,759.44,1081,1.927,1631.6,0.211,0.139,0.106,0.178,0.129,0.076,0.106,0.056
3960,1221.00,765.90,869,1.854,1632.0,0.215,0.102,0.053,0.289,0.127,0.092,0.095,0.028
3961,854.00,760.51,739,1.647,1632.2,0.406,0.009,0.009,0.189,0.189,0.047,0.151,0.000
3962,1009.00,759.90,882,2.035,1633.7,0.171,0.148,0.119,0.143,0.116,0.106,0.088,0.109
3963,1066.00,765.59,824,1.502,1633.8,0.356,0.000,0.027,0.178,0.233,0.041,0.151,0.014
3964,1186.00,771.56,927,1.502,1633.9,0.318,0.000,0.030,0.167,0.242,0.000,0.212,0.030
3965,818.00,769.23,673,1.138,1634.0,0.407,0.000,0.000,0.085,0.305,0.034,0.169,0.000
3966,891.00,770.46,891,2.034,1635.3,0.177,0.132,0.110,0.154,0.100,0.102,0.120,0.106
3967,574.00,763.86,515,1.811,1635.4,0.178,0.065,0.084,0.159,0.028,0.056,0.308,0.121
3968,1278.00,770.91,1211,2.041,1637.6,0.216,0.136,0.124,0.097,0.086,0.106,0.113,0.122
3969,1348.00,777.87,1138,2.006,1638.4,0.185,0.069,0.106,0.129,0.200,0.093,0.112,0.106
3970,767.00,775.68,650,1.927,1638.7,0.192,0.077,0.033,0.176,0.192,0.170,0.099,0.060
3971,815.00,776.03,716,1.960,1639.0,0.222,0.098,0.021,0.108,0.186,0.144,0.119,0.103
3972,823.00,781.24,772,1.998,1639.5,0.194,0.168,0.065,0.117,0.107,0.110,0.110,0.129
3973,1025.00,786.54,702,2.007,1640.0,0.187,0.172,0.056,0.104,0.145,0.116,0.098,0.122
3974,604.00,773.08,525,2.040,1640.8,0.134,0.201,0.076,0.100,0.138,0.104,0.129,0.117
3975,1447.00,781.86,1364,1.975,1641.2,0.118,0.145,0.069,0.053,0.229,0.099,0.210,0.076
3976,696.00,782.10,622,2.052,1642.2,0.137,0.174,0.123,0.110,0.119,0.125,0.127,0.085
3977,1526.00,784.96,1327,1.792,1642.4,0.127,0.113,0.056,0.190,0.268,0.085,0.113,0.049
3978,1157.00,785.94,1091,1.844,1642.6,0.180,0.158,0.029,0.273,0.108,0.065,0.122,0.065
3979,703.00,788.00,659,1.793,1642.8,0.208,0.208,0.047,0.208,0.104,0.019,0.132,0.075
3980,717.00,791.84,689,1.959,1643.2,0.117,0.195,0.062,0.218,0.045,0.049,0.169,0.146
3981,467.00,790.79,417,2.014,1643.7,0.110,0.108,0.093,0.201,0.122,0.076,0.148,0.142
3982,618.00,787.92,618,1.514,1643.9,0.159,0.014,0.043,0.043,0.348,0.130,0.261,0.000
3983,794.00,788.12,764,1.937,1644.0,0.085,0.136,0.076,0.254,0.085,0.119,0.195,0.051
3984,1108.00,795.04,984,1.878,1644.2,0.134,0.047,0.047,0.220,0.157,0.126,0.228,0.039
3985,1235.00,803.07,1043,1.907,1644.5,0.082,0.118,0.041,0.259,0.147,0.153,0.147,0.053
3986,687.00,806.38,638,1.962,1644.8,0.085,0.102,0.110,0.250,0.059,0.106,0.186,0.102
3987,585.00,802.93,558,2.047,1645.7,0.113,0.133,0.118,0.168,0.109,0.096,0.138,0.125
3988,602.00,803.75,514,2.025,1646.2,0.110,0.120,0.113,0.152,0.097,0.092,0.107,0.209
3989,866.00,799.31,751,2.023,1646.4,0.106,0.141,0.118,0.188,0.024,0.118,0.153,0.153
3990,789.00,803.91,703,2.025,1646.6,0.105,0.119,0.056,0.210,0.119,0.175,0.126,0.091
3991,908.00,809.81,810,2.051,1647.3,0.138,0.123,0.142,0.150,0.081,0.113,0.083,0.171
3992,1343.00,818.44,1125,1.898,1647.4,0.159,0.116,0.072,0.058,0.130,0.188,0.130,0.145
3993,353.00,816.10,193,2.041,1647.8,0.117,0.098,0.102,0.087,0.102,0.166,0.117,0.211
3994,687.00,815.78,650,2.046,1648.8,0.146,0.147,0.120,0.118,0.107,0.101,0.101,0.160
3995,999.00,820.20,868,2.017,1649.5,0.114,0.116,0.100,0.112,0.087,0.135,0.100,0.237
3996,715.00,821.74,354,2.032,1649.9,0.111,0.140,0.140,0.100,0.059,0.170,0.122,0.159
3997,1050.00,826.33,757,1.623,1650.0,0.086,0.029,0.071,0.100,0.071,0.371,0.186,0.086
3998,421.00,819.51,395,2.015,1650.4,0.154,0.090,0.079,0.150,0.064,0.177,0.124,0.162
3999,882.00,819.47,478,1.993,1650.9,0.156,0.065,0.107,0.137,0.072,0.189,0.081,0.192
4000,934.00,821.05,845,2.001,1651.3,0.105,0.050,0.122,0.147,0.101,0.227,0.143,0.105
4001,421.00,820.46,421,1.222,1651.3,0.175,0.000,0.000,0.050,0.050,0.050,0.550,0.125
4002,856.00,822.62,660,1.486,1651.4,0.083,0.000,0.042,0.042,0.062,0.125,0.542,0.104
4003,796.00,825.51,529,2.027,1652.2,0.142,0.094,0.124,0.122,0.083,0.185,0.101,0.149
4004,521.00,818.53,410,2.022,1652.5,0.132,0.049,0.126,0.148,0.077,0.132,0.110,0.225
4005,843.00,823.48,460,2.031,1652.9,0.084,0.076,0.134,0.168,0.092,0.145,0.076,0.225
4006,1106.00,826.13,958,2.021,1653.3,0.096,0.074,0.107,0.163,0.122,0.137,0.093,0.207
4007,1002.00,829.36,898,2.028,1653.7,0.117,0.048,0.145,0.149,0.097,0.113,0.129,0.202
4008,1065.00,826.80,818,1.831,1653.9,0.115,0.023,0.195,0.069,0.195,0.046,0.103,0.253
4009,1024.00,828.07,1005,1.952,1654.1,0.237,0.031,0.115,0.076,0.122,0.038,0.122,0.260
4010,2110.00,845.87,1549,1.816,1654.3,0.247,0.074,0.080,0.025,0.154,0.093,0.080,0.247
4011,447.00,843.80,415,2.033,1654.6,0.156,0.099,0.120,0.068,0.104,0.109,0.141,0.203
4012,1151.00,850.66,1130,1.663,1654.7,0.508,0.115,0.049,0.049,0.098,0.016,0.082,0.082
4013,666.00,851.59,550,2.050,1655.3,0.146,0.101,0.109,0.079,0.141,0.134,0.111,0.178
4014,1183.00,858.48,1063,1.258,1655.5,0.527,0.027,0.014,0.027,0.203,0.068,0.108,0.027
4015,1015.00,862.22,961,1.967,1655.7,0.276,0.083,0.045,0.128,0.115,0.083,0.090,0.179
4016,1252.00,867.83,1213,2.038,1656.7,0.215,0.119,0.094,0.080,0.119,0.118,0.132,0.122
4017,870.00,867.47,818,2.004,1657.2,0.203,0.058,0.102,0.151,0.102,0.119,0.116,0.148
4018,655.00,865.63,578,2.029,1658.8,0.169,0.093,0.115,0.123,0.114,0.121,0.107,0.158
4019,349.00,860.89,243,1.849,1659.4,0.144,0.033,0.055,0.194,0.218,0.127,0.084,0.146
4020,0.00,849.41,0,0.147,1659.5,1.000,0.000,0.000,0.000,0.000,0.000,0.000,0.000
4021,979.00,850.32,916,1.956,1660.2,0.141,0.053,0.080,0.105,0.197,0.209,0.094,0.121
4022,1418.00,853.49,1255,1.816,1660.5,0.248,0.025,0.051,0.185,0.210,0.153,0.064,0.064
4023,1044.00,856.36,217,1.780,1660.8,0.203,0.016,0.010,0.141,0.318,0.208,0.057,0.047
4024,955.00,858.35,683,1.833,1661.1,0.204,0.018,0.053,0.120,0.262,0.129,0.133,0.080
4025,462.00,857.15,438,1.925,1661.5,0.130,0.019,0.023,0.176,0.233,0.218,0.130,0.073
4026,1566.00,865.64,1416,1.782,1661.8,0.130,0.074,0.062,0.198,0.198,0.154,0.111,0.074
4027,667.00,864.03,613,1.945,1662.2,0.175,0.035,0.080,0.143,0.154,0.175,0.147,0.091
4028,317.00,863.76,267,1.983,1662.6,0.138,0.017,0.087,0.144,0.181,0.201,0.141,0.091
4029,853.00,867.06,796,1.991,1663.2,0.188,0.065,0.099,0.108,0.116,0.156,0.159,0.110
4030,1187.00,866.38,0,1.188,1663.3,0.778,0.049,0.000,0.086,0.000,0.086,0.000,0.000
4031,2975.00,888.42,2408,1.879,1663.6,0.259,0.081,0.096,0.132,0.137,0.127,0.076,0.091
4032,569.00,888.58,428,1.887,1663.9,0.162,0.040,0.046,0.168,0.220,0.208,0.092,0.064
4033,532.00,882.49,506,1.939,1664.2,0.187,0.030,0.069,0.177,0.143,0.177,0.099,0.118
4034,951.00,889.49,442,1.928,1664.5,0.173,0.040,0.040,0.167,0.153,0.173,0.093,0.160
4035,1484.00,894.67,1371,1.769,1664.8,0.325,0.036,0.046,0.173,0.096,0.157,0.081,0.086
4036,2263.00,913.21,1850,1.791,1665.1,0.284,0.047,0.037,0.158,0.095,0.189,0.111,0.079
4037,723.00,906.28,646,2.008,1665.9,0.144,0.070,0.096,0.150,0.168,0.160,0.094,0.118
4038,848.00,902.80,765,1.987,1666.5,0.212,0.059,0.107,0.133,0.105,0.205,0.064,0.115
4039,845.00,905.90,619,0.530,1666.6,0.824,0.000,0.000,0.059,0.059,0.059,0.000,0.000
4040,1286.00,914.00,1283,1.723,1666.9,0.342,0.071,0.071,0.071,0.130,0.168,0.092,0.054
4041,0.00,898.50,0,0.045,1666.9,1.000,0.000,0.000,0.000,0.000,0.000,0.000,0.000
4042,809.00,899.45,793,1.987,1667.8,0.221,0.084,0.123,0.078,0.128,0.140,0.116,0.110
4043,478.00,896.74,409,1.915,1668.2,0.225,0.045,0.193,0.107,0.107,0.139,0.094,0.090
4044,780.00,893.78,369,1.387,1668.4,0.518,0.027,0.118,0.127,0.055,0.118,0.036,0.000
4045,868.00,895.99,544,1.846,1668.6,0.240,0.013,0.136,0.188,0.143,0.149,0.065,0.065
4046,616.00,896.57,448,1.943,1668.9,0.110,0.022,0.182,0.193,0.138,0.221,0.055,0.077
4047,1168.00,905.36,950,1.961,1669.3,0.151,0.063,0.162,0.125,0.107,0.203,0.077,0.111
4048,427.00,904.36,278,2.011,1669.8,0.152,0.058,0.180,0.134,0.152,0.143,0.079,0.101
4049,1613.00,910.47,1277,1.839,1670.0,0.241,0.023,0.060,0.165,0.128,0.218,0.083,0.083
4050,1497.00,920.71,1089,2.012,1670.8,0.172,0.102,0.146,0.119,0.133,0.134,0.095,0.098
4051,1342.00,917.62,192,1.730,1671.0,0.360,0.015,0.066,0.235,0.059,0.199,0.022,0.044
4052,746.00,921.14,442,1.989,1671.4,0.155,0.047,0.140,0.147,0.132,0.194,0.101,0.085
4053,1230.00,923.28,942,2.007,1672.0,0.131,0.060,0.134,0.160,0.128,0.173,0.105,0.110
4054,575.00,918.26,396,2.003,1672.4,0.148,0.056,0.120,0.106,0.134,0.229,0.116,0.092
4055,777.00,920.15,762,2.034,1673.7,0.157,0.109,0.147,0.073,0.110,0.174,0.132,0.098
4056,806.00,920.25,792,1.754,1674.1,0.114,0.074,0.057,0.121,0.037,0.246,0.172,0.178
4057,471.00,921.40,471,1.616,1674.5,0.217,0.005,0.014,0.061,0.009,0.401,0.170,0.123
4058,1125.00,927.01,984,1.435,1674.6,0.402,0.017,0.026,0.085,0.000,0.197,0.128,0.145
4059,843.00,919.95,815,1.697,1675.0,0.234,0.021,0.042,0.088,0.008,0.285,0.155,0.167
4060,1099.00,918.73,1066,1.784,1675.6,0.215,0.043,0.050,0.125,0.009,0.220,0.203,0.135
4061,1309.00,923.28,1247,1.557,1676.0,0.284,0.033,0.037,0.149,0.014,0.284,0.093,0.107
4062,975.00,922.94,857,1.887,1676.8,0.190,0.044,0.092,0.133,0.050,0.217,0.133,0.140
4063,847.00,920.75,713,1.629,1677.1,0.360,0.039,0.034,0.113,0.034,0.187,0.123,0.108
4064,957.00,918.46,863,1.642,1677.5,0.278,0.043,0.070,0.157,0.013,0.152,0.152,0.135
4065,597.00,916.25,314,1.580,1677.8,0.378,0.032,0.049,0.216,0.005,0.141,0.054,0.124
4066,551.00,912.85,520,1.865,1678.2,0.314,0.085,0.078,0.147,0.023,0.155,0.109,0.089
4067,442.00,911.53,421,1.861,1678.6,0.259,0.058,0.051,0.175,0.051,0.175,0.120,0.109
4068,990.00,908.65,891,1.898,1679.1,0.233,0.070,0.102,0.155,0.043,0.155,0.131,0.110
4069,1169.00,906.86,1007,1.930,1679.9,0.213,0.090,0.110,0.171,0.050,0.125,0.129,0.112
4070,532.00,904.51,513,1.969,1680.6,0.162,0.093,0.099,0.164,0.051,0.199,0.114,0.118
4071,1045.00,906.81,971,1.847,1681.1,0.234,0.056,0.108,0.210,0.031,0.101,0.115,0.143
4072,762.00,906.20,688,2.007,1682.4,0.215,0.114,0.122,0.120,0.063,0.109,0.115,0.141
4073,1840.00,914.35,1674,1.905,1683.1,0.226,0.095,0.125,0.157,0.044,0.137,0.079,0.137
4074,1324.00,921.55,1310,1.929,1684.2,0.216,0.087,0.140,0.181,0.038,0.114,0.080,0.145
4075,1062.00,917.70,997,1.975,1685.3,0.204,0.101,0.112,0.124,0.061,0.143,0.098,0.158
4076,1870.00,929.44,1774,1.821,1685.7,0.295,0.079,0.075,0.141,0.031,0.150,0.057,0.172
4077,732.00,921.50,494,1.794,1686.2,0.119,0.070,0.130,0.148,0.029,0.133,0.043,0.328
4078,538.00,915.31,330,1.570,1686.4,0.070,0.028,0.056,0.280,0.000,0.196,0.014,0.357
4079,580.00,914.08,498,1.919,1687.0,0.075,0.061,0.143,0.148,0.044,0.150,0.073,0.306
4080,1461.00,921.52,1373,1.923,1687.5,0.110,0.084,0.152,0.122,0.057,0.155,0.075,0.245
4081,1172.00,928.57,824,1.203,1687.7,0.632,0.015,0.059,0.118,0.000,0.103,0.015,0.059
4082,1477.00,937.16,1193,1.868,1688.1,0.155,0.049,0.190,0.095,0.039,0.187,0.081,0.204
4083,792.00,937.14,579,1.812,1688.4,0.081,0.051,0.183,0.085,0.017,0.226,0.094,0.264
4084,1137.00,937.43,1011,1.892,1688.9,0.089,0.063,0.170,0.085,0.030,0.192,0.129,0.244
4085,599.00,931.07,584,1.931,1689.4,0.079,0.058,0.206,0.121,0.027,0.185,0.142,0.182
4086,550.00,929.70,439,2.018,1690.1,0.119,0.094,0.175,0.119,0.057,0.156,0.144,0.136
4087,1236.00,936.21,1206,1.821,1690.2,0.132,0.074,0.191,0.074,0.044,0.279,0.074,0.132
4088,446.00,934.65,335,2.044,1690.8,0.120,0.129,0.168,0.120,0.064,0.126,0.146,0.126
4089,801.00,934.00,737,2.024,1691.3,0.190,0.115,0.190,0.103,0.056,0.140,0.106,0.100
4090,738.00,933.49,630,1.993,1691.7,0.186,0.080,0.163,0.178,0.091,0.114,0.080,0.110
4091,1055.00,934.96,875,2.004,1692.1,0.176,0.072,0.128,0.166,0.076,0.145,0.103,0.134
4092,523.00,926.76,502,2.027,1693.0,0.155,0.121,0.155,0.149,0.094,0.099,0.082,0.146
4093,830.00,931.53,671,1.984,1693.4,0.169,0.053,0.102,0.236,0.058,0.147,0.102,0.133
4094,801.00,932.67,744,2.035,1694.0,0.154,0.124,0.129,0.117,0.085,0.136,0.120,0.136
4095,1570.00,938.38,1398,1.996,1694.4,0.127,0.085,0.093,0.181,0.073,0.135,0.093,0.212
4096,835.00,939.58,770,2.005,1695.0,0.124,0.119,0.108,0.170,0.062,0.170,0.067,0.181
4097,619.00,935.27,567,2.044,1695.6,0.141,0.125,0.101,0.184,0.073,0.136,0.094,0.146
4098,673.00,937.79,510,2.032,1696.1,0.152,0.143,0.109,0.140,0.087,0.149,0.087,0.134
4099,1577.00,944.74,1231,2.039,1696.9,0.179,0.157,0.153,0.104,0.094,0.101,0.104,0.109
4100,377.00,939.17,243,2.033,1697.3,0.073,0.171,0.142,0.130,0.089,0.167,0.049,0.179
4101,716.00,942.12,365,2.050,1697.8,0.117,0.185,0.164,0.093,0.107,0.142,0.060,0.132
4102,1637.00,949.93,1317,1.980,1698.0,0.209,0.124,0.101,0.116,0.093,0.116,0.062,0.178
4103,1128.00,953.25,702,2.028,1698.2,0.148,0.077,0.113,0.099,0.099,0.155,0.085,0.225
4104,1143.00,959.47,929,2.030,1698.6,0.138,0.138,0.138,0.110,0.106,0.134,0.098,0.138
4105,965.00,960.69,607,1.959,1698.9,0.156,0.119,0.089,0.104,0.052,0.170,0.074,0.237
4106,589.00,955.52,398,2.041,1699.5,0.145,0.135,0.135,0.121,0.094,0.116,0.070,0.184
4107,862.00,954.12,740,2.014,1700.0,0.178,0.093,0.138,0.149,0.106,0.120,0.064,0.152
4108,1020.00,953.67,752,1.739,1700.3,0.295,0.068,0.098,0.106,0.083,0.144,0.038,0.167
4109,972.00,953.15,957,2.014,1701.0,0.146,0.133,0.137,0.126,0.084,0.149,0.073,0.151
4110,1275.00,944.80,1070,1.369,1701.1,0.449,0.000,0.026,0.064,0.000,0.038,0.026,0.397
4111,1263.00,952.96,1095,1.953,1701.5,0.160,0.106,0.137,0.167,0.053,0.068,0.080,0.228
4112,670.00,948.15,651,1.476,1701.6,0.494,0.049,0.074,0.099,0.037,0.037,0.037,0.173
4113,1345.00,954.94,1054,1.847,1701.8,0.245,0.091,0.109,0.127,0.045,0.082,0.064,0.236
4114,965.00,952.76,838,2.048,1702.5,0.163,0.126,0.138,0.115,0.090,0.117,0.077,0.174
4115,482.00,947.43,320,2.052,1703.0,0.154,0.084,0.154,0.100,0.095,0.114,0.106,0.192
4116,1078.00,945.69,990,1.652,1703.2,0.389,0.042,0.111,0.083,0.056,0.153,0.042,0.125
4117,1250.00,949.49,422,1.895,1703.4,0.307,0.015,0.131,0.109,0.080,0.131,0.029,0.197
4118,1067.00,953.61,869,1.983,1703.8,0.174,0.041,0.174,0.195,0.087,0.083,0.066,0.178
4119,1107.00,961.19,839,2.022,1704.4,0.186,0.103,0.201,0.134,0.088,0.093,0.067,0.129
4120,1639.00,977.58,1450,1.932,1704.6,0.113,0.049,0.176,0.099,0.070,0.106,0.113,0.275
4121,876.00,976.55,798,1.769,1704.7,0.174,0.000,0.174,0.065,0.065,0.087,0.065,0.370
4122,2221.00,984.58,1848,1.800,1704.8,0.346,0.019,0.163,0.096,0.077,0.115,0.058,0.125
4123,714.00,981.28,674,2.045,1705.7,0.196,0.091,0.151,0.127,0.088,0.117,0.119,0.112
4124,1323.00,984.96,1104,1.945,1706.1,0.218,0.137,0.103,0.077,0.150,0.103,0.068,0.145
4125,813.00,988.47,706,1.994,1706.8,0.192,0.120,0.091,0.101,0.132,0.130,0.066,0.169
4126,1806.00,990.87,1030,1.531,1707.0,0.296,0.040,0.056,0.032,0.104,0.072,0.048,0.352
4127,700.00,991.20,505,1.875,1707.4,0.278,0.077,0.066,0.108,0.104,0.139,0.077,0.151
4128,1007.00,998.10,359,1.491,1707.6,0.410,0.066,0.057,0.090,0.049,0.123,0.016,0.189
4129,986.00,999.43,535,1.669,1707.8,0.358,0.058,0.044,0.095,0.080,0.146,0.051,0.168
4130,1350.00,1001.06,991,1.863,1708.1,0.333,0.096,0.082,0.105,0.087,0.132,0.046,0.119
4131,519.00,976.50,508,2.022,1709.1,0.210,0.144,0.106,0.075,0.113,0.118,0.112,0.122
4132,1258.00,983.39,1206,1.702,1709.3,0.397,0.069,0.034,0.069,0.138,0.155,0.078,0.060
4133,597.00,984.04,542,1.895,1709.7,0.286,0.063,0.063,0.078,0.196,0.106,0.133,0.075
4134,1004.00,984.57,904,1.993,1710.4,0.189,0.097,0.099,0.058,0.180,0.094,0.157,0.127
4135,986.00,979.59,845,1.997,1710.9,0.155,0.110,0.094,0.084,0.174,0.123,0.161,0.100
4136,300.00,959.96,290,1.954,1711.2,0.265,0.058,0.069,0.095,0.153,0.169,0.153,0.037
4137,501.00,957.74,470,2.019,1711.6,0.188,0.094,0.101,0.148,0.148,0.123,0.134,0.065
4138,615.00,955.41,580,1.991,1712.0,0.224,0.077,0.104,0.158,0.135,0.127,0.097,0.077
4139,1074.00,957.70,903,1.957,1712.3,0.234,0.090,0.122,0.149,0.085,0.191,0.085,0.043
4140,544.00,950.28,522,2.012,1713.1,0.175,0.133,0.125,0.078,0.122,0.127,0.131,0.109
4141,1080.00,961.08,949,1.975,1713.5,0.209,0.095,0.114,0.217,0.068,0.118,0.118,0.061
4142,955.00,962.54,904,1.998,1714.0,0.192,0.138,0.132,0.126,0.094,0.145,0.116,0.057
4143,435.00,962.11,385,2.039,1714.8,0.173,0.186,0.116,0.091,0.098,0.096,0.139,0.100
4144,1413.00,968.44,949,1.866,1714.9,0.284,0.069,0.103,0.224,0.095,0.095,0.086,0.043
4145,1099.00,970.75,822,1.710,1715.1,0.289,0.093,0.041,0.196,0.155,0.175,0.041,0.010
4146,957.00,974.16,929,1.999,1716.1,0.196,0.149,0.086,0.148,0.133,0.104,0.116,0.069
4147,1181.00,974.29,1106,2.028,1716.7,0.190,0.124,0.129,0.137,0.129,0.135,0.089,0.066
4148,836.00,978.38,735,2.001,1717.0,0.189,0.048,0.133,0.177,0.161,0.157,0.108,0.028
4149,1950.00,981.75,1696,1.831,1717.2,0.295,0.102,0.125,0.080,0.114,0.182,0.068,0.034
4150,599.00,972.77,541,2.033,1717.6,0.167,0.157,0.118,0.101,0.146,0.150,0.101,0.059
4151,447.00,963.82,444,2.052,1718.1,0.201,0.106,0.144,0.099,0.120,0.127,0.106,0.099
4152,504.00,961.40,347,2.058,1718.5,0.167,0.107,0.130,0.161,0.107,0.107,0.100,0.120
4153,1008.00,959.18,982,2.015,1719.0,0.200,0.120,0.142,0.126,0.102,0.114,0.102,0.095
4154,527.00,958.70,482,2.055,1719.9,0.130,0.147,0.122,0.122,0.125,0.095,0.144,0.117
4155,879.00,959.72,712,1.982,1720.2,0.164,0.150,0.195,0.133,0.071,0.173,0.066,0.049
4156,1284.00,964.50,1208,2.034,1720.7,0.119,0.152,0.182,0.123,0.093,0.123,0.129,0.079
4157,821.00,968.00,791,2.043,1721.3,0.096,0.157,0.157,0.108,0.152,0.115,0.098,0.118
4158,862.00,965.37,758,1.964,1721.5,0.156,0.177,0.122,0.102,0.109,0.177,0.102,0.054
4159,571.00,962.65,488,2.031,1722.0,0.150,0.072,0.163,0.197,0.097,0.119,0.113,0.088
4160,938.00,961.04,920,2.025,1722.4,0.145,0.091,0.167,0.130,0.112,0.127,0.141,0.087
4161,675.00,954.70,581,1.980,1722.8,0.130,0.072,0.220,0.188,0.137,0.123,0.065,0.065
4162,1172.00,956.67,899,1.970,1723.1,0.138,0.133,0.133,0.199,0.149,0.105,0.088,0.055
4163,1315.00,961.35,1111,2.006,1723.4,0.104,0.094,0.172,0.177,0.177,0.089,0.094,0.094
4164,465.00,956.43,462,2.046,1724.1,0.123,0.126,0.178,0.123,0.152,0.108,0.117,0.073
4165,881.00,959.27,776,2.010,1724.5,0.123,0.082,0.138,0.168,0.142,0.097,0.149,0.101
4166,718.00,960.94,653,2.014,1724.8,0.114,0.104,0.114,0.209,0.159,0.139,0.129,0.030
4167,812.00,964.64,565,1.907,1724.9,0.160,0.132,0.075,0.330,0.142,0.057,0.066,0.038
4168,782.00,962.56,671,2.020,1725.3,0.097,0.143,0.104,0.139,0.143,0.112,0.143,0.120
4169,898.00,959.85,804,2.008,1725.9,0.081,0.160,0.081,0.127,0.114,0.117,0.190,0.130
4170,343.00,957.96,314,1.968,1726.2,0.097,0.115,0.055,0.157,0.097,0.203,0.171,0.106
4171,411.00,951.62,406,2.001,1726.5,0.076,0.114,0.049,0.136,0.109,0.147,0.228,0.141
4172,547.00,949.47,392,1.994,1726.8,0.075,0.136,0.033,0.196,0.093,0.121,0.248,0.098
4173,538.00,936.45,483,1.983,1727.0,0.108,0.115,0.029,0.259,0.065,0.165,0.201,0.058
4174,298.00,926.19,298,1.997,1727.4,0.135,0.139,0.032,0.235,0.076,0.131,0.171,0.080
4175,1091.00,926.48,896,1.935,1727.6,0.118,0.200,0.035,0.200,0.106,0.129,0.153,0.059
4176,604.00,913.82,599,2.018,1727.8,0.085,0.153,0.034,0.176,0.102,0.136,0.188,0.125
4177,712.00,913.62,698,2.023,1728.4,0.096,0.126,0.070,0.181,0.094,0.161,0.155,0.117
4178,758.00,915.82,533,1.796,1728.5,0.083,0.119,0.083,0.333,0.048,0.214,0.083,0.036
4179,1558.00,925.60,1474,2.005,1728.8,0.102,0.121,0.073,0.248,0.078,0.180,0.112,0.087
4180,711.00,918.10,698,2.046,1729.7,0.102,0.095,0.079,0.152,0.120,0.161,0.161,0.129
4181,385.00,910.23,357,2.053,1730.6,0.088,0.087,0.112,0.161,0.124,0.173,0.138,0.117
4182,424.00,899.70,389,2.062,1731.3,0.136,0.111,0.120,0.165,0.113,0.120,0.140,0.095
4183,570.00,897.48,476,2.037,1731.6,0.121,0.102,0.181,0.135,0.056,0.130,0.098,0.177
4184,595.00,892.06,576,2.056,1732.4,0.137,0.135,0.095,0.087,0.109,0.151,0.127,0.157
4185,538.00,891.45,462,2.065,1732.9,0.121,0.099,0.131,0.116,0.121,0.171,0.106,0.134
4186,877.00,894.72,690,2.042,1733.4,0.123,0.096,0.123,0.133,0.090,0.150,0.133,0.153
4187,638.00,888.74,424,2.033,1733.7,0.159,0.113,0.088,0.117,0.113,0.172,0.117,0.121
4188,397.00,888.25,362,2.041,1734.2,0.194,0.072,0.086,0.101,0.137,0.173,0.115,0.122
4189,682.00,887.06,649,2.052,1734.8,0.164,0.079,0.092,0.145,0.120,0.187,0.113,0.099
4190,362.00,883.30,314,2.019,1735.0,0.222,0.122,0.044,0.133,0.100,0.111,0.144,0.122
4191,789.00,880.64,623,1.965,1735.2,0.184,0.123,0.088,0.096,0.167,0.061,0.123,0.158
4192,957.00,884.98,849,1.963,1735.5,0.208,0.153,0.119,0.084,0.114,0.094,0.109,0.119
4193,1030.00,886.98,848,1.899,1735.7,0.333,0.126,0.101,0.019,0.094,0.082,0.075,0.170
4194,897.00,887.94,812,2.006,1736.3,0.214,0.117,0.086,0.089,0.104,0.167,0.104,0.120
4195,1041.00,882.65,910,1.934,1736.6,0.174,0.142,0.151,0.055,0.083,0.083,0.101,0.211
4196,1713.00,891.43,963,1.894,1736.9,0.145,0.226,0.145,0.063,0.069,0.063,0.069,0.220
4197,631.00,891.55,554,2.024,1737.3,0.127,0.113,0.109,0.113,0.127,0.155,0.109,0.148
4198,668.00,891.50,634,2.013,1737.7,0.099,0.103,0.143,0.071,0.075,0.151,0.171,0.187
4199,655.00,882.28,526,2.030,1738.0,0.135,0.131,0.169,0.110,0.093,0.131,0.127,0.105
4200,499.00,883.50,446,2.040,1738.5,0.125,0.174,0.139,0.093,0.100,0.132,0.121,0.117
4201,1602.00,892.36,1360,1.806,1738.7,0.133,0.063,0.272,0.082,0.082,0.108,0.158,0.101
4202,407.00,880.06,365,1.991,1739.1,0.155,0.064,0.241,0.127,0.036,0.114,0.177,0.086
4203,335.00,872.13,330,2.015,1739.4,0.176,0.063,0.117,0.109,0.088,0.142,0.234,0.071
4204,2096.00,881.66,1888,1.953,1739.7,0.153,0.076,0.191,0.115,0.115,0.115,0.168,0.069
4205,799.00,880.00,726,1.984,1740.0,0.150,0.135,0.145,0.077,0.092,0.164,0.164,0.072
4206,244.00,876.55,231,2.028,1740.3,0.153,0.084,0.135,0.098,0.107,0.149,0.191,0.084
4207,940.00,877.33,936,1.816,1740.5,0.174,0.087,0.290,0.043,0.029,0.116,0.188,0.072
4208,365.00,870.78,295,2.033,1741.0,0.146,0.093,0.090,0.146,0.107,0.128,0.188,0.101
4209,2007.00,881.13,582,1.829,1741.2,0.133,0.217,0.200,0.042,0.025,0.092,0.233,0.058
4210,489.00,873.27,488,2.042,1741.8,0.133,0.166,0.095,0.101,0.080,0.143,0.198,0.083
4211,573.00,866.37,323,2.021,1742.1,0.160,0.152,0.107,0.098,0.070,0.152,0.160,0.102
4212,681.00,866.48,635,2.045,1743.2,0.124,0.151,0.123,0.120,0.097,0.098,0.179,0.108
4213,1217.00,865.20,1036,1.476,1743.4,0.347,0.056,0.278,0.125,0.000,0.028,0.139,0.028
4214,1856.00,874.11,1673,1.607,1743.6,0.285,0.069,0.308,0.115,0.015,0.092,0.054,0.062
4215,1835.00,887.64,1438,1.686,1744.1,0.221,0.093,0.323,0.051,0.082,0.085,0.062,0.082
4216,431.00,881.17,342,1.925,1744.7,0.218,0.080,0.237,0.107,0.068,0.160,0.063,0.068
4217,916.00,877.83,875,1.820,1745.2,0.229,0.095,0.252,0.065,0.078,0.118,0.092,0.072
4218,1371.00,880.87,221,1.472,1745.4,0.383,0.045,0.361,0.045,0.008,0.075,0.030,0.053
4219,456.00,874.36,391,2.020,1745.9,0.208,0.139,0.137,0.100,0.092,0.134,0.092,0.097
4220,311.00,861.08,249,1.971,1746.2,0.279,0.073,0.121,0.079,0.073,0.170,0.121,0.085
4221,509.00,857.41,472,2.043,1746.8,0.168,0.158,0.082,0.079,0.108,0.129,0.122,0.153
4222,1164.00,846.84,990,1.892,1747.0,0.220,0.127,0.212,0.068,0.042,0.136,0.127,0.068
4223,892.00,848.62,840,2.051,1748.2,0.140,0.167,0.097,0.094,0.095,0.126,0.147,0.134
4224,1293.00,848.32,1115,1.812,1748.3,0.211,0.113,0.113,0.000,0.225,0.155,0.099,0.085
4225,756.00,847.75,692,1.785,1748.4,0.212,0.045,0.091,0.015,0.227,0.212,0.106,0.091
4226,817.00,837.86,772,1.962,1749.0,0.126,0.136,0.088,0.050,0.212,0.164,0.118,0.106
4227,1058.00,841.44,1007,1.991,1749.6,0.142,0.100,0.098,0.053,0.203,0.124,0.174,0.106
4228,704.00,838.41,650,1.957,1750.1,0.117,0.231,0.140,0.023,0.225,0.105,0.099,0.058
4229,1547.00,844.02,1016,1.737,1750.4,0.161,0.339,0.102,0.005,0.113,0.075,0.102,0.102
4230,1066.00,841.18,862,1.909,1750.9,0.131,0.295,0.105,0.026,0.151,0.105,0.102,0.085
4231,798.00,843.97,797,2.020,1753.7,0.145,0.170,0.115,0.081,0.102,0.083,0.142,0.161
4232,870.00,840.09,747,1.683,1754.0,0.111,0.245,0.077,0.010,0.125,0.067,0.115,0.250
4233,424.00,838.36,161,1.893,1754.7,0.130,0.277,0.172,0.036,0.098,0.078,0.031,0.177
4234,695.00,835.27,570,1.842,1755.2,0.104,0.212,0.176,0.036,0.137,0.081,0.051,0.203
4235,561.00,831.02,404,1.903,1755.8,0.136,0.205,0.144,0.087,0.123,0.068,0.063,0.173
4236,1035.00,838.37,425,1.796,1756.2,0.092,0.217,0.163,0.071,0.083,0.071,0.029,0.275
4237,841.00,841.77,615,1.676,1756.4,0.133,0.266,0.141,0.031,0.070,0.055,0.023,0.281
4238,460.00,840.22,383,1.973,1756.8,0.095,0.244,0.171,0.076,0.149,0.076,0.048,0.140
4239,1678.00,846.26,1270,1.858,1757.1,0.129,0.169,0.107,0.079,0.118,0.090,0.067,0.242
4240,1213.00,852.95,1201,2.017,1758.8,0.121,0.179,0.186,0.108,0.129,0.088,0.065,0.124
4241,442.00,846.57,264,2.005,1759.3,0.149,0.154,0.205,0.076,0.137,0.137,0.025,0.116
4242,776.00,844.78,306,1.897,1759.6,0.154,0.189,0.130,0.053,0.083,0.154,0.053,0.183
4243,659.00,847.02,469,1.995,1760.1,0.178,0.150,0.113,0.101,0.144,0.113,0.061,0.138
4244,987.00,842.76,259,1.957,1760.4,0.152,0.196,0.096,0.083,0.091,0.183,0.039,0.161
4245,990.00,841.67,667,1.997,1761.0,0.116,0.163,0.158,0.130,0.133,0.122,0.044,0.133
4246,1089.00,842.99,816,1.980,1761.3,0.122,0.151,0.160,0.071,0.189,0.160,0.055,0.092
4247,313.00,834.31,195,2.017,1761.9,0.123,0.197,0.146,0.114,0.154,0.123,0.049,0.094
4248,768.00,833.63,499,2.001,1762.1,0.137,0.165,0.198,0.060,0.154,0.093,0.060,0.132
4249,539.00,819.52,465,2.033,1762.6,0.166,0.147,0.147,0.103,0.179,0.088,0.085,0.085
4250,1867.00,832.20,1356,1.955,1762.8,0.136,0.114,0.186,0.050,0.150,0.093,0.064,0.207
4251,960.00,837.33,958,2.034,1763.8,0.152,0.158,0.146,0.116,0.117,0.087,0.098,0.128
4252,628.00,838.57,545,2.035,1764.3,0.178,0.213,0.130,0.111,0.086,0.079,0.083,0.121
4253,440.00,832.89,438,2.019,1764.5,0.152,0.119,0.113,0.119,0.152,0.106,0.106,0.132
4254,455.00,832.17,407,2.036,1764.9,0.108,0.188,0.123,0.123,0.096,0.115,0.131,0.115
4255,472.00,828.10,274,2.004,1765.1,0.103,0.214,0.055,0.117,0.145,0.131,0.131,0.103
4256,517.00,820.43,315,2.047,1765.6,0.131,0.144,0.127,0.131,0.141,0.096,0.093,0.137
4257,679.00,819.01,598,2.036,1765.9,0.131,0.131,0.115,0.104,0.131,0.153,0.082,0.153
4258,658.00,816.97,557,1.925,1766.1,0.146,0.153,0.036,0.117,0.161,0.080,0.095,0.212
4259,1101.00,822.27,959,1.919,1766.4,0.087,0.112,0.087,0.118,0.130,0.075,0.180,0.211
4260,805.00,820.94,798,1.825,1766.5,0.110,0.083,0.028,0.083,0.101,0.128,0.220,0.248
4261,485.00,819.04,442,2.055,1767.3,0.149,0.141,0.126,0.125,0.104,0.102,0.117,0.136
4262,807.00,815.39,756,1.894,1767.7,0.065,0.224,0.075,0.093,0.107,0.103,0.159,0.173
4263,482.00,807.06,452,2.043,1769.0,0.116,0.211,0.112,0.127,0.103,0.095,0.109,0.127
4264,386.00,806.27,337,2.013,1769.6,0.128,0.238,0.097,0.112,0.052,0.112,0.144,0.117
4265,581.00,803.27,534,2.027,1770.4,0.131,0.186,0.117,0.143,0.088,0.100,0.112,0.123
4266,743.00,803.52,482,1.746,1770.5,0.163,0.263,0.037,0.062,0.025,0.013,0.212,0.225
4267,1082.00,806.22,969,1.470,1770.6,0.174,0.087,0.022,0.022,0.000,0.022,0.435,0.239
4268,768.00,806.08,654,1.795,1770.7,0.135,0.176,0.081,0.095,0.041,0.054,0.216,0.203
4269,478.00,801.88,434,2.034,1771.2,0.141,0.213,0.096,0.147,0.091,0.077,0.157,0.077
4270,289.00,801.34,219,1.212,1771.3,0.325,0.000,0.000,0.000,0.000,0.025,0.300,0.350
4271,533.00,802.56,516,2.040,1771.8,0.164,0.145,0.062,0.158,0.095,0.122,0.138,0.115
4272,755.00,804.64,611,1.943,1772.0,0.127,0.132,0.074,0.127,0.106,0.090,0.159,0.185
4273,590.00,805.16,235,1.181,1772.1,0.574,0.037,0.000,0.019,0.000,0.019,0.204,0.148
4274,837.00,810.55,637,1.963,1772.4,0.148,0.148,0.059,0.130,0.065,0.101,0.154,0.195
4275,937.00,809.01,566,2.022,1772.9,0.127,0.127,0.064,0.139,0.136,0.118,0.156,0.133
4276,560.00,808.57,436,1.977,1773.2,0.170,0.119,0.031,0.138,0.088,0.138,0.151,0.164
4277,428.00,805.73,428,1.407,1773.3,0.077,0.000,0.026,0.026,0.000,0.128,0.487,0.256
4278,1072.00,808.87,932,1.860,1773.4,0.101,0.143,0.034,0.092,0.109,0.151,0.168,0.202
4279,737.00,800.66,642,1.310,1773.5,0.083,0.042,0.000,0.021,0.021,0.229,0.438,0.167
4280,814.00,801.69,597,1.831,1773.7,0.033,0.165,0.022,0.121,0.121,0.187,0.198,0.154
4281,574.00,803.58,560,2.046,1774.3,0.115,0.144,0.099,0.151,0.163,0.099,0.104,0.124
4282,256.00,801.90,240,2.032,1774.6,0.074,0.121,0.063,0.132,0.153,0.163,0.200,0.095
4283,582.00,802.02,412,2.021,1774.9,0.095,0.156,0.045,0.128,0.078,0.212,0.190,0.095
4284,871.00,804.78,573,2.049,1775.5,0.115,0.124,0.099,0.173,0.115,0.142,0.104,0.128
4285,1255.00,811.95,717,1.438,1775.7,0.094,0.071,0.012,0.059,0.035,0.518,0.153,0.059
4286,519.00,808.37,409,1.907,1775.8,0.076,0.109,0.059,0.126,0.160,0.218,0.210,0.042
4287,724.00,809.23,550,2.051,1776.7,0.144,0.118,0.100,0.147,0.191,0.120,0.095,0.085
4288,712.00,812.38,694,2.043,1777.0,0.190,0.065,0.147,0.116,0.138,0.108,0.129,0.108
4289,233.00,807.89,229,2.017,1777.3,0.166,0.069,0.228,0.034,0.117,0.124,0.172,0.090
4290,501.00,809.28,437,2.044,1778.0,0.139,0.091,0.201,0.101,0.114,0.147,0.126,0.081
4291,1199.00,813.38,1159,2.032,1779.0,0.170,0.093,0.131,0.120,0.153,0.117,0.136,0.080
4292,640.00,810.21,619,1.934,1779.3,0.231,0.092,0.133,0.046,0.168,0.098,0.150,0.081
4293,146.00,801.37,35,1.085,1779.4,0.288,0.015,0.000,0.015,0.000,0.000,0.576,0.106
4294,190.00,794.30,157,0.901,1779.5,0.231,0.019,0.000,0.000,0.000,0.000,0.673,0.077
4295,800.00,791.89,717,2.050,1780.5,0.144,0.120,0.125,0.101,0.205,0.110,0.097,0.099
4296,383.00,778.59,375,1.885,1780.7,0.155,0.029,0.068,0.117,0.165,0.126,0.204,0.136
4297,691.00,779.19,554,1.997,1781.0,0.213,0.061,0.074,0.090,0.131,0.127,0.160,0.143
4298,940.00,781.91,832,1.681,1781.2,0.181,0.096,0.011,0.074,0.064,0.043,0.298,0.234
4299,645.00,781.81,602,1.992,1781.8,0.208,0.089,0.106,0.097,0.163,0.097,0.109,0.131
4300,495.00,781.77,430,1.301,1781.9,0.175,0.032,0.000,0.032,0.016,0.063,0.286,0.397
4301,1200.00,777.75,1158,1.701,1782.1,0.178,0.075,0.028,0.056,0.065,0.103,0.196,0.299
4302,898.00,782.66,634,1.945,1782.5,0.213,0.063,0.060,0.082,0.179,0.056,0.104,0.243
4303,603.00,785.34,558,2.009,1783.2,0.198,0.068,0.072,0.112,0.158,0.094,0.130,0.166
4304,1157.00,775.95,928,1.822,1783.5,0.258,0.111,0.021,0.047,0.147,0.089,0.132,0.195
4305,1187.00,779.83,1108,1.610,1783.7,0.309,0.050,0.007,0.043,0.086,0.036,0.194,0.273
4306,772.00,785.11,506,1.764,1784.0,0.258,0.089,0.032,0.042,0.100,0.100,0.184,0.195
4307,429.00,780.00,411,1.840,1784.3,0.306,0.078,0.011,0.056,0.139,0.050,0.183,0.178
4308,1284.00,789.19,1058,1.333,1784.4,0.394,0.015,0.000,0.000,0.000,0.000,0.348,0.242
4309,402.00,773.14,369,2.021,1785.1,0.145,0.123,0.081,0.076,0.194,0.113,0.113,0.155
4310,898.00,777.23,0,1.528,1785.2,0.281,0.079,0.011,0.079,0.022,0.022,0.213,0.292
4311,325.00,774.75,254,1.855,1785.4,0.195,0.133,0.009,0.009,0.097,0.106,0.274,0.177
4312,845.00,776.39,767,2.054,1786.4,0.114,0.148,0.094,0.137,0.139,0.096,0.140,0.132
4313,811.00,772.33,713,1.817,1786.5,0.338,0.169,0.014,0.056,0.056,0.141,0.169,0.056
4314,347.00,757.24,307,1.281,1786.6,0.388,0.102,0.000,0.000,0.000,0.000,0.429,0.082
4315,554.00,744.43,520,2.035,1787.8,0.170,0.129,0.123,0.139,0.100,0.100,0.131,0.107
4316,594.00,746.06,493,1.697,1787.9,0.157,0.057,0.071,0.043,0.143,0.186,0.314,0.029
4317,394.00,740.84,379,1.787,1788.2,0.200,0.117,0.090,0.048,0.138,0.152,0.241,0.014
4318,87.00,728.00,87,1.001,1788.3,0.283,0.019,0.000,0.000,0.000,0.038,0.660,0.000
4319,582.00,729.26,555,1.821,1788.7,0.174,0.106,0.102,0.061,0.110,0.159,0.246,0.042
4320,0.00,726.15,0,0.742,1788.7,0.643,0.000,0.000,0.000,0.000,0.024,0.333,0.000
4321,546.00,726.52,404,1.484,1788.9,0.227,0.147,0.040,0.000,0.107,0.173,0.307,0.000
4322,1195.00,726.83,1094,1.806,1789.4,0.172,0.135,0.097,0.069,0.088,0.191,0.219,0.028
4323,607.00,723.98,585,1.562,1789.6,0.168,0.118,0.050,0.019,0.043,0.236,0.354,0.012
4324,132.00,712.37,132,1.004,1789.7,0.490,0.000,0.000,0.000,0.000,0.137,0.373,0.000
4325,386.00,708.67,373,1.802,1790.2,0.165,0.140,0.082,0.021,0.064,0.244,0.265,0.018
4326,211.00,702.61,88,1.594,1790.4,0.169,0.124,0.056,0.011,0.056,0.202,0.382,0.000
4327,704.00,699.07,608,1.652,1790.6,0.233,0.074,0.061,0.012,0.055,0.337,0.215,0.012
4328,277.00,694.80,254,1.832,1791.0,0.247,0.139,0.134,0.017,0.069,0.281,0.113,0.000
4329,648.00,685.81,569,1.833,1791.3,0.180,0.162,0.114,0.018,0.083,0.237,0.171,0.035
4330,693.00,682.08,317,1.128,1791.4,0.569,0.137,0.000,0.000,0.000,0.216,0.078,0.000
4331,834.00,682.44,691,1.894,1791.9,0.153,0.153,0.144,0.050,0.117,0.222,0.122,0.039
4332,1129.00,685.03,930,1.704,1792.2,0.223,0.173,0.058,0.014,0.065,0.223,0.194,0.050
4333,825.00,689.04,722,1.331,1792.3,0.400,0.220,0.040,0.000,0.080,0.120,0.100,0.040
4334,1373.00,695.82,1256,1.703,1792.6,0.245,0.163,0.097,0.031,0.071,0.209,0.168,0.015
4335,751.00,697.72,626,1.367,1792.7,0.407,0.222,0.012,0.000,0.025,0.099,0.222,0.012
4336,1112.00,698.49,806,1.778,1793.0,0.243,0.191,0.064,0.043,0.106,0.166,0.174,0.013
4337,718.00,697.26,673,1.745,1793.4,0.209,0.235,0.051,0.010,0.077,0.224,0.189,0.005
4338,918.00,701.84,843,1.792,1793.6,0.247,0.184,0.105,0.053,0.074,0.174,0.158,0.005
4339,308.00,688.14,298,1.662,1793.9,0.164,0.209,0.045,0.006,0.056,0.136,0.367,0.017
4340,896.00,684.97,896,1.425,1794.1,0.305,0.134,0.024,0.000,0.024,0.146,0.366,0.000
4341,821.00,688.76,721,1.539,1794.3,0.314,0.085,0.042,0.008,0.042,0.186,0.314,0.008
4342,254.00,683.54,224,1.518,1794.5,0.268,0.161,0.027,0.000,0.009,0.205,0.304,0.027
4343,418.00,681.13,337,1.790,1794.7,0.204,0.090,0.036,0.036,0.084,0.269,0.275,0.006
4344,471.00,675.97,403,2.002,1795.6,0.157,0.143,0.135,0.080,0.141,0.161,0.119,0.064
4345,378.00,669.85,296,1.830,1795.9,0.115,0.197,0.087,0.055,0.142,0.153,0.230,0.022
4346,2393.00,682.89,859,1.486,1796.1,0.034,0.420,0.050,0.025,0.185,0.084,0.168,0.034
4347,992.00,689.68,651,1.522,1796.3,0.086,0.358,0.012,0.012,0.179,0.086,0.259,0.006
4348,683.00,688.83,646,1.508,1796.5,0.032,0.394,0.043,0.021,0.202,0.043,0.255,0.011
4349,912.00,692.56,837,1.957,1797.1,0.114,0.128,0.110,0.081,0.152,0.132,0.222,0.061
4350,666.00,680.55,583,1.923,1797.7,0.116,0.126,0.110,0.075,0.199,0.137,0.210,0.027
4351,1759.00,688.54,1616,1.733,1798.0,0.111,0.276,0.060,0.020,0.196,0.146,0.176,0.015
4352,558.00,687.84,456,1.782,1798.4,0.093,0.213,0.042,0.037,0.111,0.333,0.162,0.009
4353,372.00,687.16,332,1.942,1798.9,0.112,0.167,0.069,0.086,0.121,0.207,0.205,0.032
4354,629.00,688.90,614,1.940,1799.7,0.148,0.177,0.101,0.078,0.175,0.160,0.143,0.019
4355,559.00,689.77,538,1.978,1800.2,0.094,0.166,0.123,0.107,0.153,0.139,0.166,0.051
4356,1071.00,695.31,908,2.021,1801.4,0.144,0.114,0.115,0.131,0.132,0.140,0.128,0.096
4357,746.00,695.98,714,1.829,1801.7,0.109,0.131,0.131,0.045,0.204,0.213,0.158,0.009
4358,466.00,694.06,394,0.905,1801.9,0.025,0.033,0.017,0.008,0.750,0.058,0.108,0.000
4359,711.00,690.16,669,1.908,1802.4,0.121,0.088,0.102,0.041,0.220,0.206,0.201,0.022
4360,1425.00,696.36,1252,1.718,1802.7,0.118,0.086,0.072,0.013,0.329,0.164,0.197,0.020
4361,952.00,701.03,929,1.860,1803.0,0.082,0.066,0.110,0.071,0.181,0.275,0.192,0.022
4362,836.00,701.32,709,1.862,1803.3,0.086,0.066,0.111,0.066,0.189,0.276,0.185,0.021
4363,692.00,703.42,691,1.839,1803.7,0.087,0.077,0.128,0.036,0.173,0.311,0.158,0.031
4364,798.00,707.54,673,1.937,1804.1,0.102,0.125,0.073,0.042,0.201,0.262,0.163,0.032
4365,592.00,707.65,577,1.947,1804.4,0.165,0.069,0.144,0.096,0.170,0.133,0.186,0.037
4366,1568.00,715.90,1372,1.741,1804.7,0.136,0.074,0.233,0.097,0.176,0.153,0.108,0.023
4367,1052.00,715.60,500,1.497,1804.8,0.130,0.060,0.470,0.020,0.110,0.080,0.080,0.050
4368,243.00,710.35,149,1.955,1805.1,0.159,0.171,0.141,0.059,0.141,0.194,0.118,0.018
4369,519.00,710.76,481,1.979,1805.5,0.132,0.119,0.106,0.093,0.215,0.203,0.113,0.019
4370,830.00,716.17,687,1.960,1805.7,0.176,0.120,0.128,0.088,0.136,0.184,0.136,0.032
4371,895.00,719.79,531,1.882,1805.9,0.205,0.125,0.125,0.045,0.273,0.091,0.091,0.045
4372,1136.00,723.60,933,1.996,1806.4,0.128,0.131,0.118,0.091,0.179,0.182,0.131,0.040
4373,646.00,724.16,513,1.986,1806.8,0.114,0.128,0.156,0.076,0.171,0.171,0.137,0.047
4374,447.00,720.26,408,2.006,1807.3,0.116,0.090,0.157,0.128,0.140,0.201,0.125,0.044
4375,1397.00,724.86,1142,1.924,1807.5,0.162,0.155,0.204,0.092,0.120,0.148,0.085,0.035
4376,725.00,726.51,358,1.971,1808.0,0.157,0.131,0.125,0.115,0.099,0.196,0.119,0.058
4377,815.00,730.38,428,1.852,1808.2,0.200,0.145,0.209,0.045,0.100,0.191,0.045,0.064
4378,717.00,726.83,660,1.989,1808.6,0.150,0.142,0.059,0.134,0.154,0.178,0.126,0.055
4379,1282.00,732.28,795,1.847,1808.7,0.156,0.189,0.211,0.067,0.078,0.089,0.133,0.078
4380,919.00,733.33,802,1.997,1809.2,0.156,0.227,0.134,0.080,0.125,0.148,0.094,0.037
4381,696.00,734.55,607,2.030,1810.5,0.119,0.138,0.106,0.196,0.107,0.139,0.097,0.099
4382,709.00,739.08,636,2.037,1811.4,0.108,0.147,0.105,0.137,0.123,0.226,0.090,0.063
4383,791.00,741.17,685,1.999,1812.0,0.106,0.208,0.114,0.083,0.172,0.169,0.094,0.053
4384,400.00,736.46,349,2.010,1812.5,0.142,0.210,0.127,0.065,0.170,0.161,0.054,0.071
4385,858.00,732.49,782,2.060,1813.6,0.103,0.125,0.117,0.120,0.153,0.171,0.109,0.102
4386,584.00,733.14,544,2.046,1814.3,0.108,0.165,0.095,0.138,0.133,0.158,0.093,0.111
4387,593.00,731.83,565,2.059,1815.3,0.095,0.130,0.121,0.117,0.155,0.152,0.107,0.123
4388,858.00,733.29,524,1.924,1815.6,0.115,0.180,0.082,0.142,0.082,0.120,0.049,0.230
4389,902.00,739.98,860,1.832,1815.7,0.150,0.206,0.047,0.093,0.093,0.140,0.056,0.215
4390,743.00,742.40,598,2.025,1816.4,0.162,0.155,0.089,0.131,0.106,0.120,0.086,0.151
4391,433.00,734.74,280,2.034,1817.0,0.176,0.126,0.092,0.166,0.079,0.111,0.082,0.168
4392,1116.00,739.50,1033,2.028,1817.5,0.147,0.121,0.087,0.113,0.162,0.118,0.107,0.145
4393,576.00,743.80,409,1.988,1817.7,0.132,0.172,0.093,0.205,0.119,0.113,0.026,0.139
4394,753.00,749.43,616,2.055,1818.3,0.116,0.095,0.111,0.186,0.116,0.176,0.084,0.116
4395,579.00,747.22,535,2.055,1818.6,0.106,0.101,0.106,0.159,0.119,0.189,0.101,0.119
4396,739.00,750.78,594,2.000,1818.8,0.062,0.062,0.144,0.134,0.144,0.237,0.062,0.155
4397,585.00,749.72,452,2.057,1819.3,0.128,0.096,0.109,0.153,0.134,0.147,0.109,0.125
4398,428.00,744.60,419,2.061,1820.1,0.103,0.116,0.127,0.163,0.097,0.144,0.121,0.129
4399,895.00,747.10,784,2.026,1820.6,0.100,0.113,0.113,0.119,0.074,0.150,0.119,0.211
4400,766.00,749.81,740,1.938,1820.8,0.163,0.085,0.178,0.147,0.054,0.078,0.101,0.194
4401,478.00,742.59,360,2.018,1821.1,0.123,0.086,0.160,0.153,0.067,0.117,0.110,0.184
4402,765.00,741.26,596,2.052,1821.7,0.168,0.086,0.086,0.170,0.054,0.138,0.135,0.162
4403,691.00,742.14,589,1.827,1821.9,0.314,0.068,0.127,0.085,0.093,0.076,0.119,0.119
4404,725.00,737.82,493,1.769,1822.1,0.294,0.096,0.088,0.096,0.074,0.140,0.066,0.147
4405,1247.00,738.42,1175,1.722,1822.3,0.274,0.088,0.133,0.124,0.088,0.088,0.053,0.150
4406,643.00,737.13,599,1.921,1822.6,0.229,0.100,0.084,0.141,0.084,0.112,0.120,0.129
4407,844.00,741.28,741,1.907,1823.0,0.236,0.095,0.106,0.136,0.095,0.085,0.141,0.106
4408,1664.00,745.08,1243,1.745,1823.2,0.287,0.057,0.229,0.045,0.057,0.083,0.089,0.153
4409,1462.00,755.68,929,1.891,1823.6,0.237,0.075,0.108,0.083,0.083,0.087,0.091,0.237
4410,770.00,754.40,699,2.002,1824.3,0.169,0.086,0.084,0.142,0.119,0.115,0.134,0.152
4411,1802.00,769.17,1687,1.878,1824.7,0.268,0.077,0.138,0.073,0.114,0.098,0.077,0.154
4412,1416.00,774.88,803,1.349,1824.8,0.352,0.024,0.344,0.000,0.112,0.040,0.024,0.104
4413,1139.00,778.16,965,1.936,1825.5,0.241,0.058,0.151,0.114,0.097,0.078,0.107,0.153
4414,702.00,781.71,602,1.848,1825.8,0.279,0.056,0.163,0.048,0.088,0.092,0.076,0.199
4415,873.00,784.90,811,1.970,1826.3,0.228,0.058,0.132,0.098,0.102,0.102,0.086,0.194
4416,1569.00,794.65,1043,1.896,1826.7,0.194,0.070,0.136,0.132,0.099,0.079,0.099,0.190
4417,724.00,797.95,638,1.954,1827.2,0.225,0.061,0.146,0.088,0.140,0.103,0.119,0.119
4418,1569.00,812.77,1103,1.605,1827.4,0.384,0.054,0.089,0.054,0.134,0.062,0.062,0.161
4419,1248.00,819.43,652,1.492,1827.5,0.392,0.029,0.108,0.020,0.108,0.078,0.039,0.225
4420,403.00,823.46,367,2.022,1828.5,0.166,0.079,0.173,0.105,0.085,0.110,0.150,0.132
4421,1014.00,828.14,862,1.921,1828.9,0.192,0.118,0.044,0.118,0.185,0.118,0.111,0.114
4422,677.00,822.96,572,1.990,1829.5,0.190,0.099,0.081,0.112,0.193,0.117,0.089,0.119
4423,1162.00,828.51,877,1.842,1829.8,0.160,0.083,0.050,0.077,0.232,0.127,0.122,0.149
4424,728.00,834.47,624,1.947,1830.1,0.235,0.178,0.042,0.099,0.108,0.103,0.127,0.108
4425,1322.00,843.83,1002,2.013,1831.3,0.127,0.124,0.085,0.124,0.079,0.173,0.099,0.188
4426,1363.00,855.35,859,1.735,1831.6,0.227,0.088,0.033,0.083,0.320,0.088,0.099,0.061
4427,1098.00,859.29,980,1.890,1832.2,0.224,0.112,0.082,0.140,0.099,0.105,0.107,0.130
4428,1192.00,868.44,985,1.719,1832.4,0.390,0.085,0.017,0.119,0.147,0.113,0.062,0.068
4429,849.00,870.45,501,1.807,1832.9,0.069,0.075,0.047,0.181,0.097,0.318,0.093,0.121
4430,1561.00,879.13,1252,1.939,1833.5,0.056,0.106,0.043,0.195,0.099,0.253,0.119,0.129
4431,659.00,877.38,637,1.965,1834.2,0.058,0.130,0.070,0.225,0.086,0.206,0.107,0.118
4432,402.00,870.11,397,1.993,1834.7,0.074,0.164,0.095,0.177,0.071,0.193,0.106,0.121
4433,1306.00,874.92,987,1.999,1835.2,0.114,0.175,0.114,0.194,0.083,0.124,0.083,0.114
4434,672.00,867.91,633,2.030,1836.7,0.111,0.175,0.094,0.130,0.098,0.129,0.089,0.174
4435,860.00,869.00,457,1.855,1837.3,0.062,0.241,0.076,0.148,0.104,0.194,0.046,0.127
4436,524.00,863.12,342,1.821,1837.6,0.025,0.206,0.045,0.141,0.116,0.246,0.030,0.191
4437,584.00,861.78,478,2.007,1838.2,0.062,0.194,0.094,0.196,0.164,0.102,0.067,0.122
4438,567.00,858.27,357,1.993,1838.6,0.066,0.198,0.048,0.183,0.165,0.110,0.055,0.176
4439,669.00,861.88,647,2.056,1839.8,0.104,0.155,0.101,0.135,0.135,0.135,0.100,0.136
4440,1186.00,864.78,911,1.978,1840.2,0.090,0.095,0.118,0.133,0.142,0.133,0.071,0.218
4441,512.00,861.69,496,2.016,1841.1,0.067,0.128,0.164,0.143,0.089,0.141,0.085,0.182
4442,1010.00,869.25,730,1.923,1841.7,0.067,0.123,0.131,0.091,0.083,0.155,0.105,0.244
4443,494.00,870.01,478,2.030,1842.8,0.087,0.110,0.159,0.119,0.108,0.145,0.090,0.182
4444,592.00,871.22,524,1.957,1843.4,0.077,0.097,0.113,0.151,0.090,0.159,0.082,0.231
4445,715.00,874.59,372,1.920,1843.8,0.056,0.116,0.039,0.137,0.140,0.189,0.032,0.291
4446,529.00,855.95,320,2.014,1844.4,0.116,0.124,0.066,0.124,0.138,0.127,0.105,0.201
4447,741.00,853.44,638,1.951,1844.6,0.139,0.122,0.089,0.083,0.111,0.144,0.078,0.233
4448,600.00,852.61,530,2.029,1845.2,0.102,0.105,0.088,0.108,0.133,0.139,0.113,0.212
4449,1090.00,854.39,969,1.975,1845.6,0.135,0.103,0.087,0.100,0.186,0.103,0.116,0.170
4450,718.00,854.91,607,2.012,1846.2,0.126,0.132,0.046,0.105,0.137,0.151,0.116,0.188
4451,1842.00,855.74,1723,1.880,1846.5,0.236,0.121,0.071,0.082,0.132,0.137,0.038,0.181
4452,473.00,854.89,464,2.037,1847.3,0.124,0.129,0.102,0.095,0.122,0.143,0.131,0.154
4453,1253.00,863.70,541,1.780,1847.6,0.259,0.141,0.076,0.038,0.200,0.119,0.049,0.119
4454,2041.00,877.82,1445,1.856,1847.9,0.132,0.142,0.057,0.047,0.189,0.132,0.108,0.193
4455,1314.00,885.37,1210,1.859,1848.4,0.190,0.108,0.068,0.040,0.150,0.150,0.108,0.187
4456,1347.00,888.13,1213,1.776,1848.8,0.237,0.141,0.041,0.033,0.137,0.162,0.079,0.170
4457,1223.00,892.90,1104,1.948,1849.5,0.199,0.141,0.092,0.068,0.131,0.137,0.115,0.117
4458,1342.00,901.66,1237,0.980,1849.6,0.763,0.000,0.000,0.000,0.169,0.051,0.000,0.017
4459,793.00,902.48,223,1.192,1849.7,0.579,0.074,0.021,0.011,0.137,0.074,0.032,0.074
4460,1045.00,898.68,715,1.224,1849.9,0.584,0.024,0.000,0.016,0.152,0.120,0.024,0.080
4461,731.00,896.47,701,1.827,1850.3,0.306,0.107,0.048,0.040,0.087,0.139,0.103,0.171
4462,2014.00,908.25,1484,1.642,1850.5,0.339,0.102,0.039,0.031,0.087,0.165,0.063,0.173
4463,1731.00,918.64,1097,1.487,1850.7,0.455,0.059,0.050,0.010,0.079,0.178,0.040,0.129
4464,466.00,915.32,446,1.964,1851.2,0.144,0.109,0.077,0.064,0.133,0.160,0.160,0.152
4465,492.00,914.32,458,1.998,1851.8,0.199,0.092,0.102,0.059,0.129,0.132,0.140,0.146
4466,581.00,904.45,516,1.971,1852.3,0.185,0.107,0.096,0.078,0.140,0.081,0.137,0.176
4467,1550.00,909.43,1251,1.985,1852.9,0.139,0.102,0.109,0.107,0.141,0.109,0.141,0.152
4468,692.00,913.92,641,2.034,1854.6,0.117,0.121,0.127,0.109,0.110,0.092,0.133,0.190
4469,1100.00,919.73,928,1.896,1855.0,0.154,0.199,0.103,0.136,0.191,0.070,0.059,0.088
4470,618.00,917.61,215,1.547,1855.3,0.263,0.194,0.025,0.125,0.225,0.006,0.031,0.131
4471,445.00,913.11,350,1.898,1855.7,0.152,0.236,0.087,0.127,0.138,0.025,0.105,0.130
4472,938.00,911.13,891,1.921,1856.2,0.088,0.179,0.129,0.138,0.167,0.028,0.097,0.173
4473,1202.00,916.69,34,1.694,1856.3,0.267,0.233,0.052,0.172,0.121,0.009,0.009,0.138
4474,1344.00,925.66,1106,1.745,1856.6,0.235,0.129,0.091,0.174,0.098,0.015,0.045,0.212
4475,684.00,918.53,615,1.967,1857.3,0.090,0.201,0.126,0.157,0.128,0.036,0.109,0.155
4476,411.00,915.39,73,1.787,1857.6,0.069,0.216,0.092,0.133,0.115,0.014,0.046,0.317
4477,1112.00,918.36,659,1.809,1857.8,0.062,0.144,0.169,0.094,0.150,0.006,0.044,0.331
4478,1099.00,922.18,939,1.943,1858.3,0.110,0.133,0.156,0.140,0.106,0.053,0.120,0.183
4479,636.00,915.72,543,1.985,1859.0,0.091,0.137,0.172,0.122,0.152,0.026,0.120,0.180
4480,1165.00,918.18,1075,1.957,1859.6,0.120,0.125,0.193,0.115,0.110,0.042,0.112,0.183
4481,982.00,921.04,754,1.912,1860.0,0.145,0.114,0.202,0.077,0.141,0.027,0.098,0.195
4482,1118.00,925.13,908,1.828,1860.3,0.114,0.163,0.151,0.096,0.127,0.012,0.054,0.283
4483,875.00,925.97,326,1.707,1860.5,0.128,0.120,0.056,0.200,0.144,0.008,0.008,0.336
4484,641.00,928.38,548,1.916,1860.8,0.139,0.167,0.162,0.079,0.120,0.019,0.088,0.227
4485,1214.00,931.94,1155,1.965,1861.3,0.143,0.118,0.168,0.075,0.112,0.047,0.143,0.196
4486,419.00,930.29,412,1.984,1862.0,0.104,0.116,0.138,0.114,0.160,0.050,0.114,0.202
4487,721.00,931.57,550,1.962,1862.4,0.118,0.149,0.118,0.083,0.163,0.028,0.138,0.204
4488,937.00,932.36,849,1.914,1862.9,0.155,0.141,0.134,0.110,0.106,0.039,0.131,0.184
4489,841.00,931.75,622,1.946,1863.3,0.152,0.148,0.096,0.148,0.111,0.037,0.119,0.189
4490,494.00,929.26,459,2.009,1863.9,0.134,0.144,0.166,0.093,0.116,0.043,0.101,0.204
4491,1272.00,937.65,1254,1.782,1864.2,0.227,0.077,0.122,0.182,0.122,0.028,0.110,0.133
4492,589.00,932.38,537,1.978,1864.9,0.161,0.112,0.096,0.139,0.129,0.084,0.125,0.153
4493,742.00,934.04,740,2.029,1866.5,0.137,0.073,0.127,0.179,0.134,0.087,0.124,0.140
4494,741.00,933.92,717,1.974,1867.2,0.142,0.124,0.186,0.155,0.087,0.068,0.144,0.094
4495,1344.00,941.57,1043,1.721,1867.5,0.293,0.133,0.138,0.160,0.089,0.036,0.107,0.044
4496,1382.00,948.00,995,1.416,1867.8,0.386,0.098,0.072,0.216,0.092,0.007,0.072,0.059
4497,1173.00,953.88,1102,1.654,1868.2,0.332,0.095,0.102,0.159,0.088,0.025,0.106,0.092
4498,903.00,958.63,750,1.791,1868.6,0.286,0.103,0.140,0.159,0.066,0.033,0.140,0.073
4499,1675.00,966.43,1572,1.714,1869.1,0.239,0.132,0.138,0.190,0.089,0.028,0.120,0.064
4500,1109.00,969.86,1059,1.626,1869.6,0.372,0.097,0.097,0.123,0.105,0.022,0.137,0.047
4501,1313.00,978.21,336,1.280,1869.8,0.473,0.081,0.088,0.230,0.034,0.007,0.054,0.034
4502,1166.00,982.22,708,0.318,1869.9,0.914,0.000,0.000,0.069,0.017,0.000,0.000,0.000
4503,735.00,982.66,694,1.832,1870.6,0.254,0.118,0.090,0.142,0.100,0.050,0.164,0.083
4504,294.00,978.35,258,1.532,1870.9,0.466,0.098,0.108,0.049,0.078,0.029,0.123,0.049
4505,380.00,969.68,368,1.999,1871.9,0.187,0.109,0.127,0.104,0.144,0.074,0.149,0.104
4506,732.00,970.57,663,1.019,1872.1,0.614,0.091,0.068,0.034,0.091,0.034,0.023,0.045
4507,0.00,962.13,0,0.019,1872.1,1.000,0.000,0.000,0.000,0.000,0.000,0.000,0.000
4508,414.00,949.63,180,0.605,1872.3,0.773,0.061,0.030,0.045,0.015,0.000,0.030,0.045
4509,222.00,937.23,155,1.114,1872.4,0.689,0.056,0.100,0.011,0.011,0.033,0.067,0.033
4510,232.00,931.85,82,0.374,1872.5,0.909,0.018,0.000,0.036,0.000,0.000,0.000,0.036
4511,1351.00,927.34,1321,2.030,1874.2,0.161,0.138,0.129,0.107,0.114,0.087,0.107,0.157
4512,1336.00,926.54,1268,1.826,1874.5,0.266,0.221,0.078,0.110,0.071,0.032,0.097,0.123
4513,0.00,915.15,0,0.043,1874.6,1.000,0.000,0.000,0.000,0.000,0.000,0.000,0.000
4514,0.00,908.13,0,0.035,1874.6,1.000,0.000,0.000,0.000,0.000,0.000,0.000,0.000
4515,1147.00,910.87,870,1.424,1874.8,0.435,0.163,0.098,0.065,0.076,0.022,0.065,0.076
4516,671.00,901.89,625,1.899,1875.3,0.201,0.195,0.176,0.093,0.073,0.042,0.093,0.128
4517,294.00,897.59,0,0.264,1875.3,0.978,0.000,0.000,0.000,0.022,0.000,0.000,0.000
4518,603.00,887.93,603,0.130,1875.4,0.974,0.000,0.000,0.000,0.026,0.000,0.000,0.000
4519,545.00,880.90,525,1.759,1875.7,0.270,0.117,0.153,0.102,0.092,0.020,0.143,0.102
4520,595.00,882.82,537,1.887,1876.1,0.179,0.179,0.144,0.103,0.076,0.095,0.068,0.156
4521,448.00,877.16,413,1.990,1876.8,0.116,0.200,0.145,0.110,0.101,0.075,0.121,0.134
4522,681.00,877.20,618,1.881,1877.2,0.195,0.225,0.123,0.106,0.102,0.021,0.127,0.102
4523,858.00,874.16,778,2.041,1878.8,0.113,0.135,0.117,0.106,0.107,0.114,0.119,0.189
4524,1659.00,883.47,1625,1.706,1879.0,0.203,0.211,0.045,0.053,0.165,0.038,0.203,0.083
4525,293.00,873.18,267,1.774,1879.3,0.077,0.166,0.110,0.066,0.077,0.044,0.271,0.188
4526,440.00,863.95,323,1.861,1879.6,0.048,0.174,0.130,0.072,0.092,0.058,0.232,0.193
4527,631.00,859.28,588,1.924,1880.1,0.088,0.230,0.102,0.092,0.117,0.021,0.173,0.177
4528,575.00,853.11,575,2.008,1881.5,0.085,0.133,0.149,0.123,0.131,0.065,0.130,0.184
4529,677.00,851.39,600,1.900,1882.3,0.089,0.117,0.243,0.089,0.120,0.033,0.106,0.202
4530,281.00,838.59,277,1.903,1882.7,0.156,0.140,0.192,0.036,0.092,0.008,0.124,0.252
4531,1265.00,844.65,698,1.476,1882.8,0.417,0.136,0.087,0.029,0.087,0.029,0.087,0.126
4532,1232.00,852.95,1105,1.820,1883.2,0.159,0.154,0.173,0.038,0.159,0.053,0.120,0.144
4533,720.00,847.09,698,1.670,1883.4,0.249,0.119,0.119,0.059,0.146,0.038,0.108,0.162
4534,1056.00,850.93,912,1.688,1883.8,0.243,0.121,0.168,0.051,0.164,0.037,0.089,0.126
4535,545.00,847.78,516,1.960,1884.5,0.173,0.117,0.183,0.060,0.160,0.063,0.098,0.146
4536,1611.00,858.65,856,1.265,1884.8,0.436,0.031,0.074,0.031,0.294,0.006,0.080,0.049
4537,2538.00,878.19,1953,1.371,1885.1,0.388,0.067,0.103,0.036,0.230,0.036,0.061,0.079
4538,828.00,880.80,527,1.544,1885.4,0.370,0.116,0.095,0.058,0.159,0.021,0.058,0.122
4539,1248.00,886.59,947,1.688,1885.9,0.353,0.088,0.127,0.061,0.163,0.022,0.088,0.099
4540,1590.00,890.63,156,0.866,1886.1,0.472,0.008,0.040,0.000,0.464,0.000,0.016,0.000
4541,2174.00,907.25,266,1.213,1886.3,0.535,0.013,0.057,0.006,0.333,0.000,0.038,0.019
4542,667.00,903.82,528,1.749,1886.7,0.316,0.086,0.117,0.056,0.165,0.008,0.139,0.113
4543,1166.00,910.54,1123,1.822,1887.3,0.204,0.092,0.089,0.073,0.254,0.042,0.115,0.131
4544,2152.00,926.14,1898,1.562,1887.6,0.250,0.098,0.131,0.049,0.303,0.070,0.053,0.045
4545,1740.00,936.39,510,1.279,1887.9,0.339,0.017,0.075,0.029,0.466,0.011,0.046,0.017
4546,1219.00,943.29,1038,1.465,1888.3,0.321,0.093,0.131,0.041,0.279,0.010,0.083,0.041
4547,1233.00,948.21,912,1.668,1888.8,0.330,0.111,0.108,0.027,0.229,0.017,0.077,0.101
4548,725.00,949.46,484,1.754,1889.3,0.293,0.077,0.151,0.038,0.287,0.012,0.077,0.065
4549,816.00,946.72,756,1.905,1890.0,0.170,0.123,0.141,0.075,0.195,0.052,0.116,0.127
4550,809.00,947.63,709,1.882,1890.5,0.162,0.112,0.134,0.095,0.235,0.042,0.118,0.101
4551,1240.00,941.61,1138,1.793,1890.9,0.177,0.119,0.123,0.051,0.224,0.040,0.144,0.123
4552,929.00,946.17,342,1.618,1891.1,0.314,0.074,0.157,0.116,0.248,0.000,0.041,0.050
4553,1101.00,944.65,837,1.585,1891.3,0.341,0.011,0.187,0.077,0.253,0.000,0.132,0.000
4554,580.00,930.04,564,1.930,1891.7,0.200,0.108,0.146,0.115,0.169,0.035,0.138,0.088
4555,689.00,923.79,553,1.996,1892.4,0.139,0.168,0.129,0.079,0.141,0.102,0.120,0.122
4556,533.00,915.65,510,1.951,1892.8,0.118,0.099,0.172,0.103,0.187,0.042,0.168,0.111
4557,735.00,910.77,621,1.846,1893.1,0.268,0.126,0.191,0.087,0.148,0.005,0.071,0.104
4558,665.00,904.00,536,2.017,1893.9,0.175,0.139,0.102,0.115,0.151,0.095,0.092,0.130
4559,765.00,903.72,759,1.996,1894.6,0.178,0.118,0.123,0.129,0.155,0.056,0.118,0.123
4560,1304.00,906.31,741,1.833,1894.9,0.268,0.085,0.165,0.116,0.195,0.018,0.085,0.067
4561,729.00,906.29,580,1.993,1895.5,0.190,0.125,0.148,0.132,0.142,0.049,0.107,0.107
4562,567.00,891.82,463,1.911,1896.1,0.234,0.087,0.171,0.147,0.136,0.035,0.107,0.084
4563,752.00,882.03,616,1.926,1896.6,0.228,0.108,0.225,0.145,0.092,0.034,0.065,0.105
4564,1267.00,890.04,882,1.773,1896.9,0.224,0.073,0.200,0.215,0.146,0.029,0.059,0.054
4565,1221.00,897.33,428,1.698,1897.2,0.299,0.038,0.229,0.197,0.121,0.019,0.019,0.076
4566,1526.00,906.78,1311,1.827,1897.6,0.227,0.139,0.135,0.171,0.163,0.032,0.068,0.064
4567,1315.00,904.43,906,1.812,1898.0,0.260,0.135,0.176,0.142,0.118,0.047,0.027,0.095
4568,811.00,905.62,407,1.865,1898.5,0.238,0.106,0.172,0.169,0.146,0.017,0.076,0.076
4569,955.00,904.17,843,2.016,1899.8,0.183,0.155,0.111,0.139,0.131,0.095,0.071,0.115
4570,1166.00,909.65,900,1.808,1900.1,0.253,0.127,0.084,0.089,0.207,0.034,0.114,0.093
4571,1894.00,924.14,1428,1.419,1900.4,0.217,0.094,0.058,0.101,0.391,0.007,0.087,0.043
4572,909.00,923.85,749,1.596,1900.7,0.329,0.120,0.040,0.044,0.262,0.018,0.138,0.049
4573,591.00,917.74,534,1.783,1901.1,0.325,0.200,0.043,0.059,0.180,0.027,0.122,0.043
4574,1449.00,918.79,943,1.654,1901.4,0.267,0.152,0.073,0.073,0.246,0.010,0.120,0.058
4575,743.00,919.38,711,1.842,1901.9,0.218,0.199,0.061,0.055,0.199,0.041,0.135,0.091
4576,835.00,923.62,635,1.801,1902.3,0.268,0.167,0.030,0.101,0.192,0.030,0.116,0.096
4577,392.00,916.42,260,1.848,1902.5,0.239,0.233,0.040,0.074,0.136,0.017,0.159,0.102
4578,1095.00,916.38,1002,2.005,1903.5,0.167,0.159,0.099,0.097,0.112,0.165,0.092,0.110
4579,1405.00,924.07,1240,1.866,1903.9,0.208,0.156,0.078,0.108,0.147,0.039,0.134,0.130
4580,494.00,917.36,456,2.017,1904.9,0.142,0.177,0.110,0.083,0.120,0.130,0.090,0.148
4581,541.00,912.95,470,1.997,1905.5,0.127,0.154,0.105,0.116,0.165,0.087,0.134,0.112
4582,511.00,906.88,359,1.770,1905.7,0.127,0.103,0.079,0.079,0.302,0.008,0.206,0.095
4583,1231.00,910.44,1108,1.597,1905.9,0.079,0.047,0.063,0.205,0.378,0.000,0.189,0.039
4584,962.00,913.65,915,1.807,1906.2,0.100,0.135,0.088,0.165,0.188,0.029,0.212,0.082
4585,510.00,906.61,342,1.966,1906.6,0.132,0.118,0.122,0.104,0.163,0.076,0.184,0.101
4586,697.00,909.39,685,2.014,1907.4,0.147,0.119,0.076,0.124,0.120,0.136,0.145,0.132
4587,1227.00,914.45,1038,2.034,1908.9,0.168,0.092,0.144,0.104,0.136,0.136,0.101,0.120
4588,1327.00,918.35,1237,1.956,1909.3,0.147,0.051,0.096,0.171,0.167,0.102,0.160,0.106
4589,1139.00,921.33,886,1.883,1909.8,0.095,0.083,0.120,0.142,0.222,0.052,0.200,0.086
4590,638.00,922.77,632,1.827,1910.1,0.067,0.101,0.101,0.173,0.257,0.000,0.212,0.089
4591,1072.00,920.77,943,1.782,1910.2,0.058,0.096,0.154,0.163,0.212,0.000,0.231,0.087
4592,1564.00,930.52,1058,1.733,1910.4,0.042,0.062,0.219,0.177,0.250,0.000,0.188,0.062
4593,465.00,927.75,432,1.946,1910.7,0.064,0.137,0.146,0.119,0.114,0.037,0.269,0.114
4594,889.00,929.23,877,1.644,1910.9,0.063,0.089,0.165,0.101,0.367,0.000,0.165,0.051
4595,318.00,918.97,276,1.984,1911.2,0.089,0.083,0.089,0.161,0.117,0.061,0.267,0.133
4596,944.00,914.59,764,1.541,1911.3,0.012,0.049,0.183,0.220,0.378,0.012,0.122,0.024
4597,1782.00,920.68,1497,1.791,1911.5,0.059,0.103,0.110,0.176,0.265,0.015,0.162,0.110
4598,573.00,917.38,514,2.035,1912.0,0.146,0.111,0.089,0.142,0.101,0.120,0.136,0.155
4599,2033.00,920.96,1539,1.738,1912.3,0.067,0.067,0.189,0.178,0.222,0.017,0.139,0.122
4600,636.00,916.23,522,1.876,1912.6,0.087,0.100,0.133,0.178,0.183,0.041,0.112,0.166
4601,601.00,909.11,558,1.975,1913.0,0.071,0.087,0.150,0.208,0.092,0.033,0.150,0.208
4602,1870.00,916.15,1686,1.763,1913.2,0.100,0.069,0.156,0.294,0.163,0.025,0.106,0.087
4603,885.00,917.65,825,1.985,1913.7,0.170,0.092,0.127,0.173,0.078,0.057,0.148,0.155
4604,971.00,924.42,653,1.454,1913.9,0.027,0.000,0.304,0.188,0.357,0.000,0.116,0.009
4605,261.00,923.23,219,2.023,1914.1,0.099,0.147,0.099,0.162,0.084,0.089,0.204,0.115
4606,486.00,920.77,437,2.034,1914.5,0.172,0.139,0.105,0.144,0.100,0.081,0.158,0.100
4607,527.00,926.04,496,1.992,1914.7,0.116,0.149,0.138,0.160,0.116,0.055,0.155,0.110
4608,988.00,931.78,846,1.844,1914.9,0.086,0.124,0.143,0.200,0.276,0.010,0.124,0.038
4609,1275.00,942.31,1141,1.871,1915.1,0.154,0.077,0.189,0.112,0.224,0.028,0.161,0.056
4610,795.00,947.94,711,2.015,1915.6,0.155,0.137,0.131,0.124,0.113,0.093,0.120,0.127
4611,602.00,940.45,483,1.995,1915.9,0.158,0.207,0.133,0.123,0.113,0.039,0.128,0.099
4612,1169.00,938.78,800,1.887,1916.2,0.181,0.104,0.198,0.225,0.104,0.011,0.088,0.088
4613,1189.00,950.67,1036,2.008,1916.7,0.187,0.142,0.155,0.120,0.089,0.098,0.098,0.111
4614,1231.00,962.98,723,1.858,1917.0,0.160,0.123,0.184,0.203,0.146,0.005,0.075,0.104
4615,902.00,960.53,874,2.000,1917.5,0.187,0.171,0.078,0.125,0.090,0.093,0.115,0.140
4616,828.00,962.10,618,1.999,1918.1,0.181,0.165,0.133,0.126,0.065,0.107,0.095,0.128
4617,348.00,962.64,303,1.910,1918.4,0.200,0.211,0.063,0.080,0.114,0.034,0.223,0.074
4618,629.00,962.90,508,2.028,1919.0,0.153,0.163,0.126,0.114,0.099,0.119,0.126,0.099
4619,233.00,959.78,226,2.035,1919.4,0.123,0.199,0.080,0.165,0.096,0.096,0.119,0.123
4620,563.00,959.46,465,1.989,1919.7,0.104,0.171,0.091,0.165,0.104,0.061,0.159,0.146
4621,774.00,962.72,503,1.917,1919.9,0.110,0.116,0.096,0.308,0.116,0.041,0.110,0.103
4622,661.00,962.52,509,2.000,1920.1,0.159,0.140,0.093,0.243,0.131,0.047,0.075,0.112
4623,716.00,961.10,644,1.821,1920.2,0.083,0.083,0.139,0.306,0.111,0.056,0.111,0.111
4624,437.00,948.88,388,2.060,1921.0,0.136,0.112,0.099,0.142,0.103,0.148,0.124,0.136
4625,687.00,952.82,557,2.060,1921.5,0.135,0.142,0.105,0.089,0.142,0.120,0.145,0.123
4626,703.00,955.45,684,2.059,1922.0,0.131,0.115,0.134,0.115,0.093,0.121,0.162,0.128
4627,758.00,956.72,662,2.044,1922.4,0.151,0.086,0.179,0.129,0.143,0.133,0.090,0.090
4628,389.00,954.86,366,2.052,1922.9,0.146,0.098,0.133,0.114,0.122,0.138,0.112,0.136
4629,1564.00,963.73,1426,1.799,1923.2,0.122,0.122,0.301,0.115,0.135,0.064,0.077,0.064
4630,854.00,969.46,719,2.025,1923.7,0.128,0.115,0.175,0.126,0.077,0.120,0.117,0.142
4631,967.00,966.48,939,1.933,1924.1,0.155,0.101,0.280,0.068,0.150,0.063,0.101,0.082
4632,411.00,958.27,392,2.043,1924.6,0.149,0.101,0.127,0.081,0.099,0.119,0.139,0.185
4633,1511.00,966.18,1413,1.790,1924.8,0.181,0.057,0.257,0.095,0.181,0.057,0.114,0.057
4634,975.00,965.37,590,1.874,1925.0,0.220,0.060,0.180,0.147,0.207,0.013,0.093,0.080
4635,418.00,964.10,359,2.056,1925.6,0.130,0.124,0.130,0.083,0.148,0.121,0.142,0.121
4636,1355.00,961.54,1134,1.724,1925.7,0.169,0.056,0.247,0.101,0.236,0.034,0.090,0.067
4637,609.00,942.25,539,1.983,1926.1,0.105,0.071,0.193,0.129,0.122,0.081,0.173,0.125
4638,576.00,939.73,536,1.957,1926.4,0.159,0.055,0.172,0.097,0.152,0.076,0.193,0.097
4639,578.00,933.03,387,1.705,1926.5,0.154,0.026,0.244,0.077,0.333,0.038,0.090,0.038
4640,756.00,924.69,475,1.937,1926.8,0.178,0.071,0.189,0.077,0.249,0.089,0.112,0.036
4641,1193.00,914.88,1095,1.962,1927.1,0.177,0.091,0.122,0.091,0.171,0.085,0.171,0.091
4642,1171.00,919.92,1153,1.850,1927.2,0.121,0.056,0.129,0.218,0.210,0.065,0.169,0.032
4643,342.00,911.68,264,2.027,1927.7,0.118,0.091,0.111,0.145,0.192,0.091,0.158,0.094
4644,581.00,895.97,407,1.889,1927.8,0.196,0.041,0.144,0.175,0.082,0.082,0.196,0.082
4645,537.00,883.94,508,2.055,1928.4,0.153,0.075,0.141,0.123,0.105,0.129,0.162,0.111
4646,560.00,877.35,508,2.036,1928.6,0.093,0.137,0.112,0.099,0.186,0.130,0.137,0.106
4647,772.00,872.74,722,1.994,1928.9,0.146,0.070,0.115,0.134,0.108,0.166,0.115,0.146
4648,489.00,870.38,373,2.039,1929.1,0.173,0.077,0.154,0.147,0.154,0.103,0.135,0.058
4649,1067.00,872.89,821,2.058,1929.5,0.141,0.082,0.119,0.119,0.145,0.152,0.108,0.134
4650,1193.00,876.73,947,2.049,1930.0,0.117,0.071,0.123,0.143,0.140,0.146,0.126,0.134
4651,1182.00,876.15,1107,1.726,1930.2,0.151,0.081,0.058,0.093,0.047,0.302,0.151,0.116
4652,476.00,871.62,431,1.967,1930.4,0.129,0.108,0.086,0.043,0.122,0.245,0.187,0.079
4653,576.00,866.37,508,2.051,1930.9,0.154,0.146,0.094,0.111,0.063,0.146,0.149,0.137
4654,1139.00,871.96,1007,2.038,1932.7,0.134,0.082,0.132,0.125,0.134,0.157,0.113,0.123
4655,648.00,871.55,470,1.950,1933.2,0.199,0.062,0.175,0.127,0.052,0.100,0.096,0.189
4656,991.00,876.13,878,1.956,1933.8,0.172,0.078,0.159,0.168,0.047,0.083,0.085,0.208
4657,814.00,876.92,744,1.910,1934.2,0.237,0.076,0.166,0.171,0.038,0.066,0.085,0.161
4658,385.00,874.12,259,1.953,1934.5,0.182,0.051,0.206,0.178,0.063,0.083,0.063,0.174
4659,1068.00,877.15,869,2.017,1935.1,0.173,0.095,0.161,0.164,0.069,0.107,0.086,0.144
4660,1214.00,876.25,881,1.827,1935.3,0.213,0.077,0.200,0.123,0.058,0.168,0.032,0.129
4661,1153.00,880.49,1014,1.976,1935.7,0.149,0.053,0.156,0.130,0.095,0.118,0.103,0.195
4662,673.00,881.55,612,2.033,1936.6,0.146,0.113,0.108,0.122,0.114,0.119,0.138,0.138
4663,996.00,883.99,825,1.973,1937.0,0.104,0.071,0.157,0.175,0.089,0.164,0.100,0.139
4664,387.00,875.19,327,2.032,1937.8,0.125,0.082,0.149,0.137,0.117,0.155,0.072,0.163
4665,997.00,872.95,794,2.003,1938.3,0.166,0.066,0.188,0.113,0.113,0.113,0.091,0.153
4666,1076.00,868.45,764,1.707,1938.5,0.219,0.057,0.095,0.190,0.038,0.286,0.048,0.067
4667,906.00,864.36,736,2.047,1940.4,0.107,0.095,0.111,0.117,0.154,0.152,0.103,0.160
4668,843.00,864.68,708,1.892,1940.6,0.084,0.053,0.153,0.084,0.115,0.130,0.107,0.275
4669,1488.00,870.01,1219,1.747,1940.8,0.158,0.059,0.129,0.188,0.079,0.188,0.069,0.129
4670,1244.00,870.79,542,1.538,1941.0,0.204,0.020,0.102,0.143,0.020,0.316,0.041,0.153
4671,1088.00,862.73,696,1.834,1941.3,0.225,0.032,0.135,0.171,0.050,0.126,0.054,0.207
4672,393.00,857.57,281,1.898,1941.8,0.165,0.033,0.126,0.195,0.038,0.129,0.049,0.264
4673,928.00,860.94,784,1.941,1942.5,0.163,0.066,0.139,0.178,0.068,0.151,0.049,0.187
4674,662.00,853.07,237,1.782,1942.8,0.109,0.016,0.092,0.201,0.065,0.147,0.033,0.337
4675,1301.00,858.65,1046,2.028,1944.3,0.138,0.075,0.117,0.172,0.119,0.155,0.075,0.149
4676,2053.00,870.83,1466,1.877,1944.6,0.146,0.057,0.108,0.153,0.083,0.134,0.096,0.223
4677,691.00,873.82,444,1.815,1944.9,0.141,0.050,0.151,0.196,0.030,0.045,0.121,0.266
4678,544.00,868.31,514,2.011,1945.6,0.117,0.106,0.123,0.198,0.060,0.096,0.121,0.179
4679,875.00,863.01,798,1.927,1946.1,0.138,0.079,0.105,0.188,0.056,0.125,0.138,0.171
4680,1855.00,876.62,1529,1.783,1946.3,0.193,0.027,0.073,0.180,0.047,0.107,0.133,0.240
4681,943.00,880.64,584,1.849,1946.7,0.238,0.065,0.111,0.188,0.023,0.069,0.126,0.180
4682,481.00,880.34,415,1.760,1947.1,0.266,0.024,0.082,0.193,0.014,0.048,0.150,0.222
4683,745.00,875.48,706,1.792,1947.3,0.233,0.028,0.083,0.167,0.017,0.061,0.150,0.261
4684,661.00,872.47,482,1.983,1947.9,0.184,0.089,0.097,0.146,0.070,0.081,0.138,0.195
4685,477.00,872.14,438,1.964,1948.2,0.239,0.071,0.088,0.173,0.058,0.097,0.137,0.137
4686,1038.00,875.55,995,1.988,1948.8,0.178,0.125,0.133,0.167,0.062,0.082,0.096,0.156
4687,1878.00,882.06,1139,1.682,1948.9,0.354,0.035,0.027,0.088,0.053,0.248,0.053,0.142
4688,1743.00,886.22,1514,1.756,1949.2,0.272,0.059,0.101,0.130,0.018,0.148,0.083,0.189
4689,1591.00,890.74,909,1.678,1949.4,0.236,0.008,0.073,0.187,0.000,0.268,0.041,0.187
4690,487.00,889.23,483,2.023,1950.5,0.165,0.094,0.123,0.170,0.068,0.100,0.112,0.168
4691,1166.00,890.17,979,1.952,1951.0,0.163,0.123,0.066,0.178,0.089,0.135,0.083,0.163
4692,665.00,881.18,306,1.554,1951.1,0.176,0.000,0.010,0.196,0.010,0.245,0.039,0.324
4693,842.00,884.95,794,1.995,1951.9,0.166,0.141,0.109,0.158,0.059,0.122,0.101,0.143
4694,1389.00,889.95,1182,1.931,1952.3,0.170,0.110,0.103,0.209,0.060,0.103,0.089,0.156
4695,1706.00,903.83,1257,1.789,1952.5,0.229,0.046,0.046,0.119,0.055,0.092,0.101,0.312
4696,1002.00,904.41,931,2.010,1953.1,0.164,0.123,0.092,0.154,0.073,0.116,0.114,0.164
4697,184.00,888.43,170,1.906,1953.3,0.200,0.081,0.075,0.125,0.094,0.087,0.163,0.175
4698,688.00,889.58,439,1.694,1953.5,0.402,0.000,0.031,0.155,0.052,0.021,0.165,0.175
4699,471.00,873.96,421,2.015,1953.9,0.209,0.104,0.112,0.126,0.104,0.097,0.140,0.108
4700,351.00,871.11,330,2.039,1954.6,0.159,0.148,0.087,0.123,0.108,0.114,0.150,0.110
4701,1179.00,876.89,947,1.811,1954.8,0.273,0.045,0.055,0.136,0.136,0.082,0.164,0.109
4702,1327.00,871.46,1317,1.767,1955.0,0.394,0.029,0.019,0.173,0.038,0.106,0.115,0.125
4703,611.00,868.72,585,2.002,1955.5,0.171,0.105,0.083,0.169,0.108,0.122,0.141,0.102
4704,1117.00,870.18,999,2.028,1956.5,0.187,0.137,0.075,0.140,0.122,0.112,0.109,0.117
4705,650.00,874.07,558,2.006,1957.0,0.170,0.134,0.069,0.110,0.128,0.149,0.125,0.113
4706,531.00,874.52,387,2.046,1957.7,0.192,0.116,0.092,0.125,0.134,0.134,0.107,0.098
4707,787.00,877.12,706,2.018,1958.3,0.109,0.151,0.088,0.166,0.138,0.099,0.114,0.135
4708,898.00,876.22,633,1.782,1958.5,0.069,0.074,0.166,0.326,0.086,0.074,0.069,0.137
4709,705.00,870.52,653,2.060,1959.6,0.106,0.136,0.128,0.112,0.179,0.112,0.120,0.106
4710,455.00,867.12,227,1.993,1960.1,0.068,0.129,0.079,0.201,0.090,0.072,0.201,0.158
4711,1045.00,871.55,835,1.944,1960.4,0.057,0.110,0.096,0.124,0.144,0.062,0.191,0.215
4712,1106.00,870.92,641,1.874,1960.7,0.106,0.106,0.072,0.168,0.096,0.058,0.144,0.250
4713,1243.00,871.46,1133,1.925,1961.1,0.057,0.090,0.108,0.151,0.143,0.057,0.154,0.240
4714,894.00,868.09,855,1.955,1961.6,0.068,0.079,0.100,0.168,0.104,0.082,0.150,0.250
4715,535.00,864.42,535,2.049,1962.2,0.110,0.083,0.129,0.131,0.112,0.088,0.160,0.188
4716,1302.00,869.16,1263,1.991,1962.5,0.098,0.047,0.130,0.163,0.126,0.126,0.177,0.135
4717,1583.00,881.51,1229,1.811,1962.7,0.074,0.012,0.210,0.235,0.074,0.062,0.210,0.123
4718,745.00,882.67,729,1.993,1963.0,0.100,0.048,0.199,0.139,0.117,0.126,0.121,0.152
4719,790.00,888.24,712,2.046,1963.5,0.080,0.080,0.166,0.172,0.138,0.080,0.140,0.143
4720,505.00,887.66,474,2.045,1963.9,0.131,0.051,0.152,0.146,0.141,0.101,0.152,0.126
4721,666.00,886.58,521,2.018,1964.2,0.191,0.064,0.142,0.049,0.186,0.137,0.147,0.083
4722,719.00,887.16,455,1.915,1964.3,0.112,0.056,0.258,0.034,0.101,0.090,0.157,0.191
4723,996.00,889.96,993,2.024,1964.6,0.150,0.105,0.158,0.053,0.120,0.053,0.128,0.233
4724,439.00,889.98,426,2.050,1965.0,0.137,0.133,0.141,0.081,0.119,0.078,0.156,0.156
4725,823.00,891.34,757,2.045,1965.7,0.131,0.159,0.140,0.093,0.161,0.101,0.106,0.110
4726,754.00,891.85,683,2.049,1966.3,0.124,0.121,0.148,0.088,0.146,0.113,0.162,0.099
4727,482.00,889.09,445,2.030,1966.6,0.160,0.191,0.098,0.044,0.080,0.120,0.173,0.133
4728,837.00,893.57,653,2.040,1966.9,0.163,0.152,0.130,0.082,0.152,0.098,0.103,0.120
4729,483.00,882.76,437,2.049,1967.6,0.107,0.144,0.172,0.077,0.144,0.126,0.123,0.107
4730,1042.00,884.64,862,1.976,1967.8,0.090,0.192,0.103,0.064,0.115,0.154,0.128,0.154
4731,484.00,879.81,364,1.987,1968.1,0.168,0.189,0.162,0.059,0.103,0.065,0.146,0.108
4732,570.00,881.40,330,1.864,1968.2,0.205,0.193,0.096,0.084,0.193,0.000,0.096,0.133
4733,1167.00,877.96,833,1.981,1968.4,0.144,0.153,0.180,0.108,0.135,0.045,0.108,0.126
4734,865.00,876.86,837,1.978,1968.7,0.153,0.092,0.135,0.061,0.100,0.061,0.218,0.179
4735,852.00,881.20,790,1.875,1968.9,0.282,0.188,0.120,0.060,0.137,0.009,0.137,0.068
4736,908.00,876.73,816,2.033,1970.3,0.129,0.116,0.165,0.087,0.110,0.079,0.140,0.174
4737,599.00,876.63,575,2.036,1971.0,0.157,0.100,0.142,0.089,0.115,0.104,0.122,0.171
4738,1619.00,887.06,1494,1.896,1971.4,0.192,0.077,0.132,0.077,0.192,0.101,0.118,0.111
4739,952.00,890.80,903,1.976,1972.1,0.217,0.095,0.131,0.062,0.133,0.099,0.082,0.181
4740,1193.00,895.17,1131,1.936,1972.6,0.235,0.091,0.110,0.067,0.140,0.116,0.098,0.143
4741,1852.00,901.76,1323,1.880,1972.9,0.323,0.079,0.110,0.049,0.159,0.085,0.061,0.134
4742,1276.00,902.81,1116,1.926,1973.2,0.253,0.062,0.120,0.041,0.095,0.170,0.116,0.141
4743,1042.00,909.81,1015,2.040,1974.7,0.180,0.085,0.125,0.108,0.105,0.116,0.113,0.168
4744,1117.00,915.17,526,1.776,1974.9,0.170,0.052,0.067,0.230,0.141,0.237,0.030,0.074
4745,727.00,917.07,590,1.821,1975.1,0.149,0.013,0.104,0.312,0.123,0.143,0.065,0.091
4746,1666.00,928.13,1300,1.965,1975.5,0.139,0.075,0.149,0.234,0.164,0.080,0.045,0.114
4747,732.00,927.73,672,1.942,1975.8,0.208,0.062,0.146,0.183,0.121,0.062,0.104,0.113
4748,668.00,929.52,353,1.881,1976.1,0.213,0.024,0.091,0.274,0.146,0.079,0.091,0.079
4749,1349.00,932.34,1265,1.891,1976.3,0.200,0.038,0.108,0.215,0.146,0.069,0.100,0.123
4750,1438.00,934.79,1272,1.934,1976.5,0.238,0.082,0.075,0.150,0.143,0.129,0.088,0.095
4751,1321.00,936.18,801,1.845,1976.8,0.180,0.033,0.120,0.233,0.160,0.093,0.073,0.107
4752,916.00,940.58,628,1.824,1977.0,0.271,0.045,0.084,0.239,0.135,0.071,0.058,0.097
4753,821.00,943.03,638,1.944,1977.4,0.234,0.056,0.075,0.218,0.159,0.075,0.079,0.103
4754,604.00,937.68,578,2.035,1978.3,0.155,0.063,0.153,0.139,0.170,0.081,0.100,0.139
4755,922.00,940.42,841,2.030,1979.4,0.155,0.065,0.160,0.134,0.126,0.121,0.101,0.138
4756,1338.00,943.89,1195,1.973,1979.9,0.195,0.071,0.153,0.124,0.168,0.130,0.050,0.109
4757,1390.00,949.65,961,1.780,1980.3,0.238,0.055,0.098,0.081,0.170,0.221,0.034,0.102
4758,473.00,950.53,333,1.886,1980.9,0.282,0.024,0.088,0.134,0.126,0.189,0.038,0.119
4759,730.00,947.15,563,1.878,1981.5,0.230,0.017,0.112,0.101,0.199,0.211,0.028,0.101
4760,1216.00,947.17,1096,1.874,1982.0,0.161,0.033,0.101,0.137,0.208,0.188,0.057,0.116
4761,829.00,943.93,684,1.954,1982.9,0.221,0.045,0.111,0.152,0.194,0.137,0.031,0.108
4762,395.00,941.15,81,1.965,1983.4,0.148,0.067,0.102,0.181,0.202,0.154,0.024,0.121
4763,1072.00,941.91,957,1.933,1983.9,0.183,0.050,0.112,0.133,0.183,0.171,0.047,0.121
4764,1010.00,948.14,577,1.746,1984.1,0.272,0.043,0.043,0.065,0.152,0.326,0.011,0.087
4765,934.00,947.51,761,1.933,1984.4,0.193,0.071,0.080,0.193,0.151,0.123,0.047,0.142
4766,442.00,941.17,208,1.981,1984.8,0.197,0.080,0.100,0.183,0.117,0.140,0.027,0.157
4767,1463.00,946.74,1250,1.920,1985.1,0.206,0.069,0.132,0.180,0.095,0.116,0.048,0.153
4768,703.00,945.34,556,2.012,1985.9,0.192,0.083,0.100,0.185,0.127,0.125,0.059,0.129
4769,524.00,935.70,477,2.026,1987.1,0.166,0.072,0.114,0.161,0.145,0.137,0.056,0.148
4770,2080.00,944.06,1380,1.974,1987.7,0.232,0.076,0.132,0.139,0.111,0.121,0.059,0.130
4771,955.00,942.73,906,1.942,1988.3,0.220,0.049,0.100,0.095,0.100,0.161,0.078,0.198
4772,729.00,946.09,569,1.968,1988.7,0.232,0.062,0.105,0.072,0.075,0.196,0.098,0.160
4773,887.00,945.68,742,1.980,1989.1,0.216,0.060,0.128,0.073,0.087,0.179,0.083,0.174
4774,611.00,945.17,461,1.963,1989.4,0.201,0.051,0.167,0.103,0.094,0.154,0.094,0.137
4775,761.00,939.77,743,2.040,1990.1,0.151,0.085,0.136,0.120,0.092,0.138,0.112,0.166
4776,1247.00,931.71,1125,1.933,1990.3,0.243,0.078,0.183,0.113,0.078,0.183,0.000,0.122
4777,862.00,933.42,730,2.003,1990.7,0.206,0.091,0.126,0.123,0.059,0.119,0.099,0.178
4778,1340.00,941.38,928,1.624,1990.8,0.110,0.066,0.088,0.044,0.022,0.440,0.044,0.187
4779,886.00,941.49,683,1.896,1991.0,0.143,0.071,0.102,0.061,0.041,0.224,0.143,0.214
4780,543.00,928.37,458,2.050,1991.6,0.128,0.088,0.128,0.137,0.110,0.124,0.133,0.153
4781,1312.00,932.06,603,1.932,1992.0,0.141,0.095,0.136,0.095,0.086,0.105,0.109,0.232
4782,1531.00,942.56,1495,1.988,1992.4,0.192,0.091,0.156,0.112,0.080,0.072,0.101,0.196
4783,1248.00,947.59,1123,1.819,1992.6,0.179,0.097,0.228,0.069,0.055,0.090,0.048,0.234
4784,461.00,945.59,444,1.975,1993.0,0.193,0.142,0.094,0.086,0.086,0.099,0.099,0.202
4785,537.00,946.19,352,1.962,1993.2,0.224,0.147,0.098,0.084,0.091,0.077,0.084,0.196
4786,717.00,942.98,602,2.025,1993.5,0.210,0.157,0.100,0.100,0.124,0.048,0.110,0.152
4787,1258.00,936.78,1167,1.891,1993.7,0.216,0.118,0.216,0.049,0.078,0.088,0.118,0.118
4788,1288.00,932.23,511,1.992,1994.0,0.219,0.095,0.139,0.055,0.095,0.085,0.100,0.214
4789,509.00,921.41,376,2.028,1994.5,0.187,0.125,0.121,0.118,0.134,0.112,0.103,0.100
4790,1067.00,927.21,543,1.937,1994.7,0.218,0.113,0.195,0.053,0.045,0.098,0.173,0.105
4791,1097.00,926.52,830,1.911,1994.9,0.296,0.122,0.061,0.078,0.148,0.087,0.113,0.096
4792,933.00,929.20,859,1.903,1995.2,0.284,0.082,0.087,0.071,0.115,0.131,0.120,0.109
4793,588.00,926.66,447,1.961,1995.4,0.252,0.115,0.086,0.101,0.108,0.101,0.094,0.144
4794,913.00,921.90,814,1.810,1995.6,0.392,0.120,0.112,0.072,0.072,0.104,0.048,0.080
4795,798.00,912.82,729,2.035,1997.1,0.201,0.107,0.128,0.141,0.127,0.087,0.094,0.115
4796,659.00,909.39,532,1.973,1997.6,0.161,0.100,0.239,0.072,0.186,0.058,0.100,0.083
4797,2597.00,933.52,1883,1.670,1997.8,0.379,0.197,0.174,0.068,0.068,0.045,0.030,0.038
4798,721.00,933.85,619,1.943,1998.4,0.202,0.169,0.136,0.060,0.145,0.060,0.139,0.088
4799,1121.00,940.35,1050,1.952,1998.9,0.243,0.161,0.130,0.096,0.113,0.079,0.113,0.065
4800,1256.00,949.40,1026,1.847,1999.3,0.266,0.139,0.169,0.055,0.127,0.051,0.148,0.046
4801,736.00,944.97,606,1.869,1999.7,0.262,0.156,0.101,0.042,0.169,0.042,0.190,0.038
4802,431.00,936.01,429,1.999,2000.2,0.199,0.166,0.096,0.096,0.117,0.093,0.163,0.069
4803,621.00,936.11,541,1.804,2000.5,0.242,0.081,0.127,0.068,0.288,0.025,0.123,0.047
4804,1498.00,939.92,1026,1.591,2000.8,0.211,0.089,0.111,0.044,0.378,0.028,0.078,0.061
4805,1105.00,944.47,417,1.664,2001.1,0.231,0.128,0.103,0.058,0.340,0.038,0.051,0.051
4806,1358.00,952.74,1159,1.991,2001.7,0.217,0.115,0.124,0.100,0.166,0.064,0.086,0.126
4807,1454.00,959.41,767,2.004,2002.3,0.218,0.122,0.119,0.102,0.136,0.125,0.093,0.085
4808,489.00,955.32,333,1.983,2002.6,0.220,0.113,0.107,0.056,0.203,0.124,0.119,0.056
4809,849.00,956.76,788,2.055,2003.3,0.176,0.102,0.080,0.082,0.149,0.161,0.137,0.114
4810,599.00,958.20,571,2.010,2004.0,0.189,0.160,0.085,0.090,0.087,0.198,0.106,0.085
4811,797.00,955.72,480,2.000,2004.4,0.112,0.223,0.112,0.073,0.073,0.196,0.081,0.131
4812,1531.00,959.97,1213,2.048,2005.9,0.193,0.105,0.139,0.128,0.123,0.142,0.072,0.098
4813,990.00,957.44,717,1.994,2006.1,0.188,0.153,0.139,0.062,0.118,0.146,0.076,0.118
4814,1169.00,960.19,669,1.912,2006.4,0.189,0.200,0.122,0.083,0.089,0.106,0.039,0.172
4815,1044.00,965.28,986,2.018,2007.0,0.143,0.143,0.094,0.186,0.135,0.094,0.080,0.126
4816,654.00,958.80,583,2.025,2007.3,0.134,0.139,0.106,0.106,0.167,0.093,0.088,0.167
4817,880.00,951.77,775,2.038,2007.8,0.153,0.150,0.077,0.131,0.150,0.102,0.077,0.160
4818,897.00,953.29,655,2.034,2008.1,0.147,0.162,0.113,0.108,0.132,0.113,0.083,0.142
4819,1049.00,955.88,816,2.001,2008.3,0.164,0.119,0.090,0.075,0.119,0.164,0.075,0.194
4820,461.00,955.44,447,2.035,2008.5,0.147,0.113,0.085,0.107,0.141,0.107,0.169,0.130
4821,829.00,957.07,636,2.039,2008.8,0.159,0.121,0.072,0.116,0.169,0.135,0.121,0.106
4822,692.00,956.80,544,2.051,2009.6,0.165,0.109,0.095,0.147,0.163,0.099,0.109,0.111
4823,588.00,952.72,541,2.027,2009.9,0.125,0.196,0.058,0.134,0.112,0.125,0.152,0.098
4824,758.00,955.91,748,2.018,2010.2,0.167,0.144,0.083,0.128,0.139,0.100,0.144,0.094
4825,778.00,955.46,735,2.029,2010.6,0.140,0.126,0.093,0.146,0.159,0.133,0.136,0.066
4826,934.00,957.26,786,1.798,2010.8,0.062,0.346,0.099,0.012,0.086,0.062,0.296,0.037
4827,802.00,960.46,720,2.047,2011.7,0.127,0.129,0.110,0.168,0.164,0.116,0.098,0.087
4828,636.00,958.45,404,1.961,2012.4,0.108,0.154,0.062,0.140,0.189,0.143,0.055,0.149
4829,1507.00,968.69,1199,1.965,2012.7,0.180,0.127,0.101,0.138,0.164,0.111,0.079,0.101
4830,1663.00,974.90,1558,1.917,2012.9,0.236,0.096,0.070,0.051,0.217,0.140,0.064,0.127
4831,1584.00,985.90,1155,1.808,2013.1,0.259,0.130,0.065,0.046,0.185,0.157,0.056,0.102
4832,1037.00,990.57,946,1.956,2013.6,0.233,0.121,0.106,0.100,0.186,0.097,0.065,0.091
4833,827.00,987.17,768,1.886,2013.9,0.284,0.244,0.091,0.046,0.096,0.081,0.071,0.086
4834,1533.00,993.85,758,1.939,2014.3,0.218,0.208,0.111,0.097,0.111,0.125,0.046,0.083
4835,1020.00,995.53,808,1.942,2014.5,0.193,0.176,0.108,0.080,0.091,0.136,0.091,0.125
4836,576.00,992.21,394,2.014,2015.1,0.189,0.149,0.084,0.070,0.189,0.145,0.058,0.117
4837,1389.00,1000.11,1336,1.951,2015.4,0.101,0.189,0.128,0.115,0.155,0.068,0.135,0.108
4838,1362.00,997.54,747,1.954,2015.6,0.203,0.184,0.133,0.101,0.089,0.063,0.127,0.101
4839,1060.00,998.62,1041,2.042,2016.7,0.158,0.162,0.095,0.135,0.153,0.102,0.081,0.114
4840,534.00,992.03,444,2.025,2017.1,0.136,0.163,0.124,0.081,0.171,0.112,0.116,0.097
4841,1339.00,986.90,1152,1.573,2017.3,0.065,0.078,0.143,0.026,0.221,0.052,0.390,0.026
4842,788.00,982.02,677,1.528,2017.4,0.065,0.152,0.174,0.000,0.174,0.000,0.391,0.043
4843,569.00,977.29,500,1.693,2017.5,0.154,0.154,0.185,0.031,0.138,0.046,0.246,0.046
4844,442.00,970.54,302,1.995,2017.9,0.147,0.195,0.075,0.094,0.184,0.090,0.147,0.068
4845,773.00,971.00,689,1.873,2018.1,0.045,0.235,0.152,0.030,0.220,0.053,0.205,0.061
4846,440.00,958.74,322,2.028,2018.4,0.105,0.169,0.087,0.132,0.142,0.119,0.160,0.087
4847,789.00,959.31,694,2.022,2019.0,0.145,0.153,0.113,0.116,0.127,0.095,0.166,0.084
4848,1041.00,963.04,877,1.948,2019.3,0.168,0.217,0.115,0.035,0.106,0.071,0.181,0.106
4849,916.00,958.71,900,1.810,2019.5,0.137,0.288,0.041,0.014,0.096,0.041,0.301,0.082
4850,891.00,953.24,643,1.936,2019.8,0.161,0.206,0.111,0.033,0.117,0.117,0.139,0.117
4851,604.00,946.07,505,1.995,2020.3,0.178,0.205,0.074,0.068,0.101,0.117,0.148,0.109
4852,965.00,946.56,463,1.901,2020.5,0.165,0.212,0.165,0.024,0.094,0.059,0.129,0.153
4853,1004.00,948.39,901,1.917,2020.7,0.082,0.073,0.164,0.009,0.145,0.082,0.191,0.255
4854,1364.00,955.99,1211,1.970,2020.9,0.106,0.163,0.128,0.035,0.177,0.156,0.149,0.085
4855,510.00,951.87,219,2.029,2021.4,0.163,0.204,0.082,0.047,0.119,0.122,0.154,0.110
4856,649.00,944.98,490,2.034,2021.7,0.074,0.185,0.144,0.056,0.171,0.120,0.130,0.120
4857,725.00,938.33,493,2.007,2022.0,0.119,0.178,0.144,0.035,0.124,0.153,0.129,0.119
4858,1178.00,945.38,60,1.911,2022.3,0.114,0.093,0.293,0.014,0.064,0.071,0.157,0.193
4859,600.00,944.08,550,2.028,2022.8,0.191,0.166,0.074,0.077,0.077,0.105,0.166,0.145
4860,467.00,936.59,452,2.043,2023.8,0.119,0.159,0.125,0.099,0.152,0.110,0.104,0.132
4861,1180.00,940.10,492,1.817,2023.9,0.234,0.072,0.261,0.036,0.108,0.090,0.063,0.135
4862,1047.00,946.62,963,1.995,2024.5,0.142,0.157,0.172,0.056,0.147,0.123,0.103,0.100
4863,812.00,944.02,348,1.933,2024.8,0.222,0.134,0.103,0.015,0.196,0.149,0.041,0.139
4864,1097.00,944.89,1041,2.001,2025.5,0.147,0.145,0.103,0.063,0.142,0.156,0.077,0.168
4865,1734.00,952.89,1295,1.925,2025.8,0.187,0.093,0.176,0.031,0.109,0.171,0.052,0.181
4866,1231.00,960.78,1223,2.026,2026.8,0.170,0.115,0.113,0.097,0.169,0.115,0.100,0.121
4867,582.00,951.97,332,1.961,2027.3,0.138,0.252,0.092,0.046,0.145,0.123,0.049,0.154
4868,421.00,949.15,346,1.994,2027.8,0.168,0.227,0.087,0.065,0.120,0.133,0.081,0.120
4869,783.00,951.74,628,1.996,2028.3,0.177,0.220,0.093,0.062,0.127,0.124,0.062,0.134
4870,690.00,937.84,584,2.034,2029.0,0.154,0.138,0.138,0.126,0.119,0.119,0.072,0.134
4871,1719.00,945.48,1390,1.935,2029.4,0.159,0.144,0.133,0.096,0.162,0.089,0.103,0.114
4872,504.00,943.23,338,1.902,2029.8,0.211,0.242,0.060,0.057,0.170,0.068,0.068,0.125
4873,1025.00,944.61,798,1.990,2030.4,0.167,0.198,0.103,0.059,0.121,0.121,0.093,0.139
4874,700.00,945.50,542,2.018,2031.1,0.174,0.193,0.070,0.105,0.158,0.112,0.063,0.126
4875,1227.00,950.16,1114,1.921,2031.4,0.167,0.242,0.111,0.096,0.081,0.086,0.081,0.136
4876,992.00,947.61,599,1.920,2031.7,0.195,0.190,0.115,0.124,0.093,0.093,0.044,0.146
4877,1417.00,953.16,618,1.664,2031.9,0.365,0.260,0.087,0.221,0.019,0.000,0.010,0.038
4878,588.00,945.64,588,2.023,2032.5,0.155,0.150,0.099,0.113,0.161,0.078,0.097,0.147
4879,546.00,942.24,407,2.002,2033.0,0.178,0.133,0.117,0.082,0.144,0.117,0.098,0.130
4880,1382.00,950.63,1346,1.255,2033.1,0.574,0.115,0.049,0.115,0.016,0.000,0.049,0.082
4881,845.00,945.96,749,1.981,2033.7,0.182,0.145,0.097,0.082,0.173,0.102,0.131,0.088
4882,895.00,939.60,744,1.966,2034.2,0.186,0.118,0.094,0.127,0.162,0.109,0.112,0.091
4883,182.00,928.94,162,2.038,2035.1,0.199,0.101,0.115,0.086,0.161,0.086,0.146,0.108
4884,1054.00,934.87,985,2.032,2035.9,0.166,0.111,0.117,0.122,0.164,0.129,0.111,0.080
4885,348.00,932.98,309,1.999,2037.5,0.195,0.116,0.111,0.123,0.145,0.095,0.127,0.087
4886,631.00,932.12,79,1.530,2037.6,0.324,0.088,0.373,0.049,0.020,0.108,0.020,0.020
4887,612.00,925.66,533,1.958,2038.9,0.123,0.112,0.278,0.082,0.099,0.116,0.090,0.100
4888,1384.00,926.62,1262,1.935,2039.3,0.124,0.124,0.271,0.128,0.081,0.093,0.112,0.066
4889,469.00,926.22,361,1.857,2039.7,0.060,0.088,0.204,0.291,0.046,0.161,0.088,0.063
4890,0.00,915.55,0,0.029,2039.8,1.000,0.000,0.000,0.000,0.000,0.000,0.000,0.000
4891,600.00,910.58,521,2.002,2040.4,0.087,0.136,0.213,0.149,0.080,0.147,0.087,0.100
4892,896.00,910.21,746,1.986,2040.8,0.163,0.110,0.142,0.163,0.064,0.199,0.078,0.082
4893,1103.00,915.36,1069,1.934,2041.4,0.125,0.088,0.196,0.136,0.071,0.230,0.085,0.068
4894,964.00,915.87,766,2.042,2043.1,0.143,0.122,0.167,0.115,0.097,0.166,0.083,0.107
4895,0.00,907.89,0,0.001,2043.2,1.000,0.000,0.000,0.000,0.000,0.000,0.000,0.000
4896,450.00,905.80,376,1.944,2043.7,0.158,0.070,0.211,0.062,0.051,0.101,0.138,0.208
4897,988.00,889.71,946,1.983,2044.6,0.168,0.082,0.205,0.077,0.072,0.135,0.112,0.149
4898,611.00,888.61,516,1.966,2045.1,0.177,0.045,0.201,0.075,0.081,0.117,0.147,0.159
4899,1072.00,888.12,617,1.899,2045.4,0.245,0.048,0.197,0.111,0.062,0.130,0.091,0.115
4900,1042.00,885.98,656,1.669,2045.6,0.321,0.015,0.248,0.073,0.058,0.117,0.058,0.109
4901,0.00,878.62,0,0.005,2045.7,1.000,0.000,0.000,0.000,0.000,0.000,0.000,0.000
4902,574.00,880.05,540,1.948,2046.4,0.240,0.043,0.199,0.069,0.102,0.133,0.099,0.115
4903,701.00,880.85,594,1.973,2047.0,0.217,0.048,0.207,0.093,0.076,0.098,0.108,0.154
4904,593.00,871.80,579,1.987,2047.5,0.201,0.036,0.145,0.089,0.100,0.131,0.111,0.187
4905,726.00,868.01,647,1.965,2048.0,0.204,0.069,0.175,0.075,0.098,0.103,0.147,0.129
4906,1018.00,864.61,907,2.026,2049.1,0.154,0.104,0.155,0.106,0.152,0.094,0.111,0.124
4907,899.00,859.06,540,1.962,2049.4,0.166,0.072,0.193,0.083,0.110,0.116,0.116,0.144
4908,907.00,863.24,655,1.899,2049.6,0.138,0.034,0.214,0.055,0.131,0.076,0.193,0.159
4909,798.00,862.73,600,1.814,2049.9,0.190,0.028,0.176,0.049,0.211,0.063,0.134,0.148
4910,503.00,861.77,496,1.980,2050.2,0.094,0.056,0.202,0.038,0.146,0.070,0.155,0.239
4911,478.00,858.58,369,2.036,2050.9,0.134,0.075,0.138,0.101,0.188,0.134,0.108,0.123
4912,890.00,852.17,767,1.040,2051.0,0.633,0.061,0.020,0.061,0.020,0.020,0.061,0.122
4913,760.00,849.87,652,2.052,2051.5,0.083,0.115,0.123,0.112,0.235,0.120,0.112,0.101
4914,447.00,842.65,425,2.048,2052.1,0.105,0.093,0.154,0.100,0.176,0.137,0.135,0.098
4915,602.00,838.23,521,2.018,2052.5,0.094,0.082,0.123,0.107,0.201,0.131,0.127,0.135
4916,0.00,831.69,0,0.034,2052.6,1.000,0.000,0.000,0.000,0.000,0.000,0.000,0.000
4917,0.00,822.89,0,0.226,2052.7,1.000,0.000,0.000,0.000,0.000,0.000,0.000,0.000
4918,1146.00,825.38,909,1.984,2052.9,0.213,0.073,0.133,0.093,0.140,0.120,0.073,0.153
4919,837.00,823.26,618,2.046,2053.5,0.152,0.093,0.139,0.113,0.162,0.113,0.082,0.147
4920,1023.00,828.88,857,1.959,2053.8,0.195,0.038,0.182,0.101,0.176,0.088,0.126,0.094
4921,1092.00,831.51,919,1.969,2054.2,0.183,0.105,0.160,0.105,0.124,0.105,0.092,0.127
4922,551.00,830.10,512,2.041,2055.0,0.187,0.091,0.140,0.094,0.143,0.113,0.100,0.132
4923,1222.00,836.44,1144,1.811,2055.2,0.275,0.087,0.154,0.054,0.067,0.094,0.114,0.154
4924,507.00,833.93,426,2.059,2056.0,0.159,0.146,0.134,0.085,0.163,0.101,0.114,0.098
4925,1318.00,839.33,1304,1.746,2056.2,0.244,0.081,0.081,0.057,0.122,0.179,0.146,0.089
4926,296.00,832.95,44,0.664,2056.3,0.877,0.018,0.000,0.000,0.035,0.018,0.035,0.018
4927,0.00,824.93,0,0.009,2056.4,1.000,0.000,0.000,0.000,0.000,0.000,0.000,0.000
4928,627.00,824.84,382,2.012,2056.9,0.127,0.068,0.075,0.084,0.127,0.234,0.166,0.120
4929,762.00,817.39,525,2.000,2057.2,0.208,0.057,0.094,0.068,0.104,0.161,0.161,0.146
4930,877.00,809.53,552,1.846,2057.3,0.237,0.065,0.140,0.075,0.086,0.097,0.204,0.097
4931,327.00,796.96,316,2.034,2057.8,0.146,0.062,0.096,0.110,0.107,0.180,0.194,0.107
4932,728.00,793.87,728,1.977,2058.1,0.237,0.081,0.075,0.098,0.092,0.162,0.156,0.098
4933,546.00,791.06,431,2.047,2058.6,0.128,0.055,0.118,0.138,0.138,0.180,0.142,0.100
4934,427.00,780.00,382,2.043,2059.0,0.075,0.105,0.098,0.121,0.222,0.127,0.144,0.108
4935,477.00,774.57,423,2.058,2059.5,0.108,0.108,0.087,0.148,0.159,0.119,0.162,0.108
4936,403.00,772.84,336,2.058,2060.0,0.126,0.144,0.091,0.115,0.150,0.082,0.165,0.126
4937,1172.00,770.67,951,1.556,2060.1,0.424,0.094,0.059,0.012,0.141,0.118,0.059,0.094
4938,326.00,760.31,273,2.021,2060.4,0.094,0.089,0.110,0.094,0.120,0.152,0.236,0.105
4939,819.00,757.90,788,2.048,2061.7,0.168,0.148,0.119,0.118,0.116,0.119,0.105,0.106
4940,1894.00,771.50,1666,1.943,2061.9,0.168,0.134,0.084,0.109,0.126,0.101,0.160,0.118
4941,314.00,761.25,248,2.031,2062.5,0.111,0.108,0.086,0.128,0.118,0.150,0.180,0.118
4942,347.00,756.84,320,2.015,2062.8,0.089,0.078,0.140,0.073,0.034,0.168,0.268,0.151
4943,1124.00,762.39,1068,2.038,2064.0,0.162,0.141,0.135,0.153,0.101,0.101,0.089,0.118
4944,928.00,767.25,666,1.930,2064.2,0.137,0.084,0.137,0.107,0.046,0.099,0.229,0.160
4945,1269.00,772.21,912,1.932,2064.4,0.121,0.096,0.140,0.115,0.127,0.127,0.204,0.070
4946,694.00,774.75,673,1.711,2064.6,0.063,0.099,0.117,0.036,0.027,0.054,0.432,0.171
4947,641.00,773.27,510,1.837,2064.8,0.093,0.102,0.083,0.074,0.037,0.130,0.296,0.185
4948,897.00,771.83,797,1.916,2065.2,0.062,0.131,0.154,0.069,0.058,0.131,0.238,0.158
4949,374.00,766.41,348,2.008,2065.9,0.110,0.127,0.140,0.106,0.063,0.121,0.153,0.179
4950,527.00,762.77,455,1.876,2066.1,0.103,0.074,0.059,0.051,0.022,0.140,0.287,0.265
4951,712.00,763.85,565,1.771,2066.4,0.231,0.231,0.035,0.070,0.021,0.063,0.105,0.245
4952,217.00,756.37,206,1.957,2066.6,0.108,0.092,0.075,0.083,0.033,0.192,0.233,0.183
4953,315.00,749.48,307,2.024,2067.0,0.112,0.102,0.088,0.150,0.071,0.092,0.187,0.197
4954,492.00,740.76,425,2.034,2067.5,0.121,0.098,0.144,0.144,0.029,0.134,0.150,0.180
4955,1070.00,746.36,982,1.999,2067.8,0.097,0.092,0.128,0.123,0.077,0.154,0.118,0.210
4956,1155.00,751.42,952,2.024,2068.2,0.096,0.123,0.149,0.109,0.083,0.169,0.096,0.175
4957,1987.00,764.04,1686,1.850,2068.4,0.223,0.170,0.125,0.098,0.054,0.089,0.116,0.125
4958,924.00,761.50,614,2.036,2069.1,0.126,0.107,0.129,0.133,0.091,0.168,0.089,0.157
4959,1001.00,765.51,707,2.052,2070.1,0.143,0.103,0.159,0.125,0.091,0.121,0.101,0.157
4960,1073.00,771.57,1020,1.773,2070.3,0.179,0.282,0.141,0.077,0.103,0.051,0.103,0.064
4961,995.00,769.72,546,1.966,2070.5,0.120,0.195,0.188,0.083,0.090,0.150,0.060,0.113
4962,501.00,764.26,434,2.056,2071.2,0.110,0.143,0.124,0.124,0.122,0.114,0.072,0.193
4963,1277.00,768.91,1096,1.992,2071.5,0.103,0.206,0.169,0.110,0.074,0.066,0.096,0.176
4964,1243.00,770.37,1043,2.026,2071.8,0.117,0.216,0.141,0.099,0.113,0.080,0.080,0.155
4965,784.00,760.87,738,2.039,2072.2,0.101,0.171,0.180,0.079,0.096,0.088,0.114,0.171
4966,989.00,758.45,831,2.040,2072.4,0.137,0.125,0.137,0.083,0.149,0.101,0.131,0.137
4967,942.00,762.05,927,2.011,2072.6,0.137,0.179,0.145,0.085,0.137,0.120,0.077,0.120
4968,1287.00,770.71,1062,2.015,2072.9,0.170,0.149,0.134,0.103,0.103,0.098,0.077,0.165
4969,699.00,769.87,657,2.052,2073.5,0.113,0.163,0.110,0.094,0.105,0.139,0.105,0.171
4970,1432.00,777.29,918,1.762,2073.6,0.424,0.034,0.068,0.102,0.034,0.051,0.068,0.220
4971,996.00,770.06,822,2.028,2074.0,0.115,0.126,0.154,0.071,0.146,0.111,0.123,0.154
4972,474.00,769.76,445,2.056,2074.8,0.122,0.135,0.131,0.104,0.125,0.116,0.107,0.160
4973,688.00,766.39,486,2.037,2075.6,0.143,0.133,0.153,0.135,0.137,0.104,0.076,0.119
4974,1002.00,769.41,907,2.056,2076.6,0.133,0.162,0.134,0.134,0.130,0.088,0.097,0.123
4975,1418.00,771.32,1067,1.941,2076.8,0.168,0.135,0.205,0.114,0.049,0.124,0.081,0.124
4976,780.00,769.20,614,1.590,2076.9,0.426,0.064,0.043,0.106,0.043,0.191,0.043,0.085
4977,402.00,759.05,268,1.976,2077.2,0.158,0.129,0.158,0.158,0.053,0.123,0.117,0.105
4978,340.00,756.57,233,2.048,2077.9,0.130,0.150,0.178,0.180,0.066,0.107,0.080,0.109
4979,1494.00,766.05,1175,1.656,2078.0,0.388,0.116,0.132,0.140,0.025,0.074,0.041,0.083
4980,1237.00,764.60,1111,1.986,2078.6,0.160,0.136,0.139,0.163,0.084,0.133,0.099,0.087
4981,568.00,761.83,402,2.035,2079.1,0.130,0.143,0.106,0.149,0.099,0.146,0.087,0.140
4982,815.00,761.03,61,1.796,2079.3,0.164,0.218,0.103,0.261,0.024,0.115,0.012,0.103
4983,459.00,763.80,108,1.906,2079.7,0.121,0.235,0.085,0.117,0.093,0.046,0.043,0.260
4984,612.00,759.38,499,1.996,2080.4,0.098,0.201,0.110,0.118,0.084,0.084,0.050,0.254
4985,464.00,760.54,391,2.016,2080.9,0.112,0.181,0.104,0.121,0.096,0.096,0.071,0.219
4986,749.00,761.72,631,2.023,2081.6,0.146,0.177,0.094,0.105,0.109,0.109,0.072,0.188
4987,2304.00,778.64,1947,1.914,2081.8,0.236,0.079,0.157,0.087,0.071,0.110,0.063,0.197
4988,810.00,772.90,717,2.037,2082.6,0.148,0.099,0.152,0.118,0.095,0.108,0.105,0.174
4989,687.00,775.08,625,2.051,2083.5,0.134,0.111,0.131,0.139,0.110,0.116,0.098,0.160
4990,818.00,783.26,767,2.046,2084.5,0.123,0.129,0.154,0.127,0.132,0.104,0.080,0.151
4991,1668.00,793.94,1097,1.947,2084.8,0.152,0.134,0.098,0.146,0.152,0.110,0.030,0.177
4992,672.00,791.70,644,1.957,2085.4,0.082,0.098,0.098,0.089,0.169,0.069,0.102,0.292
4993,928.00,789.95,199,1.935,2085.7,0.106,0.130,0.202,0.135,0.168,0.029,0.034,0.197
4994,1252.00,792.83,840,2.012,2086.3,0.092,0.151,0.134,0.112,0.143,0.064,0.101,0.202
4995,1350.00,806.33,826,1.869,2086.4,0.250,0.093,0.148,0.185,0.148,0.093,0.019,0.065
4996,870.00,810.53,810,2.035,2087.1,0.099,0.159,0.102,0.102,0.159,0.106,0.117,0.157
4997,1394.00,814.59,1076,1.896,2087.4,0.196,0.168,0.028,0.133,0.084,0.133,0.056,0.203
4998,717.00,815.65,645,1.972,2088.0,0.111,0.235,0.073,0.092,0.123,0.094,0.070,0.201
4999,0.00,804.93,0,0.177,2088.1,0.975,0.000,0.000,0.000,0.000,0.025,0.000,0.000
5000,911.00,803.62,785,2.042,2089.5,0.156,0.130,0.121,0.128,0.131,0.096,0.095,0.142
