episode,reward,avg100_reward,deposited,dropoffs_built,bank_margin,win_flag,mean_entropy,elapsed_sec,opponent,current_lr,stay,north,east,south,west,random,home,prospect,dropoff
1,4082.44,4082.44,4434,0,-566,-1,2.079,7.3,idle(warmup),2.00e-04,0.126,0.135,0.125,0.126,0.120,0.127,0.121,0.120,0.000
2,1547.59,2815.01,2063,0,-2937,-1,2.077,13.9,idle(warmup),2.00e-04,0.141,0.134,0.123,0.121,0.120,0.110,0.134,0.118,0.000
3,1235.70,2288.58,1665,0,-4335,-1,2.075,20.7,idle(warmup),2.00e-04,0.133,0.135,0.134,0.135,0.113,0.114,0.124,0.112,0.000
4,2277.61,2285.84,2764,0,-4236,-1,2.067,28.3,idle(warmup),2.00e-04,0.136,0.132,0.122,0.139,0.138,0.116,0.098,0.119,0.000
5,3252.14,2479.10,3278,0,-2722,-1,2.058,35.2,idle(warmup),2.00e-04,0.139,0.141,0.120,0.151,0.136,0.130,0.071,0.112,0.000
6,5176.27,2928.63,5168,0,-832,-1,2.051,41.6,idle(warmup),2.00e-04,0.153,0.164,0.105,0.142,0.162,0.105,0.075,0.093,0.000
7,2749.81,2903.08,3076,0,-2924,-1,2.069,48.7,idle(warmup),2.00e-04,0.150,0.144,0.118,0.142,0.137,0.105,0.088,0.115,0.000
8,3039.85,2920.18,3040,0,-3960,-1,2.060,55.9,idle(warmup),2.00e-04,0.134,0.157,0.097,0.160,0.125,0.119,0.075,0.133,0.000
9,2573.49,2881.66,2624,0,-3376,-1,2.050,62.9,idle(warmup),2.00e-04,0.149,0.127,0.111,0.175,0.109,0.134,0.064,0.132,0.000
10,4223.57,3015.85,4017,0,-3983,-1,2.048,70.4,idle(warmup),2.00e-04,0.161,0.106,0.106,0.157,0.112,0.153,0.052,0.152,0.000
11,1671.12,2893.60,1835,0,-4165,-1,2.060,79.0,idle(warmup),2.00e-04,0.136,0.116,0.105,0.151,0.122,0.142,0.090,0.138,0.000
12,2218.08,2837.31,2314,0,-4686,-1,2.058,87.1,idle(warmup),2.00e-04,0.145,0.107,0.103,0.144,0.128,0.137,0.080,0.157,0.000
13,2047.73,2776.57,2053,0,-2947,-1,2.049,94.1,idle(warmup),2.00e-04,0.128,0.114,0.106,0.137,0.126,0.128,0.071,0.188,0.000
14,3710.99,2843.32,3613,0,-3387,-1,2.047,102.2,idle(warmup),2.00e-04,0.118,0.121,0.103,0.148,0.124,0.133,0.057,0.196,0.000
15,2179.47,2799.06,2193,0,-3807,-1,2.055,109.4,idle(warmup),2.00e-04,0.109,0.110,0.127,0.163,0.116,0.145,0.071,0.159,0.000
16,5273.58,2953.72,5463,0,-2537,-1,2.054,117.2,idle(warmup),2.00e-04,0.141,0.128,0.133,0.146,0.094,0.134,0.073,0.152,0.000
17,4998.78,3074.01,4963,0,-2037,-1,2.056,124.5,idle(warmup),2.00e-04,0.148,0.157,0.111,0.137,0.089,0.135,0.073,0.150,0.000
18,1240.39,2972.15,1534,0,-4466,-1,2.058,131.6,idle(warmup),2.00e-04,0.149,0.120,0.133,0.142,0.099,0.129,0.096,0.133,0.000
19,2316.30,2937.63,2450,0,-3550,-1,2.054,138.6,idle(warmup),2.00e-04,0.183,0.105,0.143,0.125,0.083,0.133,0.065,0.162,0.000
20,2599.89,2920.74,2883,0,-4117,-1,2.063,146.0,idle(warmup),2.00e-04,0.170,0.118,0.140,0.115,0.100,0.131,0.084,0.141,0.000
21,4037.18,2973.90,4309,0,-1691,-1,2.055,153.9,idle(warmup),2.00e-04,0.174,0.138,0.126,0.125,0.104,0.122,0.087,0.124,0.000
22,819.44,2875.97,1204,0,-3796,-1,2.072,160.6,idle(warmup),2.00e-04,0.157,0.134,0.135,0.124,0.117,0.122,0.093,0.118,0.000
23,945.08,2792.02,1140,0,-3860,-1,2.062,167.4,idle(warmup),2.00e-04,0.135,0.150,0.137,0.135,0.114,0.134,0.078,0.117,0.000
24,1080.00,2720.69,1174,0,-3826,-1,2.056,174.5,idle(warmup),2.00e-04,0.137,0.137,0.162,0.143,0.098,0.113,0.079,0.131,0.000
25,1610.96,2676.30,1770,0,-4230,-1,2.049,181.5,idle(warmup),2.00e-04,0.131,0.122,0.149,0.136,0.099,0.115,0.072,0.176,0.000
26,1373.31,2626.18,1514,0,-4486,-1,2.062,188.6,idle(warmup),2.00e-04,0.147,0.106,0.132,0.127,0.106,0.136,0.070,0.175,0.000
27,1669.59,2590.75,1840,0,-4160,-1,2.060,195.7,idle(warmup),2.00e-04,0.148,0.123,0.116,0.122,0.120,0.138,0.079,0.155,0.000
28,1288.05,2544.23,1845,0,-4155,-1,2.068,203.2,idle(warmup),2.00e-04,0.140,0.135,0.126,0.135,0.096,0.152,0.095,0.120,0.000
29,939.63,2488.90,1241,0,-4759,-1,2.063,210.2,idle(warmup),2.00e-04,0.126,0.156,0.117,0.127,0.114,0.138,0.099,0.124,0.000
30,2553.53,2491.05,2595,0,-3405,-1,2.061,217.0,idle(warmup),2.00e-04,0.154,0.149,0.112,0.098,0.109,0.160,0.076,0.142,0.000
31,2512.35,2491.74,2607,0,-3393,-1,2.059,224.4,idle(warmup),2.00e-04,0.139,0.151,0.136,0.105,0.123,0.144,0.077,0.126,0.000
32,6673.91,2622.43,6699,0,-301,-1,2.035,231.7,idle(warmup),2.00e-04,0.185,0.114,0.135,0.085,0.130,0.152,0.069,0.130,0.000
33,3020.92,2634.51,3078,0,-3922,-1,2.053,238.7,idle(warmup),2.00e-04,0.145,0.130,0.135,0.095,0.141,0.131,0.083,0.141,0.000
34,1801.30,2610.00,2048,0,-3952,-1,2.060,245.6,idle(warmup),2.00e-04,0.150,0.141,0.107,0.095,0.140,0.138,0.088,0.142,0.000
35,3189.09,2626.55,3591,0,-3409,-1,2.038,252.6,idle(warmup),2.00e-04,0.189,0.113,0.111,0.121,0.103,0.133,0.073,0.157,0.000
36,1964.83,2608.17,2173,0,-3827,-1,2.062,259.4,idle(warmup),2.00e-04,0.176,0.131,0.115,0.117,0.127,0.118,0.084,0.131,0.000
37,2234.12,2598.06,2201,0,-3799,-1,2.017,266.3,idle(warmup),2.00e-04,0.167,0.102,0.129,0.139,0.123,0.120,0.065,0.155,0.000
38,3062.88,2610.29,3096,0,-1904,-1,2.030,272.8,idle(warmup),2.00e-04,0.191,0.093,0.119,0.112,0.133,0.113,0.082,0.157,0.000
39,4252.88,2652.41,4191,0,-1809,-1,2.041,279.8,idle(warmup),2.00e-04,0.199,0.104,0.109,0.097,0.147,0.110,0.075,0.159,0.000
40,3301.39,2668.63,3434,0,-2566,-1,2.047,286.6,idle(warmup),2.00e-04,0.168,0.122,0.117,0.122,0.135,0.113,0.089,0.133,0.000
41,1313.10,2635.57,1512,0,-4488,-1,2.058,294.0,idle(warmup),2.00e-04,0.165,0.122,0.127,0.098,0.136,0.135,0.084,0.132,0.000
42,4532.28,2680.73,4468,0,-1532,-1,2.027,301.3,idle(warmup),2.00e-04,0.227,0.109,0.134,0.092,0.131,0.107,0.065,0.135,0.000
43,3872.20,2708.44,4101,0,-2899,-1,2.038,309.1,idle(warmup),2.00e-04,0.205,0.120,0.134,0.103,0.136,0.119,0.068,0.116,0.000
44,4649.21,2752.55,4682,0,-1318,-1,2.041,316.0,idle(warmup),2.00e-04,0.179,0.120,0.114,0.104,0.133,0.116,0.082,0.151,0.000
45,1626.02,2727.51,2068,0,-3932,-1,2.062,322.5,idle(warmup),2.00e-04,0.137,0.103,0.122,0.131,0.153,0.120,0.107,0.127,0.000
46,4125.11,2757.90,4421,0,-3579,-1,2.055,330.2,idle(warmup),2.00e-04,0.152,0.101,0.129,0.143,0.120,0.128,0.092,0.135,0.000
47,4144.14,2787.39,4383,0,-1617,-1,2.047,337.2,idle(warmup),2.00e-04,0.152,0.106,0.142,0.139,0.123,0.110,0.103,0.126,0.000
48,5455.11,2842.97,5583,0,-1417,-1,2.026,344.5,idle(warmup),2.00e-04,0.192,0.099,0.101,0.136,0.142,0.126,0.082,0.123,0.000
49,2162.23,2829.08,2303,0,-2697,-1,2.051,351.1,idle(warmup),2.00e-04,0.166,0.110,0.112,0.142,0.114,0.117,0.107,0.133,0.000
50,4410.36,2860.70,4643,0,-4357,-1,2.042,359.4,idle(warmup),2.00e-04,0.174,0.108,0.110,0.129,0.147,0.123,0.076,0.134,0.000
51,1698.61,2837.91,1851,0,-3149,-1,2.058,366.1,idle(warmup),2.00e-04,0.154,0.105,0.109,0.133,0.138,0.104,0.101,0.156,0.000
52,3585.15,2852.28,4004,0,-1996,-1,2.045,373.5,idle(warmup),2.00e-04,0.162,0.129,0.108,0.124,0.140,0.106,0.079,0.152,0.000
53,7423.52,2938.53,7465,0,465,1,2.030,380.9,idle(warmup),2.00e-04,0.212,0.124,0.113,0.091,0.146,0.113,0.073,0.129,0.000
54,6023.17,2995.66,6061,0,61,1,2.038,387.9,idle(warmup),2.00e-04,0.188,0.114,0.109,0.104,0.152,0.113,0.074,0.146,0.000
55,6325.58,3056.20,6492,0,-1508,-1,2.040,395.4,idle(warmup),2.00e-04,0.179,0.097,0.134,0.102,0.130,0.126,0.083,0.149,0.000
56,5121.47,3093.08,5059,0,-941,-1,2.047,402.6,idle(warmup),2.00e-04,0.151,0.098,0.139,0.128,0.138,0.113,0.090,0.143,0.000
57,5030.92,3127.08,4971,0,-1029,-1,2.048,409.8,idle(warmup),2.00e-04,0.154,0.114,0.129,0.114,0.137,0.124,0.081,0.146,0.000
58,1343.26,3096.32,1701,0,-3299,-1,2.055,416.3,idle(warmup),2.00e-04,0.142,0.113,0.112,0.127,0.131,0.130,0.094,0.150,0.000
59,3192.21,3097.95,3364,0,-3636,-1,2.042,424.8,idle(warmup),2.00e-04,0.149,0.104,0.105,0.121,0.133,0.141,0.087,0.160,0.000
60,2781.32,3092.67,2959,0,-3041,-1,2.037,433.1,idle(warmup),2.00e-04,0.125,0.124,0.107,0.130,0.123,0.149,0.080,0.164,0.000
61,1292.27,3063.16,1373,0,-4627,-1,2.041,440.2,idle(warmup),2.00e-04,0.156,0.115,0.114,0.084,0.119,0.145,0.072,0.196,0.000
62,2176.42,3048.85,2217,0,-3783,-1,2.051,448.6,idle(warmup),2.00e-04,0.152,0.115,0.137,0.075,0.119,0.126,0.079,0.198,0.000
63,2554.32,3041.00,2520,0,-3480,-1,2.062,455.9,idle(warmup),2.00e-04,0.138,0.133,0.122,0.106,0.130,0.134,0.074,0.163,0.000
64,6293.13,3091.82,6294,0,294,1,2.059,463.5,idle(warmup),2.00e-04,0.160,0.122,0.141,0.115,0.123,0.121,0.081,0.137,0.000
65,4504.53,3113.55,4478,0,-522,-1,2.059,469.9,idle(warmup),2.00e-04,0.160,0.103,0.125,0.120,0.121,0.130,0.105,0.136,0.000
66,1772.64,3093.24,2006,0,-3994,-1,2.066,476.7,idle(warmup),2.00e-04,0.165,0.096,0.127,0.114,0.151,0.111,0.092,0.144,0.000
67,4149.86,3109.01,4451,0,-3549,-1,2.061,484.3,idle(warmup),2.00e-04,0.132,0.118,0.111,0.132,0.144,0.128,0.094,0.141,0.000
68,2217.76,3095.90,2628,0,-4372,-1,2.063,491.7,idle(warmup),2.00e-04,0.144,0.138,0.115,0.125,0.125,0.119,0.098,0.137,0.000
69,5105.19,3125.02,5293,0,-707,-1,2.060,498.7,idle(warmup),2.00e-04,0.150,0.115,0.115,0.135,0.136,0.103,0.092,0.153,0.000
70,1196.19,3097.47,1680,0,-4320,-1,2.064,505.9,idle(warmup),2.00e-04,0.131,0.108,0.121,0.133,0.136,0.116,0.105,0.150,0.000
71,5176.87,3126.75,5271,0,-1729,-1,2.062,513.0,idle(warmup),2.00e-04,0.166,0.110,0.106,0.136,0.114,0.123,0.099,0.145,0.000
72,4425.85,3144.80,4334,0,-1666,-1,2.066,519.8,idle(warmup),2.00e-04,0.118,0.125,0.133,0.117,0.146,0.111,0.091,0.160,0.000
73,784.97,3112.47,1062,0,-3938,-1,2.068,526.3,idle(warmup),2.00e-04,0.143,0.118,0.116,0.114,0.152,0.115,0.099,0.144,0.000
74,4553.36,3131.94,4785,0,-3215,-1,2.055,534.2,idle(warmup),2.00e-04,0.138,0.149,0.115,0.110,0.151,0.121,0.085,0.130,0.000
75,2102.18,3118.21,2165,0,-3835,-1,2.059,540.8,idle(warmup),2.00e-04,0.153,0.122,0.125,0.123,0.124,0.123,0.101,0.129,0.000
76,3767.46,3126.75,3781,0,-3219,-1,2.050,548.1,idle(warmup),2.00e-04,0.161,0.113,0.110,0.110,0.133,0.118,0.098,0.157,0.000
77,1596.95,3106.89,1887,0,-4113,-1,2.057,554.6,idle(warmup),2.00e-04,0.117,0.109,0.135,0.120,0.143,0.124,0.109,0.143,0.000
78,3022.68,3105.81,3228,0,-2772,-1,2.055,560.9,idle(warmup),2.00e-04,0.140,0.107,0.126,0.109,0.153,0.103,0.120,0.143,0.000
79,1097.21,3080.38,1513,0,-4487,-1,2.065,567.8,idle(warmup),2.00e-04,0.142,0.140,0.123,0.132,0.119,0.115,0.118,0.111,0.000
80,5874.24,3115.30,5961,0,961,1,2.044,574.2,idle(warmup),2.00e-04,0.150,0.143,0.107,0.141,0.093,0.132,0.117,0.117,0.000
81,2648.77,3109.54,2881,0,-2119,-1,2.066,580.5,idle(warmup),2.00e-04,0.119,0.128,0.122,0.170,0.096,0.136,0.121,0.108,0.000
82,1428.46,3089.04,1828,0,-4172,-1,2.064,587.9,idle(warmup),2.00e-04,0.128,0.136,0.141,0.125,0.116,0.114,0.108,0.131,0.000
83,2630.17,3083.52,2871,0,-2129,-1,2.045,594.4,idle(warmup),2.00e-04,0.154,0.139,0.110,0.115,0.122,0.120,0.114,0.126,0.000
84,2890.92,3081.22,2952,0,-2048,-1,2.058,601.1,idle(warmup),2.00e-04,0.142,0.115,0.138,0.128,0.132,0.121,0.101,0.122,0.000
85,3634.59,3087.73,4251,0,-3749,-1,2.053,608.9,idle(warmup),2.00e-04,0.144,0.116,0.135,0.138,0.124,0.123,0.104,0.115,0.000
86,2968.76,3086.35,3075,0,-3925,-1,2.063,616.2,idle(warmup),2.00e-04,0.131,0.123,0.124,0.143,0.124,0.127,0.098,0.130,0.000
87,2516.82,3079.80,2674,0,-3326,-1,2.058,623.2,idle(warmup),2.00e-04,0.152,0.126,0.107,0.133,0.135,0.115,0.105,0.127,0.000
88,663.60,3052.35,917,0,-4083,-1,2.072,629.8,idle(warmup),2.00e-04,0.117,0.132,0.113,0.125,0.124,0.148,0.099,0.141,0.000
89,2839.72,3049.96,2897,0,-3103,-1,2.065,636.9,idle(warmup),2.00e-04,0.118,0.126,0.141,0.122,0.111,0.132,0.097,0.153,0.000
90,3902.49,3059.43,4212,0,-788,-1,2.064,643.3,idle(warmup),2.00e-04,0.136,0.101,0.136,0.115,0.126,0.119,0.132,0.135,0.000
91,6161.93,3093.52,6544,0,544,1,2.045,651.1,idle(warmup),2.00e-04,0.155,0.093,0.125,0.112,0.135,0.124,0.125,0.131,0.000
92,5103.13,3115.37,5585,0,-1415,-1,2.054,658.1,idle(warmup),2.00e-04,0.138,0.110,0.117,0.120,0.149,0.114,0.126,0.126,0.000
93,4522.03,3130.49,5216,0,-784,-1,2.050,665.0,idle(warmup),2.00e-04,0.118,0.105,0.125,0.132,0.127,0.122,0.128,0.143,0.000
94,119.55,3098.46,1101,0,-4899,-1,2.070,671.7,idle(warmup),2.00e-04,0.098,0.092,0.139,0.131,0.129,0.126,0.153,0.132,0.000
95,5364.72,3122.32,5400,0,400,1,2.048,678.0,idle(warmup),2.00e-04,0.141,0.105,0.123,0.131,0.127,0.106,0.114,0.152,0.000
96,5839.29,3150.62,5866,0,866,1,2.042,684.6,idle(warmup),2.00e-04,0.122,0.100,0.175,0.141,0.099,0.114,0.099,0.150,0.000
97,1784.08,3136.53,1977,0,-4023,-1,2.066,691.1,idle(warmup),2.00e-04,0.121,0.116,0.139,0.142,0.117,0.128,0.106,0.132,0.000
98,7184.85,3177.84,7062,0,2062,1,2.031,697.2,idle(warmup),2.00e-04,0.158,0.096,0.132,0.130,0.144,0.117,0.088,0.135,0.000
99,2769.70,3173.72,3074,0,-3926,-1,2.051,704.6,idle(warmup),2.00e-04,0.131,0.107,0.137,0.155,0.120,0.117,0.100,0.133,0.000
100,599.54,3147.97,933,0,-4067,-1,2.059,711.1,idle(warmup),2.00e-04,0.121,0.094,0.153,0.134,0.134,0.125,0.096,0.143,0.000
101,397.53,3111.13,1590,0,-916,-1,2.060,721.4,rl_v3,2.00e-04,0.117,0.135,0.164,0.105,0.113,0.124,0.118,0.124,0.000
102,9827.59,3193.93,9566,1,-3165,-1,2.043,735.4,rl_v3,2.00e-04,0.131,0.120,0.154,0.125,0.124,0.126,0.079,0.141,0.000
103,2342.07,3204.99,2618,0,23,1,2.060,746.3,rl_v3,2.00e-04,0.132,0.130,0.132,0.127,0.114,0.123,0.096,0.146,0.000
104,3541.53,3217.63,4531,0,-1041,-1,2.050,759.2,rl_v3,2.00e-04,0.113,0.116,0.135,0.140,0.116,0.131,0.083,0.166,0.000
105,2050.70,3205.61,2713,0,-1273,-1,2.057,770.6,rl_v3,2.00e-04,0.133,0.132,0.128,0.152,0.118,0.112,0.078,0.147,0.000
106,1156.19,3165.41,2011,0,-1292,-1,2.057,781.2,rl_v3,2.00e-04,0.130,0.113,0.114,0.161,0.130,0.117,0.095,0.141,0.000
107,6964.76,3207.56,6851,1,-2098,-1,2.035,791.7,rl_v3,2.00e-04,0.151,0.089,0.102,0.137,0.115,0.151,0.095,0.159,0.001
108,3351.64,3210.68,4045,0,-379,-1,2.053,803.5,rl_v3,2.00e-04,0.129,0.104,0.118,0.132,0.142,0.144,0.085,0.145,0.000
109,9051.12,3275.46,8613,1,-1148,-1,2.039,816.5,rl_v3,2.00e-04,0.143,0.092,0.121,0.139,0.163,0.131,0.072,0.138,0.000
110,993.56,3243.16,1349,0,-672,-1,2.066,826.0,rl_v3,2.00e-04,0.131,0.110,0.148,0.128,0.115,0.132,0.110,0.125,0.000
111,359.26,3230.04,1189,0,-575,-1,2.061,835.3,rl_v3,2.00e-04,0.122,0.103,0.108,0.142,0.123,0.137,0.119,0.146,0.000
112,5190.64,3259.76,5479,1,-1603,-1,2.040,846.1,rl_v3,2.00e-04,0.149,0.101,0.121,0.140,0.145,0.121,0.085,0.136,0.001
113,1224.94,3251.54,1985,0,-775,-1,2.056,856.7,rl_v3,2.00e-04,0.112,0.129,0.123,0.161,0.113,0.117,0.110,0.135,0.000
114,536.56,3219.79,1609,0,-1176,-1,2.057,867.2,rl_v3,2.00e-04,0.135,0.105,0.134,0.142,0.118,0.132,0.110,0.124,0.000
115,1859.77,3216.59,2215,0,-533,-1,2.048,876.8,rl_v3,2.00e-04,0.155,0.125,0.139,0.126,0.111,0.144,0.092,0.108,0.000
116,4950.88,3213.37,5161,0,1607,1,2.032,888.7,rl_v3,2.00e-04,0.174,0.139,0.121,0.128,0.136,0.131,0.079,0.092,0.000
117,2635.00,3189.73,3103,0,45,1,2.030,899.5,rl_v3,2.00e-04,0.175,0.124,0.113,0.117,0.116,0.148,0.087,0.120,0.000
118,8188.69,3259.21,7814,1,-163,-1,2.006,911.5,rl_v3,2.00e-04,0.156,0.119,0.114,0.155,0.106,0.155,0.086,0.108,0.000
119,4791.64,3283.97,5212,0,2621,1,2.021,922.8,rl_v3,2.00e-04,0.213,0.106,0.099,0.114,0.102,0.168,0.086,0.112,0.000
120,7884.53,3336.81,8189,1,-1376,-1,2.038,936.2,rl_v3,2.00e-04,0.136,0.117,0.115,0.151,0.126,0.151,0.087,0.117,0.000
121,1376.72,3310.21,1917,0,-852,-1,2.060,946.8,rl_v3,2.00e-04,0.123,0.127,0.128,0.119,0.130,0.136,0.103,0.134,0.000
122,6392.31,3365.94,5991,1,-973,-1,2.044,958.1,rl_v3,2.00e-04,0.152,0.119,0.125,0.138,0.136,0.109,0.099,0.122,0.001
123,5394.85,3410.43,5596,0,2138,1,2.004,968.7,rl_v3,2.00e-04,0.198,0.104,0.116,0.128,0.127,0.117,0.079,0.132,0.000
124,4786.64,3447.50,4708,1,-960,-1,2.049,978.8,rl_v3,2.00e-04,0.141,0.121,0.138,0.116,0.121,0.121,0.110,0.133,0.001
125,5137.54,3482.77,4644,1,-387,-1,2.039,989.5,rl_v3,2.00e-04,0.142,0.107,0.134,0.121,0.116,0.137,0.101,0.141,0.001
126,9583.82,3564.87,9818,0,5008,1,2.020,1002.3,rl_v3,2.00e-04,0.159,0.084,0.118,0.135,0.114,0.140,0.102,0.147,0.000
127,5262.84,3600.80,5680,0,2044,1,2.041,1013.8,rl_v3,2.00e-04,0.148,0.102,0.138,0.125,0.110,0.144,0.103,0.131,0.000
128,1522.53,3603.15,2046,0,-906,-1,2.050,1024.3,rl_v3,2.00e-04,0.136,0.087,0.143,0.126,0.132,0.120,0.112,0.144,0.000
129,681.23,3600.56,1525,0,-1622,-1,2.055,1034.8,rl_v3,2.00e-04,0.118,0.106,0.140,0.130,0.146,0.123,0.096,0.141,0.000
130,763.57,3582.67,1239,0,-823,-1,2.058,1044.4,rl_v3,2.00e-04,0.136,0.123,0.149,0.120,0.131,0.097,0.104,0.141,0.000
131,3176.40,3589.31,3579,0,236,1,2.044,1055.3,rl_v3,2.00e-04,0.169,0.116,0.113,0.109,0.136,0.125,0.088,0.145,0.000
132,1357.32,3536.14,2113,0,-1291,-1,2.047,1066.0,rl_v3,2.00e-04,0.129,0.135,0.142,0.121,0.149,0.105,0.084,0.135,0.000
133,819.30,3514.12,1616,0,-1193,-1,2.053,1076.6,rl_v3,2.00e-04,0.123,0.134,0.123,0.153,0.145,0.094,0.101,0.128,0.000
134,1574.30,3511.85,2343,0,-303,-1,2.048,1087.4,rl_v3,2.00e-04,0.143,0.140,0.133,0.126,0.137,0.104,0.086,0.131,0.000
135,2490.25,3504.87,2799,0,356,1,2.031,1098.0,rl_v3,2.00e-04,0.154,0.143,0.123,0.117,0.145,0.119,0.084,0.114,0.000
136,7668.76,3561.90,8098,0,2951,1,1.939,1109.7,rl_v3,2.00e-04,0.269,0.126,0.115,0.112,0.102,0.102,0.092,0.083,0.000
137,6926.44,3608.83,6836,1,-510,-1,1.977,1120.9,rl_v3,2.00e-04,0.214,0.113,0.121,0.113,0.148,0.103,0.083,0.104,0.001
138,9138.04,3669.58,8951,1,-287,-1,2.004,1133.6,rl_v3,2.00e-04,0.162,0.107,0.129,0.144,0.148,0.102,0.089,0.120,0.000
139,1880.23,3645.85,2396,0,280,1,2.059,1143.5,rl_v3,2.00e-04,0.133,0.113,0.133,0.140,0.119,0.129,0.109,0.124,0.000
140,727.90,3620.12,1711,0,-1196,-1,2.058,1153.2,rl_v3,2.00e-04,0.125,0.111,0.133,0.124,0.144,0.117,0.107,0.138,0.000
141,2285.39,3629.84,2978,0,-451,-1,2.038,1164.6,rl_v3,2.00e-04,0.158,0.103,0.120,0.138,0.122,0.130,0.091,0.138,0.000
142,8105.31,3665.57,7907,1,-844,-1,1.985,1175.5,rl_v3,2.00e-04,0.163,0.066,0.111,0.169,0.150,0.134,0.071,0.136,0.001
143,2030.19,3647.15,2428,0,-690,-1,2.045,1186.1,rl_v3,2.00e-04,0.130,0.126,0.124,0.109,0.138,0.127,0.090,0.156,0.000
144,11608.09,3716.74,11343,1,1142,1,2.009,1200.3,rl_v3,2.00e-04,0.168,0.105,0.107,0.143,0.119,0.134,0.084,0.139,0.000
145,1222.03,3712.70,1511,0,-1797,-1,2.050,1210.0,rl_v3,2.00e-04,0.132,0.128,0.132,0.125,0.135,0.111,0.088,0.150,0.000
146,2108.88,3692.54,2489,0,-1662,-1,2.040,1220.6,rl_v3,2.00e-04,0.148,0.111,0.129,0.143,0.141,0.117,0.081,0.130,0.000
147,421.63,3655.31,1354,0,-1183,-1,2.050,1230.8,rl_v3,2.00e-04,0.124,0.129,0.134,0.136,0.149,0.105,0.104,0.119,0.000
148,7309.71,3673.86,7126,1,-348,-1,2.020,1243.3,rl_v3,2.00e-04,0.173,0.105,0.114,0.129,0.126,0.136,0.076,0.140,0.000
149,256.73,3654.80,1177,0,-62,-1,2.054,1253.2,rl_v3,2.00e-04,0.138,0.129,0.132,0.129,0.119,0.125,0.104,0.123,0.000
150,2093.47,3631.63,2446,0,-230,-1,2.031,1263.6,rl_v3,2.00e-04,0.139,0.091,0.120,0.146,0.148,0.131,0.094,0.130,0.000
151,1759.59,3632.24,2476,0,-205,-1,2.023,1274.6,rl_v3,2.00e-04,0.168,0.115,0.134,0.121,0.125,0.124,0.088,0.125,0.000
152,3469.57,3631.09,3744,0,-116,-1,2.023,1286.2,rl_v3,2.00e-04,0.141,0.136,0.123,0.131,0.127,0.112,0.079,0.151,0.000
153,2340.00,3580.25,2689,0,577,1,2.020,1296.6,rl_v3,2.00e-04,0.191,0.112,0.133,0.116,0.092,0.128,0.088,0.141,0.000
154,2915.96,3549.18,3087,0,-565,-1,2.005,1307.8,rl_v3,2.00e-04,0.186,0.138,0.148,0.089,0.126,0.104,0.070,0.140,0.000
155,6462.23,3550.55,6107,1,-991,-1,1.993,1319.4,rl_v3,2.00e-04,0.174,0.136,0.131,0.118,0.106,0.126,0.072,0.137,0.001
156,5394.39,3553.28,5548,0,2733,1,1.969,1330.4,rl_v3,2.00e-04,0.218,0.133,0.157,0.078,0.109,0.102,0.069,0.133,0.000
157,1582.43,3518.79,1923,0,-673,-1,2.028,1340.8,rl_v3,2.00e-04,0.138,0.129,0.136,0.110,0.124,0.122,0.090,0.151,0.000
158,2536.82,3530.73,2798,0,-775,-1,2.016,1351.5,rl_v3,2.00e-04,0.142,0.142,0.145,0.116,0.109,0.119,0.088,0.139,0.000
159,7855.65,3577.36,7719,1,-615,-1,1.976,1363.9,rl_v3,2.00e-04,0.214,0.109,0.126,0.090,0.119,0.121,0.071,0.149,0.000
160,1660.64,3566.16,2001,0,-641,-1,2.025,1374.6,rl_v3,2.00e-04,0.147,0.127,0.143,0.104,0.125,0.123,0.088,0.144,0.000
161,476.94,3558.00,1481,0,-1128,-1,2.040,1385.4,rl_v3,2.00e-04,0.136,0.133,0.152,0.108,0.121,0.119,0.091,0.140,0.000
162,6020.67,3596.44,6719,1,-2662,-1,2.008,1397.0,rl_v3,2.00e-04,0.147,0.130,0.131,0.113,0.102,0.138,0.095,0.144,0.001
163,8611.61,3657.02,8868,0,5927,1,1.976,1408.4,rl_v3,2.00e-04,0.219,0.118,0.115,0.115,0.091,0.113,0.100,0.130,0.000
164,2864.54,3622.73,3981,0,929,1,2.038,1419.9,rl_v3,2.00e-04,0.142,0.127,0.122,0.126,0.114,0.134,0.108,0.125,0.000
165,1285.39,3590.54,1969,0,-862,-1,2.049,1430.7,rl_v3,2.00e-04,0.143,0.127,0.128,0.120,0.119,0.118,0.102,0.142,0.000
166,763.87,3580.45,1675,0,-1076,-1,2.040,1440.8,rl_v3,2.00e-04,0.141,0.131,0.133,0.130,0.125,0.102,0.095,0.144,0.000
167,4553.42,3584.49,5024,0,635,1,2.024,1452.4,rl_v3,2.00e-04,0.180,0.105,0.131,0.120,0.102,0.140,0.100,0.122,0.000
168,2676.50,3589.08,3970,0,604,1,2.035,1463.6,rl_v3,2.00e-04,0.171,0.117,0.120,0.112,0.122,0.118,0.097,0.144,0.000
169,7576.50,3613.79,8062,0,2673,1,1.985,1475.3,rl_v3,2.00e-04,0.173,0.107,0.126,0.147,0.134,0.108,0.095,0.109,0.000
170,2584.42,3627.67,3660,0,-147,-1,2.024,1486.3,rl_v3,2.00e-04,0.136,0.109,0.147,0.119,0.130,0.130,0.097,0.133,0.000
171,2090.72,3596.81,2566,0,-1587,-1,2.040,1497.5,rl_v3,2.00e-04,0.142,0.124,0.148,0.115,0.133,0.114,0.087,0.136,0.000
172,3069.28,3583.24,3266,0,1229,1,2.021,1507.6,rl_v3,2.00e-04,0.150,0.124,0.111,0.119,0.138,0.122,0.094,0.142,0.000
173,2731.34,3602.71,3088,0,1737,1,2.027,1517.7,rl_v3,2.00e-04,0.160,0.130,0.134,0.108,0.135,0.120,0.097,0.116,0.000
174,1851.94,3575.69,2308,0,-570,-1,2.030,1528.2,rl_v3,2.00e-04,0.137,0.132,0.147,0.104,0.133,0.126,0.083,0.136,0.000
175,1377.95,3568.45,1643,0,-1353,-1,2.034,1538.5,rl_v3,2.00e-04,0.158,0.122,0.137,0.104,0.149,0.116,0.087,0.128,0.000
176,3616.62,3566.94,3865,0,1283,1,2.004,1548.9,rl_v3,2.00e-04,0.178,0.124,0.106,0.120,0.131,0.120,0.087,0.135,0.000
177,8024.96,3631.22,7341,1,2134,1,1.951,1560.4,rl_v3,2.00e-04,0.192,0.117,0.109,0.095,0.134,0.133,0.075,0.145,0.001
178,2711.80,3628.11,3080,0,-695,-1,2.032,1571.4,rl_v3,2.00e-04,0.130,0.156,0.108,0.142,0.150,0.093,0.096,0.126,0.000
179,5620.96,3673.35,5902,0,2003,1,1.993,1582.5,rl_v3,2.00e-04,0.165,0.116,0.137,0.094,0.114,0.114,0.105,0.154,0.000
180,3622.20,3650.83,4273,0,1024,1,2.042,1594.0,rl_v3,2.00e-04,0.132,0.137,0.131,0.115,0.125,0.113,0.111,0.136,0.000
181,74.14,3625.08,1003,0,-1119,-1,2.058,1603.3,rl_v3,2.00e-04,0.127,0.122,0.140,0.135,0.109,0.112,0.128,0.127,0.000
182,2531.47,3636.11,2902,0,24,1,2.037,1613.7,rl_v3,2.00e-04,0.143,0.124,0.120,0.137,0.110,0.118,0.118,0.129,0.000
183,1136.16,3621.17,1603,0,-476,-1,2.042,1623.6,rl_v3,2.00e-04,0.120,0.131,0.127,0.121,0.107,0.113,0.126,0.155,0.000
184,2939.68,3621.66,3241,0,313,1,2.006,1634.4,rl_v3,2.00e-04,0.127,0.148,0.125,0.108,0.130,0.101,0.090,0.171,0.000
185,6682.39,3652.14,6503,1,-931,-1,1.970,1646.3,rl_v3,2.00e-04,0.145,0.141,0.103,0.123,0.148,0.098,0.077,0.164,0.001
186,3086.86,3653.32,3389,0,247,1,2.027,1657.3,rl_v3,2.00e-04,0.109,0.139,0.134,0.127,0.124,0.107,0.092,0.169,0.000
187,6209.30,3690.25,5871,1,-1320,-1,1.933,1669.9,rl_v3,2.00e-04,0.141,0.125,0.107,0.139,0.171,0.070,0.059,0.187,0.000
188,1701.67,3700.63,2362,0,-1950,-1,2.018,1680.9,rl_v3,2.00e-04,0.138,0.140,0.121,0.118,0.143,0.094,0.091,0.154,0.000
189,6763.32,3739.86,7031,0,3235,1,1.991,1692.4,rl_v3,2.00e-04,0.180,0.132,0.084,0.152,0.148,0.089,0.090,0.125,0.000
190,1315.82,3714.00,2314,0,-594,-1,2.016,1703.2,rl_v3,2.00e-04,0.106,0.149,0.129,0.118,0.126,0.114,0.103,0.156,0.000
191,6815.91,3720.54,6541,1,-390,-1,1.994,1714.4,rl_v3,2.00e-04,0.144,0.111,0.096,0.167,0.114,0.127,0.089,0.152,0.001
192,2518.67,3694.69,2945,0,-950,-1,2.020,1726.3,rl_v3,2.00e-04,0.122,0.127,0.120,0.143,0.150,0.109,0.080,0.150,0.000
193,3319.67,3682.67,3703,0,1068,1,2.028,1737.1,rl_v3,2.00e-04,0.141,0.138,0.130,0.117,0.120,0.120,0.096,0.139,0.000
194,1335.19,3694.82,2254,0,-2429,-1,2.026,1747.9,rl_v3,2.00e-04,0.144,0.131,0.132,0.125,0.127,0.112,0.083,0.145,0.000
195,1579.16,3656.97,2824,0,-1179,-1,2.020,1759.6,rl_v3,2.00e-04,0.149,0.132,0.109,0.137,0.126,0.118,0.097,0.133,0.000
196,711.67,3605.69,1821,0,-1115,-1,2.034,1770.5,rl_v3,2.00e-04,0.139,0.125,0.110,0.136,0.112,0.130,0.112,0.135,0.000
197,3703.66,3624.89,4724,0,726,1,1.912,1780.7,rl_v3,2.00e-04,0.190,0.117,0.115,0.115,0.099,0.133,0.095,0.137,0.000
198,2652.38,3579.56,3230,0,153,1,2.015,1791.8,rl_v3,2.00e-04,0.146,0.134,0.139,0.129,0.109,0.109,0.117,0.117,0.000
199,1448.13,3566.35,1738,0,-954,-1,2.027,1802.7,rl_v3,2.00e-04,0.130,0.141,0.130,0.135,0.129,0.111,0.079,0.145,0.000
200,4309.82,3603.45,4393,0,2054,1,2.013,1813.6,rl_v3,2.00e-04,0.161,0.125,0.137,0.118,0.130,0.125,0.088,0.118,0.000
201,1761.84,3617.09,1985,0,-609,-1,2.013,1824.4,rl_v3,2.00e-04,0.154,0.141,0.147,0.119,0.124,0.114,0.084,0.117,0.000
202,1641.60,3535.23,2427,0,620,1,2.003,1834.6,rl_v3,2.00e-04,0.133,0.125,0.151,0.120,0.110,0.132,0.096,0.134,0.000
203,2126.38,3533.08,2543,0,-559,-1,2.002,1845.3,rl_v3,2.00e-04,0.124,0.111,0.107,0.163,0.112,0.119,0.110,0.154,0.000
204,1551.80,3513.18,2018,0,-655,-1,2.018,1855.8,rl_v3,2.00e-04,0.132,0.129,0.109,0.159,0.120,0.109,0.105,0.136,0.000
205,4607.38,3538.75,4966,0,2907,1,1.989,1866.6,rl_v3,2.00e-04,0.186,0.124,0.126,0.099,0.121,0.123,0.122,0.099,0.000
206,2857.89,3555.76,2964,0,1677,1,1.995,1876.7,rl_v3,2.00e-04,0.127,0.106,0.122,0.150,0.127,0.119,0.101,0.148,0.000
207,-2.79,3486.09,809,0,-1126,-1,2.016,1886.4,rl_v3,2.00e-04,0.118,0.125,0.117,0.134,0.142,0.112,0.091,0.161,0.000
208,4575.27,3498.32,5216,0,-319,-1,2.001,1898.8,rl_v3,2.00e-04,0.130,0.142,0.145,0.122,0.100,0.122,0.091,0.148,0.000
209,2646.04,3434.27,3088,0,-1446,-1,2.017,1909.9,rl_v3,2.00e-04,0.148,0.135,0.129,0.114,0.112,0.128,0.097,0.136,0.000
210,3407.41,3458.41,4596,0,253,1,1.985,1922.2,rl_v3,2.00e-04,0.129,0.146,0.128,0.131,0.125,0.119,0.091,0.132,0.000
211,4347.20,3498.29,4772,0,2099,1,2.001,1933.7,rl_v3,2.00e-04,0.109,0.140,0.128,0.136,0.128,0.116,0.106,0.136,0.000
212,456.51,3450.95,1348,0,-1282,-1,2.020,1944.3,rl_v3,2.00e-04,0.115,0.140,0.126,0.116,0.119,0.134,0.101,0.148,0.000
213,5507.91,3493.78,6404,0,2987,1,1.978,1955.9,rl_v3,2.00e-04,0.132,0.130,0.123,0.139,0.081,0.135,0.147,0.112,0.000
214,2810.49,3516.52,3338,0,199,1,2.004,1967.0,rl_v3,2.00e-04,0.109,0.140,0.159,0.133,0.127,0.099,0.100,0.134,0.000
215,3721.97,3535.14,4009,0,165,1,1.995,1978.3,rl_v3,2.00e-04,0.119,0.117,0.101,0.169,0.168,0.114,0.092,0.120,0.000
216,1676.27,3502.39,2703,0,-2058,-1,1.986,1989.2,rl_v3,2.00e-04,0.122,0.131,0.114,0.136,0.144,0.096,0.093,0.165,0.000
217,1904.87,3495.09,2122,0,-986,-1,2.006,1999.4,rl_v3,2.00e-04,0.120,0.118,0.122,0.151,0.143,0.118,0.082,0.147,0.000
218,3136.67,3444.57,4162,0,-1070,-1,2.004,2011.7,rl_v3,2.00e-04,0.129,0.096,0.119,0.158,0.138,0.138,0.095,0.126,0.000
219,903.81,3405.69,1921,0,288,1,2.022,2022.1,rl_v3,2.00e-04,0.116,0.126,0.111,0.134,0.142,0.135,0.104,0.132,0.000
220,2723.51,3354.08,2914,0,465,1,2.010,2032.4,rl_v3,2.00e-04,0.123,0.118,0.118,0.153,0.137,0.114,0.086,0.151,0.000
221,2457.26,3364.89,2843,0,1092,1,2.011,2043.1,rl_v3,2.00e-04,0.120,0.135,0.139,0.120,0.137,0.124,0.106,0.119,0.000
222,2426.95,3325.24,2866,0,-1282,-1,2.009,2054.0,rl_v3,2.00e-04,0.159,0.111,0.130,0.101,0.141,0.121,0.088,0.149,0.000
223,6759.86,3338.89,6000,1,-1090,-1,1.967,2064.9,rl_v3,2.00e-04,0.170,0.110,0.132,0.116,0.125,0.130,0.089,0.129,0.001
224,6552.08,3356.54,6976,1,1100,1,1.940,2077.1,rl_v3,2.00e-04,0.223,0.121,0.120,0.095,0.120,0.119,0.104,0.097,0.001
225,8637.28,3391.54,8170,1,-623,-1,1.983,2089.4,rl_v3,2.00e-04,0.178,0.124,0.121,0.108,0.150,0.111,0.099,0.108,0.000
226,2446.51,3320.16,2711,0,620,1,2.008,2099.6,rl_v3,2.00e-04,0.157,0.142,0.126,0.096,0.127,0.128,0.102,0.122,0.000
227,1775.75,3285.29,2466,0,-1663,-1,2.005,2110.7,rl_v3,2.00e-04,0.171,0.145,0.134,0.088,0.133,0.119,0.101,0.108,0.000
228,5396.05,3324.03,5574,0,3502,1,1.972,2120.6,rl_v3,2.00e-04,0.198,0.128,0.127,0.108,0.112,0.102,0.112,0.112,0.000
229,1623.63,3333.45,2153,0,-800,-1,2.009,2131.0,rl_v3,2.00e-04,0.175,0.132,0.117,0.102,0.164,0.101,0.096,0.114,0.000
230,3199.59,3357.81,3709,0,652,1,2.013,2141.0,rl_v3,2.00e-04,0.148,0.136,0.114,0.115,0.137,0.119,0.121,0.112,0.000
231,1049.33,3336.54,1618,0,-1467,-1,2.002,2151.4,rl_v3,2.00e-04,0.170,0.121,0.121,0.122,0.132,0.105,0.098,0.131,0.000
232,5063.96,3373.61,5249,0,844,1,1.948,2162.5,rl_v3,2.00e-04,0.206,0.106,0.115,0.139,0.153,0.113,0.067,0.101,0.000
233,5893.72,3424.35,6244,0,2606,1,1.956,2173.2,rl_v3,2.00e-04,0.233,0.090,0.112,0.128,0.109,0.125,0.096,0.107,0.000
234,2984.34,3438.45,3445,0,-223,-1,1.991,2184.5,rl_v3,2.00e-04,0.185,0.123,0.099,0.123,0.157,0.113,0.087,0.113,0.000
235,1520.78,3428.76,2379,0,-371,-1,2.010,2195.3,rl_v3,2.00e-04,0.160,0.128,0.121,0.124,0.134,0.123,0.090,0.121,0.000
236,10534.69,3457.42,10307,1,720,1,1.949,2208.1,rl_v3,2.00e-04,0.181,0.088,0.087,0.154,0.136,0.126,0.086,0.141,0.000
237,2350.97,3411.66,2916,0,-1218,-1,2.013,2218.8,rl_v3,2.00e-04,0.144,0.114,0.112,0.124,0.128,0.145,0.103,0.131,0.000
238,2095.42,3341.24,2558,0,206,1,2.016,2228.5,rl_v3,2.00e-04,0.156,0.128,0.125,0.101,0.130,0.118,0.120,0.122,0.000
239,1737.48,3339.81,2095,0,-489,-1,2.018,2238.3,rl_v3,2.00e-04,0.133,0.136,0.126,0.115,0.135,0.124,0.120,0.111,0.000
240,3127.40,3363.80,4157,0,1336,1,1.998,2249.0,rl_v3,2.00e-04,0.134,0.138,0.125,0.116,0.137,0.118,0.119,0.112,0.000
241,2199.20,3362.94,2541,0,-916,-1,2.007,2259.1,rl_v3,2.00e-04,0.116,0.110,0.130,0.134,0.144,0.127,0.113,0.126,0.000
242,6077.30,3342.66,6343,0,4890,1,1.984,2269.7,rl_v3,2.00e-04,0.153,0.111,0.111,0.118,0.116,0.138,0.147,0.105,0.000
243,3999.26,3362.35,5035,0,1625,1,2.013,2280.8,rl_v3,2.00e-04,0.145,0.131,0.115,0.107,0.127,0.138,0.122,0.114,0.000
244,5496.36,3301.24,5794,0,792,1,1.994,2292.8,rl_v3,2.00e-04,0.145,0.128,0.119,0.125,0.144,0.121,0.093,0.125,0.000
245,1845.51,3307.47,2735,0,-2199,-1,2.001,2303.4,rl_v3,2.00e-04,0.143,0.136,0.141,0.101,0.153,0.122,0.102,0.103,0.000
246,2542.46,3311.81,2822,0,-1466,-1,1.996,2314.7,rl_v3,2.00e-04,0.161,0.144,0.113,0.115,0.144,0.131,0.078,0.114,0.000
247,2537.57,3332.97,2898,0,-808,-1,1.993,2326.2,rl_v3,2.00e-04,0.141,0.147,0.116,0.131,0.127,0.140,0.080,0.118,0.000
248,3008.45,3289.95,3231,0,-1076,-1,1.993,2337.2,rl_v3,2.00e-04,0.129,0.134,0.116,0.138,0.126,0.135,0.091,0.131,0.000
249,3043.65,3317.82,3786,0,1140,1,2.001,2348.2,rl_v3,2.00e-04,0.128,0.125,0.125,0.137,0.129,0.140,0.107,0.108,0.000
250,3168.31,3328.57,3419,0,1099,1,1.994,2358.1,rl_v3,2.00e-04,0.151,0.114,0.137,0.132,0.118,0.137,0.106,0.107,0.000
251,1462.74,3325.60,2658,0,-2092,-1,1.992,2369.1,rl_v3,2.00e-04,0.146,0.134,0.124,0.129,0.142,0.118,0.093,0.114,0.000
252,5196.66,3342.87,5372,0,2455,1,1.988,2380.0,rl_v3,2.00e-04,0.152,0.139,0.131,0.128,0.113,0.124,0.098,0.115,0.000
253,2686.09,3346.33,3424,0,-157,-1,1.969,2391.6,rl_v3,2.00e-04,0.126,0.143,0.139,0.125,0.128,0.128,0.093,0.119,0.000
254,2326.44,3340.44,2757,0,-1357,-1,1.989,2402.4,rl_v3,2.00e-04,0.111,0.151,0.134,0.124,0.131,0.137,0.086,0.126,0.000
255,2367.47,3299.49,3083,0,-1094,-1,1.984,2413.4,rl_v3,2.00e-04,0.138,0.127,0.121,0.130,0.149,0.127,0.079,0.128,0.000
256,456.34,3250.11,1241,0,-80,-1,1.998,2423.2,rl_v3,2.00e-04,0.131,0.141,0.131,0.123,0.163,0.129,0.082,0.100,0.000
257,2814.18,3262.43,3249,0,-1296,-1,1.990,2434.3,rl_v3,2.00e-04,0.130,0.126,0.113,0.152,0.145,0.122,0.090,0.122,0.000
258,2423.67,3261.30,3396,0,-1010,-1,1.994,2445.5,rl_v3,2.00e-04,0.139,0.138,0.134,0.139,0.138,0.122,0.082,0.108,0.000
259,6680.83,3249.55,6427,1,122,1,1.977,2456.8,rl_v3,2.00e-04,0.140,0.127,0.130,0.121,0.153,0.129,0.078,0.119,0.001
260,3337.52,3266.32,3768,0,-481,-1,2.012,2468.0,rl_v3,2.00e-04,0.146,0.136,0.137,0.108,0.140,0.114,0.090,0.130,0.000
261,1917.95,3280.73,2172,0,-353,-1,2.020,2477.8,rl_v3,2.00e-04,0.118,0.141,0.131,0.142,0.131,0.110,0.093,0.134,0.000
262,2923.65,3249.76,3677,0,787,1,2.006,2488.4,rl_v3,2.00e-04,0.121,0.125,0.142,0.137,0.109,0.132,0.106,0.128,0.000
263,1694.59,3180.59,2161,0,-205,-1,2.020,2498.8,rl_v3,2.00e-04,0.126,0.133,0.107,0.152,0.119,0.134,0.110,0.121,0.000
264,8451.47,3236.46,7687,1,79,1,1.952,2510.4,rl_v3,2.00e-04,0.146,0.126,0.081,0.187,0.145,0.137,0.085,0.091,0.000
265,6485.51,3288.46,6897,0,3941,1,1.996,2521.7,rl_v3,2.00e-04,0.150,0.106,0.106,0.163,0.118,0.131,0.107,0.119,0.000
266,844.08,3289.26,1404,0,-546,-1,2.028,2531.2,rl_v3,2.00e-04,0.121,0.144,0.088,0.152,0.116,0.135,0.146,0.099,0.000
267,22.87,3243.95,993,0,-1001,-1,2.025,2540.7,rl_v3,2.00e-04,0.120,0.141,0.107,0.132,0.117,0.137,0.132,0.114,0.000
268,3037.66,3247.57,3441,0,1629,1,2.016,2551.3,rl_v3,2.00e-04,0.124,0.147,0.111,0.134,0.116,0.117,0.128,0.123,0.000
269,2662.60,3198.43,3290,0,458,1,2.001,2562.3,rl_v3,2.00e-04,0.129,0.149,0.103,0.148,0.146,0.108,0.124,0.093,0.000
270,5880.30,3231.39,6251,1,-473,-1,1.999,2573.4,rl_v3,2.00e-04,0.121,0.147,0.106,0.145,0.106,0.124,0.129,0.123,0.001
271,1909.02,3229.57,2425,0,492,1,2.017,2582.9,rl_v3,2.00e-04,0.152,0.122,0.119,0.132,0.113,0.126,0.134,0.102,0.000
272,3234.99,3231.23,4116,0,912,1,2.007,2593.7,rl_v3,2.00e-04,0.140,0.131,0.108,0.130,0.139,0.114,0.125,0.113,0.000
273,4483.77,3248.75,4925,0,2444,1,2.006,2604.3,rl_v3,2.00e-04,0.143,0.123,0.114,0.139,0.139,0.106,0.126,0.110,0.000
274,3917.57,3269.41,4415,0,192,1,1.980,2616.0,rl_v3,2.00e-04,0.131,0.139,0.113,0.126,0.149,0.118,0.106,0.119,0.000
275,955.01,3265.18,1965,0,-105,-1,2.010,2625.7,rl_v3,2.00e-04,0.126,0.142,0.107,0.113,0.132,0.119,0.127,0.133,0.000
276,10841.01,3337.42,10706,1,510,1,1.978,2638.9,rl_v3,2.00e-04,0.166,0.127,0.122,0.117,0.101,0.139,0.099,0.128,0.000
277,5718.90,3314.36,6757,0,3344,1,1.975,2651.2,rl_v3,2.00e-04,0.140,0.134,0.126,0.120,0.126,0.114,0.100,0.141,0.000
278,4296.76,3330.21,5486,0,-265,-1,1.995,2662.1,rl_v3,2.00e-04,0.153,0.119,0.119,0.118,0.128,0.107,0.104,0.152,0.000
279,2099.09,3294.99,2947,0,332,1,2.020,2672.9,rl_v3,2.00e-04,0.121,0.156,0.129,0.093,0.126,0.119,0.116,0.141,0.000
280,-266.94,3256.10,786,0,-407,-1,2.031,2682.9,rl_v3,2.00e-04,0.117,0.142,0.118,0.099,0.130,0.136,0.124,0.134,0.000
281,2961.04,3284.97,3296,0,-38,-1,2.008,2693.4,rl_v3,2.00e-04,0.142,0.157,0.136,0.104,0.113,0.113,0.103,0.132,0.000
282,3705.66,3296.71,3947,0,844,1,2.012,2704.3,rl_v3,2.00e-04,0.140,0.158,0.141,0.109,0.124,0.119,0.095,0.115,0.000
283,1871.92,3304.07,2706,0,-226,-1,2.012,2715.1,rl_v3,2.00e-04,0.112,0.132,0.138,0.111,0.123,0.142,0.107,0.136,0.000
284,3925.35,3313.92,4211,0,-708,-1,2.005,2726.4,rl_v3,2.00e-04,0.134,0.124,0.116,0.127,0.133,0.148,0.098,0.120,0.000
285,1120.93,3258.31,1499,0,7,1,2.024,2735.9,rl_v3,2.00e-04,0.135,0.135,0.122,0.130,0.126,0.127,0.107,0.117,0.000
286,4035.89,3267.80,4248,0,-322,-1,2.004,2747.9,rl_v3,2.00e-04,0.123,0.145,0.142,0.136,0.128,0.112,0.087,0.128,0.000
287,3902.27,3244.73,4330,0,1235,1,2.005,2759.2,rl_v3,2.00e-04,0.144,0.109,0.141,0.124,0.128,0.122,0.100,0.130,0.000
288,4060.50,3268.32,4449,0,-942,-1,2.003,2771.0,rl_v3,2.00e-04,0.149,0.118,0.111,0.136,0.142,0.142,0.087,0.115,0.000
289,3320.80,3233.89,3683,0,2006,1,2.005,2781.6,rl_v3,2.00e-04,0.165,0.106,0.127,0.129,0.134,0.105,0.101,0.133,0.000
290,4074.35,3261.48,4431,0,1319,1,2.005,2792.7,rl_v3,2.00e-04,0.136,0.126,0.125,0.130,0.139,0.122,0.100,0.120,0.000
291,1504.28,3208.36,2647,0,-133,-1,2.015,2803.4,rl_v3,2.00e-04,0.148,0.120,0.132,0.119,0.139,0.121,0.102,0.117,0.000
292,3778.82,3220.96,4270,0,368,1,1.993,2815.1,rl_v3,2.00e-04,0.132,0.120,0.143,0.115,0.123,0.136,0.104,0.127,0.000
293,2721.59,3214.98,4077,0,-1289,-1,1.982,2827.5,rl_v3,2.00e-04,0.131,0.112,0.150,0.117,0.135,0.134,0.080,0.141,0.000
294,1544.42,3217.08,2310,0,-260,-1,1.998,2838.3,rl_v3,2.00e-04,0.133,0.118,0.139,0.125,0.142,0.120,0.081,0.141,0.000
295,1522.00,3216.50,2141,0,-329,-1,2.005,2848.3,rl_v3,2.00e-04,0.142,0.100,0.117,0.132,0.128,0.126,0.110,0.145,0.000
296,5443.53,3263.82,6207,0,-2317,-1,1.974,2860.4,rl_v3,2.00e-04,0.155,0.080,0.133,0.118,0.114,0.151,0.084,0.165,0.000
297,1219.63,3238.98,2514,0,-1666,-1,2.008,2872.0,rl_v3,2.00e-04,0.110,0.117,0.119,0.134,0.120,0.151,0.103,0.145,0.000
298,3888.72,3251.35,4298,0,951,1,1.992,2883.2,rl_v3,2.00e-04,0.126,0.118,0.118,0.133,0.131,0.115,0.103,0.156,0.000
299,5080.33,3287.67,5349,0,2337,1,1.982,2893.7,rl_v3,2.00e-04,0.148,0.113,0.126,0.142,0.125,0.107,0.106,0.133,0.000
300,1620.14,3260.77,2053,0,-453,-1,1.987,2903.9,rl_v3,2.00e-04,0.161,0.122,0.099,0.129,0.159,0.109,0.097,0.125,0.000
301,5159.42,3294.75,5593,0,2426,1,1.967,2915.7,rl_v3,2.00e-04,0.168,0.116,0.134,0.115,0.120,0.108,0.086,0.152,0.000
302,1258.26,3290.91,1592,0,-878,-1,1.991,2926.4,rl_v3,2.00e-04,0.127,0.122,0.118,0.131,0.161,0.114,0.080,0.147,0.000
303,5735.80,3327.01,5634,1,-1011,-1,1.960,2937.1,rl_v3,2.00e-04,0.149,0.104,0.120,0.141,0.141,0.118,0.078,0.149,0.001
304,2596.60,3337.45,2848,0,-50,-1,1.988,2947.6,rl_v3,2.00e-04,0.128,0.133,0.111,0.149,0.152,0.111,0.093,0.123,0.000
305,4054.33,3331.92,4357,0,2479,1,1.993,2958.2,rl_v3,2.00e-04,0.138,0.107,0.125,0.137,0.117,0.119,0.104,0.154,0.000
306,3951.61,3342.86,4068,0,975,1,1.984,2969.0,rl_v3,2.00e-04,0.136,0.124,0.105,0.143,0.137,0.127,0.096,0.131,0.000
307,4919.68,3392.09,5179,0,528,1,1.992,2979.7,rl_v3,2.00e-04,0.133,0.129,0.109,0.138,0.141,0.116,0.096,0.137,0.000
308,1817.42,3364.51,2081,0,-1166,-1,2.000,2990.0,rl_v3,2.00e-04,0.123,0.132,0.117,0.133,0.124,0.148,0.102,0.121,0.000
309,933.42,3347.38,2057,0,-1389,-1,2.011,3000.7,rl_v3,2.00e-04,0.130,0.138,0.121,0.130,0.107,0.129,0.113,0.132,0.000
310,2726.41,3340.57,3723,0,213,1,1.993,3011.2,rl_v3,2.00e-04,0.123,0.136,0.144,0.109,0.120,0.130,0.100,0.139,0.000
311,5251.60,3349.62,5526,0,2122,1,1.999,3022.4,rl_v3,2.00e-04,0.132,0.129,0.147,0.110,0.108,0.116,0.122,0.136,0.000
312,4440.90,3389.46,4949,0,422,1,2.011,3034.5,rl_v3,2.00e-04,0.146,0.141,0.150,0.112,0.110,0.138,0.083,0.118,0.000
313,2282.83,3357.21,2619,0,194,1,2.006,3044.9,rl_v3,2.00e-04,0.129,0.131,0.135,0.133,0.128,0.128,0.094,0.123,0.000
314,6231.79,3391.42,6148,1,-904,-1,1.996,3056.0,rl_v3,2.00e-04,0.146,0.127,0.141,0.119,0.119,0.134,0.088,0.126,0.001
315,1264.33,3366.85,2045,0,-1035,-1,2.003,3066.2,rl_v3,2.00e-04,0.142,0.117,0.135,0.133,0.117,0.118,0.102,0.136,0.000
316,1288.65,3362.97,2127,0,-2212,-1,1.986,3076.7,rl_v3,2.00e-04,0.133,0.147,0.127,0.133,0.125,0.121,0.089,0.125,0.000
317,2252.15,3366.44,3025,0,-483,-1,1.995,3087.9,rl_v3,2.00e-04,0.129,0.134,0.165,0.116,0.130,0.102,0.095,0.129,0.000
318,5306.14,3388.14,5769,0,1340,1,1.988,3100.3,rl_v3,2.00e-04,0.126,0.144,0.126,0.105,0.145,0.096,0.103,0.154,0.000
319,1655.73,3395.66,2035,0,-564,-1,1.996,3110.9,rl_v3,2.00e-04,0.124,0.130,0.120,0.130,0.118,0.134,0.107,0.137,0.000
320,4176.06,3410.18,4719,0,-208,-1,1.951,3123.0,rl_v3,2.00e-04,0.147,0.101,0.117,0.134,0.141,0.112,0.093,0.155,0.000
321,4195.83,3427.57,4802,0,1277,1,1.993,3135.3,rl_v3,2.00e-04,0.136,0.114,0.135,0.117,0.130,0.134,0.092,0.143,0.000
322,3019.56,3433.49,3384,0,-670,-1,1.999,3146.2,rl_v3,2.00e-04,0.141,0.124,0.137,0.141,0.127,0.111,0.089,0.131,0.000
323,4391.54,3409.81,4616,0,1496,1,1.999,3157.6,rl_v3,2.00e-04,0.149,0.122,0.123,0.119,0.159,0.112,0.086,0.129,0.000
324,8589.03,3430.18,8850,0,4530,1,1.992,3170.4,rl_v3,2.00e-04,0.168,0.119,0.131,0.120,0.137,0.114,0.090,0.121,0.000
325,1871.83,3362.53,2182,0,277,1,2.010,3180.3,rl_v3,2.00e-04,0.123,0.118,0.127,0.134,0.152,0.125,0.093,0.128,0.000
326,1131.74,3349.38,2145,0,-1107,-1,2.009,3191.1,rl_v3,2.00e-04,0.109,0.108,0.130,0.151,0.131,0.135,0.106,0.129,0.000
327,776.65,3339.39,1593,0,-213,-1,2.012,3200.9,rl_v3,2.00e-04,0.134,0.100,0.133,0.134,0.142,0.117,0.103,0.138,0.000
328,1103.86,3296.46,1580,0,-926,-1,2.000,3211.7,rl_v3,2.00e-04,0.134,0.121,0.108,0.142,0.137,0.115,0.106,0.137,0.000
329,1835.02,3298.58,2452,0,-63,-1,2.014,3221.9,rl_v3,2.00e-04,0.151,0.100,0.130,0.124,0.137,0.114,0.112,0.133,0.000
330,1080.00,3277.38,2342,0,-2015,-1,1.998,3232.9,rl_v3,2.00e-04,0.130,0.110,0.119,0.145,0.133,0.124,0.107,0.133,0.000
331,1752.43,3284.41,2642,0,181,1,1.995,3243.1,rl_v3,2.00e-04,0.146,0.109,0.125,0.124,0.123,0.117,0.112,0.144,0.000
332,6761.83,3301.39,7037,0,3878,1,1.985,3255.4,rl_v3,2.00e-04,0.142,0.106,0.136,0.135,0.122,0.129,0.099,0.130,0.000
333,3007.26,3272.53,3478,0,-780,-1,1.995,3266.8,rl_v3,2.00e-04,0.114,0.112,0.143,0.143,0.139,0.118,0.090,0.140,0.000
334,3795.21,3280.64,4065,0,792,1,1.985,3278.1,rl_v3,2.00e-04,0.118,0.114,0.132,0.136,0.117,0.130,0.101,0.151,0.000
335,5177.32,3317.20,5558,0,2349,1,1.980,3289.3,rl_v3,2.00e-04,0.151,0.097,0.111,0.119,0.126,0.123,0.115,0.157,0.000
336,6961.76,3281.47,6521,1,-352,-1,1.996,3300.4,rl_v3,2.00e-04,0.134,0.129,0.123,0.121,0.100,0.135,0.098,0.159,0.001
337,6778.39,3325.75,6993,1,-1480,-1,1.994,3312.6,rl_v3,2.00e-04,0.134,0.134,0.100,0.148,0.132,0.121,0.096,0.136,0.000
338,3652.06,3341.31,4409,0,2524,1,2.002,3323.7,rl_v3,2.00e-04,0.118,0.131,0.116,0.132,0.137,0.128,0.103,0.136,0.000
339,9287.91,3416.82,9130,1,46,1,1.991,3336.4,rl_v3,2.00e-04,0.130,0.127,0.109,0.149,0.123,0.115,0.111,0.135,0.000
340,4706.13,3432.60,5289,1,-3132,-1,1.998,3346.6,rl_v3,2.00e-04,0.116,0.163,0.115,0.124,0.127,0.126,0.105,0.123,0.001
341,4759.07,3458.20,5139,0,1294,1,1.999,3358.2,rl_v3,2.00e-04,0.124,0.147,0.116,0.117,0.134,0.105,0.110,0.146,0.000
342,1762.71,3415.06,2124,0,-739,-1,2.003,3368.7,rl_v3,2.00e-04,0.115,0.125,0.124,0.126,0.127,0.123,0.119,0.141,0.000
343,-404.57,3371.02,849,0,-1192,-1,2.019,3378.3,rl_v3,2.00e-04,0.125,0.126,0.122,0.125,0.090,0.153,0.143,0.116,0.000
344,1909.84,3335.15,2462,0,-609,-1,2.012,3389.0,rl_v3,2.00e-04,0.116,0.131,0.109,0.139,0.110,0.156,0.114,0.126,0.000
345,4730.20,3364.00,5523,0,2655,1,1.992,3400.2,rl_v3,2.00e-04,0.142,0.096,0.111,0.124,0.140,0.153,0.101,0.132,0.000
346,2026.08,3358.84,2576,0,1097,1,2.018,3410.3,rl_v3,2.00e-04,0.112,0.136,0.123,0.132,0.119,0.129,0.123,0.126,0.000
347,2964.25,3363.10,3709,0,-1028,-1,2.008,3422.3,rl_v3,2.00e-04,0.129,0.122,0.103,0.138,0.141,0.146,0.097,0.124,0.000
348,2016.80,3353.19,3236,0,-2064,-1,2.007,3434.1,rl_v3,2.00e-04,0.107,0.138,0.139,0.125,0.126,0.138,0.102,0.126,0.000
349,439.39,3327.15,1071,0,-877,-1,2.020,3443.8,rl_v3,2.00e-04,0.114,0.123,0.120,0.150,0.096,0.128,0.129,0.140,0.000
350,819.22,3303.65,1954,0,-1845,-1,2.014,3454.5,rl_v3,2.00e-04,0.114,0.127,0.121,0.149,0.112,0.126,0.131,0.119,0.000
351,1816.49,3307.19,2665,0,-419,-1,2.016,3464.3,rl_v3,2.00e-04,0.106,0.142,0.102,0.135,0.128,0.138,0.133,0.116,0.000
352,1767.33,3272.90,2360,0,-915,-1,2.012,3474.7,rl_v3,2.00e-04,0.117,0.153,0.123,0.121,0.103,0.137,0.135,0.111,0.000
353,3661.31,3282.65,4459,0,-825,-1,2.009,3487.2,rl_v3,2.00e-04,0.106,0.145,0.114,0.137,0.131,0.140,0.115,0.112,0.000
354,2698.27,3286.37,3543,0,-28,-1,2.000,3497.3,rl_v3,2.00e-04,0.151,0.127,0.105,0.141,0.117,0.125,0.123,0.111,0.000
355,3111.05,3293.80,3615,0,929,1,2.002,3507.4,rl_v3,2.00e-04,0.113,0.139,0.102,0.148,0.126,0.145,0.134,0.093,0.000
356,4990.27,3339.14,5492,1,210,1,1.973,3518.2,rl_v3,2.00e-04,0.138,0.131,0.106,0.150,0.113,0.150,0.107,0.103,0.001
357,1863.73,3329.64,2773,0,968,1,2.009,3528.1,rl_v3,2.00e-04,0.118,0.126,0.095,0.142,0.124,0.154,0.128,0.113,0.000
358,1235.98,3317.76,1663,0,-1585,-1,2.012,3537.8,rl_v3,2.00e-04,0.135,0.112,0.100,0.144,0.116,0.145,0.127,0.123,0.000
359,3325.80,3284.21,3964,0,51,1,1.991,3548.6,rl_v3,2.00e-04,0.163,0.108,0.101,0.166,0.125,0.116,0.107,0.113,0.000
360,2264.84,3273.49,2854,0,-243,-1,1.996,3558.9,rl_v3,2.00e-04,0.123,0.128,0.103,0.128,0.124,0.146,0.125,0.124,0.000
361,3002.36,3284.33,3347,0,1281,1,1.995,3569.3,rl_v3,2.00e-04,0.151,0.115,0.099,0.136,0.126,0.133,0.103,0.138,0.000
362,3441.42,3289.51,4754,0,2197,1,1.988,3580.5,rl_v3,2.00e-04,0.177,0.103,0.117,0.135,0.125,0.119,0.108,0.116,0.000
363,7794.77,3350.51,8083,0,4310,1,1.961,3592.9,rl_v3,2.00e-04,0.161,0.134,0.092,0.143,0.135,0.146,0.088,0.100,0.000
364,3986.42,3305.86,4643,0,-644,-1,1.985,3604.6,rl_v3,2.00e-04,0.153,0.118,0.111,0.126,0.117,0.142,0.103,0.129,0.000
365,8106.69,3322.07,8356,0,2672,1,1.964,3616.2,rl_v3,2.00e-04,0.196,0.086,0.121,0.155,0.125,0.109,0.098,0.110,0.000
366,2719.11,3340.82,3096,0,1166,1,1.996,3625.4,rl_v3,2.00e-04,0.155,0.107,0.120,0.121,0.120,0.116,0.126,0.136,0.000
367,4120.34,3381.80,4810,1,-2474,-1,1.982,3635.9,rl_v3,2.00e-04,0.132,0.109,0.103,0.127,0.120,0.115,0.127,0.167,0.001
368,1965.89,3371.08,2443,0,-1377,-1,2.004,3646.7,rl_v3,2.00e-04,0.143,0.113,0.110,0.125,0.122,0.115,0.122,0.150,0.000
369,4204.14,3386.49,4469,0,2938,1,1.997,3657.5,rl_v3,2.00e-04,0.123,0.107,0.125,0.148,0.136,0.129,0.099,0.133,0.000
370,6019.97,3387.89,6443,0,1758,1,1.996,3669.4,rl_v3,2.00e-04,0.126,0.116,0.098,0.141,0.120,0.137,0.106,0.156,0.000
371,1195.74,3380.76,2077,0,483,1,2.009,3679.1,rl_v3,2.00e-04,0.117,0.111,0.102,0.127,0.132,0.146,0.131,0.135,0.000
372,1840.05,3366.81,2175,0,-857,-1,2.002,3689.4,rl_v3,2.00e-04,0.133,0.125,0.133,0.133,0.115,0.127,0.103,0.130,0.000
373,1221.90,3334.19,1740,0,-532,-1,2.015,3699.9,rl_v3,2.00e-04,0.122,0.137,0.111,0.137,0.117,0.133,0.105,0.138,0.000
374,878.65,3303.80,1880,0,-1213,-1,2.001,3710.2,rl_v3,2.00e-04,0.141,0.125,0.091,0.127,0.130,0.144,0.113,0.129,0.000
375,8412.36,3378.37,8383,1,-1118,-1,1.976,3723.5,rl_v3,2.00e-04,0.154,0.126,0.115,0.153,0.117,0.115,0.092,0.128,0.000
376,7551.33,3345.48,8037,0,2533,1,1.968,3734.9,rl_v3,2.00e-04,0.182,0.128,0.108,0.139,0.127,0.105,0.109,0.102,0.000
377,4882.46,3337.11,5249,0,2284,1,2.004,3745.9,rl_v3,2.00e-04,0.143,0.138,0.099,0.125,0.135,0.131,0.127,0.103,0.000
378,821.57,3302.36,1882,0,-1191,-1,1.995,3756.2,rl_v3,2.00e-04,0.123,0.156,0.113,0.109,0.110,0.140,0.133,0.116,0.000
379,5186.17,3333.23,5475,0,2462,1,2.000,3767.1,rl_v3,2.00e-04,0.116,0.132,0.113,0.163,0.148,0.100,0.121,0.108,0.000
380,-412.57,3331.78,727,0,-1192,-1,2.013,3776.5,rl_v3,2.00e-04,0.117,0.119,0.114,0.126,0.103,0.146,0.153,0.123,0.000
381,823.87,3310.40,2301,0,-905,-1,2.017,3787.4,rl_v3,2.00e-04,0.115,0.125,0.132,0.137,0.122,0.133,0.121,0.115,0.000
382,2250.55,3295.85,2804,0,-1442,-1,2.012,3797.6,rl_v3,2.00e-04,0.118,0.137,0.114,0.128,0.116,0.147,0.124,0.117,0.000
383,733.27,3284.47,1129,0,-621,-1,2.012,3807.2,rl_v3,2.00e-04,0.103,0.115,0.124,0.144,0.116,0.143,0.111,0.144,0.000
384,1107.87,3256.29,2083,0,-1091,-1,2.009,3817.6,rl_v3,2.00e-04,0.136,0.094,0.126,0.136,0.112,0.145,0.112,0.139,0.000
385,1259.19,3257.67,2598,0,-1638,-1,2.014,3828.4,rl_v3,2.00e-04,0.102,0.114,0.134,0.132,0.116,0.141,0.116,0.144,0.000
386,3868.58,3256.00,4284,0,731,1,2.001,3839.6,rl_v3,2.00e-04,0.143,0.102,0.132,0.114,0.125,0.129,0.111,0.145,0.000
387,795.31,3224.93,1138,0,-825,-1,2.016,3848.6,rl_v3,2.00e-04,0.129,0.130,0.123,0.119,0.107,0.138,0.118,0.136,0.000
388,6118.78,3245.51,5652,1,177,1,2.002,3858.3,rl_v3,2.00e-04,0.161,0.142,0.124,0.109,0.128,0.124,0.106,0.105,0.001
389,4488.61,3257.19,4889,0,1374,1,2.014,3869.2,rl_v3,2.00e-04,0.138,0.108,0.120,0.136,0.135,0.134,0.108,0.121,0.000
390,1800.55,3234.45,2401,0,-778,-1,2.006,3879.8,rl_v3,2.00e-04,0.128,0.130,0.129,0.136,0.114,0.127,0.116,0.121,0.000
391,2328.24,3242.69,2818,0,-1335,-1,1.999,3890.4,rl_v3,2.00e-04,0.122,0.136,0.127,0.118,0.132,0.140,0.109,0.116,0.000
392,1363.46,3218.54,1947,0,-884,-1,2.006,3900.5,rl_v3,2.00e-04,0.126,0.136,0.123,0.103,0.123,0.141,0.112,0.136,0.000
393,2831.55,3219.64,3186,0,450,1,1.987,3911.4,rl_v3,2.00e-04,0.158,0.118,0.129,0.123,0.120,0.124,0.102,0.125,0.000
394,1562.86,3219.82,2733,0,-1381,-1,2.004,3922.1,rl_v3,2.00e-04,0.119,0.136,0.121,0.118,0.140,0.125,0.108,0.133,0.000
395,3503.29,3239.64,4776,0,204,1,2.008,3934.3,rl_v3,2.00e-04,0.138,0.133,0.134,0.128,0.125,0.119,0.107,0.116,0.000
396,3837.69,3223.58,4169,0,2367,1,1.999,3944.9,rl_v3,2.00e-04,0.141,0.117,0.124,0.135,0.128,0.113,0.125,0.117,0.000
397,2092.78,3232.31,2620,0,-315,-1,1.993,3955.6,rl_v3,2.00e-04,0.122,0.124,0.123,0.119,0.124,0.140,0.115,0.133,0.000
398,5082.95,3244.25,6103,0,2187,1,1.985,3966.4,rl_v3,2.00e-04,0.114,0.130,0.119,0.121,0.135,0.121,0.111,0.151,0.000
399,3913.95,3232.59,4213,0,718,1,1.975,3977.4,rl_v3,2.00e-04,0.180,0.076,0.113,0.153,0.144,0.109,0.095,0.131,0.000
400,3172.60,3248.11,4055,0,967,1,1.987,3988.7,rl_v3,2.00e-04,0.137,0.098,0.125,0.150,0.131,0.112,0.115,0.130,0.000
401,5475.48,3251.27,5863,0,3335,1,2.000,3999.9,rl_v3,2.00e-04,0.128,0.098,0.125,0.155,0.138,0.098,0.129,0.130,0.000
402,1289.48,3251.59,2081,0,-1139,-1,1.997,4010.0,rl_v3,2.00e-04,0.136,0.137,0.127,0.131,0.105,0.123,0.116,0.126,0.000
403,2477.08,3219.00,3018,0,97,1,1.993,4020.6,rl_v3,2.00e-04,0.102,0.138,0.120,0.149,0.131,0.121,0.117,0.122,0.000
404,3063.73,3223.67,4179,0,319,1,1.988,4032.1,rl_v3,2.00e-04,0.124,0.112,0.139,0.152,0.107,0.128,0.104,0.134,0.000
405,2683.70,3209.96,3134,0,26,1,2.008,4042.3,rl_v3,2.00e-04,0.128,0.096,0.122,0.155,0.133,0.118,0.096,0.151,0.000
406,1122.73,3181.68,1904,0,-1062,-1,2.008,4051.9,rl_v3,2.00e-04,0.133,0.132,0.122,0.117,0.108,0.129,0.106,0.153,0.000
407,2937.38,3161.85,3294,0,-420,-1,2.004,4063.1,rl_v3,2.00e-04,0.132,0.127,0.135,0.127,0.115,0.125,0.111,0.128,0.000
408,145.95,3145.14,1414,0,-1703,-1,2.009,4073.9,rl_v3,2.00e-04,0.130,0.122,0.150,0.127,0.113,0.139,0.086,0.133,0.000
409,1194.36,3147.75,2171,0,-359,-1,1.999,4084.6,rl_v3,2.00e-04,0.140,0.143,0.118,0.132,0.125,0.115,0.105,0.122,0.000
410,5859.07,3179.07,6231,0,2815,1,1.985,4096.4,rl_v3,2.00e-04,0.157,0.120,0.144,0.143,0.106,0.117,0.092,0.121,0.000
411,643.45,3132.99,1130,0,-839,-1,2.006,4105.8,rl_v3,2.00e-04,0.135,0.128,0.128,0.135,0.107,0.140,0.098,0.128,0.000
412,5016.80,3138.75,5397,0,2036,1,1.992,4117.2,rl_v3,2.00e-04,0.140,0.119,0.108,0.174,0.120,0.120,0.088,0.130,0.000
413,2495.87,3140.88,2827,0,-700,-1,2.005,4127.5,rl_v3,2.00e-04,0.106,0.152,0.117,0.134,0.135,0.129,0.094,0.133,0.000
414,1622.84,3094.79,2199,0,-836,-1,2.004,4137.9,rl_v3,2.00e-04,0.129,0.140,0.124,0.124,0.140,0.121,0.111,0.112,0.000
415,1357.56,3095.72,1804,0,-1293,-1,2.003,4147.8,rl_v3,2.00e-04,0.126,0.129,0.134,0.151,0.111,0.128,0.110,0.111,0.000
416,2778.38,3110.62,3716,0,-283,-1,2.007,4158.8,rl_v3,2.00e-04,0.124,0.124,0.110,0.161,0.130,0.126,0.098,0.127,0.000
417,5851.83,3146.62,6063,0,3277,1,2.015,4169.8,rl_v3,2.00e-04,0.134,0.126,0.124,0.148,0.121,0.118,0.091,0.137,0.000
418,7231.63,3165.87,7153,1,-1088,-1,2.014,4180.3,rl_v3,2.00e-04,0.118,0.149,0.118,0.150,0.118,0.129,0.106,0.111,0.001
419,7946.75,3228.78,7553,1,-1490,-1,2.002,4191.8,rl_v3,2.00e-04,0.123,0.121,0.123,0.162,0.128,0.110,0.091,0.142,0.000
420,1680.91,3203.83,2075,0,-478,-1,2.020,4202.1,rl_v3,2.00e-04,0.112,0.131,0.132,0.146,0.116,0.120,0.115,0.127,0.000
421,866.34,3170.54,2132,0,-2080,-1,2.025,4212.4,rl_v3,2.00e-04,0.127,0.129,0.130,0.130,0.111,0.127,0.126,0.119,0.000
422,3349.87,3173.84,4386,0,420,1,2.009,4222.9,rl_v3,2.00e-04,0.120,0.119,0.118,0.142,0.125,0.139,0.109,0.128,0.000
423,776.58,3137.69,1725,0,-1449,-1,2.008,4233.2,rl_v3,2.00e-04,0.114,0.132,0.144,0.123,0.118,0.115,0.120,0.134,0.000
424,1637.07,3068.17,2262,0,-977,-1,2.016,4243.5,rl_v3,2.00e-04,0.129,0.123,0.133,0.140,0.123,0.129,0.115,0.107,0.000
425,2644.38,3075.90,3063,0,-1093,-1,2.001,4254.4,rl_v3,2.00e-04,0.120,0.124,0.145,0.135,0.120,0.114,0.117,0.126,0.000
426,799.71,3072.58,1868,0,-1525,-1,2.003,4265.0,rl_v3,2.00e-04,0.120,0.127,0.151,0.138,0.111,0.110,0.121,0.121,0.000
427,1454.49,3079.35,2010,0,-718,-1,2.001,4275.0,rl_v3,2.00e-04,0.125,0.137,0.145,0.114,0.103,0.130,0.114,0.131,0.000
428,2291.73,3091.23,2732,0,459,1,1.996,4285.9,rl_v3,2.00e-04,0.134,0.125,0.142,0.124,0.117,0.104,0.116,0.139,0.000
429,2293.52,3095.82,2814,0,124,1,2.006,4296.8,rl_v3,2.00e-04,0.117,0.152,0.128,0.130,0.115,0.119,0.114,0.125,0.000
430,4151.75,3126.54,4394,0,1337,1,2.007,4307.2,rl_v3,2.00e-04,0.114,0.149,0.128,0.143,0.113,0.108,0.118,0.126,0.000
431,775.67,3116.77,1912,0,-1337,-1,2.007,4318.0,rl_v3,2.00e-04,0.133,0.133,0.135,0.111,0.126,0.110,0.119,0.134,0.000
432,1757.37,3066.72,2202,0,-817,-1,2.011,4328.3,rl_v3,2.00e-04,0.117,0.131,0.136,0.128,0.112,0.122,0.118,0.135,0.000
433,3717.84,3073.83,3884,0,-346,-1,2.004,4339.1,rl_v3,2.00e-04,0.141,0.145,0.119,0.122,0.113,0.138,0.087,0.135,0.000
434,788.47,3043.76,1402,0,-989,-1,2.019,4348.4,rl_v3,2.00e-04,0.142,0.130,0.130,0.116,0.114,0.131,0.135,0.102,0.000
435,4607.12,3038.06,4915,0,1272,1,1.999,4360.1,rl_v3,2.00e-04,0.121,0.138,0.112,0.142,0.138,0.118,0.106,0.125,0.000
436,2251.38,2990.96,2999,0,1153,1,2.011,4370.9,rl_v3,2.00e-04,0.149,0.132,0.126,0.111,0.104,0.123,0.126,0.130,0.000
437,7527.22,2998.44,7483,1,-1516,-1,1.971,4381.9,rl_v3,2.00e-04,0.131,0.118,0.118,0.170,0.103,0.141,0.106,0.113,0.001
438,1384.28,2975.77,2449,0,-2001,-1,1.997,4393.2,rl_v3,2.00e-04,0.113,0.154,0.140,0.109,0.126,0.119,0.100,0.137,0.000
439,3299.59,2915.88,3646,0,-229,-1,1.992,4404.5,rl_v3,2.00e-04,0.124,0.136,0.129,0.126,0.107,0.135,0.102,0.141,0.000
440,2242.75,2891.25,3146,0,-716,-1,2.000,4416.1,rl_v3,2.00e-04,0.115,0.115,0.109,0.142,0.144,0.123,0.101,0.151,0.000
441,2300.74,2866.67,2786,0,299,1,2.004,4426.3,rl_v3,2.00e-04,0.117,0.126,0.114,0.113,0.155,0.130,0.114,0.133,0.000
442,3081.74,2879.86,3284,0,575,1,1.985,4436.9,rl_v3,2.00e-04,0.107,0.143,0.141,0.122,0.119,0.111,0.101,0.156,0.000
443,3734.47,2921.25,4207,0,11,1,1.986,4447.7,rl_v3,2.00e-04,0.120,0.120,0.144,0.128,0.100,0.130,0.108,0.150,0.000
444,1567.94,2917.83,1949,0,-775,-1,1.993,4458.1,rl_v3,2.00e-04,0.136,0.146,0.126,0.119,0.113,0.136,0.102,0.121,0.000
445,5707.13,2927.60,5964,0,3971,1,1.985,4468.8,rl_v3,2.00e-04,0.126,0.120,0.111,0.119,0.108,0.148,0.117,0.150,0.000
446,2130.64,2928.64,2595,0,-1732,-1,1.995,4480.2,rl_v3,2.00e-04,0.124,0.149,0.133,0.112,0.108,0.121,0.102,0.152,0.000
447,2553.08,2924.53,3379,0,-384,-1,2.003,4491.8,rl_v3,2.00e-04,0.106,0.137,0.123,0.117,0.126,0.122,0.109,0.160,0.000
448,2508.51,2929.45,2951,0,358,1,2.013,4502.3,rl_v3,2.00e-04,0.103,0.147,0.139,0.120,0.116,0.119,0.108,0.147,0.000
449,466.44,2929.72,1484,0,-1275,-1,2.004,4512.6,rl_v3,2.00e-04,0.116,0.136,0.132,0.116,0.134,0.121,0.117,0.128,0.000
450,1836.94,2939.90,2144,0,-707,-1,1.998,4522.9,rl_v3,2.00e-04,0.111,0.143,0.140,0.112,0.113,0.134,0.099,0.148,0.000
451,3109.91,2952.83,3399,0,522,1,2.005,4533.1,rl_v3,2.00e-04,0.125,0.133,0.147,0.124,0.125,0.122,0.097,0.126,0.000
452,6333.51,2998.49,7350,0,1388,1,1.993,4544.5,rl_v3,2.00e-04,0.125,0.124,0.139,0.111,0.122,0.137,0.098,0.144,0.000
453,770.79,2969.59,1769,0,-1728,-1,2.019,4554.5,rl_v3,2.00e-04,0.122,0.127,0.115,0.127,0.124,0.124,0.130,0.131,0.000
454,1156.27,2954.17,2247,0,-1028,-1,2.008,4565.3,rl_v3,2.00e-04,0.121,0.143,0.126,0.132,0.128,0.113,0.121,0.117,0.000
455,1007.83,2933.13,2085,0,-363,-1,2.003,4576.6,rl_v3,2.00e-04,0.132,0.149,0.135,0.115,0.110,0.122,0.106,0.130,0.000
456,8291.59,2966.15,8087,1,180,1,1.986,4587.7,rl_v3,2.00e-04,0.130,0.150,0.137,0.103,0.109,0.151,0.088,0.133,0.001
457,1826.73,2965.78,2261,0,-912,-1,2.004,4597.8,rl_v3,2.00e-04,0.128,0.125,0.114,0.130,0.125,0.139,0.112,0.128,0.000
458,1610.53,2969.52,2413,0,-11,-1,1.998,4607.8,rl_v3,2.00e-04,0.105,0.160,0.114,0.115,0.114,0.143,0.112,0.137,0.000
459,3958.39,2975.85,4402,0,2881,1,2.010,4618.5,rl_v3,2.00e-04,0.127,0.139,0.121,0.107,0.126,0.128,0.123,0.130,0.000
460,5222.79,3005.43,6119,0,1264,1,1.992,4629.9,rl_v3,2.00e-04,0.124,0.133,0.120,0.129,0.097,0.138,0.109,0.149,0.000
461,1917.32,2994.58,2741,0,-855,-1,2.011,4641.4,rl_v3,2.00e-04,0.120,0.138,0.118,0.131,0.114,0.139,0.110,0.130,0.000
462,4115.36,3001.32,4397,0,2395,1,2.003,4652.3,rl_v3,2.00e-04,0.130,0.130,0.118,0.135,0.128,0.116,0.111,0.133,0.000
463,2160.44,2944.97,3550,0,933,1,2.014,4663.8,rl_v3,2.00e-04,0.108,0.135,0.124,0.133,0.143,0.119,0.115,0.124,0.000
464,2359.59,2928.71,3324,0,1158,1,2.008,4673.5,rl_v3,2.00e-04,0.111,0.143,0.124,0.103,0.131,0.116,0.132,0.141,0.000
465,270.46,2850.34,1275,0,-404,-1,2.018,4682.8,rl_v3,2.00e-04,0.116,0.131,0.106,0.144,0.123,0.104,0.138,0.139,0.000
466,1676.62,2839.92,3036,0,-1441,-1,2.010,4694.1,rl_v3,2.00e-04,0.103,0.150,0.127,0.118,0.134,0.107,0.118,0.141,0.000
467,1555.27,2814.27,2780,0,-28,-1,2.016,4704.5,rl_v3,2.00e-04,0.118,0.114,0.131,0.136,0.115,0.121,0.127,0.138,0.000
468,2596.79,2820.58,3118,0,383,1,2.007,4715.4,rl_v3,2.00e-04,0.126,0.133,0.125,0.135,0.114,0.119,0.124,0.124,0.000
469,1519.72,2793.73,2135,0,-518,-1,2.004,4726.3,rl_v3,2.00e-04,0.118,0.150,0.123,0.122,0.108,0.119,0.132,0.129,0.000
470,1555.81,2749.09,2693,0,-501,-1,2.000,4737.2,rl_v3,2.00e-04,0.114,0.114,0.106,0.141,0.124,0.138,0.121,0.142,0.000
471,2479.56,2761.93,2988,0,366,1,2.006,4746.8,rl_v3,2.00e-04,0.145,0.138,0.088,0.137,0.113,0.129,0.131,0.120,0.000
472,3116.82,2774.70,3627,0,1368,1,2.007,4757.1,rl_v3,2.00e-04,0.136,0.128,0.106,0.131,0.108,0.120,0.141,0.130,0.000
473,1575.84,2778.24,2515,0,-524,-1,2.007,4767.7,rl_v3,2.00e-04,0.118,0.123,0.109,0.123,0.135,0.135,0.118,0.139,0.000
474,2456.46,2794.01,3091,0,350,1,2.006,4778.7,rl_v3,2.00e-04,0.124,0.138,0.118,0.129,0.112,0.122,0.126,0.132,0.000
475,992.22,2719.81,1499,0,212,1,2.000,4788.6,rl_v3,2.00e-04,0.127,0.134,0.112,0.128,0.112,0.136,0.116,0.134,0.000
476,2769.60,2672.00,3405,0,-702,-1,1.997,4800.2,rl_v3,2.00e-04,0.121,0.127,0.109,0.144,0.125,0.129,0.113,0.131,0.000
477,1622.98,2639.40,2120,0,-737,-1,2.000,4810.8,rl_v3,2.00e-04,0.119,0.130,0.124,0.128,0.129,0.136,0.104,0.129,0.000
478,3948.70,2670.67,4300,0,1154,1,2.001,4821.8,rl_v3,2.00e-04,0.139,0.108,0.125,0.139,0.142,0.107,0.101,0.138,0.000
479,3010.13,2648.91,3660,0,-1999,-1,1.991,4832.5,rl_v3,2.00e-04,0.125,0.133,0.110,0.119,0.134,0.137,0.108,0.133,0.000
480,3028.78,2683.32,3526,0,552,1,1.995,4843.4,rl_v3,2.00e-04,0.131,0.111,0.121,0.124,0.142,0.132,0.121,0.119,0.000
481,1606.13,2691.15,2066,0,-969,-1,1.985,4854.1,rl_v3,2.00e-04,0.133,0.115,0.103,0.134,0.140,0.114,0.113,0.148,0.000
482,1609.21,2684.73,2721,0,-1383,-1,2.005,4864.6,rl_v3,2.00e-04,0.139,0.119,0.129,0.120,0.140,0.103,0.121,0.128,0.000
483,5382.42,2731.23,5721,0,3698,1,2.003,4875.6,rl_v3,2.00e-04,0.158,0.114,0.124,0.116,0.144,0.104,0.122,0.118,0.000
484,5669.56,2776.84,6043,0,1207,1,1.997,4886.1,rl_v3,2.00e-04,0.139,0.122,0.137,0.121,0.126,0.121,0.112,0.123,0.000
485,898.40,2773.23,2103,0,-1087,-1,1.995,4896.8,rl_v3,2.00e-04,0.142,0.130,0.137,0.109,0.131,0.112,0.131,0.110,0.000
486,2984.33,2764.39,4052,0,-1893,-1,1.986,4908.4,rl_v3,2.00e-04,0.122,0.140,0.113,0.115,0.124,0.138,0.112,0.136,0.000
487,2086.00,2777.30,2747,0,-45,-1,1.974,4919.7,rl_v3,2.00e-04,0.127,0.145,0.133,0.116,0.137,0.132,0.087,0.123,0.000
488,4968.72,2765.80,5323,0,2133,1,1.996,4931.3,rl_v3,2.00e-04,0.128,0.144,0.138,0.127,0.124,0.128,0.113,0.099,0.000
489,6920.07,2790.11,6637,1,-261,-1,1.991,4941.9,rl_v3,2.00e-04,0.130,0.128,0.127,0.148,0.114,0.125,0.119,0.109,0.001
490,545.20,2777.56,1854,0,-1010,-1,2.001,4952.3,rl_v3,2.00e-04,0.117,0.127,0.116,0.131,0.121,0.124,0.135,0.128,0.000
491,1318.39,2767.46,1858,0,-482,-1,2.003,4962.6,rl_v3,2.00e-04,0.114,0.125,0.124,0.130,0.129,0.136,0.114,0.129,0.000
492,7815.01,2831.98,7769,1,-64,-1,1.986,4973.6,rl_v3,2.00e-04,0.145,0.146,0.112,0.118,0.147,0.103,0.105,0.124,0.001
493,4294.35,2846.60,5381,0,-155,-1,2.013,4985.1,rl_v3,2.00e-04,0.155,0.132,0.108,0.133,0.116,0.122,0.125,0.109,0.000
494,3479.34,2865.77,3832,0,793,1,1.999,4995.9,rl_v3,2.00e-04,0.151,0.109,0.133,0.128,0.139,0.097,0.108,0.134,0.000
495,3712.25,2867.86,4097,0,2618,1,2.000,5006.0,rl_v3,2.00e-04,0.154,0.126,0.111,0.118,0.146,0.119,0.117,0.109,0.000
496,1108.00,2840.56,1653,0,15,1,2.007,5016.0,rl_v3,2.00e-04,0.137,0.110,0.140,0.120,0.123,0.128,0.112,0.130,0.000
497,4207.71,2861.71,5469,0,-205,-1,2.004,5028.2,rl_v3,2.00e-04,0.114,0.153,0.123,0.133,0.129,0.114,0.104,0.130,0.000
498,5376.59,2864.65,5638,0,938,1,1.989,5041.2,rl_v3,2.00e-04,0.143,0.138,0.126,0.141,0.134,0.117,0.087,0.115,0.000
499,243.90,2827.95,1327,0,-1181,-1,2.009,5051.3,rl_v3,2.00e-04,0.136,0.126,0.119,0.121,0.132,0.118,0.120,0.128,0.000
500,2731.71,2823.54,3435,0,-204,-1,2.009,5062.5,rl_v3,1.94e-04,0.134,0.118,0.129,0.127,0.130,0.124,0.105,0.133,0.000
501,300.51,2771.79,1306,0,-1199,-1,2.001,5073.0,rl_v3,1.94e-04,0.118,0.132,0.127,0.139,0.117,0.124,0.108,0.136,0.000
502,3638.77,2795.28,4490,0,444,1,2.002,5084.5,rl_v3,1.94e-04,0.142,0.142,0.111,0.131,0.117,0.127,0.103,0.127,0.000
503,2721.93,2797.73,3185,0,1082,1,2.013,5094.8,rl_v3,1.94e-04,0.135,0.115,0.113,0.129,0.141,0.128,0.121,0.118,0.000
504,1628.55,2783.38,2993,0,-924,-1,2.013,5105.4,rl_v3,1.94e-04,0.125,0.123,0.100,0.138,0.125,0.149,0.122,0.117,0.000
505,1157.51,2768.12,1688,0,-733,-1,2.001,5115.3,rl_v3,1.94e-04,0.142,0.147,0.121,0.104,0.129,0.128,0.113,0.116,0.000
506,1231.59,2769.20,2135,0,-1289,-1,1.991,5126.0,rl_v3,1.94e-04,0.140,0.141,0.132,0.120,0.136,0.101,0.095,0.134,0.000
507,2620.40,2766.03,3544,0,542,1,2.001,5137.1,rl_v3,1.94e-04,0.158,0.134,0.132,0.115,0.134,0.110,0.092,0.124,0.000
508,3786.09,2802.44,4217,0,1080,1,2.004,5148.3,rl_v3,1.94e-04,0.166,0.126,0.118,0.130,0.126,0.109,0.109,0.116,0.000
509,3055.67,2821.05,3280,0,1893,1,1.995,5158.5,rl_v3,1.94e-04,0.159,0.116,0.116,0.136,0.141,0.116,0.099,0.117,0.000
510,1759.45,2780.05,2490,0,-741,-1,2.010,5168.8,rl_v3,1.94e-04,0.131,0.105,0.139,0.135,0.126,0.124,0.120,0.121,0.000
511,4837.69,2822.00,5152,0,1820,1,2.004,5179.5,rl_v3,1.94e-04,0.136,0.144,0.107,0.125,0.137,0.113,0.126,0.111,0.000
512,1973.20,2791.56,2875,0,-6,-1,2.004,5190.3,rl_v3,1.94e-04,0.144,0.115,0.119,0.130,0.136,0.117,0.106,0.135,0.000
513,2495.83,2791.56,2885,0,-267,-1,1.997,5200.9,rl_v3,1.94e-04,0.143,0.121,0.105,0.131,0.140,0.121,0.105,0.134,0.000
514,837.03,2783.70,1456,0,-1676,-1,2.010,5211.2,rl_v3,1.94e-04,0.122,0.129,0.123,0.123,0.129,0.119,0.114,0.141,0.000
515,334.40,2773.47,1276,0,-435,-1,2.011,5221.1,rl_v3,1.94e-04,0.124,0.122,0.123,0.130,0.136,0.125,0.118,0.121,0.000
516,2638.06,2772.07,3346,0,500,1,1.998,5232.3,rl_v3,1.94e-04,0.139,0.136,0.126,0.140,0.119,0.116,0.100,0.124,0.000
517,2658.26,2740.13,3172,0,-878,-1,2.005,5243.7,rl_v3,1.94e-04,0.131,0.124,0.127,0.113,0.123,0.146,0.103,0.133,0.000
518,1971.65,2687.53,2561,0,-1845,-1,1.998,5254.9,rl_v3,1.94e-04,0.128,0.118,0.147,0.122,0.119,0.124,0.108,0.133,0.000
519,3387.73,2641.94,4054,0,-927,-1,1.998,5267.3,rl_v3,1.94e-04,0.133,0.113,0.118,0.127,0.129,0.140,0.098,0.141,0.000
520,478.43,2629.92,1592,0,-504,-1,2.003,5277.7,rl_v3,1.94e-04,0.118,0.108,0.130,0.132,0.132,0.126,0.124,0.132,0.000
521,461.13,2625.86,1470,0,-1232,-1,1.999,5288.2,rl_v3,1.94e-04,0.103,0.124,0.123,0.133,0.120,0.149,0.114,0.133,0.000
522,1975.06,2612.12,2769,0,-872,-1,2.016,5299.7,rl_v3,1.94e-04,0.125,0.124,0.132,0.114,0.122,0.130,0.119,0.133,0.000
523,945.06,2613.80,1307,0,-917,-1,1.999,5309.5,rl_v3,1.94e-04,0.108,0.114,0.127,0.119,0.120,0.130,0.111,0.172,0.000
524,902.30,2606.45,1738,0,-645,-1,2.022,5319.3,rl_v3,1.94e-04,0.129,0.111,0.125,0.131,0.131,0.121,0.102,0.148,0.000
525,1053.21,2590.54,1547,0,227,1,2.011,5329.4,rl_v3,1.94e-04,0.134,0.112,0.112,0.133,0.133,0.123,0.114,0.137,0.000
526,2105.20,2603.60,2683,0,-901,-1,2.008,5340.8,rl_v3,1.94e-04,0.133,0.116,0.126,0.142,0.128,0.117,0.110,0.127,0.000
527,3013.35,2619.18,3266,0,1213,1,2.012,5350.7,rl_v3,1.94e-04,0.118,0.136,0.122,0.144,0.141,0.116,0.110,0.112,0.000
528,1385.40,2610.12,2448,0,-435,-1,2.012,5361.0,rl_v3,1.94e-04,0.120,0.133,0.103,0.156,0.125,0.136,0.105,0.121,0.000
529,1704.80,2604.23,2531,0,-84,-1,2.002,5371.5,rl_v3,1.94e-04,0.135,0.119,0.099,0.138,0.144,0.125,0.114,0.125,0.000
530,2068.09,2583.40,2380,0,-789,-1,1.997,5381.8,rl_v3,1.94e-04,0.126,0.134,0.114,0.150,0.137,0.119,0.095,0.125,0.000
531,2388.79,2599.53,3549,0,351,1,2.009,5393.1,rl_v3,1.94e-04,0.134,0.108,0.110,0.154,0.139,0.125,0.106,0.124,0.000
532,2182.89,2603.78,2743,0,-601,-1,2.002,5404.0,rl_v3,1.94e-04,0.130,0.131,0.118,0.135,0.128,0.111,0.107,0.138,0.000
533,622.98,2572.84,1705,0,-1286,-1,2.000,5414.3,rl_v3,1.94e-04,0.124,0.131,0.104,0.148,0.144,0.112,0.112,0.124,0.000
534,1022.64,2575.18,2078,0,428,1,2.010,5424.7,rl_v3,1.94e-04,0.125,0.127,0.115,0.135,0.134,0.112,0.120,0.132,0.000
535,3010.60,2559.21,3319,0,-50,-1,1.998,5435.4,rl_v3,1.94e-04,0.128,0.133,0.118,0.132,0.127,0.123,0.098,0.143,0.000
536,1619.00,2552.89,1997,0,-623,-1,1.991,5446.0,rl_v3,1.94e-04,0.114,0.125,0.119,0.145,0.135,0.122,0.104,0.136,0.000
537,1664.17,2494.26,2155,0,-367,-1,1.997,5456.5,rl_v3,1.94e-04,0.142,0.124,0.117,0.146,0.115,0.129,0.101,0.126,0.000
538,577.20,2486.19,1551,0,-591,-1,2.004,5466.4,rl_v3,1.94e-04,0.129,0.135,0.122,0.142,0.130,0.131,0.102,0.108,0.000
539,1357.78,2466.77,1575,0,-448,-1,1.999,5476.0,rl_v3,1.94e-04,0.120,0.128,0.130,0.138,0.133,0.110,0.096,0.146,0.000
540,4901.72,2493.36,5600,1,-1972,-1,1.991,5486.9,rl_v3,1.94e-04,0.123,0.126,0.110,0.136,0.147,0.122,0.111,0.125,0.001
541,6154.59,2531.90,6222,1,-675,-1,2.004,5498.2,rl_v3,1.94e-04,0.125,0.143,0.119,0.139,0.139,0.125,0.098,0.112,0.001
542,7305.57,2574.14,7320,1,-1500,-1,1.990,5509.9,rl_v3,1.94e-04,0.121,0.134,0.117,0.155,0.122,0.135,0.087,0.126,0.000
543,3913.73,2575.93,4404,0,1103,1,2.013,5520.4,rl_v3,1.94e-04,0.152,0.141,0.117,0.128,0.107,0.128,0.119,0.109,0.000
544,613.76,2566.39,1488,0,-1265,-1,2.001,5531.0,rl_v3,1.94e-04,0.120,0.142,0.141,0.130,0.138,0.123,0.108,0.098,0.000
545,1017.97,2519.49,2234,0,-1469,-1,2.005,5541.6,rl_v3,1.94e-04,0.119,0.128,0.116,0.141,0.151,0.110,0.110,0.124,0.000
546,1746.87,2515.66,2176,0,59,1,2.008,5551.8,rl_v3,1.94e-04,0.132,0.115,0.132,0.121,0.138,0.134,0.118,0.110,0.000
547,799.20,2498.12,1784,0,-498,-1,2.009,5561.8,rl_v3,1.94e-04,0.110,0.137,0.110,0.128,0.132,0.147,0.116,0.120,0.000
548,314.65,2476.18,1137,0,-1334,-1,1.993,5571.6,rl_v3,1.94e-04,0.108,0.117,0.143,0.131,0.125,0.133,0.112,0.132,0.000
549,1553.02,2487.05,2043,0,-782,-1,2.002,5581.8,rl_v3,1.94e-04,0.119,0.132,0.131,0.124,0.128,0.137,0.102,0.126,0.000
550,2033.05,2489.01,2948,0,-857,-1,2.008,5593.4,rl_v3,1.94e-04,0.103,0.129,0.125,0.119,0.131,0.140,0.107,0.145,0.000
551,1070.10,2468.61,2162,0,-361,-1,2.001,5603.9,rl_v3,1.94e-04,0.128,0.143,0.130,0.111,0.129,0.130,0.103,0.124,0.000
552,1984.95,2425.12,2961,0,441,1,1.994,5615.4,rl_v3,1.94e-04,0.116,0.128,0.143,0.135,0.142,0.111,0.104,0.120,0.000
553,1454.27,2431.96,1811,0,-998,-1,1.988,5626.0,rl_v3,1.94e-04,0.121,0.133,0.143,0.119,0.117,0.129,0.107,0.131,0.000
554,929.79,2429.69,1812,0,-295,-1,2.008,5635.8,rl_v3,1.94e-04,0.113,0.120,0.145,0.128,0.123,0.130,0.129,0.112,0.000
555,424.83,2423.86,1371,0,-272,-1,1.994,5645.8,rl_v3,1.94e-04,0.141,0.131,0.121,0.104,0.139,0.128,0.111,0.123,0.000
556,2837.61,2369.32,3571,0,512,1,1.993,5656.8,rl_v3,1.94e-04,0.152,0.122,0.131,0.121,0.130,0.119,0.107,0.118,0.000
557,2670.55,2377.76,3221,0,290,1,2.013,5667.8,rl_v3,1.94e-04,0.137,0.131,0.126,0.124,0.129,0.124,0.105,0.123,0.000
558,1590.40,2377.56,2553,0,-57,-1,1.995,5678.5,rl_v3,1.94e-04,0.136,0.124,0.146,0.129,0.131,0.122,0.096,0.115,0.000
559,1051.69,2348.49,2150,0,-1247,-1,2.003,5688.8,rl_v3,1.94e-04,0.110,0.140,0.130,0.123,0.126,0.138,0.121,0.112,0.000
560,1854.98,2314.81,2338,0,-646,-1,1.997,5699.3,rl_v3,1.94e-04,0.131,0.143,0.113,0.125,0.121,0.122,0.121,0.124,0.000
561,2049.22,2316.13,2506,0,-1216,-1,2.009,5710.1,rl_v3,1.94e-04,0.136,0.147,0.130,0.132,0.118,0.119,0.100,0.118,0.000
562,4309.44,2318.07,4848,0,-182,-1,2.010,5721.6,rl_v3,1.94e-04,0.124,0.117,0.138,0.138,0.130,0.131,0.087,0.136,0.000
563,5630.76,2352.78,5616,1,-1066,-1,2.001,5732.7,rl_v3,1.94e-04,0.131,0.115,0.160,0.122,0.127,0.122,0.094,0.128,0.001
564,818.63,2337.37,1224,0,-800,-1,1.992,5742.3,rl_v3,1.94e-04,0.134,0.136,0.135,0.124,0.137,0.120,0.102,0.113,0.000
565,2002.67,2354.69,2639,0,-762,-1,2.001,5753.6,rl_v3,1.94e-04,0.133,0.145,0.130,0.128,0.136,0.101,0.100,0.128,0.000
566,2683.54,2364.76,3795,0,-71,-1,2.007,5764.4,rl_v3,1.94e-04,0.130,0.131,0.117,0.131,0.138,0.117,0.108,0.127,0.000
567,6627.57,2415.48,6593,1,326,1,2.002,5775.7,rl_v3,1.94e-04,0.144,0.127,0.121,0.119,0.117,0.126,0.105,0.140,0.001
568,1365.73,2403.17,2321,0,-1047,-1,1.998,5786.6,rl_v3,1.94e-04,0.128,0.133,0.127,0.133,0.126,0.118,0.115,0.120,0.000
569,1416.92,2402.14,2119,0,-370,-1,1.998,5796.9,rl_v3,1.94e-04,0.131,0.137,0.133,0.117,0.140,0.117,0.096,0.130,0.000
570,3475.09,2421.34,4391,0,-631,-1,2.003,5808.6,rl_v3,1.94e-04,0.108,0.140,0.128,0.155,0.129,0.134,0.092,0.114,0.000
571,1081.96,2407.36,1590,0,-805,-1,2.003,5819.2,rl_v3,1.94e-04,0.114,0.136,0.111,0.138,0.117,0.132,0.108,0.144,0.000
572,2130.98,2397.50,2664,0,-684,-1,2.002,5829.0,rl_v3,1.94e-04,0.119,0.123,0.130,0.135,0.128,0.125,0.119,0.119,0.000
573,1267.05,2394.41,2476,0,-113,-1,2.010,5839.5,rl_v3,1.94e-04,0.120,0.142,0.127,0.132,0.117,0.131,0.123,0.109,0.000
574,377.33,2373.62,1237,0,-5,-1,1.994,5849.3,rl_v3,1.94e-04,0.130,0.130,0.124,0.134,0.123,0.132,0.101,0.124,0.000
575,871.00,2372.41,1750,0,-1075,-1,1.990,5859.3,rl_v3,1.94e-04,0.140,0.126,0.118,0.125,0.152,0.105,0.108,0.126,0.000
576,4987.00,2394.58,5340,0,1692,1,2.018,5870.8,rl_v3,1.94e-04,0.110,0.118,0.114,0.141,0.128,0.136,0.113,0.139,0.000
577,2746.08,2405.82,3262,0,166,1,2.012,5881.3,rl_v3,1.94e-04,0.110,0.135,0.110,0.137,0.151,0.107,0.119,0.131,0.000
578,2370.18,2390.03,2876,0,-614,-1,2.008,5891.5,rl_v3,1.94e-04,0.136,0.134,0.103,0.139,0.123,0.135,0.101,0.130,0.000
579,2898.83,2388.92,3992,0,637,1,2.007,5902.6,rl_v3,1.94e-04,0.120,0.119,0.124,0.120,0.140,0.142,0.108,0.128,0.000
580,1842.72,2377.06,2370,0,-394,-1,1.997,5913.3,rl_v3,1.94e-04,0.126,0.129,0.124,0.131,0.138,0.118,0.093,0.140,0.000
581,1889.40,2379.89,2772,0,-42,-1,2.001,5924.5,rl_v3,1.94e-04,0.141,0.124,0.116,0.121,0.135,0.132,0.097,0.135,0.000
582,7269.04,2436.49,6934,1,-543,-1,1.991,5935.6,rl_v3,1.94e-04,0.135,0.132,0.133,0.133,0.125,0.130,0.087,0.125,0.001
583,946.44,2392.13,1914,0,-1328,-1,2.003,5945.8,rl_v3,1.94e-04,0.123,0.143,0.114,0.118,0.130,0.131,0.114,0.128,0.000
584,168.14,2337.11,1238,0,-1104,-1,2.003,5955.9,rl_v3,1.94e-04,0.124,0.128,0.121,0.102,0.137,0.138,0.113,0.137,0.000
585,2786.67,2356.00,3136,0,1065,1,1.987,5966.3,rl_v3,1.94e-04,0.115,0.111,0.146,0.140,0.161,0.103,0.097,0.128,0.000
586,4034.54,2366.50,4374,0,-504,-1,2.009,5977.7,rl_v3,1.94e-04,0.127,0.119,0.142,0.129,0.132,0.121,0.092,0.140,0.000
587,2800.36,2373.64,3689,0,-359,-1,2.008,5989.6,rl_v3,1.94e-04,0.128,0.112,0.123,0.124,0.122,0.134,0.102,0.155,0.000
588,3520.33,2359.16,3828,0,1603,1,2.022,6000.0,rl_v3,1.94e-04,0.112,0.118,0.128,0.131,0.127,0.125,0.108,0.150,0.000
589,5876.21,2348.72,6372,0,792,1,2.002,6011.0,rl_v3,1.94e-04,0.126,0.112,0.134,0.125,0.114,0.133,0.114,0.141,0.000
590,75.80,2344.03,1165,0,-1409,-1,2.006,6020.9,rl_v3,1.94e-04,0.148,0.115,0.121,0.122,0.115,0.123,0.122,0.134,0.000
591,307.33,2333.92,1501,0,-1497,-1,2.000,6030.9,rl_v3,1.94e-04,0.143,0.125,0.100,0.120,0.119,0.137,0.124,0.132,0.000
592,648.64,2262.25,1699,0,-1281,-1,2.001,6041.4,rl_v3,1.94e-04,0.138,0.119,0.117,0.120,0.128,0.124,0.116,0.138,0.000
593,834.16,2227.65,1942,0,-1919,-1,2.006,6052.0,rl_v3,1.94e-04,0.119,0.124,0.112,0.114,0.144,0.142,0.108,0.136,0.000
594,1508.35,2207.94,2697,0,-967,-1,1.999,6063.9,rl_v3,1.94e-04,0.124,0.109,0.121,0.115,0.112,0.158,0.102,0.160,0.000
595,1594.18,2186.76,2590,0,187,1,2.003,6074.4,rl_v3,1.94e-04,0.115,0.117,0.122,0.106,0.140,0.123,0.128,0.148,0.000
596,2625.56,2201.93,3061,0,-725,-1,2.005,6085.8,rl_v3,1.94e-04,0.123,0.127,0.120,0.118,0.129,0.135,0.103,0.146,0.000
597,-105.66,2158.80,1287,0,-1844,-1,2.021,6096.3,rl_v3,1.94e-04,0.127,0.125,0.110,0.137,0.121,0.140,0.129,0.112,0.000
598,2892.95,2133.96,3579,0,-547,-1,1.993,6107.9,rl_v3,1.94e-04,0.116,0.107,0.098,0.125,0.137,0.139,0.122,0.156,0.000
599,8537.92,2216.90,8139,1,-153,-1,2.020,6119.7,rl_v3,1.94e-04,0.120,0.121,0.118,0.141,0.119,0.122,0.113,0.145,0.000
600,2068.61,2210.27,2881,0,-251,-1,2.006,6130.8,rl_v3,1.88e-04,0.125,0.132,0.105,0.140,0.144,0.118,0.113,0.123,0.000
601,1977.87,2227.05,2541,0,-385,-1,2.013,6141.5,rl_v3,1.88e-04,0.124,0.133,0.125,0.113,0.119,0.145,0.114,0.128,0.000
602,3202.41,2222.68,4577,0,124,1,1.998,6153.1,rl_v3,1.88e-04,0.123,0.119,0.117,0.143,0.135,0.120,0.106,0.137,0.000
603,1399.11,2209.46,2275,0,-623,-1,1.996,6163.8,rl_v3,1.88e-04,0.112,0.133,0.116,0.148,0.121,0.121,0.101,0.149,0.000
604,430.88,2197.48,1434,0,-1121,-1,1.999,6174.4,rl_v3,1.88e-04,0.125,0.138,0.132,0.127,0.122,0.129,0.094,0.132,0.000
605,1279.99,2198.70,1652,0,-1895,-1,2.009,6184.2,rl_v3,1.88e-04,0.121,0.113,0.141,0.123,0.114,0.132,0.115,0.142,0.000
606,3420.64,2220.59,4414,0,-148,-1,2.007,6196.1,rl_v3,1.88e-04,0.115,0.108,0.134,0.120,0.134,0.121,0.128,0.139,0.000
607,2407.21,2218.46,2714,0,-200,-1,2.004,6206.3,rl_v3,1.88e-04,0.122,0.135,0.126,0.115,0.137,0.111,0.118,0.137,0.000
608,1402.86,2194.63,1860,0,119,1,2.009,6216.3,rl_v3,1.88e-04,0.134,0.143,0.114,0.125,0.109,0.132,0.116,0.128,0.000
609,3054.92,2194.62,4265,0,1399,1,2.011,6228.2,rl_v3,1.88e-04,0.118,0.128,0.142,0.117,0.127,0.119,0.111,0.138,0.000
610,416.77,2181.20,1738,0,-1280,-1,2.010,6238.8,rl_v3,1.88e-04,0.124,0.132,0.117,0.128,0.128,0.134,0.116,0.121,0.000
611,2417.27,2156.99,3497,0,-1028,-1,1.996,6250.3,rl_v3,1.88e-04,0.141,0.133,0.128,0.121,0.113,0.118,0.106,0.139,0.000
612,7734.20,2214.60,7715,1,-2310,-1,1.996,6261.7,rl_v3,1.88e-04,0.127,0.151,0.122,0.110,0.100,0.142,0.111,0.137,0.001
613,3456.21,2224.21,3741,0,455,1,1.992,6272.6,rl_v3,1.88e-04,0.117,0.159,0.129,0.124,0.120,0.130,0.102,0.119,0.000
614,1106.55,2226.90,2084,0,497,1,1.997,6282.9,rl_v3,1.88e-04,0.146,0.136,0.118,0.132,0.120,0.132,0.112,0.104,0.000
615,4114.07,2264.70,5266,0,-156,-1,1.981,6295.0,rl_v3,1.88e-04,0.119,0.137,0.130,0.116,0.111,0.127,0.124,0.136,0.000
616,3418.53,2272.50,4050,0,305,1,1.998,6306.7,rl_v3,1.88e-04,0.124,0.118,0.115,0.151,0.113,0.145,0.103,0.131,0.000
617,2469.80,2270.62,3692,0,976,1,2.010,6317.6,rl_v3,1.88e-04,0.118,0.139,0.129,0.127,0.109,0.120,0.125,0.134,0.000
618,2410.96,2275.01,3030,0,-722,-1,1.998,6329.0,rl_v3,1.88e-04,0.114,0.145,0.120,0.125,0.125,0.129,0.101,0.140,0.000
619,2660.88,2267.74,3305,0,-662,-1,2.011,6340.2,rl_v3,1.88e-04,0.136,0.118,0.115,0.126,0.121,0.139,0.114,0.131,0.000
620,5693.68,2319.89,5929,0,2841,1,2.004,6351.1,rl_v3,1.88e-04,0.136,0.110,0.142,0.113,0.137,0.119,0.103,0.141,0.000
621,2697.10,2342.25,3068,0,-391,-1,2.009,6361.8,rl_v3,1.88e-04,0.128,0.136,0.102,0.137,0.122,0.137,0.104,0.135,0.000
622,899.96,2331.50,1348,0,-1722,-1,2.003,6372.0,rl_v3,1.88e-04,0.135,0.142,0.110,0.125,0.126,0.133,0.105,0.126,0.000
623,2808.60,2350.14,3658,0,937,1,2.009,6381.4,rl_v3,1.88e-04,0.140,0.124,0.133,0.129,0.101,0.113,0.123,0.139,0.000
624,932.55,2350.44,2013,0,-1146,-1,2.014,6392.1,rl_v3,1.88e-04,0.146,0.129,0.106,0.108,0.123,0.149,0.110,0.129,0.000
625,1240.46,2352.31,1846,0,71,1,2.006,6402.1,rl_v3,1.88e-04,0.115,0.142,0.112,0.102,0.124,0.135,0.117,0.151,0.000
626,1857.40,2349.84,2827,0,542,1,2.006,6412.5,rl_v3,1.88e-04,0.122,0.118,0.140,0.118,0.133,0.132,0.116,0.121,0.000
627,488.32,2324.59,1512,0,-1428,-1,2.005,6423.2,rl_v3,1.88e-04,0.130,0.123,0.136,0.122,0.121,0.140,0.099,0.129,0.000
628,1749.42,2328.23,2168,0,-574,-1,1.996,6433.5,rl_v3,1.88e-04,0.122,0.126,0.131,0.111,0.132,0.138,0.103,0.135,0.000
629,2422.05,2335.40,2949,0,-297,-1,1.999,6443.9,rl_v3,1.88e-04,0.131,0.140,0.117,0.131,0.123,0.128,0.117,0.112,0.000
630,2887.71,2343.59,3892,0,-1364,-1,2.013,6454.3,rl_v3,1.88e-04,0.152,0.130,0.126,0.132,0.099,0.131,0.109,0.123,0.000
631,5625.87,2375.96,6119,1,-2710,-1,1.994,6465.2,rl_v3,1.88e-04,0.128,0.153,0.124,0.131,0.117,0.117,0.117,0.112,0.001
632,1846.16,2372.60,2181,0,-675,-1,1.997,6475.7,rl_v3,1.88e-04,0.131,0.136,0.134,0.121,0.131,0.122,0.101,0.125,0.000
633,4256.79,2408.94,4526,0,2693,1,1.999,6486.2,rl_v3,1.88e-04,0.143,0.122,0.133,0.101,0.127,0.124,0.101,0.149,0.000
634,1023.01,2408.94,1918,0,-120,-1,2.009,6496.2,rl_v3,1.88e-04,0.125,0.122,0.128,0.100,0.137,0.125,0.121,0.142,0.000
635,2832.65,2407.16,3346,0,520,1,2.003,6506.6,rl_v3,1.88e-04,0.133,0.142,0.115,0.103,0.136,0.115,0.124,0.131,0.000
636,1919.13,2410.16,2179,0,-328,-1,1.990,6517.1,rl_v3,1.88e-04,0.121,0.124,0.113,0.120,0.142,0.140,0.099,0.142,0.000
637,2631.06,2419.83,3468,0,707,1,1.991,6527.6,rl_v3,1.88e-04,0.142,0.121,0.137,0.105,0.129,0.120,0.115,0.129,0.000
638,1843.76,2432.50,2799,0,-665,-1,2.003,6538.0,rl_v3,1.88e-04,0.124,0.126,0.125,0.121,0.133,0.116,0.119,0.136,0.000
639,1197.57,2430.89,2347,0,-477,-1,2.011,6547.7,rl_v3,1.88e-04,0.140,0.108,0.126,0.110,0.122,0.134,0.122,0.137,0.000
640,4875.12,2430.63,5041,0,2210,1,1.974,6558.4,rl_v3,1.88e-04,0.137,0.114,0.127,0.101,0.138,0.131,0.110,0.142,0.000
641,3960.46,2408.69,4660,1,-1030,-1,2.005,6569.1,rl_v3,1.88e-04,0.118,0.111,0.130,0.141,0.118,0.122,0.120,0.140,0.001
642,420.67,2339.84,1378,0,-1564,-1,1.990,6579.1,rl_v3,1.88e-04,0.151,0.135,0.126,0.119,0.133,0.115,0.099,0.122,0.000
643,3452.24,2335.22,4284,0,167,1,2.001,6590.4,rl_v3,1.88e-04,0.132,0.109,0.127,0.105,0.123,0.145,0.121,0.138,0.000
644,375.49,2332.84,1432,0,-1267,-1,1.996,6600.7,rl_v3,1.88e-04,0.134,0.145,0.111,0.120,0.123,0.131,0.119,0.118,0.000
645,1103.41,2333.69,2174,0,-1779,-1,2.002,6610.9,rl_v3,1.88e-04,0.103,0.142,0.118,0.123,0.131,0.134,0.124,0.123,0.000
646,4929.33,2365.52,5994,0,2935,1,2.011,6622.8,rl_v3,1.88e-04,0.124,0.124,0.138,0.126,0.132,0.120,0.134,0.103,0.000
647,-113.70,2356.39,1009,0,-645,-1,1.999,6632.6,rl_v3,1.88e-04,0.116,0.125,0.115,0.106,0.136,0.150,0.114,0.138,0.000
648,1210.00,2365.34,1761,0,-970,-1,2.001,6643.5,rl_v3,1.88e-04,0.123,0.149,0.121,0.097,0.115,0.146,0.120,0.129,0.000
649,1329.27,2363.11,1819,0,-968,-1,2.003,6653.8,rl_v3,1.88e-04,0.119,0.129,0.099,0.137,0.149,0.135,0.106,0.126,0.000
650,1107.33,2353.85,1414,0,115,1,2.002,6663.9,rl_v3,1.88e-04,0.114,0.130,0.117,0.123,0.137,0.145,0.092,0.143,0.000
651,-63.85,2342.51,1129,0,-1138,-1,2.006,6673.8,rl_v3,1.88e-04,0.129,0.125,0.114,0.095,0.132,0.138,0.119,0.148,0.000
652,2167.35,2344.33,2865,0,-666,-1,2.007,6684.4,rl_v3,1.88e-04,0.129,0.144,0.111,0.117,0.136,0.120,0.117,0.128,0.000
653,1103.31,2340.82,2076,0,-1598,-1,2.009,6694.8,rl_v3,1.88e-04,0.128,0.148,0.115,0.107,0.125,0.123,0.111,0.144,0.000
654,1438.00,2345.91,1816,0,-970,-1,2.010,6705.1,rl_v3,1.88e-04,0.114,0.136,0.123,0.121,0.125,0.144,0.104,0.133,0.000
655,1423.19,2355.89,2315,0,708,1,2.003,6715.4,rl_v3,1.88e-04,0.127,0.136,0.112,0.119,0.141,0.122,0.113,0.129,0.000
656,1791.86,2345.43,2030,0,-338,-1,2.007,6725.6,rl_v3,1.88e-04,0.125,0.126,0.128,0.120,0.133,0.136,0.104,0.128,0.000
657,3133.68,2350.06,3477,0,828,1,2.008,6736.2,rl_v3,1.88e-04,0.132,0.126,0.130,0.120,0.138,0.115,0.101,0.138,0.000
658,746.16,2341.62,1704,0,-1164,-1,2.006,6746.8,rl_v3,1.88e-04,0.126,0.126,0.113,0.117,0.146,0.123,0.108,0.142,0.000
659,1700.49,2348.11,2225,0,-786,-1,1.997,6756.9,rl_v3,1.88e-04,0.128,0.130,0.118,0.121,0.137,0.127,0.121,0.117,0.000
660,1425.38,2343.81,2047,0,168,1,2.005,6767.2,rl_v3,1.88e-04,0.127,0.127,0.121,0.116,0.150,0.125,0.126,0.107,0.000
661,2175.07,2345.07,2826,0,-1523,-1,2.001,6778.2,rl_v3,1.88e-04,0.137,0.132,0.127,0.110,0.138,0.121,0.109,0.124,0.000
662,2791.05,2329.89,3358,0,1143,1,2.006,6788.7,rl_v3,1.88e-04,0.127,0.140,0.127,0.116,0.151,0.115,0.110,0.116,0.000
663,1801.47,2291.59,2587,0,-1004,-1,2.006,6798.9,rl_v3,1.88e-04,0.141,0.132,0.118,0.126,0.146,0.138,0.096,0.102,0.000
664,1943.71,2302.84,2405,0,-1822,-1,2.001,6809.7,rl_v3,1.88e-04,0.124,0.125,0.131,0.108,0.153,0.136,0.107,0.117,0.000
665,1380.46,2296.62,2218,0,-1899,-1,2.012,6820.3,rl_v3,1.88e-04,0.111,0.126,0.134,0.101,0.142,0.117,0.124,0.144,0.000
666,1495.98,2284.75,1880,0,484,1,2.008,6829.7,rl_v3,1.88e-04,0.129,0.113,0.131,0.112,0.155,0.117,0.118,0.125,0.000
667,1766.61,2236.14,2265,0,-664,-1,2.001,6840.2,rl_v3,1.88e-04,0.125,0.109,0.135,0.125,0.142,0.129,0.109,0.126,0.000
668,3554.67,2258.03,3828,0,1068,1,1.985,6850.9,rl_v3,1.88e-04,0.138,0.116,0.131,0.146,0.117,0.119,0.114,0.119,0.000
669,6093.65,2304.79,6351,0,4052,1,1.972,6861.7,rl_v3,1.88e-04,0.154,0.112,0.116,0.133,0.122,0.122,0.113,0.128,0.000
670,2445.57,2294.50,3864,0,-49,-1,1.998,6874.0,rl_v3,1.88e-04,0.131,0.134,0.122,0.136,0.114,0.128,0.113,0.121,0.000
671,2107.03,2304.75,2555,0,-797,-1,1.997,6884.6,rl_v3,1.88e-04,0.122,0.131,0.131,0.122,0.137,0.130,0.110,0.117,0.000
672,2189.24,2305.33,2653,0,-514,-1,1.998,6895.0,rl_v3,1.88e-04,0.114,0.127,0.139,0.121,0.115,0.124,0.128,0.131,0.000
673,1258.88,2305.25,1852,0,-783,-1,2.009,6905.1,rl_v3,1.88e-04,0.131,0.133,0.118,0.138,0.133,0.135,0.099,0.114,0.000
674,3034.13,2331.82,3934,0,941,1,1.992,6916.4,rl_v3,1.88e-04,0.127,0.121,0.122,0.136,0.119,0.131,0.118,0.124,0.000
675,4234.35,2365.45,4533,0,1948,1,1.979,6926.5,rl_v3,1.88e-04,0.138,0.127,0.119,0.120,0.107,0.147,0.121,0.122,0.000
676,7624.34,2391.83,8163,0,4014,1,1.971,6939.0,rl_v3,1.88e-04,0.143,0.112,0.111,0.135,0.098,0.131,0.137,0.132,0.000
677,6128.48,2425.65,6015,1,214,1,1.968,6949.4,rl_v3,1.88e-04,0.151,0.140,0.115,0.116,0.105,0.122,0.111,0.139,0.001
678,3118.54,2433.13,4075,0,929,1,2.006,6961.0,rl_v3,1.88e-04,0.108,0.131,0.120,0.121,0.130,0.134,0.123,0.133,0.000
679,3203.18,2436.18,4277,0,1221,1,1.998,6972.5,rl_v3,1.88e-04,0.128,0.154,0.133,0.105,0.117,0.121,0.104,0.138,0.000
680,2146.04,2439.21,3384,0,-1790,-1,2.000,6984.4,rl_v3,1.88e-04,0.125,0.121,0.131,0.109,0.136,0.129,0.101,0.148,0.000
681,1603.80,2436.35,2275,0,-919,-1,2.001,6994.7,rl_v3,1.88e-04,0.130,0.142,0.108,0.113,0.108,0.154,0.123,0.122,0.000
682,1171.79,2375.38,2130,0,-1455,-1,2.002,7005.6,rl_v3,1.88e-04,0.107,0.129,0.138,0.122,0.140,0.131,0.100,0.134,0.000
683,856.55,2374.48,1688,0,-1388,-1,2.004,7015.9,rl_v3,1.88e-04,0.123,0.135,0.130,0.133,0.117,0.137,0.102,0.122,0.000
684,6742.12,2440.22,6795,1,-2624,-1,2.005,7027.2,rl_v3,1.88e-04,0.145,0.152,0.125,0.108,0.108,0.131,0.101,0.130,0.001
685,1923.89,2431.59,2588,0,-601,-1,2.006,7037.8,rl_v3,1.88e-04,0.135,0.145,0.107,0.121,0.134,0.128,0.108,0.120,0.000
686,699.02,2398.24,1710,0,-415,-1,2.002,7047.7,rl_v3,1.88e-04,0.133,0.130,0.117,0.110,0.135,0.144,0.109,0.121,0.000
687,1951.63,2389.75,3046,0,2,1,2.000,7058.9,rl_v3,1.88e-04,0.127,0.142,0.113,0.124,0.126,0.147,0.110,0.111,0.000
688,3578.72,2390.34,3990,0,1748,1,2.007,7069.3,rl_v3,1.88e-04,0.098,0.150,0.109,0.103,0.135,0.135,0.132,0.138,0.000
689,839.79,2339.97,1426,0,-859,-1,2.008,7079.5,rl_v3,1.88e-04,0.114,0.138,0.132,0.119,0.111,0.136,0.123,0.128,0.000
690,6051.87,2399.73,5943,1,-2011,-1,2.006,7090.6,rl_v3,1.88e-04,0.115,0.130,0.142,0.119,0.121,0.136,0.112,0.124,0.001
691,1574.28,2412.40,2051,0,-712,-1,2.009,7100.6,rl_v3,1.88e-04,0.109,0.125,0.118,0.121,0.139,0.137,0.115,0.136,0.000
692,1633.26,2422.25,2163,0,-697,-1,2.001,7110.5,rl_v3,1.88e-04,0.116,0.139,0.120,0.108,0.126,0.133,0.126,0.133,0.000
693,3122.24,2445.13,4161,0,2323,1,2.006,7121.4,rl_v3,1.88e-04,0.120,0.142,0.125,0.110,0.117,0.117,0.130,0.138,0.000
694,2332.69,2453.37,3052,0,825,1,2.003,7131.4,rl_v3,1.88e-04,0.114,0.108,0.123,0.108,0.121,0.147,0.123,0.156,0.000
695,3053.72,2467.97,4115,0,841,1,1.998,7142.9,rl_v3,1.88e-04,0.102,0.137,0.126,0.104,0.121,0.136,0.127,0.147,0.000
696,1566.67,2457.38,2075,0,-595,-1,1.998,7152.9,rl_v3,1.88e-04,0.118,0.125,0.114,0.134,0.118,0.127,0.120,0.144,0.000
697,1553.91,2473.97,2546,0,-332,-1,1.999,7163.5,rl_v3,1.88e-04,0.121,0.118,0.117,0.119,0.112,0.153,0.124,0.135,0.000
698,945.07,2454.50,1831,0,-1037,-1,1.998,7173.8,rl_v3,1.88e-04,0.133,0.125,0.106,0.120,0.119,0.140,0.116,0.142,0.000
699,865.70,2377.77,1936,0,-326,-1,2.004,7183.6,rl_v3,1.88e-04,0.110,0.129,0.118,0.116,0.119,0.124,0.155,0.129,0.000
700,884.25,2365.93,1754,0,-337,-1,1.989,7193.0,rl_v3,1.83e-04,0.117,0.133,0.111,0.137,0.110,0.126,0.128,0.136,0.000
701,4134.21,2387.49,5344,0,1948,1,2.005,7204.5,rl_v3,1.83e-04,0.109,0.133,0.110,0.134,0.127,0.127,0.130,0.131,0.000
702,1409.52,2369.56,1848,0,-846,-1,1.994,7214.5,rl_v3,1.83e-04,0.111,0.121,0.130,0.117,0.112,0.140,0.125,0.145,0.000
703,1592.33,2371.50,2260,0,25,1,2.010,7224.3,rl_v3,1.83e-04,0.109,0.127,0.128,0.108,0.103,0.150,0.146,0.128,0.000
704,592.53,2373.11,1343,0,-41,-1,2.008,7233.5,rl_v3,1.83e-04,0.095,0.137,0.129,0.133,0.122,0.138,0.120,0.125,0.000
705,1040.00,2370.71,1768,0,0,0,2.005,7243.5,rl_v3,1.83e-04,0.128,0.128,0.119,0.117,0.122,0.131,0.121,0.135,0.000
706,1674.32,2353.25,1995,0,258,1,1.999,7253.5,rl_v3,1.83e-04,0.114,0.126,0.138,0.118,0.135,0.136,0.111,0.122,0.000
707,1493.18,2344.11,2592,0,-330,-1,2.006,7264.3,rl_v3,1.83e-04,0.120,0.148,0.126,0.132,0.130,0.121,0.098,0.125,0.000
708,2264.44,2352.73,2748,0,1176,1,2.006,7274.5,rl_v3,1.83e-04,0.113,0.138,0.128,0.122,0.115,0.136,0.121,0.126,0.000
709,3405.90,2356.24,3657,0,1584,1,2.006,7284.3,rl_v3,1.83e-04,0.104,0.129,0.137,0.127,0.131,0.118,0.125,0.129,0.000
710,1897.00,2371.04,2277,0,301,1,2.007,7293.9,rl_v3,1.83e-04,0.114,0.133,0.131,0.131,0.132,0.129,0.108,0.124,0.000
711,3646.43,2383.33,4005,0,1191,1,2.004,7304.0,rl_v3,1.83e-04,0.106,0.140,0.123,0.152,0.109,0.123,0.126,0.120,0.000
712,4673.46,2352.72,5655,0,1565,1,2.010,7315.9,rl_v3,1.83e-04,0.107,0.141,0.127,0.125,0.107,0.118,0.147,0.129,0.000
713,2392.87,2342.09,2718,0,-700,-1,2.009,7325.6,rl_v3,1.83e-04,0.113,0.114,0.127,0.135,0.107,0.149,0.131,0.124,0.000
714,4906.84,2380.09,5408,1,-1227,-1,1.995,7335.2,rl_v3,1.83e-04,0.097,0.154,0.119,0.122,0.106,0.132,0.136,0.132,0.001
715,1651.04,2355.46,2631,0,722,1,2.016,7344.4,rl_v3,1.83e-04,0.118,0.124,0.092,0.141,0.114,0.140,0.136,0.135,0.000
716,3348.39,2354.76,4587,0,1626,1,1.996,7355.2,rl_v3,1.83e-04,0.118,0.125,0.118,0.121,0.112,0.146,0.118,0.141,0.000
717,2305.98,2353.12,2536,0,415,1,1.999,7364.8,rl_v3,1.83e-04,0.139,0.106,0.104,0.123,0.111,0.154,0.122,0.140,0.000
718,747.43,2336.49,2171,0,-715,-1,2.007,7374.9,rl_v3,1.83e-04,0.142,0.099,0.120,0.134,0.106,0.129,0.139,0.132,0.000
719,3190.53,2341.78,3359,0,1249,1,2.003,7385.0,rl_v3,1.83e-04,0.141,0.110,0.120,0.119,0.109,0.151,0.112,0.138,0.000
720,2883.96,2313.69,3472,0,-210,-1,2.003,7396.4,rl_v3,1.83e-04,0.132,0.107,0.130,0.124,0.106,0.132,0.128,0.141,0.000
721,2720.29,2313.92,3460,0,-11,-1,2.000,7407.8,rl_v3,1.83e-04,0.131,0.109,0.140,0.119,0.108,0.146,0.119,0.128,0.000
722,2066.51,2325.58,2558,0,-581,-1,2.007,7418.1,rl_v3,1.83e-04,0.139,0.111,0.105,0.136,0.111,0.159,0.126,0.114,0.000
723,1188.25,2309.38,2051,0,-337,-1,2.008,7428.0,rl_v3,1.83e-04,0.113,0.119,0.126,0.148,0.098,0.146,0.116,0.134,0.000
724,2882.33,2328.88,3489,0,1100,1,2.011,7438.8,rl_v3,1.83e-04,0.123,0.118,0.129,0.141,0.093,0.152,0.130,0.114,0.000
725,4819.33,2364.67,5192,0,3010,1,2.000,7449.3,rl_v3,1.83e-04,0.133,0.113,0.120,0.129,0.121,0.147,0.110,0.128,0.000
726,1593.73,2362.03,2050,0,-754,-1,2.006,7459.3,rl_v3,1.83e-04,0.128,0.129,0.106,0.122,0.117,0.125,0.114,0.160,0.000
727,6909.07,2426.24,7239,1,-3508,-1,2.003,7472.6,rl_v3,1.83e-04,0.115,0.115,0.122,0.136,0.116,0.127,0.111,0.158,0.000
728,1669.34,2425.44,3022,0,-102,-1,2.010,7484.1,rl_v3,1.83e-04,0.099,0.134,0.140,0.125,0.139,0.130,0.092,0.142,0.000
729,1596.69,2417.18,2061,0,-292,-1,2.004,7494.6,rl_v3,1.83e-04,0.128,0.106,0.130,0.122,0.127,0.132,0.106,0.148,0.000
730,2276.78,2411.07,2749,0,1171,1,2.009,7504.8,rl_v3,1.83e-04,0.115,0.116,0.116,0.137,0.135,0.111,0.138,0.133,0.000
731,3426.54,2389.08,4274,0,1884,1,2.020,7515.3,rl_v3,1.83e-04,0.113,0.122,0.128,0.130,0.138,0.117,0.135,0.117,0.000
732,1876.33,2389.38,2456,0,-1960,-1,1.998,7526.1,rl_v3,1.83e-04,0.121,0.104,0.139,0.129,0.124,0.124,0.120,0.140,0.000
733,1032.28,2357.14,1567,0,-1598,-1,2.000,7536.1,rl_v3,1.83e-04,0.123,0.109,0.123,0.139,0.119,0.122,0.121,0.143,0.000
734,3888.43,2385.79,4317,0,2365,1,2.005,7547.2,rl_v3,1.83e-04,0.140,0.107,0.128,0.116,0.125,0.122,0.128,0.134,0.000
735,1352.79,2370.99,1732,0,-1746,-1,2.004,7557.3,rl_v3,1.83e-04,0.121,0.113,0.122,0.152,0.111,0.137,0.111,0.132,0.000
736,2685.27,2378.65,3966,0,564,1,2.011,7568.3,rl_v3,1.83e-04,0.114,0.106,0.125,0.134,0.111,0.130,0.157,0.124,0.000
737,504.90,2357.39,1307,0,-196,-1,2.008,7577.7,rl_v3,1.83e-04,0.102,0.113,0.140,0.135,0.125,0.136,0.122,0.127,0.000
738,478.05,2343.73,1855,0,-1369,-1,2.015,7588.1,rl_v3,1.83e-04,0.133,0.104,0.112,0.136,0.122,0.138,0.124,0.132,0.000
739,4106.06,2372.82,4742,0,2083,1,1.999,7598.8,rl_v3,1.83e-04,0.104,0.123,0.126,0.101,0.119,0.110,0.149,0.168,0.000
740,2018.71,2344.25,2654,0,1178,1,2.010,7609.4,rl_v3,1.83e-04,0.138,0.113,0.127,0.117,0.124,0.097,0.131,0.153,0.000
741,18.80,2304.84,887,0,-1084,-1,2.003,7619.1,rl_v3,1.83e-04,0.129,0.114,0.136,0.141,0.108,0.125,0.111,0.136,0.000
742,1195.95,2312.59,2128,0,-831,-1,1.997,7629.6,rl_v3,1.83e-04,0.125,0.114,0.138,0.140,0.142,0.108,0.104,0.128,0.000
743,2996.00,2308.03,3721,0,45,1,2.004,7640.9,rl_v3,1.83e-04,0.131,0.101,0.150,0.122,0.117,0.113,0.140,0.126,0.000
744,9477.23,2399.05,9352,1,423,1,1.989,7650.8,rl_v3,1.83e-04,0.112,0.132,0.120,0.138,0.121,0.113,0.131,0.133,0.001
745,5435.08,2442.36,5648,1,-2116,-1,2.002,7661.5,rl_v3,1.83e-04,0.139,0.121,0.133,0.122,0.125,0.108,0.105,0.147,0.001
746,2816.88,2421.24,3194,0,217,1,2.000,7672.2,rl_v3,1.83e-04,0.130,0.100,0.135,0.136,0.126,0.121,0.116,0.136,0.000
747,2377.71,2446.15,2760,0,314,1,1.997,7682.7,rl_v3,1.83e-04,0.124,0.118,0.120,0.145,0.118,0.125,0.100,0.149,0.000
748,745.80,2441.51,1736,0,-1084,-1,1.999,7693.1,rl_v3,1.83e-04,0.131,0.117,0.119,0.148,0.123,0.102,0.105,0.154,0.000
749,2785.95,2456.08,3125,0,-186,-1,1.992,7704.1,rl_v3,1.83e-04,0.152,0.127,0.109,0.131,0.103,0.129,0.109,0.139,0.000
750,6045.48,2505.46,6493,0,3335,1,2.001,7715.9,rl_v3,1.83e-04,0.145,0.118,0.126,0.111,0.118,0.129,0.113,0.140,0.001
751,1006.25,2516.16,2088,0,-669,-1,2.013,7726.6,rl_v3,1.83e-04,0.119,0.114,0.121,0.150,0.115,0.123,0.129,0.129,0.000
752,6310.89,2557.60,6931,0,1173,1,2.000,7738.9,rl_v3,1.83e-04,0.132,0.116,0.132,0.133,0.130,0.105,0.119,0.133,0.000
753,5423.18,2600.79,5611,1,-1271,-1,2.003,7749.3,rl_v3,1.83e-04,0.112,0.127,0.130,0.140,0.112,0.121,0.112,0.146,0.001
754,3979.68,2626.21,4522,0,-172,-1,2.001,7760.6,rl_v3,1.83e-04,0.138,0.134,0.128,0.132,0.111,0.122,0.110,0.124,0.000
755,1320.93,2625.19,2175,0,-1053,-1,1.997,7771.1,rl_v3,1.83e-04,0.146,0.104,0.123,0.143,0.118,0.119,0.111,0.137,0.000
756,1302.50,2620.29,1701,0,-816,-1,1.989,7781.6,rl_v3,1.83e-04,0.130,0.137,0.136,0.152,0.111,0.106,0.097,0.130,0.000
757,2365.40,2612.61,2949,0,1018,1,1.996,7792.0,rl_v3,1.83e-04,0.117,0.145,0.125,0.167,0.120,0.105,0.114,0.107,0.000
758,3850.40,2643.65,4599,0,1565,1,1.999,7803.2,rl_v3,1.83e-04,0.121,0.142,0.136,0.147,0.131,0.111,0.111,0.102,0.000
759,2535.82,2652.01,2828,0,-283,-1,1.995,7813.5,rl_v3,1.83e-04,0.125,0.121,0.133,0.147,0.127,0.111,0.107,0.129,0.000
760,927.87,2647.03,1769,0,-1076,-1,2.001,7824.1,rl_v3,1.83e-04,0.127,0.124,0.129,0.137,0.124,0.119,0.110,0.130,0.000
761,1173.04,2637.01,2328,0,-331,-1,2.012,7835.2,rl_v3,1.83e-04,0.144,0.134,0.133,0.118,0.125,0.113,0.117,0.117,0.000
762,2195.93,2631.06,3464,0,764,1,2.017,7846.3,rl_v3,1.83e-04,0.122,0.114,0.131,0.131,0.139,0.135,0.113,0.115,0.000
763,1923.87,2632.29,2406,0,-424,-1,1.998,7856.7,rl_v3,1.83e-04,0.128,0.111,0.114,0.159,0.125,0.115,0.107,0.140,0.000
764,3153.62,2644.38,3900,0,1559,1,2.000,7866.7,rl_v3,1.83e-04,0.120,0.112,0.144,0.128,0.138,0.135,0.122,0.101,0.000
765,3165.58,2662.24,3508,0,1566,1,2.007,7876.7,rl_v3,1.83e-04,0.128,0.132,0.115,0.129,0.121,0.135,0.123,0.117,0.000
766,1919.34,2666.47,2338,0,-223,-1,1.994,7887.0,rl_v3,1.83e-04,0.122,0.121,0.126,0.144,0.129,0.104,0.121,0.133,0.000
767,1241.74,2661.22,2185,0,-303,-1,2.003,7896.8,rl_v3,1.83e-04,0.119,0.125,0.115,0.138,0.118,0.137,0.135,0.113,0.000
768,308.02,2628.75,1097,0,-484,-1,1.991,7906.1,rl_v3,1.83e-04,0.101,0.136,0.120,0.149,0.132,0.115,0.127,0.120,0.000
769,886.29,2576.68,1815,0,-261,-1,1.991,7915.9,rl_v3,1.83e-04,0.117,0.143,0.131,0.153,0.118,0.113,0.119,0.106,0.000
770,2625.06,2578.48,3332,0,98,1,2.000,7926.4,rl_v3,1.83e-04,0.120,0.126,0.140,0.124,0.118,0.124,0.130,0.117,0.000
771,6487.09,2622.28,6596,1,153,1,2.008,7936.9,rl_v3,1.83e-04,0.143,0.095,0.128,0.129,0.126,0.119,0.114,0.146,0.001
772,1501.33,2615.40,2522,0,656,1,1.995,7947.2,rl_v3,1.83e-04,0.124,0.127,0.130,0.127,0.125,0.123,0.132,0.111,0.000
773,1705.87,2619.87,2063,0,376,1,2.001,7957.1,rl_v3,1.83e-04,0.137,0.123,0.123,0.129,0.121,0.118,0.110,0.139,0.000
774,2086.05,2610.39,3332,0,-453,-1,1.996,7967.9,rl_v3,1.83e-04,0.134,0.108,0.130,0.128,0.105,0.133,0.133,0.128,0.000
775,4513.97,2613.18,4874,0,2392,1,1.994,7978.7,rl_v3,1.83e-04,0.137,0.124,0.125,0.124,0.106,0.123,0.123,0.138,0.000
776,1826.84,2555.21,2233,0,-836,-1,2.000,7988.4,rl_v3,1.83e-04,0.118,0.126,0.128,0.124,0.120,0.137,0.127,0.121,0.000
777,5203.10,2545.95,5537,0,2539,1,1.998,7999.2,rl_v3,1.83e-04,0.128,0.116,0.101,0.134,0.123,0.138,0.110,0.150,0.000
778,1460.40,2529.37,1846,0,342,1,1.999,8009.2,rl_v3,1.83e-04,0.116,0.119,0.133,0.146,0.144,0.125,0.091,0.127,0.000
779,2457.04,2521.91,2991,0,271,1,1.999,8019.9,rl_v3,1.83e-04,0.136,0.107,0.130,0.151,0.115,0.120,0.112,0.129,0.000
780,3571.23,2536.16,4037,0,1124,1,2.004,8030.6,rl_v3,1.83e-04,0.139,0.108,0.128,0.119,0.106,0.151,0.116,0.134,0.000
781,1661.47,2536.74,2427,0,906,1,2.000,8040.2,rl_v3,1.83e-04,0.136,0.122,0.129,0.107,0.116,0.133,0.123,0.134,0.000
782,4045.13,2565.47,4521,0,2299,1,2.008,8050.6,rl_v3,1.83e-04,0.133,0.098,0.126,0.137,0.098,0.136,0.139,0.133,0.000
783,1637.28,2573.28,2005,0,-780,-1,1.999,8060.4,rl_v3,1.83e-04,0.134,0.115,0.118,0.108,0.149,0.121,0.116,0.139,0.000
784,1245.13,2518.31,1717,0,106,1,2.000,8070.3,rl_v3,1.83e-04,0.123,0.114,0.110,0.125,0.128,0.139,0.134,0.128,0.000
785,1032.24,2509.39,1666,0,-833,-1,2.008,8080.8,rl_v3,1.83e-04,0.118,0.114,0.121,0.128,0.124,0.131,0.122,0.140,0.000
786,3006.01,2532.46,3791,0,37,1,2.003,8092.2,rl_v3,1.83e-04,0.122,0.119,0.117,0.141,0.103,0.141,0.115,0.143,0.000
787,3244.07,2545.39,4166,0,1978,1,2.004,8103.1,rl_v3,1.83e-04,0.117,0.114,0.140,0.126,0.109,0.144,0.119,0.132,0.000
788,2383.71,2533.44,2713,0,-123,-1,1.997,8113.5,rl_v3,1.83e-04,0.134,0.112,0.125,0.143,0.117,0.127,0.108,0.135,0.000
789,1316.74,2538.21,2183,0,143,1,1.998,8123.8,rl_v3,1.83e-04,0.112,0.124,0.130,0.124,0.099,0.165,0.111,0.135,0.000
790,530.34,2482.99,1520,0,-125,-1,2.003,8133.5,rl_v3,1.83e-04,0.115,0.132,0.128,0.134,0.113,0.119,0.114,0.146,0.000
791,880.60,2476.06,1263,0,-943,-1,1.997,8143.3,rl_v3,1.83e-04,0.118,0.129,0.127,0.127,0.120,0.107,0.113,0.158,0.000
792,8030.28,2540.03,7936,1,-1549,-1,1.990,8154.7,rl_v3,1.83e-04,0.124,0.117,0.096,0.141,0.113,0.147,0.110,0.150,0.001
793,1911.51,2527.92,2729,0,388,1,1.990,8165.3,rl_v3,1.83e-04,0.124,0.144,0.124,0.123,0.117,0.140,0.101,0.127,0.000
794,4624.09,2550.83,4861,0,3619,1,2.008,8176.0,rl_v3,1.83e-04,0.122,0.122,0.114,0.125,0.107,0.148,0.117,0.145,0.000
795,3524.30,2555.54,4417,0,724,1,1.994,8186.9,rl_v3,1.83e-04,0.124,0.120,0.112,0.137,0.113,0.151,0.113,0.131,0.000
796,2464.23,2564.51,3437,0,-421,-1,1.996,8198.0,rl_v3,1.83e-04,0.132,0.120,0.092,0.123,0.128,0.145,0.113,0.147,0.000
797,3376.04,2582.74,3694,0,521,1,1.990,8208.6,rl_v3,1.83e-04,0.132,0.122,0.114,0.127,0.123,0.130,0.108,0.145,0.000
798,2306.53,2596.35,2666,0,-996,-1,2.006,8218.4,rl_v3,1.83e-04,0.126,0.130,0.103,0.130,0.110,0.133,0.112,0.155,0.000
799,2487.49,2612.57,3765,0,-442,-1,1.992,8229.8,rl_v3,1.83e-04,0.122,0.111,0.115,0.130,0.101,0.150,0.133,0.139,0.000
800,1564.19,2619.37,2375,0,-452,-1,1.999,8238.9,rl_v3,1.77e-04,0.103,0.128,0.110,0.140,0.113,0.132,0.124,0.150,0.000
801,2667.99,2604.70,3015,0,122,1,1.996,8249.2,rl_v3,1.77e-04,0.136,0.107,0.102,0.144,0.113,0.131,0.114,0.154,0.000
802,4085.82,2631.47,4415,0,813,1,2.000,8260.9,rl_v3,1.77e-04,0.135,0.123,0.112,0.143,0.127,0.130,0.087,0.145,0.000
803,1266.63,2628.21,2396,0,-666,-1,1.999,8271.8,rl_v3,1.77e-04,0.117,0.132,0.102,0.120,0.137,0.139,0.109,0.144,0.000
804,1429.09,2636.58,2293,0,-1172,-1,1.995,8282.0,rl_v3,1.77e-04,0.118,0.126,0.124,0.116,0.142,0.135,0.104,0.134,0.000
805,5178.30,2677.96,5204,1,-1606,-1,2.000,8292.3,rl_v3,1.77e-04,0.125,0.106,0.119,0.122,0.145,0.125,0.107,0.150,0.001
806,1979.54,2681.01,2869,0,869,1,1.994,8302.7,rl_v3,1.77e-04,0.101,0.127,0.118,0.112,0.134,0.156,0.108,0.144,0.000
807,2356.82,2689.65,2553,0,599,1,1.993,8312.3,rl_v3,1.77e-04,0.127,0.128,0.109,0.136,0.134,0.140,0.096,0.130,0.000
808,1954.27,2686.55,2231,0,-1061,-1,1.985,8322.9,rl_v3,1.77e-04,0.140,0.129,0.111,0.120,0.149,0.128,0.096,0.126,0.000
809,7030.14,2722.79,7391,0,1911,1,1.986,8334.9,rl_v3,1.77e-04,0.138,0.136,0.108,0.126,0.121,0.140,0.097,0.134,0.000
810,1823.91,2722.06,2812,0,-1332,-1,1.995,8345.7,rl_v3,1.77e-04,0.122,0.117,0.119,0.129,0.137,0.125,0.117,0.133,0.000
811,8055.40,2766.15,7922,1,258,1,1.997,8357.6,rl_v3,1.77e-04,0.142,0.110,0.131,0.104,0.130,0.142,0.109,0.131,0.000
812,4728.01,2766.69,5098,0,3037,1,1.996,8367.8,rl_v3,1.77e-04,0.144,0.127,0.131,0.104,0.141,0.116,0.111,0.125,0.000
813,2138.71,2764.15,3093,0,-471,-1,1.996,8378.9,rl_v3,1.77e-04,0.122,0.135,0.139,0.126,0.108,0.140,0.102,0.127,0.000
814,3780.80,2752.89,4242,0,1498,1,2.007,8390.4,rl_v3,1.77e-04,0.127,0.119,0.125,0.133,0.130,0.131,0.116,0.119,0.000
815,2645.53,2762.84,2936,0,-100,-1,1.996,8400.0,rl_v3,1.77e-04,0.139,0.122,0.115,0.121,0.134,0.125,0.113,0.132,0.000
816,3447.00,2763.82,3774,0,577,1,1.998,8411.1,rl_v3,1.77e-04,0.115,0.113,0.127,0.137,0.124,0.134,0.109,0.140,0.000
817,9214.50,2832.91,9028,1,-505,-1,1.986,8423.6,rl_v3,1.77e-04,0.151,0.102,0.134,0.108,0.126,0.124,0.108,0.147,0.000
818,1022.27,2835.66,1995,0,-13,-1,1.998,8433.6,rl_v3,1.77e-04,0.127,0.117,0.129,0.107,0.131,0.135,0.118,0.136,0.000
819,1636.38,2820.11,2115,0,-847,-1,2.001,8443.8,rl_v3,1.77e-04,0.127,0.107,0.136,0.118,0.132,0.127,0.123,0.129,0.000
820,1977.95,2811.05,2327,0,-631,-1,1.996,8454.3,rl_v3,1.77e-04,0.128,0.123,0.143,0.121,0.120,0.131,0.105,0.131,0.000
821,870.15,2792.55,1908,0,-1149,-1,1.996,8464.8,rl_v3,1.77e-04,0.115,0.124,0.144,0.105,0.127,0.146,0.127,0.112,0.000
822,3171.74,2803.60,4180,0,878,1,1.992,8475.9,rl_v3,1.77e-04,0.127,0.122,0.125,0.107,0.123,0.135,0.125,0.135,0.000
823,2004.76,2811.77,2649,0,-1510,-1,2.002,8486.6,rl_v3,1.77e-04,0.116,0.115,0.133,0.123,0.106,0.152,0.120,0.135,0.000
824,3571.92,2818.67,3931,0,130,1,1.991,8497.7,rl_v3,1.77e-04,0.140,0.105,0.143,0.122,0.124,0.126,0.110,0.131,0.000
825,3253.00,2803.00,4047,0,985,1,1.987,8509.3,rl_v3,1.77e-04,0.135,0.110,0.130,0.111,0.126,0.145,0.109,0.134,0.000
826,-8.87,2786.98,1126,0,-376,-1,2.014,8519.6,rl_v3,1.77e-04,0.127,0.122,0.137,0.118,0.114,0.131,0.114,0.138,0.000
827,6108.37,2778.97,6323,0,2467,1,1.995,8530.9,rl_v3,1.77e-04,0.127,0.110,0.126,0.132,0.121,0.117,0.119,0.148,0.000
828,1789.59,2780.17,2296,0,-253,-1,1.999,8541.1,rl_v3,1.77e-04,0.122,0.120,0.117,0.125,0.127,0.137,0.118,0.133,0.000
829,8668.73,2850.89,8547,1,-16,-1,1.987,8552.9,rl_v3,1.77e-04,0.164,0.110,0.119,0.140,0.116,0.122,0.103,0.128,0.001
830,1894.24,2847.07,2262,0,-335,-1,1.994,8563.3,rl_v3,1.77e-04,0.123,0.130,0.129,0.118,0.125,0.139,0.109,0.128,0.000
831,1009.77,2822.90,1695,0,322,1,2.002,8573.1,rl_v3,1.77e-04,0.126,0.109,0.131,0.123,0.122,0.121,0.116,0.150,0.000
832,2663.84,2830.77,3033,0,1002,1,2.003,8583.2,rl_v3,1.77e-04,0.135,0.114,0.126,0.127,0.126,0.129,0.119,0.123,0.000
833,6351.67,2883.97,6629,1,-653,-1,1.992,8594.5,rl_v3,1.77e-04,0.159,0.102,0.108,0.118,0.115,0.122,0.132,0.145,0.001
834,1031.10,2855.40,2490,0,-472,-1,1.995,8605.7,rl_v3,1.77e-04,0.134,0.121,0.123,0.120,0.113,0.137,0.115,0.137,0.000
835,766.82,2849.54,1934,0,-1257,-1,2.002,8616.0,rl_v3,1.77e-04,0.128,0.131,0.122,0.123,0.126,0.124,0.126,0.121,0.000
836,4252.86,2865.21,4507,0,1460,1,1.990,8627.2,rl_v3,1.77e-04,0.135,0.114,0.122,0.123,0.132,0.139,0.110,0.125,0.000
837,5431.67,2914.48,5461,1,-669,-1,1.993,8637.4,rl_v3,1.77e-04,0.161,0.110,0.120,0.117,0.113,0.136,0.120,0.122,0.001
838,1256.53,2922.26,2320,0,-1026,-1,2.010,8647.5,rl_v3,1.77e-04,0.124,0.107,0.127,0.139,0.124,0.124,0.140,0.115,0.000
839,1366.73,2894.87,2113,0,-882,-1,2.008,8657.5,rl_v3,1.77e-04,0.137,0.106,0.114,0.128,0.112,0.139,0.142,0.122,0.000
840,1153.68,2886.22,2415,0,-882,-1,2.016,8667.8,rl_v3,1.77e-04,0.120,0.114,0.110,0.109,0.129,0.138,0.142,0.138,0.000
841,631.46,2892.35,2043,0,-1033,-1,2.006,8678.8,rl_v3,1.77e-04,0.128,0.129,0.127,0.110,0.117,0.126,0.144,0.121,0.000
842,785.80,2888.25,1862,0,-1084,-1,1.996,8689.4,rl_v3,1.77e-04,0.106,0.123,0.123,0.121,0.135,0.133,0.130,0.129,0.000
843,2309.25,2881.38,2665,0,440,1,2.000,8699.4,rl_v3,1.77e-04,0.145,0.131,0.098,0.130,0.144,0.123,0.123,0.106,0.000
844,1463.08,2801.24,1902,0,226,1,1.999,8709.5,rl_v3,1.77e-04,0.138,0.129,0.110,0.121,0.145,0.126,0.118,0.113,0.000
845,1869.72,2765.58,2455,0,-867,-1,2.008,8720.1,rl_v3,1.77e-04,0.136,0.134,0.106,0.131,0.122,0.123,0.135,0.112,0.000
846,1068.20,2748.10,2432,0,-2051,-1,2.015,8730.9,rl_v3,1.77e-04,0.149,0.137,0.107,0.133,0.139,0.119,0.121,0.095,0.000
847,590.91,2730.23,1840,0,-1332,-1,1.997,8740.9,rl_v3,1.77e-04,0.133,0.123,0.111,0.120,0.139,0.128,0.123,0.123,0.000
848,1867.19,2741.44,2233,0,114,1,2.006,8751.1,rl_v3,1.77e-04,0.129,0.127,0.102,0.134,0.133,0.142,0.121,0.111,0.000
849,6552.27,2779.11,6305,1,329,1,2.004,8761.7,rl_v3,1.77e-04,0.150,0.127,0.114,0.122,0.137,0.106,0.109,0.135,0.001
850,2939.66,2748.05,4138,0,1567,1,2.007,8772.8,rl_v3,1.77e-04,0.135,0.123,0.104,0.130,0.144,0.128,0.104,0.132,0.000
851,734.07,2745.33,2048,0,-240,-1,2.013,8782.9,rl_v3,1.77e-04,0.138,0.111,0.109,0.114,0.126,0.138,0.124,0.141,0.000
852,1827.46,2700.49,2358,0,-349,-1,2.000,8793.5,rl_v3,1.77e-04,0.145,0.115,0.110,0.110,0.129,0.152,0.108,0.131,0.000
853,7149.90,2717.76,7045,1,961,1,2.009,8804.1,rl_v3,1.77e-04,0.127,0.114,0.120,0.140,0.130,0.127,0.116,0.125,0.001
854,824.00,2686.20,1792,0,-75,-1,2.000,8813.9,rl_v3,1.77e-04,0.133,0.114,0.120,0.138,0.141,0.136,0.116,0.101,0.000
855,4647.74,2719.47,5730,0,1327,1,2.006,8825.1,rl_v3,1.77e-04,0.134,0.121,0.126,0.105,0.142,0.127,0.124,0.121,0.000
856,2902.64,2735.47,4114,0,-1395,-1,1.990,8837.1,rl_v3,1.77e-04,0.134,0.126,0.111,0.143,0.127,0.130,0.100,0.128,0.000
857,3.26,2711.85,1417,0,-1614,-1,1.999,8847.6,rl_v3,1.77e-04,0.128,0.120,0.118,0.125,0.122,0.124,0.124,0.138,0.000
858,5532.87,2728.67,5989,0,2232,1,2.008,8858.3,rl_v3,1.77e-04,0.136,0.111,0.113,0.135,0.144,0.127,0.125,0.108,0.000
859,747.72,2710.79,2043,0,-288,-1,2.006,8868.9,rl_v3,1.77e-04,0.144,0.128,0.119,0.124,0.118,0.139,0.125,0.102,0.000
860,1746.96,2718.98,2156,0,-805,-1,1.992,8879.2,rl_v3,1.77e-04,0.142,0.141,0.120,0.120,0.118,0.122,0.106,0.131,0.000
861,490.61,2712.16,1523,0,-549,-1,2.004,8888.5,rl_v3,1.77e-04,0.143,0.122,0.108,0.121,0.124,0.137,0.125,0.121,0.000
862,1210.43,2702.30,2157,0,-1192,-1,1.994,8897.9,rl_v3,1.77e-04,0.131,0.111,0.122,0.128,0.127,0.120,0.124,0.137,0.000
863,6328.49,2746.35,6054,1,42,1,1.987,8907.5,rl_v3,1.77e-04,0.147,0.128,0.123,0.113,0.135,0.121,0.113,0.119,0.001
864,-0.42,2714.81,1465,0,-1526,-1,2.014,8918.0,rl_v3,1.77e-04,0.128,0.140,0.120,0.125,0.110,0.135,0.112,0.129,0.000
865,5360.33,2736.76,5554,1,-684,-1,2.000,8929.5,rl_v3,1.77e-04,0.139,0.127,0.111,0.124,0.128,0.128,0.125,0.117,0.001
866,7815.04,2795.71,7710,1,677,1,1.992,8941.0,rl_v3,1.77e-04,0.131,0.117,0.131,0.115,0.134,0.140,0.108,0.124,0.001
867,1738.67,2800.68,2351,0,-995,-1,1.994,8951.5,rl_v3,1.77e-04,0.142,0.118,0.123,0.135,0.124,0.128,0.109,0.121,0.000
868,2281.46,2820.42,3249,0,-343,-1,1.989,8961.9,rl_v3,1.77e-04,0.137,0.115,0.139,0.119,0.119,0.126,0.113,0.133,0.000
869,561.14,2817.17,1478,0,-1662,-1,1.992,8972.2,rl_v3,1.77e-04,0.128,0.135,0.127,0.135,0.140,0.124,0.089,0.122,0.000
870,1598.78,2806.90,2171,0,-829,-1,1.996,8982.7,rl_v3,1.77e-04,0.140,0.120,0.124,0.125,0.134,0.117,0.117,0.122,0.000
871,-324.93,2738.78,1245,0,-1830,-1,2.015,8993.2,rl_v3,1.77e-04,0.133,0.123,0.130,0.127,0.120,0.124,0.124,0.117,0.000
872,1965.19,2743.42,2446,0,144,1,1.997,9003.2,rl_v3,1.77e-04,0.126,0.118,0.123,0.131,0.132,0.114,0.125,0.131,0.000
873,4785.58,2774.22,5599,0,3794,1,2.007,9013.9,rl_v3,1.77e-04,0.119,0.115,0.128,0.136,0.141,0.132,0.111,0.118,0.000
874,2110.11,2774.46,2742,0,-1515,-1,2.002,9024.3,rl_v3,1.77e-04,0.133,0.111,0.150,0.143,0.114,0.130,0.111,0.109,0.000
875,6919.56,2798.52,6678,1,-688,-1,1.994,9035.4,rl_v3,1.77e-04,0.133,0.123,0.147,0.140,0.122,0.117,0.102,0.114,0.001
876,2576.40,2806.01,3392,0,-57,-1,1.999,9046.0,rl_v3,1.77e-04,0.135,0.128,0.139,0.123,0.134,0.128,0.082,0.132,0.000
877,5329.77,2807.28,5569,0,2993,1,1.979,9057.5,rl_v3,1.77e-04,0.135,0.113,0.133,0.144,0.121,0.132,0.105,0.117,0.000
878,6463.37,2857.31,7038,0,1487,1,1.992,9070.6,rl_v3,1.77e-04,0.143,0.105,0.138,0.137,0.132,0.122,0.107,0.117,0.000
879,2930.00,2862.04,4115,0,940,1,2.022,9081.3,rl_v3,1.77e-04,0.126,0.107,0.116,0.147,0.118,0.124,0.133,0.128,0.000
880,4326.48,2869.59,4884,0,1659,1,2.009,9092.2,rl_v3,1.77e-04,0.125,0.123,0.122,0.130,0.115,0.127,0.126,0.132,0.000
881,757.48,2860.55,1786,0,-139,-1,2.014,9102.2,rl_v3,1.77e-04,0.128,0.116,0.114,0.128,0.139,0.130,0.124,0.120,0.000
882,1366.35,2833.76,1793,0,-490,-1,2.003,9112.6,rl_v3,1.77e-04,0.113,0.120,0.119,0.113,0.124,0.165,0.115,0.131,0.000
883,6987.18,2887.26,7342,0,1824,1,1.997,9123.3,rl_v3,1.77e-04,0.137,0.108,0.141,0.129,0.145,0.112,0.120,0.108,0.000
884,875.80,2883.57,1385,0,-949,-1,2.014,9132.9,rl_v3,1.77e-04,0.112,0.134,0.128,0.133,0.113,0.139,0.117,0.123,0.000
885,7872.40,2951.97,7961,1,-1269,-1,1.996,9144.9,rl_v3,1.77e-04,0.134,0.104,0.119,0.137,0.128,0.133,0.112,0.133,0.000
886,-25.23,2921.66,1197,0,-1022,-1,2.003,9155.1,rl_v3,1.77e-04,0.124,0.118,0.109,0.156,0.124,0.136,0.117,0.117,0.000
887,5191.76,2941.13,5005,1,-526,-1,2.008,9164.8,rl_v3,1.77e-04,0.129,0.122,0.127,0.127,0.131,0.152,0.093,0.118,0.001
888,1257.46,2929.87,2538,0,-835,-1,2.007,9175.2,rl_v3,1.77e-04,0.131,0.118,0.111,0.121,0.159,0.137,0.108,0.115,0.000
889,4964.58,2966.35,5496,0,147,1,1.994,9186.3,rl_v3,1.77e-04,0.141,0.127,0.118,0.122,0.148,0.128,0.096,0.119,0.000
890,1462.97,2975.68,2296,0,-1203,-1,1.995,9196.2,rl_v3,1.77e-04,0.125,0.128,0.123,0.134,0.127,0.128,0.109,0.126,0.000
891,1780.94,2984.68,3061,0,-1408,-1,1.992,9207.9,rl_v3,1.77e-04,0.134,0.138,0.127,0.116,0.155,0.116,0.090,0.123,0.000
892,837.73,2912.75,1594,0,-2,-1,2.002,9217.8,rl_v3,1.77e-04,0.120,0.127,0.117,0.137,0.136,0.121,0.116,0.126,0.000
893,5465.85,2948.30,5998,1,-1151,-1,1.992,9229.1,rl_v3,1.77e-04,0.123,0.148,0.126,0.133,0.125,0.108,0.110,0.126,0.001
894,5204.07,2954.10,5747,0,2023,1,1.991,9240.4,rl_v3,1.77e-04,0.156,0.140,0.118,0.108,0.119,0.119,0.116,0.124,0.000
895,4056.72,2959.42,4495,0,1352,1,2.001,9251.3,rl_v3,1.77e-04,0.122,0.118,0.134,0.132,0.151,0.108,0.095,0.139,0.000
896,2441.10,2959.19,3176,0,-361,-1,1.999,9261.8,rl_v3,1.77e-04,0.129,0.127,0.122,0.130,0.140,0.135,0.089,0.128,0.000
897,4313.51,2968.56,4833,0,1358,1,1.999,9273.3,rl_v3,1.77e-04,0.136,0.129,0.127,0.119,0.108,0.136,0.110,0.134,0.000
898,897.32,2954.47,1987,0,-559,-1,2.003,9283.9,rl_v3,1.77e-04,0.133,0.130,0.125,0.123,0.103,0.129,0.131,0.125,0.000
899,1024.61,2939.84,1799,0,-1108,-1,1.999,9293.8,rl_v3,1.77e-04,0.117,0.123,0.150,0.128,0.111,0.140,0.112,0.119,0.000
900,1442.79,2938.63,2497,0,-792,-1,2.004,9304.5,rl_v3,1.72e-04,0.130,0.123,0.136,0.114,0.121,0.142,0.120,0.115,0.000
901,4735.02,2959.30,5507,1,-3128,-1,1.996,9313.8,rl_v3,1.72e-04,0.144,0.139,0.088,0.128,0.118,0.122,0.143,0.119,0.001
902,5631.45,2974.76,5987,1,-1587,-1,2.000,9324.1,rl_v3,1.72e-04,0.141,0.145,0.130,0.127,0.112,0.127,0.116,0.101,0.001
903,5672.04,3018.81,5685,1,-1107,-1,1.998,9334.5,rl_v3,1.72e-04,0.147,0.136,0.115,0.114,0.131,0.134,0.121,0.101,0.001
904,2579.80,3030.32,2997,0,498,1,1.999,9344.3,rl_v3,1.72e-04,0.148,0.114,0.122,0.126,0.125,0.124,0.115,0.125,0.000
905,2987.25,3008.41,4049,0,758,1,2.008,9354.6,rl_v3,1.72e-04,0.130,0.125,0.110,0.118,0.128,0.130,0.132,0.127,0.000
906,1491.80,3003.53,2733,0,-1099,-1,1.988,9365.3,rl_v3,1.72e-04,0.164,0.115,0.125,0.135,0.108,0.119,0.111,0.122,0.000
907,787.47,2987.84,1636,0,-19,-1,1.989,9375.4,rl_v3,1.72e-04,0.140,0.113,0.118,0.129,0.127,0.116,0.116,0.139,0.000
908,627.81,2974.57,1970,0,-1144,-1,1.998,9385.8,rl_v3,1.72e-04,0.147,0.136,0.098,0.127,0.106,0.135,0.125,0.127,0.000
909,994.36,2914.21,1814,0,-170,-1,1.995,9395.2,rl_v3,1.72e-04,0.156,0.132,0.120,0.127,0.109,0.125,0.104,0.125,0.000
910,3682.33,2932.80,4039,0,479,1,1.994,9406.3,rl_v3,1.72e-04,0.152,0.124,0.126,0.124,0.119,0.124,0.100,0.130,0.000
911,3296.81,2885.21,3716,0,-114,-1,1.987,9417.2,rl_v3,1.72e-04,0.152,0.125,0.121,0.134,0.109,0.123,0.108,0.128,0.000
912,1812.98,2856.06,2617,0,782,1,1.998,9427.4,rl_v3,1.72e-04,0.133,0.134,0.127,0.114,0.118,0.128,0.113,0.133,0.000
913,3921.13,2873.89,4153,0,317,1,1.983,9438.7,rl_v3,1.72e-04,0.149,0.130,0.133,0.121,0.111,0.125,0.096,0.135,0.000
914,4177.45,2877.85,4786,1,-2984,-1,1.999,9448.6,rl_v3,1.72e-04,0.149,0.113,0.133,0.121,0.125,0.131,0.100,0.127,0.001
915,1314.55,2864.54,2491,0,-722,-1,1.999,9459.7,rl_v3,1.72e-04,0.112,0.135,0.140,0.105,0.109,0.137,0.120,0.143,0.000
916,212.72,2832.20,1230,0,-220,-1,2.000,9469.2,rl_v3,1.72e-04,0.116,0.123,0.133,0.133,0.116,0.122,0.109,0.148,0.000
917,1954.31,2759.60,3094,0,-128,-1,2.000,9480.5,rl_v3,1.72e-04,0.133,0.136,0.129,0.119,0.116,0.110,0.123,0.135,0.000
918,1279.80,2762.17,2118,0,-1069,-1,1.988,9490.7,rl_v3,1.72e-04,0.122,0.148,0.118,0.111,0.116,0.125,0.111,0.149,0.000
919,2412.00,2769.93,2857,0,-985,-1,1.996,9501.2,rl_v3,1.72e-04,0.136,0.137,0.121,0.147,0.118,0.130,0.106,0.104,0.000
920,-305.84,2747.09,1080,0,-391,-1,2.006,9510.9,rl_v3,1.72e-04,0.127,0.135,0.114,0.117,0.114,0.122,0.111,0.159,0.000
921,713.57,2745.53,1751,0,109,1,2.003,9521.4,rl_v3,1.72e-04,0.117,0.131,0.111,0.144,0.122,0.128,0.103,0.144,0.000
922,2423.62,2738.04,3648,0,582,1,2.001,9532.4,rl_v3,1.72e-04,0.140,0.133,0.118,0.121,0.127,0.131,0.101,0.129,0.000
923,4422.54,2762.22,5386,0,2520,1,1.995,9543.6,rl_v3,1.72e-04,0.127,0.132,0.123,0.138,0.130,0.110,0.120,0.120,0.000
924,2396.84,2750.47,2971,0,1164,1,1.988,9553.8,rl_v3,1.72e-04,0.127,0.127,0.097,0.135,0.146,0.123,0.119,0.125,0.000
925,3443.69,2752.38,3900,0,-792,-1,1.988,9564.9,rl_v3,1.72e-04,0.156,0.131,0.109,0.130,0.115,0.131,0.109,0.120,0.000
926,2034.59,2772.81,2987,0,-1403,-1,1.992,9575.7,rl_v3,1.72e-04,0.126,0.134,0.112,0.122,0.137,0.124,0.107,0.137,0.000
927,657.76,2718.31,1680,0,-1265,-1,1.993,9586.2,rl_v3,1.72e-04,0.131,0.130,0.109,0.123,0.155,0.136,0.099,0.118,0.000
928,2372.09,2724.13,3517,0,1105,1,1.994,9597.0,rl_v3,1.72e-04,0.143,0.124,0.114,0.126,0.139,0.128,0.103,0.123,0.000
929,326.94,2640.71,1329,0,-640,-1,1.991,9607.1,rl_v3,1.72e-04,0.136,0.121,0.104,0.129,0.134,0.125,0.109,0.142,0.000
930,1730.45,2639.08,2207,0,-854,-1,1.992,9617.3,rl_v3,1.72e-04,0.137,0.132,0.107,0.129,0.130,0.123,0.111,0.131,0.000
931,6990.43,2698.88,6946,1,-87,-1,1.995,9628.9,rl_v3,1.72e-04,0.121,0.110,0.136,0.125,0.120,0.132,0.113,0.143,0.001
932,4527.04,2717.51,5157,1,-797,-1,2.006,9639.3,rl_v3,1.72e-04,0.132,0.121,0.124,0.119,0.118,0.132,0.112,0.141,0.001
933,1719.58,2671.19,2883,0,-426,-1,2.010,9650.0,rl_v3,1.72e-04,0.126,0.145,0.126,0.105,0.129,0.139,0.111,0.119,0.000
934,911.09,2669.99,1626,0,-721,-1,1.996,9660.1,rl_v3,1.72e-04,0.127,0.148,0.125,0.114,0.115,0.130,0.113,0.130,0.000
935,381.69,2666.14,1290,0,-175,-1,1.989,9670.0,rl_v3,1.72e-04,0.116,0.125,0.129,0.126,0.105,0.136,0.125,0.137,0.000
936,2141.01,2645.02,3048,0,880,1,2.000,9680.4,rl_v3,1.72e-04,0.132,0.120,0.149,0.098,0.108,0.117,0.129,0.147,0.000
937,-72.40,2589.98,933,0,-1048,-1,1.993,9689.7,rl_v3,1.72e-04,0.111,0.140,0.114,0.115,0.097,0.138,0.133,0.151,0.000
938,3474.26,2612.16,3878,0,2107,1,2.010,9700.1,rl_v3,1.72e-04,0.132,0.134,0.120,0.114,0.111,0.146,0.111,0.132,0.000
939,4029.00,2638.78,4633,1,-2065,-1,2.001,9709.9,rl_v3,1.72e-04,0.139,0.128,0.133,0.103,0.109,0.129,0.121,0.137,0.001
940,2384.00,2651.09,3402,0,-1060,-1,1.983,9721.2,rl_v3,1.72e-04,0.135,0.132,0.103,0.120,0.122,0.138,0.112,0.139,0.000
941,1365.13,2658.42,1974,0,76,1,2.005,9731.1,rl_v3,1.72e-04,0.141,0.130,0.111,0.123,0.125,0.137,0.117,0.118,0.000
942,2427.44,2674.84,3624,0,725,1,2.007,9741.9,rl_v3,1.72e-04,0.139,0.138,0.122,0.120,0.119,0.113,0.114,0.135,0.000
943,1797.69,2669.72,2646,0,840,1,1.999,9752.0,rl_v3,1.72e-04,0.135,0.125,0.115,0.119,0.134,0.130,0.108,0.134,0.000
944,2129.90,2676.39,2497,0,-532,-1,1.994,9762.3,rl_v3,1.72e-04,0.126,0.113,0.112,0.127,0.126,0.133,0.120,0.143,0.000
945,9353.19,2751.23,9320,1,-706,-1,1.984,9774.5,rl_v3,1.72e-04,0.132,0.125,0.133,0.107,0.126,0.135,0.115,0.125,0.000
946,812.90,2748.67,1727,0,-181,-1,1.991,9784.4,rl_v3,1.72e-04,0.118,0.126,0.126,0.123,0.119,0.126,0.119,0.144,0.000
947,3523.98,2778.00,3908,0,165,1,1.996,9794.9,rl_v3,1.72e-04,0.120,0.120,0.115,0.136,0.143,0.125,0.104,0.138,0.000
948,4357.21,2802.90,4630,0,2290,1,1.996,9805.7,rl_v3,1.72e-04,0.128,0.118,0.142,0.111,0.128,0.123,0.114,0.136,0.000
949,3419.91,2771.58,4385,0,209,1,1.995,9816.6,rl_v3,1.72e-04,0.110,0.118,0.129,0.130,0.136,0.129,0.111,0.137,0.000
950,1269.60,2754.88,2118,0,-1018,-1,1.985,9827.4,rl_v3,1.72e-04,0.100,0.114,0.146,0.123,0.133,0.123,0.116,0.146,0.000
951,825.86,2755.80,1142,0,-881,-1,1.986,9837.4,rl_v3,1.72e-04,0.109,0.116,0.134,0.149,0.131,0.125,0.099,0.137,0.000
952,2410.50,2761.63,2801,0,-512,-1,1.999,9847.8,rl_v3,1.72e-04,0.114,0.137,0.137,0.134,0.132,0.122,0.105,0.119,0.000
953,3833.34,2728.46,4102,0,1745,1,2.007,9858.2,rl_v3,1.72e-04,0.113,0.125,0.130,0.132,0.122,0.126,0.126,0.124,0.000
954,498.74,2725.21,1298,0,-250,-1,1.997,9867.9,rl_v3,1.72e-04,0.113,0.121,0.113,0.139,0.131,0.128,0.118,0.138,0.000
955,487.40,2683.61,1607,0,-1057,-1,2.010,9878.5,rl_v3,1.72e-04,0.119,0.129,0.122,0.132,0.137,0.133,0.108,0.119,0.000
956,3787.43,2692.45,4246,0,327,1,2.010,9890.3,rl_v3,1.72e-04,0.116,0.116,0.125,0.126,0.135,0.141,0.102,0.139,0.000
957,1412.03,2706.54,2399,0,-1180,-1,2.010,9900.9,rl_v3,1.72e-04,0.132,0.122,0.133,0.130,0.121,0.115,0.112,0.134,0.000
958,1108.53,2662.30,1535,0,-996,-1,2.008,9910.6,rl_v3,1.72e-04,0.121,0.110,0.113,0.138,0.143,0.131,0.122,0.122,0.000
959,1835.24,2673.17,2229,0,318,1,2.008,9920.3,rl_v3,1.72e-04,0.115,0.144,0.101,0.130,0.127,0.139,0.113,0.129,0.000
960,7206.69,2727.77,7425,1,-2541,-1,1.998,9932.1,rl_v3,1.72e-04,0.123,0.130,0.113,0.109,0.138,0.123,0.114,0.149,0.000
961,1910.10,2741.97,2355,0,656,1,2.002,9941.9,rl_v3,1.72e-04,0.102,0.128,0.134,0.128,0.128,0.119,0.134,0.128,0.000
962,2308.13,2752.94,2713,0,1,1,2.000,9952.1,rl_v3,1.72e-04,0.115,0.112,0.110,0.127,0.126,0.142,0.129,0.139,0.000
963,6849.91,2758.16,7073,0,3297,1,1.981,9963.5,rl_v3,1.72e-04,0.106,0.119,0.136,0.095,0.121,0.154,0.121,0.147,0.000
964,2033.11,2778.49,3096,0,-491,-1,2.000,9974.1,rl_v3,1.72e-04,0.111,0.131,0.128,0.128,0.122,0.137,0.121,0.123,0.000
965,3423.81,2759.13,4906,0,1132,1,1.986,9986.2,rl_v3,1.72e-04,0.102,0.108,0.130,0.111,0.134,0.148,0.114,0.152,0.000
966,79.93,2681.78,1089,0,-38,-1,1.991,9995.4,rl_v3,1.72e-04,0.126,0.130,0.103,0.111,0.116,0.161,0.135,0.118,0.000
967,637.51,2670.77,1628,0,-999,-1,1.985,10005.0,rl_v3,1.72e-04,0.116,0.118,0.107,0.130,0.130,0.144,0.123,0.132,0.000
968,1831.73,2666.27,2724,0,-1379,-1,1.982,10016.5,rl_v3,1.72e-04,0.118,0.106,0.127,0.130,0.119,0.157,0.110,0.133,0.000
969,3207.09,2692.73,3916,0,332,1,2.002,10027.3,rl_v3,1.72e-04,0.137,0.108,0.114,0.115,0.114,0.149,0.114,0.149,0.000
970,1876.88,2695.51,2821,0,751,1,1.994,10037.6,rl_v3,1.72e-04,0.114,0.118,0.114,0.112,0.111,0.169,0.122,0.139,0.000
971,1377.00,2712.53,2084,0,-955,-1,2.003,10048.0,rl_v3,1.72e-04,0.138,0.102,0.127,0.111,0.118,0.141,0.125,0.138,0.000
972,4113.73,2734.01,4521,0,2088,1,1.999,10059.3,rl_v3,1.72e-04,0.122,0.134,0.131,0.121,0.141,0.126,0.102,0.123,0.000
973,2035.82,2706.52,2419,0,368,1,2.008,10069.5,rl_v3,1.72e-04,0.120,0.130,0.111,0.116,0.149,0.121,0.111,0.143,0.000
974,2250.72,2707.92,2628,0,-518,-1,2.000,10080.0,rl_v3,1.72e-04,0.129,0.119,0.128,0.100,0.136,0.122,0.109,0.156,0.000
975,4590.51,2684.63,5469,0,1001,1,1.996,10091.9,rl_v3,1.72e-04,0.134,0.137,0.118,0.109,0.136,0.105,0.101,0.160,0.000
976,4628.19,2705.15,5676,0,1310,1,1.995,10104.4,rl_v3,1.72e-04,0.137,0.134,0.110,0.126,0.143,0.103,0.105,0.141,0.000
977,2102.16,2672.87,3121,0,346,1,1.996,10114.6,rl_v3,1.72e-04,0.127,0.137,0.124,0.107,0.130,0.125,0.119,0.130,0.000
978,2182.81,2630.07,3099,0,-1816,-1,1.978,10126.3,rl_v3,1.72e-04,0.143,0.108,0.135,0.128,0.135,0.130,0.082,0.140,0.000
979,4845.92,2649.23,6022,0,-689,-1,1.981,10138.6,rl_v3,1.72e-04,0.111,0.131,0.137,0.132,0.127,0.104,0.109,0.150,0.000
980,1827.90,2624.24,3162,0,-1181,-1,1.990,10150.7,rl_v3,1.72e-04,0.124,0.117,0.134,0.109,0.124,0.122,0.103,0.167,0.000
981,7334.08,2690.01,7236,1,-560,-1,1.973,10162.1,rl_v3,1.72e-04,0.138,0.130,0.128,0.108,0.121,0.113,0.098,0.163,0.000
982,2711.58,2703.46,3241,0,1260,1,1.998,10172.6,rl_v3,1.72e-04,0.122,0.121,0.113,0.117,0.136,0.135,0.120,0.137,0.000
983,4191.57,2675.50,5269,0,2635,1,1.997,10183.6,rl_v3,1.72e-04,0.130,0.120,0.127,0.106,0.129,0.131,0.105,0.152,0.000
984,1712.62,2683.87,2193,0,-332,-1,1.991,10194.1,rl_v3,1.72e-04,0.125,0.136,0.111,0.130,0.129,0.120,0.098,0.151,0.000
985,1627.68,2621.42,2674,0,-258,-1,1.989,10205.0,rl_v3,1.72e-04,0.119,0.116,0.113,0.125,0.139,0.121,0.116,0.152,0.000
986,1118.86,2632.86,1936,0,-340,-1,2.006,10214.4,rl_v3,1.72e-04,0.122,0.130,0.131,0.129,0.137,0.103,0.114,0.134,0.000
987,5322.56,2634.17,5419,1,-963,-1,1.999,10225.9,rl_v3,1.72e-04,0.148,0.121,0.116,0.141,0.126,0.108,0.084,0.154,0.001
988,3732.53,2658.92,4833,0,-434,-1,2.011,10237.5,rl_v3,1.72e-04,0.111,0.122,0.106,0.149,0.125,0.136,0.103,0.149,0.000
989,1876.87,2628.05,2548,0,984,1,2.001,10247.4,rl_v3,1.72e-04,0.105,0.127,0.133,0.118,0.155,0.130,0.111,0.121,0.000
990,1984.80,2633.26,2322,0,-904,-1,1.992,10257.4,rl_v3,1.72e-04,0.111,0.124,0.117,0.135,0.147,0.137,0.104,0.124,0.000
991,2187.59,2637.33,2386,0,-213,-1,1.986,10267.6,rl_v3,1.72e-04,0.122,0.133,0.145,0.110,0.145,0.117,0.099,0.128,0.000
992,5806.41,2687.02,5863,1,-425,-1,1.995,10279.5,rl_v3,1.72e-04,0.111,0.127,0.122,0.129,0.136,0.116,0.107,0.150,0.001
993,2149.12,2653.85,3008,0,-217,-1,1.992,10290.7,rl_v3,1.72e-04,0.119,0.126,0.132,0.127,0.152,0.110,0.102,0.132,0.000
994,2813.03,2629.94,3097,0,1423,1,1.990,10300.6,rl_v3,1.72e-04,0.137,0.133,0.116,0.112,0.148,0.117,0.115,0.122,0.000
995,1673.53,2606.11,2247,0,-891,-1,2.000,10311.2,rl_v3,1.72e-04,0.146,0.127,0.129,0.125,0.133,0.122,0.106,0.112,0.000
996,2420.67,2605.90,2876,0,-1965,-1,1.987,10322.0,rl_v3,1.72e-04,0.120,0.140,0.117,0.120,0.148,0.133,0.101,0.122,0.000
997,1019.90,2572.97,1663,0,-532,-1,1.998,10331.9,rl_v3,1.72e-04,0.129,0.106,0.138,0.118,0.144,0.134,0.121,0.111,0.000
998,1861.55,2582.61,2908,0,-1259,-1,1.991,10343.4,rl_v3,1.72e-04,0.108,0.133,0.135,0.146,0.157,0.119,0.084,0.118,0.000
999,1391.91,2586.28,2596,0,-1279,-1,1.998,10355.1,rl_v3,1.72e-04,0.118,0.115,0.123,0.137,0.146,0.118,0.097,0.145,0.000
1000,1857.53,2590.43,2630,0,-1056,-1,1.986,10365.6,rl_v3,1.67e-04,0.129,0.128,0.131,0.119,0.129,0.117,0.109,0.138,0.000
1001,4598.20,2589.06,5258,0,1024,1,2.005,10377.0,rl_v3,1.67e-04,0.130,0.136,0.132,0.120,0.139,0.117,0.107,0.119,0.000
1002,2302.98,2555.78,2629,0,-585,-1,1.990,10387.3,rl_v3,1.67e-04,0.127,0.100,0.116,0.118,0.156,0.137,0.114,0.131,0.000
1003,90.93,2499.97,1005,0,-1431,-1,1.990,10397.0,rl_v3,1.67e-04,0.113,0.115,0.131,0.119,0.149,0.131,0.121,0.120,0.000
1004,3382.04,2507.99,3793,0,-104,-1,1.993,10408.6,rl_v3,1.67e-04,0.117,0.118,0.125,0.130,0.135,0.130,0.096,0.149,0.000
1005,1904.20,2497.16,3124,0,-1036,-1,1.991,10420.5,rl_v3,1.67e-04,0.110,0.122,0.135,0.121,0.152,0.130,0.100,0.130,0.000
1006,2094.14,2503.18,2536,0,-1766,-1,1.988,10431.8,rl_v3,1.67e-04,0.101,0.119,0.121,0.145,0.157,0.118,0.109,0.130,0.000
1007,622.98,2501.54,1081,0,-850,-1,1.991,10441.7,rl_v3,1.67e-04,0.109,0.126,0.115,0.121,0.159,0.122,0.119,0.130,0.000
1008,3220.74,2527.47,4126,0,1750,1,1.997,10452.2,rl_v3,1.67e-04,0.132,0.105,0.127,0.114,0.168,0.116,0.105,0.133,0.000
1009,2082.60,2538.35,2536,0,-1973,-1,1.992,10463.3,rl_v3,1.67e-04,0.114,0.121,0.119,0.131,0.125,0.142,0.106,0.142,0.000
1010,2790.13,2529.43,2997,0,-29,-1,1.997,10473.3,rl_v3,1.67e-04,0.128,0.114,0.136,0.115,0.129,0.131,0.106,0.140,0.000
1011,755.15,2504.01,1845,0,-315,-1,2.002,10483.7,rl_v3,1.67e-04,0.120,0.113,0.124,0.127,0.129,0.124,0.135,0.128,0.000
1012,699.01,2492.87,2014,0,-1248,-1,1.999,10494.2,rl_v3,1.67e-04,0.127,0.110,0.138,0.147,0.129,0.125,0.098,0.125,0.000
1013,2795.96,2481.62,3213,0,790,1,1.999,10505.2,rl_v3,1.67e-04,0.117,0.112,0.123,0.144,0.153,0.127,0.104,0.121,0.000
1014,3633.64,2476.18,3904,0,2420,1,2.000,10515.7,rl_v3,1.67e-04,0.117,0.109,0.131,0.146,0.150,0.103,0.111,0.134,0.000
1015,1436.52,2477.40,2790,0,-2222,-1,1.999,10527.3,rl_v3,1.67e-04,0.131,0.102,0.127,0.140,0.131,0.121,0.090,0.157,0.000
1016,804.08,2483.31,1733,0,-1142,-1,1.989,10538.0,rl_v3,1.67e-04,0.120,0.128,0.122,0.131,0.116,0.139,0.109,0.135,0.000
1017,1591.27,2479.68,2618,0,541,1,2.003,10548.3,rl_v3,1.67e-04,0.122,0.120,0.112,0.121,0.127,0.125,0.127,0.148,0.000
1018,2347.80,2490.36,2615,0,-1655,-1,1.987,10559.0,rl_v3,1.67e-04,0.114,0.116,0.131,0.149,0.115,0.117,0.099,0.159,0.000
1019,2452.39,2490.77,2972,0,108,1,1.993,10569.8,rl_v3,1.67e-04,0.121,0.115,0.133,0.136,0.112,0.118,0.111,0.155,0.000
1020,1221.85,2506.04,2178,0,-1287,-1,1.998,10580.2,rl_v3,1.67e-04,0.120,0.115,0.129,0.128,0.110,0.138,0.105,0.156,0.000
1021,2605.40,2524.96,3065,0,342,1,1.995,10591.2,rl_v3,1.67e-04,0.127,0.119,0.125,0.120,0.142,0.129,0.103,0.136,0.000
1022,1203.58,2512.76,2390,0,-426,-1,1.994,10602.1,rl_v3,1.67e-04,0.109,0.125,0.133,0.115,0.111,0.151,0.109,0.148,0.000
1023,2349.88,2492.04,2898,0,-662,-1,1.989,10612.5,rl_v3,1.67e-04,0.133,0.113,0.118,0.128,0.130,0.137,0.103,0.138,0.000
1024,2573.56,2493.80,3524,0,824,1,2.002,10622.8,rl_v3,1.67e-04,0.140,0.125,0.118,0.125,0.123,0.131,0.112,0.126,0.000
1025,4785.33,2507.22,6180,0,-1590,-1,1.993,10635.5,rl_v3,1.67e-04,0.141,0.123,0.130,0.131,0.138,0.102,0.100,0.136,0.000
1026,5344.13,2540.31,6385,0,2617,1,1.995,10647.2,rl_v3,1.67e-04,0.151,0.132,0.116,0.110,0.101,0.136,0.114,0.140,0.000
1027,5238.91,2586.13,5536,0,2686,1,1.989,10658.3,rl_v3,1.67e-04,0.150,0.124,0.125,0.123,0.114,0.127,0.097,0.140,0.000
1028,1073.83,2573.14,1467,0,-723,-1,1.993,10668.1,rl_v3,1.67e-04,0.136,0.143,0.105,0.125,0.144,0.123,0.118,0.107,0.000
1029,1674.10,2586.62,2111,0,-607,-1,1.999,10678.5,rl_v3,1.67e-04,0.138,0.133,0.117,0.120,0.120,0.130,0.110,0.132,0.000
1030,1813.64,2587.45,2255,0,-580,-1,2.000,10688.9,rl_v3,1.67e-04,0.131,0.130,0.123,0.130,0.138,0.120,0.101,0.127,0.000
1031,3881.68,2556.36,4166,0,2605,1,2.001,10699.5,rl_v3,1.67e-04,0.125,0.114,0.122,0.142,0.140,0.121,0.107,0.129,0.000
1032,3960.00,2550.69,4830,0,1699,1,1.995,10710.2,rl_v3,1.67e-04,0.140,0.133,0.116,0.139,0.128,0.114,0.109,0.122,0.000
1033,2093.60,2554.43,2645,0,-958,-1,1.995,10721.2,rl_v3,1.67e-04,0.144,0.122,0.118,0.116,0.130,0.124,0.105,0.141,0.000
1034,1555.91,2560.88,2045,0,-478,-1,2.005,10731.5,rl_v3,1.67e-04,0.128,0.138,0.119,0.143,0.119,0.127,0.096,0.129,0.000
1035,3987.79,2596.94,4410,1,-1357,-1,1.998,10741.2,rl_v3,1.67e-04,0.126,0.120,0.118,0.130,0.146,0.125,0.101,0.133,0.001
1036,2413.19,2599.66,3201,0,1471,1,1.999,10751.5,rl_v3,1.67e-04,0.119,0.115,0.125,0.123,0.122,0.131,0.116,0.149,0.000
1037,146.37,2601.85,1208,0,-1017,-1,1.993,10761.2,rl_v3,1.67e-04,0.122,0.129,0.118,0.110,0.135,0.143,0.124,0.118,0.000
1038,2943.88,2596.54,3541,0,-455,-1,1.988,10772.5,rl_v3,1.67e-04,0.133,0.113,0.106,0.128,0.147,0.125,0.124,0.124,0.000
1039,3400.03,2590.25,3952,0,1203,1,2.003,10784.5,rl_v3,1.67e-04,0.133,0.103,0.111,0.116,0.127,0.131,0.128,0.151,0.000
1040,559.38,2572.01,1612,0,-668,-1,2.002,10794.6,rl_v3,1.67e-04,0.122,0.132,0.107,0.144,0.118,0.137,0.118,0.121,0.000
1041,609.83,2564.46,1488,0,-555,-1,1.993,10804.5,rl_v3,1.67e-04,0.115,0.120,0.120,0.131,0.147,0.114,0.119,0.133,0.000
1042,5636.68,2596.55,5362,1,-735,-1,1.995,10815.4,rl_v3,1.67e-04,0.106,0.131,0.130,0.131,0.125,0.123,0.101,0.152,0.001
1043,7826.14,2656.83,7902,1,-334,-1,1.996,10826.9,rl_v3,1.67e-04,0.132,0.108,0.111,0.159,0.123,0.119,0.105,0.142,0.001
1044,4501.22,2680.55,4882,0,2509,1,1.995,10837.2,rl_v3,1.67e-04,0.129,0.127,0.134,0.136,0.121,0.119,0.101,0.133,0.000
1045,4151.35,2628.53,4304,1,-225,-1,1.996,10847.5,rl_v3,1.67e-04,0.142,0.110,0.137,0.153,0.129,0.094,0.120,0.114,0.001
1046,6712.18,2687.52,7048,0,4704,1,1.988,10859.1,rl_v3,1.67e-04,0.143,0.118,0.146,0.119,0.126,0.119,0.109,0.119,0.000
1047,1936.25,2671.64,3285,0,-337,-1,2.011,10869.7,rl_v3,1.67e-04,0.117,0.113,0.137,0.140,0.126,0.124,0.132,0.111,0.000
1048,746.43,2635.53,1984,0,-715,-1,1.985,10880.7,rl_v3,1.67e-04,0.115,0.144,0.131,0.123,0.129,0.126,0.127,0.106,0.000
1049,5716.45,2658.50,6080,0,3388,1,2.003,10892.1,rl_v3,1.67e-04,0.115,0.133,0.130,0.131,0.133,0.134,0.109,0.117,0.000
1050,-73.12,2645.07,833,0,-1249,-1,1.991,10901.8,rl_v3,1.67e-04,0.123,0.133,0.125,0.114,0.125,0.140,0.122,0.118,0.000
1051,1835.46,2655.17,2629,0,-1756,-1,2.008,10912.9,rl_v3,1.67e-04,0.124,0.119,0.108,0.121,0.136,0.158,0.108,0.125,0.000
1052,660.73,2637.67,1906,0,-1017,-1,2.004,10923.4,rl_v3,1.67e-04,0.126,0.118,0.121,0.112,0.143,0.151,0.110,0.118,0.000
1053,3102.87,2630.37,4026,0,999,1,2.002,10934.5,rl_v3,1.67e-04,0.132,0.134,0.121,0.139,0.119,0.124,0.114,0.117,0.000
1054,764.67,2633.03,1755,0,-1115,-1,1.993,10944.7,rl_v3,1.67e-04,0.137,0.133,0.107,0.116,0.126,0.154,0.109,0.118,0.000
1055,3698.28,2665.13,4134,0,2689,1,1.997,10955.9,rl_v3,1.67e-04,0.129,0.130,0.103,0.127,0.140,0.137,0.116,0.118,0.000
1056,6212.27,2689.38,6592,0,3017,1,1.979,10966.9,rl_v3,1.67e-04,0.138,0.139,0.117,0.103,0.099,0.137,0.125,0.142,0.000
1057,4747.78,2722.74,5177,0,1424,1,1.990,10978.1,rl_v3,1.67e-04,0.146,0.117,0.130,0.131,0.128,0.121,0.110,0.118,0.000
1058,634.00,2718.00,1533,0,-377,-1,1.997,10988.4,rl_v3,1.67e-04,0.126,0.124,0.134,0.117,0.126,0.130,0.110,0.133,0.000
1059,2583.20,2725.48,3528,0,-66,-1,1.980,10998.5,rl_v3,1.67e-04,0.134,0.134,0.134,0.116,0.111,0.130,0.111,0.129,0.000
1060,3964.24,2693.05,5186,0,-1398,-1,1.993,11011.1,rl_v3,1.67e-04,0.153,0.136,0.119,0.104,0.139,0.130,0.093,0.127,0.000
1061,4247.48,2716.42,4676,0,1949,1,1.977,11022.5,rl_v3,1.67e-04,0.147,0.116,0.148,0.115,0.129,0.114,0.098,0.134,0.000
1062,5832.44,2751.67,6453,0,3007,1,1.987,11034.2,rl_v3,1.67e-04,0.142,0.124,0.135,0.119,0.121,0.114,0.107,0.138,0.000
1063,3467.83,2717.85,3780,0,1646,1,1.991,11044.9,rl_v3,1.67e-04,0.139,0.108,0.124,0.134,0.120,0.134,0.114,0.128,0.000
1064,2022.73,2717.74,2678,0,-1957,-1,1.980,11055.8,rl_v3,1.67e-04,0.153,0.116,0.141,0.115,0.121,0.116,0.102,0.135,0.000
1065,2379.87,2707.30,2868,0,-385,-1,1.983,11066.5,rl_v3,1.67e-04,0.149,0.129,0.116,0.103,0.146,0.128,0.104,0.126,0.000
1066,7392.00,2780.42,7424,1,-2022,-1,1.957,11077.4,rl_v3,1.67e-04,0.159,0.117,0.128,0.122,0.117,0.112,0.100,0.144,0.001
1067,4758.81,2821.64,4959,1,-1448,-1,1.990,11087.6,rl_v3,1.67e-04,0.127,0.110,0.137,0.128,0.121,0.113,0.114,0.151,0.001
1068,2828.93,2831.61,3181,0,830,1,1.996,11097.6,rl_v3,1.67e-04,0.153,0.125,0.111,0.116,0.108,0.133,0.106,0.149,0.000
1069,1878.36,2818.32,3125,0,-1443,-1,2.000,11108.8,rl_v3,1.67e-04,0.125,0.128,0.120,0.114,0.138,0.127,0.123,0.126,0.000
1070,832.87,2807.88,1707,0,-578,-1,2.006,11118.5,rl_v3,1.67e-04,0.125,0.103,0.132,0.115,0.139,0.139,0.102,0.145,0.000
1071,2195.69,2816.07,2552,0,-115,-1,1.994,11129.4,rl_v3,1.67e-04,0.138,0.136,0.135,0.119,0.115,0.133,0.108,0.117,0.000
1072,2931.04,2804.24,3247,0,12,1,2.007,11140.0,rl_v3,1.67e-04,0.114,0.133,0.123,0.120,0.143,0.131,0.090,0.145,0.000
1073,2082.03,2804.70,3264,0,-1392,-1,2.001,11151.7,rl_v3,1.67e-04,0.124,0.145,0.134,0.116,0.120,0.131,0.093,0.137,0.000
1074,3524.55,2817.44,3807,0,2290,1,2.001,11162.6,rl_v3,1.67e-04,0.151,0.131,0.119,0.112,0.100,0.127,0.108,0.150,0.000
1075,3738.61,2808.92,4722,0,-518,-1,1.995,11174.2,rl_v3,1.67e-04,0.139,0.113,0.136,0.115,0.130,0.129,0.111,0.127,0.000
1076,3979.13,2802.43,4986,0,971,1,2.007,11185.1,rl_v3,1.67e-04,0.132,0.118,0.135,0.123,0.112,0.128,0.092,0.160,0.000
1077,453.64,2785.95,1403,0,-198,-1,2.004,11195.2,rl_v3,1.67e-04,0.115,0.139,0.122,0.117,0.136,0.119,0.117,0.136,0.000
1078,6986.03,2833.98,7014,1,-775,-1,1.968,11207.8,rl_v3,1.67e-04,0.132,0.143,0.125,0.119,0.125,0.120,0.084,0.152,0.001
1079,5898.20,2844.50,5949,1,-2503,-1,1.989,11218.5,rl_v3,1.67e-04,0.126,0.130,0.125,0.124,0.131,0.132,0.091,0.141,0.001
1080,5241.51,2878.64,5810,1,-788,-1,1.994,11229.8,rl_v3,1.67e-04,0.122,0.122,0.134,0.124,0.122,0.115,0.089,0.170,0.001
1081,1207.59,2817.37,1903,0,-883,-1,2.013,11240.2,rl_v3,1.67e-04,0.132,0.121,0.123,0.109,0.132,0.128,0.130,0.124,0.000
1082,909.61,2799.35,1768,0,-108,-1,2.015,11250.4,rl_v3,1.67e-04,0.134,0.109,0.122,0.110,0.163,0.128,0.105,0.129,0.000
1083,1502.03,2772.46,2343,0,-392,-1,1.992,11261.2,rl_v3,1.67e-04,0.131,0.114,0.149,0.109,0.126,0.130,0.098,0.142,0.000
1084,1292.29,2768.26,2105,0,-1795,-1,2.007,11272.3,rl_v3,1.67e-04,0.136,0.116,0.125,0.109,0.127,0.128,0.103,0.156,0.000
1085,2064.31,2772.62,3377,0,-215,-1,1.993,11285.0,rl_v3,1.67e-04,0.130,0.126,0.124,0.135,0.112,0.125,0.105,0.143,0.000
1086,3523.32,2796.67,4561,0,1572,1,1.985,11296.3,rl_v3,1.67e-04,0.129,0.114,0.140,0.136,0.110,0.122,0.101,0.147,0.000
1087,5499.18,2798.43,5788,0,1704,1,2.003,11307.7,rl_v3,1.67e-04,0.141,0.142,0.132,0.129,0.119,0.129,0.088,0.120,0.000
1088,811.80,2769.22,1775,0,-1024,-1,2.009,11318.1,rl_v3,1.67e-04,0.120,0.122,0.120,0.126,0.135,0.122,0.123,0.131,0.000
1089,7987.84,2830.33,7766,1,652,1,1.985,11330.0,rl_v3,1.67e-04,0.125,0.148,0.122,0.124,0.109,0.117,0.106,0.149,0.000
1090,2179.88,2832.29,3264,0,-541,-1,2.002,11341.5,rl_v3,1.67e-04,0.142,0.120,0.120,0.144,0.107,0.133,0.097,0.137,0.000
1091,1639.87,2826.81,2011,0,29,1,2.005,11351.6,rl_v3,1.67e-04,0.124,0.128,0.144,0.119,0.130,0.124,0.109,0.123,0.000
1092,3870.91,2807.45,5121,0,799,1,2.001,11363.0,rl_v3,1.67e-04,0.127,0.116,0.118,0.142,0.122,0.143,0.118,0.114,0.000
1093,806.43,2794.03,1994,0,-312,-1,2.013,11373.5,rl_v3,1.67e-04,0.103,0.128,0.124,0.113,0.134,0.137,0.131,0.130,0.000
1094,6841.18,2834.31,7038,1,-3039,-1,1.993,11384.5,rl_v3,1.67e-04,0.137,0.130,0.139,0.109,0.109,0.104,0.124,0.147,0.001
1095,1173.76,2829.31,2220,0,735,1,2.005,11394.6,rl_v3,1.67e-04,0.124,0.129,0.115,0.122,0.119,0.136,0.126,0.129,0.000
1096,4533.67,2850.44,4730,0,2893,1,1.999,11404.8,rl_v3,1.67e-04,0.130,0.117,0.141,0.128,0.112,0.134,0.113,0.124,0.000
1097,395.40,2844.20,895,0,-922,-1,1.999,11414.6,rl_v3,1.67e-04,0.118,0.125,0.111,0.117,0.145,0.114,0.133,0.137,0.000
1098,1294.32,2838.52,2272,0,-451,-1,1.990,11425.2,rl_v3,1.67e-04,0.132,0.128,0.129,0.124,0.115,0.113,0.110,0.148,0.000
1099,1331.42,2837.92,2315,0,838,1,2.007,11435.4,rl_v3,1.67e-04,0.145,0.109,0.122,0.136,0.126,0.115,0.129,0.118,0.000
1100,2821.49,2847.56,3140,0,786,1,2.003,11445.9,rl_v3,1.62e-04,0.138,0.111,0.119,0.129,0.120,0.121,0.118,0.144,0.000
1101,4606.35,2847.64,4913,0,1310,1,1.997,11457.3,rl_v3,1.62e-04,0.137,0.105,0.106,0.122,0.124,0.135,0.124,0.146,0.000
1102,5705.73,2881.67,6330,0,2073,1,1.990,11469.0,rl_v3,1.62e-04,0.150,0.151,0.104,0.114,0.119,0.118,0.131,0.112,0.000
1103,1033.68,2891.09,2073,0,358,1,2.008,11479.7,rl_v3,1.62e-04,0.146,0.106,0.126,0.125,0.131,0.128,0.108,0.131,0.000
1104,1907.53,2876.35,2324,0,-921,-1,2.000,11489.4,rl_v3,1.62e-04,0.148,0.122,0.125,0.116,0.134,0.129,0.122,0.104,0.000
1105,7076.60,2928.07,7056,1,-408,-1,1.991,11501.5,rl_v3,1.62e-04,0.138,0.118,0.113,0.140,0.111,0.119,0.123,0.138,0.001
1106,1252.72,2919.66,2202,0,-1402,-1,2.002,11511.9,rl_v3,1.62e-04,0.138,0.108,0.128,0.146,0.118,0.146,0.098,0.119,0.000
1107,4418.13,2957.61,4847,0,1001,1,1.990,11523.4,rl_v3,1.62e-04,0.142,0.120,0.120,0.133,0.123,0.140,0.099,0.122,0.000
1108,5147.08,2976.87,5659,0,370,1,1.995,11533.7,rl_v3,1.62e-04,0.143,0.102,0.115,0.127,0.122,0.174,0.096,0.120,0.000
1109,5721.38,3013.26,6893,0,907,1,1.990,11546.2,rl_v3,1.62e-04,0.148,0.121,0.129,0.130,0.076,0.165,0.111,0.120,0.000
1110,3576.85,3021.13,4593,0,375,1,2.001,11558.1,rl_v3,1.62e-04,0.132,0.134,0.124,0.138,0.112,0.141,0.104,0.114,0.000
1111,2849.89,3042.08,3828,0,515,1,1.996,11569.3,rl_v3,1.62e-04,0.124,0.139,0.136,0.120,0.122,0.129,0.103,0.127,0.000
1112,2080.87,3055.89,2979,0,-31,-1,1.990,11579.7,rl_v3,1.62e-04,0.121,0.134,0.126,0.109,0.133,0.132,0.109,0.136,0.000
1113,921.02,3037.15,1892,0,-1316,-1,2.000,11590.4,rl_v3,1.62e-04,0.123,0.130,0.127,0.129,0.123,0.135,0.098,0.135,0.000
1114,1814.00,3018.95,2229,0,-910,-1,1.996,11600.7,rl_v3,1.62e-04,0.113,0.138,0.134,0.114,0.127,0.146,0.103,0.127,0.000
1115,2069.49,3025.28,2676,0,199,1,2.004,11611.6,rl_v3,1.62e-04,0.128,0.128,0.139,0.127,0.119,0.124,0.120,0.114,0.000
1116,2680.79,3044.05,4204,0,-255,-1,1.992,11623.3,rl_v3,1.62e-04,0.126,0.138,0.138,0.099,0.134,0.129,0.111,0.126,0.000
1117,1178.87,3039.92,1929,0,-1001,-1,1.993,11634.0,rl_v3,1.62e-04,0.107,0.151,0.115,0.122,0.127,0.139,0.100,0.138,0.000
1118,2216.99,3038.61,2612,0,-865,-1,2.007,11644.0,rl_v3,1.62e-04,0.134,0.125,0.119,0.141,0.117,0.120,0.104,0.140,0.000
1119,2707.13,3041.16,3588,0,486,1,2.015,11654.5,rl_v3,1.62e-04,0.148,0.120,0.113,0.135,0.124,0.142,0.113,0.105,0.000
1120,440.60,3033.35,1393,0,-1093,-1,1.999,11664.7,rl_v3,1.62e-04,0.117,0.127,0.120,0.134,0.135,0.128,0.118,0.123,0.000
1121,162.70,3008.92,1263,0,-1833,-1,2.003,11675.0,rl_v3,1.62e-04,0.129,0.119,0.128,0.137,0.123,0.127,0.110,0.127,0.000
1122,4133.47,3038.22,4447,0,1152,1,1.997,11685.6,rl_v3,1.62e-04,0.135,0.120,0.137,0.123,0.111,0.148,0.106,0.121,0.000
1123,1779.69,3032.52,2349,0,-671,-1,1.990,11696.2,rl_v3,1.62e-04,0.136,0.104,0.127,0.145,0.139,0.127,0.106,0.116,0.000
1124,3157.19,3038.35,3717,0,501,1,1.995,11707.5,rl_v3,1.62e-04,0.115,0.126,0.133,0.141,0.122,0.121,0.117,0.125,0.000
1125,2025.33,3010.75,2507,0,-436,-1,1.993,11717.8,rl_v3,1.62e-04,0.132,0.111,0.136,0.140,0.131,0.132,0.108,0.109,0.000
1126,349.60,2960.81,1613,0,-1236,-1,2.005,11728.1,rl_v3,1.62e-04,0.127,0.138,0.119,0.135,0.133,0.110,0.120,0.119,0.000
1127,8199.67,2990.42,8153,1,-1296,-1,1.976,11740.1,rl_v3,1.62e-04,0.188,0.124,0.124,0.123,0.121,0.118,0.081,0.120,0.001
1128,4629.79,3025.98,5284,1,-2839,-1,1.979,11751.1,rl_v3,1.62e-04,0.151,0.118,0.136,0.121,0.127,0.132,0.081,0.134,0.001
1129,1889.27,3028.13,2216,0,-659,-1,1.990,11761.5,rl_v3,1.62e-04,0.122,0.124,0.142,0.131,0.115,0.144,0.105,0.117,0.000
1130,2718.19,3037.17,3221,0,-1499,-1,1.990,11772.5,rl_v3,1.62e-04,0.141,0.126,0.144,0.121,0.118,0.124,0.098,0.127,0.000
1131,1617.10,3014.53,1938,0,-344,-1,1.985,11783.2,rl_v3,1.62e-04,0.126,0.113,0.141,0.114,0.121,0.139,0.099,0.147,0.000
1132,3004.81,3004.98,3304,0,1475,1,1.994,11793.5,rl_v3,1.62e-04,0.132,0.120,0.137,0.106,0.106,0.135,0.114,0.150,0.000
1133,8034.29,3064.38,7765,1,9,1,1.986,11805.7,rl_v3,1.62e-04,0.145,0.120,0.149,0.128,0.109,0.127,0.092,0.129,0.001
1134,3805.44,3086.88,5059,0,2042,1,1.974,11817.4,rl_v3,1.62e-04,0.115,0.127,0.151,0.116,0.104,0.136,0.122,0.129,0.000
1135,6381.06,3110.81,6835,0,2288,1,1.984,11829.0,rl_v3,1.62e-04,0.144,0.118,0.162,0.099,0.116,0.126,0.101,0.133,0.000
1136,3319.57,3119.87,4705,0,294,1,1.991,11840.0,rl_v3,1.62e-04,0.124,0.129,0.149,0.119,0.108,0.129,0.119,0.122,0.000
1137,7475.88,3193.17,7582,1,747,1,1.964,11851.9,rl_v3,1.62e-04,0.140,0.120,0.178,0.114,0.106,0.117,0.094,0.130,0.001
1138,5714.10,3220.87,6176,0,2196,1,1.991,11863.2,rl_v3,1.62e-04,0.120,0.114,0.140,0.130,0.112,0.114,0.123,0.148,0.000
1139,465.73,3191.53,1442,0,-341,-1,1.997,11873.2,rl_v3,1.62e-04,0.119,0.115,0.135,0.128,0.138,0.116,0.119,0.131,0.000
1140,3467.89,3220.61,3958,0,-1031,-1,1.991,11884.2,rl_v3,1.62e-04,0.136,0.118,0.120,0.147,0.117,0.127,0.101,0.134,0.000
1141,1897.20,3233.49,2340,0,-192,-1,2.004,11894.8,rl_v3,1.62e-04,0.125,0.122,0.136,0.138,0.123,0.135,0.099,0.122,0.000
1142,4811.68,3225.24,5213,0,1959,1,1.990,11906.3,rl_v3,1.62e-04,0.137,0.126,0.128,0.142,0.108,0.118,0.100,0.142,0.000
1143,25.85,3147.23,1005,0,-219,-1,1.999,11915.4,rl_v3,1.62e-04,0.098,0.118,0.130,0.141,0.132,0.112,0.133,0.135,0.000
1144,923.41,3111.46,1355,0,-711,-1,1.983,11925.3,rl_v3,1.62e-04,0.124,0.130,0.138,0.121,0.130,0.115,0.115,0.127,0.000
1145,2466.93,3094.61,3525,0,-38,-1,1.996,11936.5,rl_v3,1.62e-04,0.134,0.133,0.137,0.139,0.090,0.132,0.101,0.134,0.000
1146,1134.42,3038.83,2290,0,-162,-1,1.991,11947.1,rl_v3,1.62e-04,0.138,0.123,0.128,0.133,0.128,0.120,0.097,0.132,0.000
1147,1691.20,3036.38,2963,0,-1239,-1,1.996,11958.2,rl_v3,1.62e-04,0.149,0.114,0.119,0.146,0.099,0.118,0.124,0.130,0.000
1148,2176.03,3050.68,2516,0,203,1,1.988,11969.0,rl_v3,1.62e-04,0.130,0.135,0.119,0.127,0.130,0.138,0.094,0.127,0.000
1149,1311.45,3006.63,2254,0,-558,-1,1.991,11979.8,rl_v3,1.62e-04,0.148,0.148,0.114,0.131,0.116,0.120,0.099,0.125,0.000
1150,4008.60,3047.45,4870,0,-943,-1,1.997,11992.1,rl_v3,1.62e-04,0.155,0.153,0.139,0.129,0.108,0.102,0.113,0.101,0.000
1151,98.83,3030.08,1433,0,-1696,-1,2.001,12002.3,rl_v3,1.62e-04,0.144,0.147,0.114,0.114,0.126,0.119,0.124,0.112,0.000
1152,2166.67,3045.14,3029,0,-115,-1,1.994,12013.4,rl_v3,1.62e-04,0.142,0.149,0.125,0.113,0.131,0.124,0.092,0.123,0.000
1153,2535.78,3039.47,3019,0,171,1,1.990,12024.1,rl_v3,1.62e-04,0.127,0.148,0.130,0.124,0.109,0.142,0.095,0.124,0.000
1154,353.51,3035.36,1316,0,-1612,-1,1.981,12034.6,rl_v3,1.62e-04,0.116,0.149,0.137,0.125,0.131,0.109,0.107,0.127,0.000
1155,8018.22,3078.56,7857,1,-1315,-1,1.985,12047.1,rl_v3,1.62e-04,0.137,0.157,0.127,0.128,0.119,0.106,0.093,0.134,0.001
1156,1304.52,3029.48,2372,0,-1573,-1,2.006,12057.3,rl_v3,1.62e-04,0.133,0.139,0.127,0.108,0.129,0.128,0.126,0.109,0.000
1157,3856.80,3020.57,4649,0,2901,1,2.000,12067.8,rl_v3,1.62e-04,0.147,0.146,0.115,0.110,0.119,0.141,0.107,0.116,0.000
1158,7798.48,3092.22,7779,1,-1173,-1,1.984,12079.5,rl_v3,1.62e-04,0.145,0.136,0.125,0.111,0.122,0.129,0.116,0.116,0.001
1159,704.68,3073.43,1882,0,118,1,2.008,12089.3,rl_v3,1.62e-04,0.119,0.163,0.130,0.128,0.116,0.117,0.111,0.118,0.000
1160,4562.30,3079.41,4783,0,2634,1,1.997,12099.4,rl_v3,1.62e-04,0.130,0.144,0.145,0.102,0.122,0.126,0.117,0.115,0.000
1161,3274.51,3069.68,4541,0,908,1,1.990,12112.1,rl_v3,1.62e-04,0.151,0.140,0.137,0.113,0.127,0.124,0.098,0.110,0.000
1162,424.67,3015.60,1371,0,-564,-1,1.988,12122.0,rl_v3,1.62e-04,0.126,0.140,0.128,0.107,0.125,0.125,0.114,0.136,0.000
1163,1558.33,2996.51,2678,0,-344,-1,1.985,12132.7,rl_v3,1.62e-04,0.146,0.138,0.145,0.116,0.113,0.115,0.110,0.117,0.000
1164,5971.33,3035.99,6769,0,2115,1,1.989,12144.6,rl_v3,1.62e-04,0.140,0.145,0.140,0.115,0.120,0.118,0.108,0.115,0.000
1165,1564.01,3027.84,2503,0,-945,-1,1.994,12155.0,rl_v3,1.62e-04,0.126,0.131,0.138,0.111,0.114,0.114,0.125,0.142,0.000
1166,2379.69,2977.71,2889,0,-671,-1,2.000,12164.9,rl_v3,1.62e-04,0.145,0.127,0.128,0.110,0.114,0.131,0.130,0.115,0.000
1167,2112.50,2951.25,3606,0,-488,-1,1.994,12176.9,rl_v3,1.62e-04,0.130,0.132,0.109,0.129,0.120,0.153,0.115,0.113,0.000
1168,1903.40,2941.99,2918,0,-72,-1,1.992,12187.9,rl_v3,1.62e-04,0.137,0.138,0.125,0.101,0.146,0.119,0.106,0.128,0.000
1169,2335.63,2946.57,3213,0,-183,-1,1.993,12198.3,rl_v3,1.62e-04,0.131,0.130,0.135,0.115,0.136,0.123,0.105,0.126,0.000
1170,3421.00,2972.45,3998,0,-699,-1,1.978,12210.5,rl_v3,1.62e-04,0.110,0.133,0.123,0.129,0.147,0.125,0.091,0.142,0.000
1171,6346.28,3013.95,6253,1,-464,-1,1.990,12221.7,rl_v3,1.62e-04,0.133,0.135,0.120,0.125,0.144,0.111,0.095,0.135,0.001
1172,-143.15,2983.21,815,0,-1219,-1,1.988,12231.9,rl_v3,1.62e-04,0.113,0.148,0.114,0.101,0.144,0.116,0.118,0.146,0.000
1173,1415.20,2976.54,1828,0,-946,-1,1.988,12242.2,rl_v3,1.62e-04,0.115,0.122,0.124,0.134,0.140,0.136,0.097,0.132,0.000
1174,3153.15,2972.83,3497,0,680,1,1.989,12253.2,rl_v3,1.62e-04,0.111,0.146,0.122,0.117,0.134,0.119,0.107,0.145,0.000
1175,1056.73,2946.01,2029,0,-1032,-1,1.989,12263.1,rl_v3,1.62e-04,0.128,0.132,0.127,0.129,0.121,0.114,0.122,0.128,0.000
1176,894.70,2915.17,2520,0,-1697,-1,2.012,12274.7,rl_v3,1.62e-04,0.127,0.129,0.122,0.105,0.130,0.138,0.116,0.133,0.000
1177,1598.26,2926.61,2022,0,-483,-1,1.986,12285.1,rl_v3,1.62e-04,0.134,0.138,0.113,0.115,0.126,0.117,0.105,0.154,0.000
1178,1054.49,2867.30,1353,0,-801,-1,1.976,12294.1,rl_v3,1.62e-04,0.126,0.143,0.147,0.111,0.124,0.113,0.104,0.133,0.000
1179,228.26,2810.60,1313,0,-1231,-1,1.984,12304.6,rl_v3,1.62e-04,0.117,0.147,0.117,0.112,0.137,0.131,0.103,0.138,0.000
1180,659.79,2764.78,1137,0,-859,-1,1.992,12314.2,rl_v3,1.62e-04,0.119,0.129,0.131,0.114,0.134,0.120,0.110,0.143,0.000
1181,2532.34,2778.03,2941,0,-126,-1,1.993,12324.7,rl_v3,1.62e-04,0.150,0.133,0.117,0.102,0.113,0.142,0.099,0.144,0.000
1182,4219.57,2811.13,4432,0,1715,1,1.985,12335.2,rl_v3,1.62e-04,0.140,0.125,0.127,0.118,0.123,0.128,0.094,0.144,0.000
1183,3613.03,2832.24,3920,0,1585,1,1.986,12345.4,rl_v3,1.62e-04,0.138,0.142,0.124,0.103,0.110,0.125,0.116,0.143,0.000
1184,818.81,2827.50,1222,0,-571,-1,1.987,12354.9,rl_v3,1.62e-04,0.119,0.142,0.144,0.116,0.122,0.109,0.116,0.132,0.000
1185,2478.38,2831.64,2961,0,-643,-1,1.995,12365.5,rl_v3,1.62e-04,0.133,0.126,0.115,0.126,0.131,0.111,0.106,0.152,0.000
1186,4222.35,2838.63,5038,0,2334,1,1.996,12377.1,rl_v3,1.62e-04,0.160,0.112,0.130,0.124,0.104,0.108,0.106,0.157,0.000
1187,2947.39,2813.12,3595,0,251,1,1.987,12388.2,rl_v3,1.62e-04,0.131,0.138,0.119,0.102,0.107,0.129,0.116,0.158,0.000
1188,5934.81,2864.35,6194,1,-1232,-1,1.984,12399.6,rl_v3,1.62e-04,0.154,0.111,0.121,0.151,0.116,0.109,0.091,0.145,0.001
1189,3716.30,2821.63,4325,0,890,1,1.992,12411.2,rl_v3,1.62e-04,0.132,0.131,0.130,0.116,0.130,0.130,0.106,0.124,0.000
1190,4238.72,2842.22,4632,0,1482,1,2.003,12422.1,rl_v3,1.62e-04,0.151,0.126,0.127,0.115,0.116,0.119,0.101,0.145,0.000
1191,1078.32,2836.60,1509,0,-742,-1,2.000,12432.0,rl_v3,1.62e-04,0.118,0.122,0.122,0.125,0.141,0.127,0.105,0.140,0.000
1192,2167.54,2819.57,2872,0,-1657,-1,2.004,12443.4,rl_v3,1.62e-04,0.136,0.130,0.120,0.139,0.122,0.122,0.095,0.137,0.000
1193,1298.86,2824.49,1817,0,104,1,2.004,12453.4,rl_v3,1.62e-04,0.118,0.119,0.124,0.115,0.131,0.122,0.120,0.149,0.000
1194,4627.84,2802.36,4857,0,1369,1,1.982,12464.2,rl_v3,1.62e-04,0.154,0.123,0.108,0.124,0.128,0.123,0.092,0.149,0.000
1195,1312.34,2803.75,2163,0,-1095,-1,1.980,12474.2,rl_v3,1.62e-04,0.130,0.142,0.136,0.098,0.126,0.134,0.106,0.128,0.000
1196,1509.66,2773.51,2359,0,-1905,-1,1.997,12484.7,rl_v3,1.62e-04,0.132,0.138,0.126,0.119,0.117,0.124,0.109,0.137,0.000
1197,751.54,2777.07,1671,0,-1101,-1,1.996,12495.3,rl_v3,1.62e-04,0.135,0.140,0.123,0.112,0.125,0.132,0.102,0.132,0.000
1198,1904.07,2783.17,2340,0,-962,-1,1.993,12505.4,rl_v3,1.62e-04,0.130,0.115,0.123,0.110,0.136,0.137,0.108,0.142,0.000
1199,1352.60,2783.38,2189,0,-1236,-1,1.997,12515.8,rl_v3,1.62e-04,0.134,0.111,0.135,0.105,0.135,0.131,0.106,0.144,0.000
1200,1827.79,2773.44,2046,0,-693,-1,1.995,12525.8,rl_v3,1.57e-04,0.124,0.123,0.120,0.121,0.129,0.148,0.091,0.143,0.000
1201,659.04,2733.97,1526,0,-827,-1,2.004,12536.1,rl_v3,1.57e-04,0.114,0.107,0.133,0.109,0.130,0.135,0.118,0.153,0.000
1202,232.98,2679.24,1045,0,-1218,-1,1.995,12545.9,rl_v3,1.57e-04,0.126,0.150,0.122,0.119,0.115,0.147,0.102,0.118,0.000
1203,4298.90,2711.89,5211,0,1819,1,2.007,12557.0,rl_v3,1.57e-04,0.123,0.131,0.106,0.147,0.111,0.132,0.121,0.129,0.000
1204,2878.83,2721.60,3922,0,1826,1,2.005,12568.4,rl_v3,1.57e-04,0.130,0.132,0.114,0.118,0.119,0.127,0.118,0.141,0.000
1205,785.35,2658.69,1903,0,-1551,-1,2.008,12578.5,rl_v3,1.57e-04,0.120,0.115,0.114,0.121,0.135,0.124,0.131,0.141,0.000
1206,1131.40,2657.48,1481,0,304,1,2.007,12588.1,rl_v3,1.57e-04,0.121,0.124,0.114,0.129,0.128,0.122,0.108,0.153,0.000
1207,1572.09,2629.02,2793,0,-1522,-1,2.013,12598.8,rl_v3,1.57e-04,0.159,0.116,0.113,0.108,0.134,0.129,0.108,0.134,0.000
1208,669.00,2584.24,1703,0,-377,-1,1.997,12608.3,rl_v3,1.57e-04,0.121,0.112,0.125,0.115,0.148,0.115,0.120,0.143,0.000
1209,4889.33,2575.92,5317,0,3025,1,1.977,12618.6,rl_v3,1.57e-04,0.166,0.107,0.117,0.116,0.145,0.107,0.105,0.137,0.000
1210,355.29,2543.70,1247,0,-314,-1,1.994,12628.6,rl_v3,1.57e-04,0.140,0.118,0.120,0.113,0.132,0.117,0.123,0.137,0.000
1211,1718.11,2532.38,2179,0,-584,-1,1.988,12638.8,rl_v3,1.57e-04,0.135,0.133,0.130,0.118,0.114,0.127,0.104,0.138,0.000
1212,1824.33,2529.82,2376,0,-521,-1,1.994,12649.2,rl_v3,1.57e-04,0.147,0.118,0.126,0.122,0.114,0.125,0.101,0.148,0.000
1213,2258.59,2543.19,2807,0,245,1,1.995,12659.4,rl_v3,1.57e-04,0.139,0.124,0.125,0.118,0.130,0.135,0.096,0.133,0.000
1214,1797.40,2543.03,2127,0,-952,-1,1.992,12669.5,rl_v3,1.57e-04,0.128,0.132,0.123,0.116,0.136,0.140,0.099,0.126,0.000
1215,5054.73,2572.88,5037,1,-393,-1,1.958,12678.4,rl_v3,1.57e-04,0.155,0.124,0.111,0.126,0.114,0.118,0.124,0.126,0.001
1216,6680.81,2612.88,6473,1,87,1,1.976,12689.5,rl_v3,1.57e-04,0.159,0.126,0.110,0.132,0.103,0.127,0.099,0.145,0.001
1217,2036.26,2621.45,2521,0,-483,-1,1.992,12700.2,rl_v3,1.57e-04,0.133,0.130,0.106,0.121,0.125,0.138,0.097,0.151,0.000
1218,840.65,2607.69,1865,0,-1334,-1,2.002,12710.6,rl_v3,1.57e-04,0.140,0.132,0.111,0.131,0.134,0.107,0.104,0.140,0.000
1219,354.82,2584.17,1383,0,-704,-1,2.002,12720.6,rl_v3,1.57e-04,0.120,0.124,0.121,0.141,0.119,0.139,0.112,0.124,0.000
1220,5442.76,2634.19,5864,0,1677,1,1.984,12732.7,rl_v3,1.57e-04,0.133,0.131,0.117,0.116,0.112,0.147,0.108,0.136,0.000
1221,2210.15,2654.66,2507,0,-414,-1,1.991,12742.8,rl_v3,1.57e-04,0.121,0.135,0.106,0.145,0.123,0.137,0.112,0.122,0.000
1222,3026.26,2643.59,3557,0,250,1,1.984,12753.7,rl_v3,1.57e-04,0.134,0.129,0.113,0.122,0.118,0.148,0.102,0.134,0.000
1223,6129.77,2687.09,6043,1,-409,-1,1.982,12764.7,rl_v3,1.57e-04,0.135,0.125,0.128,0.126,0.121,0.126,0.098,0.140,0.001
1224,468.66,2660.21,1765,0,-1737,-1,1.987,12774.8,rl_v3,1.57e-04,0.135,0.097,0.119,0.134,0.131,0.140,0.106,0.139,0.000
1225,6866.95,2708.62,6872,1,-812,-1,1.949,12785.8,rl_v3,1.57e-04,0.129,0.127,0.114,0.112,0.118,0.156,0.114,0.129,0.001
1226,6074.93,2765.88,6441,0,2037,1,1.953,12796.9,rl_v3,1.57e-04,0.134,0.126,0.111,0.119,0.117,0.131,0.114,0.148,0.000
1227,150.93,2685.39,1229,0,-1038,-1,1.988,12807.3,rl_v3,1.57e-04,0.129,0.132,0.102,0.130,0.128,0.126,0.117,0.137,0.000
1228,820.14,2647.29,1878,0,-1119,-1,1.992,12817.7,rl_v3,1.57e-04,0.130,0.115,0.137,0.125,0.128,0.122,0.104,0.139,0.000
1229,1211.10,2640.51,1568,0,-344,-1,1.983,12827.7,rl_v3,1.57e-04,0.140,0.118,0.122,0.127,0.124,0.111,0.112,0.146,0.000
1230,1548.51,2628.82,2230,0,-199,-1,1.991,12837.9,rl_v3,1.57e-04,0.107,0.120,0.141,0.129,0.119,0.129,0.100,0.156,0.000
1231,229.84,2614.94,1185,0,-325,-1,1.988,12847.7,rl_v3,1.57e-04,0.129,0.122,0.124,0.131,0.105,0.128,0.112,0.150,0.000
1232,5164.05,2636.53,5439,0,3987,1,1.985,12858.4,rl_v3,1.57e-04,0.142,0.142,0.104,0.129,0.103,0.132,0.122,0.126,0.000
1233,2903.27,2585.22,3966,0,-246,-1,1.978,12869.9,rl_v3,1.57e-04,0.140,0.139,0.115,0.133,0.109,0.121,0.122,0.120,0.000
1234,7255.80,2619.73,6835,1,-1411,-1,1.976,12881.0,rl_v3,1.57e-04,0.140,0.138,0.117,0.119,0.122,0.134,0.106,0.123,0.001
1235,1718.34,2573.10,2286,0,-239,-1,1.970,12891.5,rl_v3,1.57e-04,0.140,0.141,0.129,0.112,0.112,0.133,0.103,0.132,0.000
1236,860.90,2548.51,1746,0,-1656,-1,1.987,12902.3,rl_v3,1.57e-04,0.134,0.136,0.135,0.112,0.131,0.135,0.100,0.117,0.000
1237,874.53,2482.50,1754,0,-1056,-1,1.986,12912.6,rl_v3,1.57e-04,0.128,0.120,0.134,0.109,0.143,0.141,0.104,0.121,0.000
1238,5206.63,2477.43,5703,0,860,1,1.995,12923.7,rl_v3,1.57e-04,0.137,0.137,0.121,0.123,0.120,0.129,0.111,0.123,0.000
1239,1098.33,2483.75,1418,0,-1521,-1,1.986,12933.9,rl_v3,1.57e-04,0.124,0.120,0.150,0.114,0.164,0.122,0.094,0.113,0.000
1240,1346.15,2462.54,2231,0,-149,-1,1.999,12943.5,rl_v3,1.57e-04,0.121,0.127,0.129,0.130,0.144,0.114,0.115,0.120,0.000
1241,4851.68,2492.08,4828,1,-866,-1,1.989,12954.0,rl_v3,1.57e-04,0.126,0.132,0.142,0.139,0.115,0.124,0.110,0.110,0.001
1242,2044.45,2464.41,2794,0,527,1,1.999,12964.3,rl_v3,1.57e-04,0.121,0.141,0.117,0.129,0.153,0.111,0.109,0.119,0.000
1243,3085.46,2495.00,3777,0,1071,1,2.005,12975.1,rl_v3,1.57e-04,0.128,0.125,0.114,0.129,0.139,0.121,0.112,0.131,0.000
1244,2742.58,2513.20,3336,0,566,1,1.977,12985.6,rl_v3,1.57e-04,0.131,0.135,0.116,0.153,0.155,0.095,0.117,0.100,0.000
1245,2526.66,2513.79,3795,0,-745,-1,2.002,12997.1,rl_v3,1.57e-04,0.141,0.116,0.134,0.128,0.149,0.104,0.115,0.112,0.000
1246,3848.68,2540.94,5026,0,1183,1,1.982,13008.6,rl_v3,1.57e-04,0.145,0.131,0.131,0.122,0.129,0.129,0.103,0.108,0.000
1247,1628.98,2540.31,2455,0,-400,-1,1.994,13019.2,rl_v3,1.57e-04,0.118,0.116,0.122,0.139,0.137,0.139,0.114,0.114,0.000
1248,1473.47,2533.29,2340,0,-381,-1,1.998,13029.7,rl_v3,1.57e-04,0.127,0.138,0.137,0.123,0.136,0.121,0.105,0.113,0.000
1249,1944.72,2539.62,2500,0,-587,-1,1.988,13040.2,rl_v3,1.57e-04,0.111,0.106,0.155,0.156,0.129,0.118,0.114,0.110,0.000
1250,824.07,2507.77,1685,0,-7,-1,1.992,13050.2,rl_v3,1.57e-04,0.118,0.136,0.142,0.130,0.128,0.110,0.113,0.124,0.000
1251,935.54,2516.14,1861,0,-1534,-1,1.993,13060.8,rl_v3,1.57e-04,0.115,0.122,0.128,0.139,0.153,0.108,0.115,0.121,0.000
1252,3107.27,2525.55,4407,0,131,1,1.995,13073.5,rl_v3,1.57e-04,0.142,0.129,0.129,0.133,0.135,0.087,0.090,0.153,0.000
1253,4239.23,2542.58,5160,0,1176,1,1.980,13085.3,rl_v3,1.57e-04,0.128,0.111,0.137,0.116,0.149,0.117,0.120,0.122,0.000
1254,1582.46,2554.87,2104,0,-756,-1,2.000,13095.7,rl_v3,1.57e-04,0.123,0.108,0.129,0.113,0.144,0.124,0.121,0.137,0.000
1255,122.87,2475.92,1362,0,-2308,-1,2.002,13106.3,rl_v3,1.57e-04,0.118,0.122,0.130,0.129,0.157,0.127,0.100,0.118,0.000
1256,7621.59,2539.09,7550,1,-1440,-1,1.976,13117.2,rl_v3,1.57e-04,0.149,0.130,0.107,0.138,0.143,0.097,0.095,0.139,0.001
1257,5802.44,2558.55,5733,1,296,1,1.986,13127.6,rl_v3,1.57e-04,0.140,0.129,0.111,0.121,0.161,0.113,0.095,0.129,0.001
1258,1911.50,2499.68,2945,0,925,1,1.999,13138.4,rl_v3,1.57e-04,0.128,0.122,0.129,0.121,0.147,0.133,0.106,0.115,0.000
1259,2171.56,2514.34,3207,0,182,1,1.991,13149.7,rl_v3,1.57e-04,0.128,0.117,0.114,0.128,0.157,0.125,0.107,0.124,0.000
1260,2681.66,2495.54,3063,0,1080,1,1.992,13159.9,rl_v3,1.57e-04,0.124,0.122,0.138,0.133,0.133,0.127,0.103,0.121,0.000
1261,556.33,2468.36,1035,0,-960,-1,1.993,13169.4,rl_v3,1.57e-04,0.135,0.113,0.119,0.144,0.123,0.136,0.111,0.118,0.000
1262,2548.17,2489.59,3039,0,1272,1,1.991,13179.5,rl_v3,1.57e-04,0.143,0.130,0.125,0.125,0.116,0.134,0.106,0.120,0.000
1263,3130.57,2505.31,3397,0,1285,1,1.982,13189.8,rl_v3,1.57e-04,0.162,0.127,0.138,0.115,0.101,0.127,0.101,0.128,0.000
1264,2739.56,2473.00,3129,0,84,1,1.989,13200.3,rl_v3,1.57e-04,0.139,0.129,0.113,0.115,0.128,0.141,0.114,0.123,0.000
1265,446.40,2461.82,1438,0,-1042,-1,1.998,13210.7,rl_v3,1.57e-04,0.136,0.127,0.115,0.123,0.134,0.132,0.116,0.117,0.000
1266,339.87,2441.42,1269,0,-46,-1,2.000,13220.4,rl_v3,1.57e-04,0.117,0.120,0.110,0.151,0.126,0.136,0.123,0.117,0.000
1267,2090.96,2441.21,3342,0,-1183,-1,1.998,13232.3,rl_v3,1.57e-04,0.114,0.109,0.112,0.160,0.138,0.138,0.105,0.123,0.000
1268,2228.57,2444.46,3272,0,-891,-1,1.994,13244.0,rl_v3,1.57e-04,0.140,0.112,0.134,0.132,0.118,0.130,0.099,0.136,0.000
1269,6130.40,2482.41,5898,1,-84,-1,1.988,13253.8,rl_v3,1.57e-04,0.130,0.118,0.126,0.142,0.103,0.141,0.098,0.143,0.001
1270,77.19,2448.97,1384,0,-1224,-1,1.991,13263.8,rl_v3,1.57e-04,0.124,0.142,0.144,0.119,0.107,0.118,0.129,0.117,0.000
1271,2641.64,2411.92,3154,0,1466,1,2.006,13274.1,rl_v3,1.57e-04,0.139,0.105,0.119,0.152,0.108,0.141,0.104,0.133,0.000
1272,4075.57,2454.11,5349,0,726,1,1.990,13286.2,rl_v3,1.57e-04,0.157,0.126,0.111,0.110,0.110,0.161,0.105,0.120,0.000
1273,6650.65,2506.46,7187,1,-876,-1,1.980,13298.4,rl_v3,1.57e-04,0.141,0.115,0.124,0.117,0.118,0.159,0.091,0.136,0.001
1274,1792.47,2492.86,2715,0,-64,-1,1.984,13308.8,rl_v3,1.57e-04,0.128,0.135,0.113,0.115,0.116,0.150,0.113,0.130,0.000
1275,3597.20,2518.26,4498,0,54,1,1.994,13320.7,rl_v3,1.57e-04,0.123,0.116,0.115,0.118,0.131,0.141,0.107,0.150,0.000
1276,2309.73,2532.41,2897,0,-632,-1,1.990,13331.4,rl_v3,1.57e-04,0.126,0.131,0.102,0.122,0.122,0.149,0.109,0.139,0.000
1277,798.89,2524.42,1688,0,-355,-1,1.984,13341.5,rl_v3,1.57e-04,0.120,0.140,0.107,0.136,0.118,0.135,0.130,0.115,0.000
1278,451.15,2518.38,1476,0,-977,-1,1.992,13351.1,rl_v3,1.57e-04,0.145,0.122,0.118,0.117,0.118,0.129,0.124,0.126,0.000
1279,3322.13,2549.32,3950,0,672,1,2.000,13362.1,rl_v3,1.57e-04,0.128,0.124,0.131,0.123,0.123,0.133,0.112,0.126,0.000
1280,4952.61,2592.25,5368,0,336,1,1.990,13374.1,rl_v3,1.57e-04,0.123,0.118,0.130,0.123,0.121,0.154,0.100,0.132,0.000
1281,882.29,2575.75,1187,0,-475,-1,1.995,13384.1,rl_v3,1.57e-04,0.129,0.136,0.135,0.115,0.155,0.123,0.097,0.110,0.000
1282,1375.33,2547.31,2194,0,-344,-1,1.992,13394.5,rl_v3,1.57e-04,0.125,0.135,0.104,0.119,0.137,0.138,0.103,0.139,0.000
1283,274.48,2513.92,1129,0,-139,-1,1.997,13403.8,rl_v3,1.57e-04,0.124,0.127,0.131,0.135,0.125,0.128,0.116,0.113,0.000
1284,3845.00,2544.18,4189,0,569,1,2.002,13415.1,rl_v3,1.57e-04,0.143,0.134,0.123,0.127,0.125,0.121,0.095,0.133,0.000
1285,1853.69,2537.94,2988,0,-2048,-1,2.006,13425.8,rl_v3,1.57e-04,0.138,0.110,0.130,0.118,0.141,0.132,0.101,0.130,0.000
1286,3436.94,2530.08,4281,0,759,1,1.993,13437.5,rl_v3,1.57e-04,0.128,0.127,0.125,0.115,0.127,0.129,0.114,0.135,0.000
1287,702.58,2507.64,1177,0,-838,-1,1.992,13447.1,rl_v3,1.57e-04,0.139,0.144,0.123,0.112,0.133,0.120,0.099,0.130,0.000
1288,3304.07,2481.33,3741,0,1038,1,2.002,13457.2,rl_v3,1.57e-04,0.142,0.126,0.139,0.106,0.121,0.117,0.111,0.137,0.000
1289,1206.28,2456.23,2157,0,-1482,-1,1.984,13467.5,rl_v3,1.57e-04,0.147,0.128,0.138,0.102,0.147,0.102,0.116,0.120,0.000
1290,7563.01,2489.47,7521,1,-438,-1,1.998,13479.1,rl_v3,1.57e-04,0.149,0.116,0.130,0.101,0.114,0.134,0.098,0.159,0.001
1291,2629.12,2504.98,3594,0,1455,1,2.005,13490.0,rl_v3,1.57e-04,0.132,0.131,0.113,0.110,0.137,0.122,0.127,0.127,0.000
1292,1347.73,2496.78,2069,0,-957,-1,2.009,13500.5,rl_v3,1.57e-04,0.150,0.114,0.113,0.137,0.137,0.138,0.105,0.106,0.000
1293,795.74,2491.75,2140,0,-1673,-1,2.008,13510.9,rl_v3,1.57e-04,0.133,0.117,0.123,0.130,0.113,0.124,0.141,0.120,0.000
1294,4092.80,2486.40,4703,0,1066,1,2.002,13521.9,rl_v3,1.57e-04,0.129,0.128,0.121,0.123,0.123,0.126,0.120,0.130,0.000
1295,6672.10,2540.00,6613,1,-1298,-1,1.984,13533.1,rl_v3,1.57e-04,0.143,0.143,0.112,0.115,0.134,0.109,0.116,0.127,0.001
1296,1009.87,2535.00,2023,0,-1106,-1,1.989,13543.4,rl_v3,1.57e-04,0.140,0.127,0.119,0.117,0.145,0.112,0.110,0.129,0.000
1297,873.76,2536.22,1380,0,-1799,-1,1.996,13553.2,rl_v3,1.57e-04,0.138,0.129,0.118,0.131,0.142,0.111,0.103,0.128,0.000
1298,1368.67,2530.87,1809,0,-1503,-1,1.994,13563.5,rl_v3,1.57e-04,0.112,0.139,0.133,0.141,0.128,0.107,0.111,0.129,0.000
1299,1845.33,2535.79,2401,0,-885,-1,2.001,13573.4,rl_v3,1.57e-04,0.146,0.136,0.111,0.119,0.122,0.116,0.114,0.136,0.000
1300,1931.61,2536.83,2478,0,-426,-1,1.993,13584.2,rl_v3,1.52e-04,0.121,0.124,0.130,0.140,0.126,0.113,0.118,0.128,0.000
1301,1547.62,2545.72,1986,0,215,1,2.004,13594.5,rl_v3,1.52e-04,0.133,0.111,0.138,0.131,0.131,0.119,0.113,0.125,0.000
1302,1823.54,2561.62,2638,0,-101,-1,1.991,13605.5,rl_v3,1.52e-04,0.133,0.117,0.133,0.131,0.125,0.132,0.096,0.133,0.000
1303,-141.24,2517.22,869,0,-1486,-1,1.993,13615.3,rl_v3,1.52e-04,0.124,0.136,0.115,0.137,0.132,0.111,0.118,0.125,0.000
1304,4897.40,2537.41,4864,1,-974,-1,1.988,13625.0,rl_v3,1.52e-04,0.127,0.147,0.128,0.135,0.130,0.102,0.100,0.131,0.001
1305,1027.37,2539.83,2459,0,-1460,-1,1.987,13635.6,rl_v3,1.52e-04,0.142,0.117,0.118,0.143,0.125,0.136,0.101,0.117,0.000
1306,2162.47,2550.14,2656,0,229,1,1.969,13645.8,rl_v3,1.52e-04,0.130,0.133,0.108,0.126,0.129,0.120,0.121,0.134,0.000
1307,360.19,2538.02,761,0,-871,-1,1.981,13655.1,rl_v3,1.52e-04,0.113,0.132,0.120,0.120,0.136,0.117,0.125,0.139,0.000
1308,1401.33,2545.34,1843,0,243,1,1.989,13664.7,rl_v3,1.52e-04,0.140,0.129,0.130,0.123,0.128,0.121,0.116,0.114,0.000
1309,2338.91,2519.84,3164,0,-279,-1,1.987,13675.6,rl_v3,1.52e-04,0.131,0.116,0.113,0.158,0.115,0.121,0.100,0.145,0.000
1310,9951.18,2615.80,9607,1,-672,-1,1.963,13687.5,rl_v3,1.52e-04,0.111,0.119,0.133,0.143,0.100,0.125,0.121,0.148,0.000
1311,2798.56,2626.60,3168,0,1207,1,1.997,13697.9,rl_v3,1.52e-04,0.138,0.111,0.129,0.137,0.123,0.128,0.111,0.124,0.000
1312,4738.85,2655.75,4878,0,2500,1,1.990,13708.4,rl_v3,1.52e-04,0.125,0.133,0.100,0.133,0.114,0.147,0.115,0.134,0.000
1313,1448.15,2647.64,2369,0,-149,-1,1.981,13719.8,rl_v3,1.52e-04,0.125,0.118,0.131,0.141,0.121,0.126,0.109,0.128,0.000
1314,2148.33,2651.15,2932,0,-1344,-1,1.981,13731.1,rl_v3,1.52e-04,0.123,0.121,0.131,0.134,0.129,0.134,0.099,0.128,0.000
1315,3070.13,2631.31,3484,0,-701,-1,1.980,13742.2,rl_v3,1.52e-04,0.114,0.111,0.106,0.158,0.149,0.115,0.120,0.127,0.000
1316,1526.00,2579.76,2333,0,-1030,-1,1.988,13752.6,rl_v3,1.52e-04,0.137,0.115,0.110,0.134,0.130,0.133,0.106,0.134,0.000
1317,7296.82,2632.36,7503,1,-204,-1,1.971,13764.0,rl_v3,1.52e-04,0.124,0.105,0.122,0.143,0.131,0.111,0.120,0.144,0.001
1318,5018.23,2674.14,5550,0,280,1,1.978,13776.8,rl_v3,1.52e-04,0.130,0.097,0.130,0.178,0.138,0.098,0.091,0.138,0.000
1319,2699.77,2697.59,3597,0,53,1,1.981,13787.9,rl_v3,1.52e-04,0.107,0.106,0.129,0.166,0.149,0.108,0.094,0.141,0.000
1320,1826.59,2661.43,2265,0,-221,-1,1.995,13798.4,rl_v3,1.52e-04,0.126,0.112,0.137,0.139,0.134,0.109,0.107,0.137,0.000
1321,2366.47,2662.99,3491,0,-34,-1,1.989,13809.2,rl_v3,1.52e-04,0.113,0.106,0.124,0.150,0.130,0.109,0.110,0.159,0.000
1322,6964.54,2702.37,6643,1,-1159,-1,1.986,13820.1,rl_v3,1.52e-04,0.132,0.129,0.142,0.142,0.120,0.121,0.088,0.126,0.001
1323,5217.17,2693.25,5846,0,555,1,1.984,13830.5,rl_v3,1.52e-04,0.131,0.102,0.151,0.152,0.108,0.104,0.126,0.125,0.001
1324,2948.67,2718.05,3745,0,900,1,1.998,13841.5,rl_v3,1.52e-04,0.122,0.117,0.127,0.160,0.112,0.121,0.114,0.126,0.000
1325,1057.02,2659.95,1962,0,-150,-1,2.000,13851.2,rl_v3,1.52e-04,0.123,0.109,0.130,0.140,0.120,0.125,0.123,0.130,0.000
1326,3419.34,2633.39,3807,0,1228,1,1.996,13861.6,rl_v3,1.52e-04,0.135,0.108,0.115,0.158,0.116,0.136,0.104,0.127,0.000
1327,778.21,2639.67,1399,0,-1545,-1,2.001,13871.9,rl_v3,1.52e-04,0.130,0.100,0.123,0.136,0.113,0.117,0.133,0.148,0.000
1328,261.71,2634.08,1378,0,-525,-1,2.005,13881.7,rl_v3,1.52e-04,0.128,0.116,0.122,0.136,0.116,0.129,0.125,0.129,0.000
1329,934.94,2631.32,1879,0,-1128,-1,2.000,13892.2,rl_v3,1.52e-04,0.128,0.113,0.118,0.137,0.116,0.134,0.104,0.151,0.000
1330,2860.82,2644.44,3149,0,-283,-1,1.988,13902.7,rl_v3,1.52e-04,0.137,0.123,0.127,0.130,0.112,0.132,0.106,0.133,0.000
1331,2367.05,2665.81,2798,0,593,1,1.994,13913.1,rl_v3,1.52e-04,0.137,0.108,0.114,0.127,0.134,0.124,0.115,0.140,0.000
1332,8673.37,2700.91,8559,1,-2712,-1,1.973,13925.1,rl_v3,1.52e-04,0.137,0.114,0.105,0.130,0.123,0.143,0.097,0.150,0.000
1333,2249.20,2694.37,3133,0,-1066,-1,1.988,13936.8,rl_v3,1.52e-04,0.154,0.097,0.120,0.140,0.138,0.119,0.097,0.135,0.000
1334,1050.19,2632.31,2321,0,-709,-1,1.999,13947.5,rl_v3,1.52e-04,0.126,0.116,0.109,0.136,0.120,0.133,0.110,0.149,0.000
1335,7036.39,2685.49,7516,0,3549,1,1.971,13959.3,rl_v3,1.52e-04,0.133,0.127,0.123,0.141,0.100,0.108,0.119,0.148,0.000
1336,526.44,2682.15,1535,0,-1328,-1,1.996,13969.3,rl_v3,1.52e-04,0.121,0.112,0.138,0.126,0.130,0.112,0.122,0.139,0.000
1337,2617.97,2699.58,3792,0,-847,-1,1.990,13981.2,rl_v3,1.52e-04,0.135,0.118,0.123,0.142,0.108,0.121,0.096,0.157,0.000
1338,2651.37,2674.03,2939,0,319,1,1.983,13991.0,rl_v3,1.52e-04,0.124,0.122,0.126,0.123,0.132,0.125,0.101,0.149,0.000
1339,1693.33,2679.98,2380,0,-915,-1,1.999,14001.6,rl_v3,1.52e-04,0.124,0.110,0.123,0.121,0.132,0.137,0.113,0.139,0.000
1340,1553.69,2682.05,2391,0,-48,-1,1.995,14011.3,rl_v3,1.52e-04,0.129,0.140,0.125,0.129,0.131,0.118,0.103,0.125,0.000
1341,2083.07,2654.37,3062,0,978,1,1.992,14021.7,rl_v3,1.52e-04,0.126,0.136,0.120,0.103,0.129,0.145,0.110,0.132,0.000
1342,1398.43,2647.91,1930,0,-673,-1,1.974,14031.8,rl_v3,1.52e-04,0.111,0.132,0.128,0.112,0.122,0.128,0.116,0.151,0.000
1343,4329.02,2660.34,4474,0,1054,1,1.973,14042.5,rl_v3,1.52e-04,0.133,0.127,0.112,0.122,0.108,0.138,0.103,0.158,0.000
1344,55.82,2633.48,1336,0,-1159,-1,2.001,14052.4,rl_v3,1.52e-04,0.142,0.110,0.116,0.131,0.120,0.125,0.115,0.141,0.000
1345,674.41,2614.95,1695,0,-1117,-1,1.980,14062.5,rl_v3,1.52e-04,0.128,0.108,0.119,0.120,0.142,0.132,0.120,0.130,0.000
1346,737.28,2583.84,1826,0,-1133,-1,1.988,14072.2,rl_v3,1.52e-04,0.124,0.130,0.110,0.135,0.128,0.122,0.123,0.128,0.000
1347,3603.23,2603.58,4234,0,947,1,1.989,14083.3,rl_v3,1.52e-04,0.129,0.143,0.121,0.134,0.108,0.124,0.107,0.135,0.000
1348,594.18,2594.79,1872,0,-717,-1,1.985,14094.0,rl_v3,1.52e-04,0.133,0.123,0.111,0.132,0.127,0.120,0.100,0.155,0.000
1349,691.07,2582.25,1680,0,-1067,-1,1.989,14104.7,rl_v3,1.52e-04,0.125,0.126,0.121,0.122,0.126,0.130,0.108,0.141,0.000
1350,2109.67,2595.11,3199,0,-265,-1,1.988,14116.2,rl_v3,1.52e-04,0.150,0.129,0.123,0.124,0.107,0.123,0.095,0.149,0.000
1351,2896.74,2614.72,3168,0,614,1,1.991,14126.3,rl_v3,1.52e-04,0.129,0.131,0.124,0.138,0.121,0.132,0.102,0.123,0.000
1352,3950.20,2623.15,4416,0,1069,1,1.984,14137.6,rl_v3,1.52e-04,0.131,0.123,0.135,0.135,0.117,0.126,0.097,0.136,0.000
1353,2349.73,2604.25,2797,0,-1339,-1,1.981,14148.7,rl_v3,1.52e-04,0.133,0.134,0.137,0.143,0.127,0.110,0.101,0.114,0.000
1354,3469.00,2623.12,3802,0,-767,-1,1.982,14160.0,rl_v3,1.52e-04,0.140,0.127,0.142,0.136,0.126,0.114,0.094,0.121,0.000
1355,2585.01,2647.74,3536,0,-2135,-1,1.974,14171.5,rl_v3,1.52e-04,0.133,0.125,0.140,0.136,0.143,0.110,0.096,0.116,0.000
1356,3066.54,2602.19,4037,0,-534,-1,1.988,14183.5,rl_v3,1.52e-04,0.142,0.119,0.126,0.150,0.127,0.116,0.090,0.129,0.000
1357,3810.04,2582.27,4142,0,1173,1,1.988,14194.8,rl_v3,1.52e-04,0.129,0.129,0.136,0.140,0.132,0.124,0.083,0.125,0.000
1358,6016.69,2623.32,5864,1,-190,-1,1.981,14205.5,rl_v3,1.52e-04,0.135,0.127,0.131,0.123,0.134,0.120,0.108,0.121,0.001
1359,1775.28,2619.36,3033,0,236,1,1.995,14216.5,rl_v3,1.52e-04,0.135,0.115,0.116,0.128,0.140,0.112,0.126,0.127,0.000
1360,2846.27,2621.00,3273,0,235,1,1.985,14227.2,rl_v3,1.52e-04,0.138,0.138,0.126,0.117,0.113,0.138,0.103,0.127,0.000
1361,2908.39,2644.52,4170,0,488,1,1.999,14238.7,rl_v3,1.52e-04,0.121,0.127,0.133,0.122,0.117,0.142,0.116,0.122,0.000
1362,1343.13,2632.47,2236,0,-1300,-1,2.000,14249.3,rl_v3,1.52e-04,0.123,0.121,0.136,0.138,0.129,0.130,0.104,0.119,0.000
1363,1054.42,2611.71,2044,0,-1147,-1,1.994,14259.3,rl_v3,1.52e-04,0.142,0.104,0.124,0.122,0.138,0.121,0.113,0.137,0.000
1364,2188.00,2606.20,2643,0,-925,-1,1.994,14270.9,rl_v3,1.52e-04,0.130,0.116,0.125,0.133,0.133,0.133,0.102,0.128,0.000
1365,-53.18,2601.20,917,0,-386,-1,2.010,14280.4,rl_v3,1.52e-04,0.120,0.123,0.128,0.123,0.133,0.127,0.113,0.133,0.000
1366,2204.39,2619.84,3336,0,-1336,-1,1.991,14291.9,rl_v3,1.52e-04,0.126,0.122,0.117,0.136,0.128,0.135,0.106,0.130,0.000
1367,439.42,2603.33,1396,0,-313,-1,1.995,14301.9,rl_v3,1.52e-04,0.127,0.119,0.115,0.127,0.139,0.128,0.116,0.129,0.000
1368,3194.21,2612.99,3685,0,1980,1,2.002,14312.3,rl_v3,1.52e-04,0.139,0.123,0.098,0.114,0.123,0.134,0.132,0.137,0.000
1369,2144.94,2573.13,2822,0,-1113,-1,1.998,14324.0,rl_v3,1.52e-04,0.133,0.123,0.111,0.122,0.117,0.156,0.111,0.128,0.000
1370,1577.33,2588.13,2520,0,656,1,2.000,14334.0,rl_v3,1.52e-04,0.126,0.139,0.112,0.123,0.112,0.127,0.123,0.138,0.000
1371,4910.78,2610.82,5449,1,-825,-1,1.978,14344.2,rl_v3,1.52e-04,0.163,0.105,0.089,0.122,0.116,0.153,0.113,0.139,0.001
1372,8861.53,2658.68,8498,1,589,1,1.968,14355.8,rl_v3,1.52e-04,0.137,0.131,0.106,0.130,0.121,0.131,0.104,0.140,0.000
1373,3995.04,2632.13,4335,0,896,1,1.991,14366.3,rl_v3,1.52e-04,0.119,0.140,0.134,0.126,0.112,0.125,0.122,0.122,0.000
1374,2120.60,2635.41,2478,0,-83,-1,1.993,14376.7,rl_v3,1.52e-04,0.140,0.123,0.119,0.129,0.135,0.119,0.108,0.126,0.000
1375,2725.65,2626.69,4042,0,-510,-1,1.965,14388.3,rl_v3,1.52e-04,0.166,0.101,0.118,0.134,0.095,0.150,0.113,0.123,0.000
1376,2370.13,2627.30,2761,0,1302,1,1.998,14398.6,rl_v3,1.52e-04,0.116,0.122,0.120,0.135,0.130,0.137,0.129,0.112,0.000
1377,1286.43,2632.17,2276,0,-1192,-1,1.989,14408.4,rl_v3,1.52e-04,0.138,0.107,0.113,0.118,0.114,0.145,0.128,0.137,0.000
1378,1152.97,2639.19,2077,0,577,1,1.993,14418.4,rl_v3,1.52e-04,0.137,0.127,0.123,0.125,0.125,0.128,0.111,0.124,0.000
1379,5155.38,2657.52,5538,0,3619,1,1.990,14429.1,rl_v3,1.52e-04,0.115,0.132,0.111,0.110,0.122,0.153,0.121,0.136,0.000
1380,3584.22,2643.84,4178,0,509,1,1.977,14440.5,rl_v3,1.52e-04,0.133,0.119,0.133,0.133,0.122,0.105,0.113,0.143,0.000
1381,9026.96,2725.29,9008,1,776,1,1.965,14451.6,rl_v3,1.52e-04,0.142,0.126,0.094,0.119,0.117,0.138,0.105,0.158,0.001
1382,1976.40,2731.30,2398,0,18,1,1.992,14461.8,rl_v3,1.52e-04,0.123,0.124,0.138,0.116,0.145,0.129,0.117,0.107,0.000
1383,2129.51,2749.85,2581,0,419,1,1.999,14472.1,rl_v3,1.52e-04,0.122,0.135,0.118,0.129,0.132,0.127,0.108,0.128,0.000
1384,3163.43,2743.03,3719,0,706,1,1.995,14483.1,rl_v3,1.52e-04,0.118,0.149,0.115,0.098,0.149,0.143,0.115,0.114,0.000
1385,1747.20,2741.97,2056,0,-758,-1,1.989,14493.5,rl_v3,1.52e-04,0.111,0.137,0.130,0.122,0.147,0.133,0.103,0.117,0.000
1386,2017.54,2727.77,3256,0,-802,-1,1.988,14504.3,rl_v3,1.52e-04,0.143,0.125,0.130,0.123,0.103,0.131,0.105,0.140,0.000
1387,3229.01,2753.04,3532,0,904,1,1.989,14515.6,rl_v3,1.52e-04,0.135,0.113,0.130,0.128,0.121,0.127,0.110,0.136,0.000
1388,898.04,2728.98,1804,0,-742,-1,1.985,14525.0,rl_v3,1.52e-04,0.111,0.132,0.109,0.129,0.136,0.126,0.136,0.120,0.000
1389,5910.53,2776.02,6013,1,-59,-1,1.956,14535.4,rl_v3,1.52e-04,0.133,0.126,0.113,0.116,0.099,0.136,0.115,0.161,0.001
1390,7853.46,2778.92,8062,0,4703,1,1.956,14547.5,rl_v3,1.52e-04,0.128,0.116,0.120,0.126,0.105,0.143,0.100,0.163,0.000
1391,426.07,2756.89,1644,0,-1082,-1,1.996,14558.0,rl_v3,1.52e-04,0.114,0.125,0.111,0.125,0.146,0.143,0.136,0.101,0.000
1392,2218.36,2765.60,2734,0,-389,-1,1.990,14568.6,rl_v3,1.52e-04,0.117,0.126,0.132,0.115,0.140,0.129,0.098,0.145,0.000
1393,2166.00,2779.30,2825,0,30,1,1.965,14579.4,rl_v3,1.52e-04,0.105,0.110,0.104,0.123,0.145,0.144,0.115,0.155,0.000
1394,611.29,2744.49,1678,0,-1111,-1,1.991,14589.2,rl_v3,1.52e-04,0.108,0.119,0.128,0.110,0.127,0.136,0.117,0.155,0.000
1395,2214.73,2699.91,3098,0,-1032,-1,1.992,14600.2,rl_v3,1.52e-04,0.114,0.124,0.126,0.120,0.137,0.144,0.103,0.133,0.000
1396,909.36,2698.91,1746,0,-1170,-1,1.981,14611.3,rl_v3,1.52e-04,0.110,0.147,0.123,0.134,0.129,0.125,0.102,0.129,0.000
1397,8191.25,2772.08,8319,1,-2034,-1,1.968,14622.9,rl_v3,1.52e-04,0.144,0.099,0.127,0.141,0.102,0.133,0.098,0.155,0.000
1398,4721.23,2805.61,5263,1,-1996,-1,1.974,14633.7,rl_v3,1.52e-04,0.137,0.121,0.097,0.124,0.127,0.141,0.092,0.160,0.001
1399,1216.16,2799.32,1643,0,-796,-1,1.999,14643.9,rl_v3,1.52e-04,0.137,0.128,0.137,0.108,0.129,0.121,0.103,0.138,0.000
1400,6343.23,2843.43,6232,1,-243,-1,1.988,14654.7,rl_v3,1.47e-04,0.126,0.124,0.105,0.129,0.126,0.122,0.104,0.164,0.001
1401,1370.29,2841.66,2381,0,-261,-1,2.003,14665.4,rl_v3,1.47e-04,0.132,0.149,0.113,0.113,0.118,0.121,0.111,0.143,0.000
1402,6442.03,2887.84,6330,1,167,1,1.984,14676.7,rl_v3,1.47e-04,0.142,0.115,0.114,0.123,0.102,0.150,0.098,0.155,0.001
1403,-490.86,2884.35,848,0,-1437,-1,1.997,14686.5,rl_v3,1.47e-04,0.121,0.163,0.113,0.105,0.122,0.118,0.134,0.123,0.000
1404,2387.13,2859.25,3168,0,89,1,1.995,14696.5,rl_v3,1.47e-04,0.154,0.148,0.093,0.112,0.114,0.133,0.102,0.144,0.000
1405,2854.77,2877.52,4177,0,-610,-1,1.982,14708.3,rl_v3,1.47e-04,0.151,0.148,0.112,0.106,0.131,0.130,0.099,0.124,0.000
1406,5370.00,2909.59,5370,1,-919,-1,1.997,14718.3,rl_v3,1.47e-04,0.118,0.153,0.102,0.121,0.127,0.127,0.113,0.139,0.001
1407,5955.15,2965.54,6173,0,2546,1,1.987,14729.5,rl_v3,1.47e-04,0.144,0.143,0.104,0.126,0.117,0.116,0.106,0.142,0.000
1408,1613.93,2967.67,2047,0,639,1,1.997,14739.4,rl_v3,1.47e-04,0.107,0.152,0.117,0.123,0.141,0.122,0.123,0.114,0.000
1409,2990.42,2974.19,3798,0,687,1,1.993,14750.4,rl_v3,1.47e-04,0.158,0.097,0.118,0.116,0.131,0.130,0.109,0.140,0.000
1410,5128.81,2925.96,6013,0,3690,1,1.984,14761.0,rl_v3,1.47e-04,0.143,0.112,0.127,0.104,0.136,0.122,0.113,0.142,0.000
1411,2194.72,2919.92,2615,0,413,1,2.008,14771.2,rl_v3,1.47e-04,0.141,0.139,0.105,0.099,0.134,0.135,0.129,0.118,0.000
1412,2461.64,2897.15,2991,0,170,1,2.003,14781.7,rl_v3,1.47e-04,0.151,0.134,0.110,0.110,0.131,0.121,0.111,0.132,0.000
1413,1895.16,2901.62,2680,0,609,1,2.001,14792.2,rl_v3,1.47e-04,0.134,0.132,0.125,0.111,0.142,0.123,0.107,0.125,0.000
1414,329.47,2883.43,1059,0,-1079,-1,2.001,14802.0,rl_v3,1.47e-04,0.123,0.146,0.124,0.112,0.146,0.141,0.100,0.107,0.000
1415,9034.97,2943.08,8383,1,-358,-1,1.990,14814.6,rl_v3,1.47e-04,0.153,0.142,0.114,0.122,0.123,0.125,0.088,0.133,0.000
1416,3430.44,2962.13,4684,0,1042,1,2.006,14827.1,rl_v3,1.47e-04,0.150,0.130,0.130,0.122,0.111,0.134,0.099,0.124,0.000
1417,5758.57,2946.74,5778,1,-1811,-1,1.989,14837.5,rl_v3,1.47e-04,0.131,0.113,0.132,0.134,0.134,0.120,0.111,0.125,0.001
1418,1165.20,2908.21,2190,0,-96,-1,1.999,14847.4,rl_v3,1.47e-04,0.132,0.121,0.130,0.128,0.126,0.122,0.130,0.111,0.000
1419,3868.30,2919.90,4277,0,1890,1,2.003,14857.8,rl_v3,1.47e-04,0.149,0.119,0.120,0.122,0.107,0.133,0.124,0.126,0.000
1420,2995.88,2931.59,3231,0,342,1,1.998,14868.0,rl_v3,1.47e-04,0.132,0.124,0.118,0.125,0.132,0.131,0.115,0.124,0.000
1421,201.67,2909.94,1209,0,-1100,-1,1.995,14878.5,rl_v3,1.47e-04,0.132,0.133,0.127,0.133,0.139,0.105,0.107,0.123,0.000
1422,271.37,2843.01,1169,0,-1200,-1,1.991,14888.5,rl_v3,1.47e-04,0.139,0.128,0.136,0.122,0.142,0.094,0.103,0.136,0.000
1423,451.88,2795.36,1666,0,-1151,-1,1.995,14898.7,rl_v3,1.47e-04,0.151,0.109,0.143,0.115,0.126,0.118,0.095,0.143,0.000
1424,2301.08,2788.88,2580,0,799,1,1.993,14908.4,rl_v3,1.47e-04,0.168,0.087,0.112,0.136,0.132,0.109,0.109,0.147,0.000
1425,393.92,2782.25,1416,0,-370,-1,1.999,14918.2,rl_v3,1.47e-04,0.120,0.114,0.119,0.127,0.145,0.112,0.123,0.140,0.000
1426,1015.36,2758.21,2012,0,-1582,-1,1.987,14928.4,rl_v3,1.47e-04,0.127,0.111,0.129,0.120,0.141,0.121,0.112,0.140,0.000
1427,-230.98,2748.12,1094,0,-1316,-1,1.996,14939.3,rl_v3,1.47e-04,0.126,0.112,0.125,0.123,0.145,0.122,0.105,0.143,0.000
1428,8126.69,2826.77,7626,1,489,1,1.974,14951.9,rl_v3,1.47e-04,0.142,0.126,0.107,0.123,0.127,0.127,0.087,0.160,0.000
1429,714.55,2824.57,1643,0,-1146,-1,1.994,14962.2,rl_v3,1.47e-04,0.138,0.120,0.111,0.155,0.135,0.122,0.099,0.122,0.000
1430,2515.52,2821.11,3418,0,665,1,1.997,14973.3,rl_v3,1.47e-04,0.140,0.124,0.124,0.113,0.132,0.128,0.113,0.126,0.000
1431,3120.03,2828.64,3591,0,-415,-1,1.988,14985.0,rl_v3,1.47e-04,0.135,0.135,0.117,0.111,0.138,0.131,0.096,0.138,0.000
1432,2108.12,2762.99,3055,0,-338,-1,1.978,14996.0,rl_v3,1.47e-04,0.131,0.121,0.125,0.122,0.146,0.108,0.107,0.140,0.000
1433,2080.25,2761.30,2498,0,-560,-1,2.002,15006.4,rl_v3,1.47e-04,0.140,0.127,0.110,0.123,0.141,0.132,0.098,0.129,0.000
1434,5374.02,2804.54,5779,0,2540,1,1.999,15018.2,rl_v3,1.47e-04,0.140,0.118,0.115,0.107,0.137,0.132,0.115,0.136,0.000
1435,2022.47,2754.40,2946,0,763,1,2.011,15028.3,rl_v3,1.47e-04,0.132,0.118,0.117,0.124,0.121,0.136,0.113,0.140,0.000
1436,1721.67,2766.35,2600,0,-40,-1,1.997,15038.0,rl_v3,1.47e-04,0.140,0.105,0.100,0.129,0.131,0.136,0.130,0.130,0.000
1437,5344.59,2793.62,5820,0,1747,1,2.001,15049.9,rl_v3,1.47e-04,0.163,0.118,0.120,0.109,0.142,0.131,0.099,0.118,0.000
1438,4356.85,2810.67,4635,0,2483,1,2.004,15060.5,rl_v3,1.47e-04,0.132,0.124,0.129,0.114,0.132,0.124,0.117,0.128,0.000
1439,3911.41,2832.85,4121,0,1495,1,1.999,15072.0,rl_v3,1.47e-04,0.135,0.132,0.133,0.117,0.132,0.114,0.107,0.131,0.000
1440,6417.36,2881.49,6305,1,-627,-1,1.980,15083.4,rl_v3,1.47e-04,0.112,0.114,0.120,0.136,0.138,0.116,0.115,0.149,0.001
1441,1935.58,2880.02,2919,0,598,1,2.007,15094.0,rl_v3,1.47e-04,0.138,0.118,0.121,0.123,0.127,0.105,0.118,0.150,0.000
1442,3228.87,2898.32,4676,0,622,1,1.972,15105.7,rl_v3,1.47e-04,0.134,0.091,0.120,0.129,0.135,0.117,0.125,0.150,0.000
1443,3902.15,2894.05,4826,0,1647,1,1.997,15116.6,rl_v3,1.47e-04,0.136,0.114,0.133,0.131,0.105,0.126,0.111,0.145,0.000
1444,4426.45,2937.76,4814,0,2722,1,1.989,15127.6,rl_v3,1.47e-04,0.138,0.119,0.174,0.129,0.120,0.105,0.109,0.105,0.000
1445,1573.98,2946.75,2236,0,316,1,1.995,15137.8,rl_v3,1.47e-04,0.143,0.129,0.121,0.097,0.121,0.146,0.116,0.127,0.000
1446,3099.51,2970.38,3741,0,-535,-1,1.996,15149.2,rl_v3,1.47e-04,0.134,0.125,0.135,0.123,0.117,0.118,0.104,0.142,0.000
1447,3838.67,2972.73,4133,0,1051,1,1.985,15160.4,rl_v3,1.47e-04,0.143,0.115,0.127,0.126,0.131,0.115,0.097,0.147,0.000
1448,2802.88,2994.82,3664,0,1336,1,1.984,15170.3,rl_v3,1.47e-04,0.168,0.110,0.109,0.108,0.126,0.116,0.128,0.135,0.000
1449,925.11,2997.16,1517,0,-834,-1,1.993,15180.6,rl_v3,1.47e-04,0.151,0.139,0.132,0.108,0.116,0.121,0.107,0.125,0.000
1450,5136.87,3027.43,5723,0,862,1,1.988,15191.9,rl_v3,1.47e-04,0.136,0.125,0.133,0.137,0.111,0.145,0.100,0.113,0.000
1451,1951.99,3017.98,2230,0,-337,-1,1.985,15202.2,rl_v3,1.47e-04,0.146,0.121,0.132,0.122,0.129,0.139,0.098,0.113,0.000
1452,2924.46,3007.72,3775,0,596,1,1.982,15213.2,rl_v3,1.47e-04,0.141,0.109,0.113,0.141,0.142,0.136,0.100,0.118,0.000
1453,1627.79,3000.51,2255,0,-370,-1,1.985,15223.9,rl_v3,1.47e-04,0.157,0.118,0.122,0.128,0.121,0.120,0.114,0.120,0.000
1454,2029.54,2986.11,2563,0,343,1,1.989,15233.9,rl_v3,1.47e-04,0.141,0.120,0.118,0.109,0.122,0.128,0.135,0.127,0.000
1455,436.58,2964.63,1461,0,-206,-1,1.983,15243.9,rl_v3,1.47e-04,0.156,0.119,0.122,0.126,0.133,0.126,0.112,0.107,0.000
1456,1119.83,2945.16,1623,0,-1354,-1,1.966,15254.2,rl_v3,1.47e-04,0.145,0.123,0.109,0.138,0.105,0.133,0.128,0.119,0.000
1457,8106.09,2988.12,8045,1,-1622,-1,1.946,15266.0,rl_v3,1.47e-04,0.156,0.111,0.122,0.113,0.121,0.141,0.121,0.115,0.000
1458,1917.77,2947.13,2996,0,978,1,1.958,15276.3,rl_v3,1.47e-04,0.165,0.096,0.128,0.124,0.114,0.136,0.127,0.109,0.000
1459,2666.34,2956.04,3052,0,737,1,1.977,15287.0,rl_v3,1.47e-04,0.159,0.129,0.136,0.112,0.109,0.131,0.109,0.114,0.000
1460,1457.10,2942.15,2073,0,-804,-1,1.972,15297.2,rl_v3,1.47e-04,0.146,0.127,0.125,0.122,0.104,0.140,0.114,0.123,0.000
1461,1171.76,2924.78,1819,0,-1510,-1,1.974,15306.7,rl_v3,1.47e-04,0.151,0.109,0.117,0.127,0.122,0.132,0.112,0.130,0.000
1462,2419.20,2935.54,2794,0,-976,-1,1.969,15317.1,rl_v3,1.47e-04,0.140,0.125,0.129,0.127,0.100,0.136,0.107,0.137,0.000
1463,3515.29,2960.15,3924,0,-529,-1,1.966,15327.9,rl_v3,1.47e-04,0.143,0.118,0.125,0.121,0.111,0.128,0.118,0.135,0.000
1464,4011.33,2978.39,5534,0,949,1,1.969,15340.2,rl_v3,1.47e-04,0.161,0.129,0.135,0.118,0.119,0.113,0.103,0.122,0.000
1465,637.28,2985.29,1704,0,-133,-1,1.995,15350.3,rl_v3,1.47e-04,0.146,0.129,0.119,0.136,0.119,0.117,0.113,0.122,0.000
1466,8648.74,3049.73,8485,1,-959,-1,1.946,15362.8,rl_v3,1.47e-04,0.141,0.086,0.135,0.180,0.118,0.118,0.093,0.129,0.000
1467,7998.57,3125.33,8000,1,-639,-1,1.957,15374.8,rl_v3,1.47e-04,0.123,0.104,0.125,0.135,0.125,0.140,0.122,0.126,0.001
1468,6348.93,3156.87,6732,0,2416,1,1.978,15386.6,rl_v3,1.47e-04,0.137,0.113,0.121,0.141,0.116,0.128,0.124,0.120,0.000
1469,1616.73,3151.59,2177,0,-897,-1,1.976,15397.0,rl_v3,1.47e-04,0.135,0.102,0.127,0.148,0.128,0.117,0.115,0.127,0.000
1470,199.14,3137.81,1385,0,-1437,-1,1.997,15407.7,rl_v3,1.47e-04,0.148,0.122,0.095,0.115,0.138,0.123,0.118,0.142,0.000
1471,4986.81,3138.57,5194,0,709,1,1.977,15417.8,rl_v3,1.47e-04,0.133,0.130,0.119,0.131,0.132,0.118,0.110,0.126,0.000
1472,3409.79,3084.05,3661,0,1837,1,1.979,15428.0,rl_v3,1.47e-04,0.127,0.100,0.110,0.127,0.158,0.150,0.110,0.118,0.000
1473,676.81,3050.87,1693,0,-1129,-1,1.985,15438.4,rl_v3,1.47e-04,0.142,0.126,0.105,0.120,0.146,0.130,0.101,0.129,0.000
1474,666.53,3036.33,1157,0,-906,-1,1.996,15447.9,rl_v3,1.47e-04,0.138,0.123,0.104,0.132,0.145,0.120,0.120,0.118,0.000
1475,6101.84,3070.09,6586,0,2391,1,1.963,15458.8,rl_v3,1.47e-04,0.134,0.096,0.124,0.132,0.153,0.129,0.112,0.120,0.000
1476,3042.54,3076.81,4014,0,-794,-1,1.977,15470.6,rl_v3,1.47e-04,0.133,0.125,0.119,0.121,0.151,0.113,0.110,0.128,0.000
1477,1070.74,3074.66,2027,0,-1107,-1,1.985,15480.9,rl_v3,1.47e-04,0.135,0.108,0.112,0.133,0.124,0.132,0.125,0.131,0.000
1478,3610.66,3099.23,3943,0,1125,1,1.984,15491.1,rl_v3,1.47e-04,0.144,0.104,0.121,0.114,0.146,0.118,0.126,0.127,0.000
1479,4673.03,3094.41,5064,0,1362,1,1.973,15501.1,rl_v3,1.47e-04,0.125,0.121,0.121,0.130,0.154,0.104,0.109,0.137,0.000
1480,5381.73,3112.39,5867,0,2077,1,1.969,15512.7,rl_v3,1.47e-04,0.115,0.112,0.118,0.121,0.158,0.116,0.129,0.130,0.000
1481,5831.29,3080.43,5920,0,4369,1,1.978,15523.8,rl_v3,1.47e-04,0.141,0.098,0.121,0.106,0.154,0.119,0.122,0.139,0.000
1482,1573.19,3076.40,2477,0,548,1,1.988,15534.2,rl_v3,1.47e-04,0.139,0.117,0.104,0.116,0.162,0.128,0.118,0.115,0.000
1483,1527.86,3070.38,2107,0,-896,-1,1.987,15544.6,rl_v3,1.47e-04,0.129,0.129,0.125,0.111,0.144,0.124,0.117,0.122,0.000
1484,789.87,3046.64,1651,0,-1076,-1,1.990,15555.1,rl_v3,1.47e-04,0.119,0.126,0.122,0.129,0.145,0.127,0.122,0.110,0.000
1485,5699.53,3086.17,5971,0,3683,1,1.979,15565.5,rl_v3,1.47e-04,0.143,0.110,0.114,0.125,0.144,0.123,0.121,0.121,0.000
1486,8058.59,3146.58,7994,1,-816,-1,1.959,15575.6,rl_v3,1.47e-04,0.157,0.116,0.125,0.123,0.113,0.129,0.111,0.125,0.001
1487,3593.69,3150.23,4146,0,1598,1,1.979,15585.8,rl_v3,1.47e-04,0.156,0.129,0.101,0.121,0.146,0.106,0.130,0.112,0.000
1488,3778.51,3179.03,4273,0,-325,-1,1.989,15596.9,rl_v3,1.47e-04,0.178,0.117,0.113,0.119,0.126,0.121,0.112,0.115,0.000
1489,2902.50,3148.95,4526,0,-1488,-1,1.899,15608.6,rl_v3,1.47e-04,0.147,0.106,0.135,0.100,0.134,0.099,0.115,0.164,0.000
1490,1429.30,3084.71,2082,0,-727,-1,2.000,15619.0,rl_v3,1.47e-04,0.130,0.129,0.126,0.123,0.134,0.118,0.119,0.120,0.000
1491,2073.41,3101.18,2508,0,-412,-1,1.996,15629.4,rl_v3,1.47e-04,0.142,0.108,0.133,0.126,0.128,0.132,0.107,0.124,0.000
1492,1364.63,3092.64,2350,0,-266,-1,1.997,15640.3,rl_v3,1.47e-04,0.129,0.106,0.153,0.119,0.148,0.114,0.113,0.119,0.000
1493,1870.71,3089.69,2287,0,-822,-1,2.000,15651.0,rl_v3,1.47e-04,0.125,0.141,0.118,0.115,0.141,0.130,0.108,0.121,0.000
1494,5549.15,3139.07,5600,1,-602,-1,1.985,15662.1,rl_v3,1.47e-04,0.138,0.119,0.130,0.125,0.117,0.119,0.123,0.128,0.001
1495,3420.54,3151.13,3731,0,2496,1,2.003,15672.3,rl_v3,1.47e-04,0.115,0.128,0.116,0.113,0.135,0.134,0.121,0.138,0.000
1496,1846.41,3160.50,2886,0,-1102,-1,1.999,15683.8,rl_v3,1.47e-04,0.125,0.118,0.129,0.121,0.135,0.138,0.105,0.129,0.000
1497,5402.12,3132.61,5740,0,4149,1,1.975,15694.9,rl_v3,1.47e-04,0.135,0.129,0.134,0.118,0.104,0.131,0.120,0.128,0.000
1498,1090.46,3096.30,2237,0,-1033,-1,1.996,15706.0,rl_v3,1.47e-04,0.113,0.145,0.122,0.108,0.137,0.124,0.110,0.141,0.000
1499,697.11,3091.11,1000,0,-736,-1,1.993,15716.2,rl_v3,1.47e-04,0.133,0.142,0.129,0.125,0.124,0.116,0.108,0.123,0.000
1500,4106.44,3068.74,4940,1,-2042,-1,1.963,15726.7,rl_v3,1.43e-04,0.144,0.114,0.108,0.122,0.134,0.122,0.113,0.143,0.001
1501,1901.80,3074.06,2891,0,-1069,-1,1.992,15737.8,rl_v3,1.43e-04,0.124,0.135,0.104,0.112,0.135,0.141,0.117,0.133,0.000
1502,2474.33,3034.38,2903,0,1025,1,1.991,15747.8,rl_v3,1.43e-04,0.140,0.141,0.105,0.124,0.118,0.129,0.115,0.128,0.000
1503,5125.81,3090.55,5976,0,-114,-1,1.973,15758.7,rl_v3,1.43e-04,0.158,0.126,0.110,0.124,0.118,0.128,0.112,0.123,0.000
1504,825.30,3074.93,1358,0,-727,-1,1.989,15768.1,rl_v3,1.43e-04,0.121,0.116,0.102,0.142,0.144,0.121,0.147,0.106,0.000
1505,4608.48,3092.47,4864,1,-481,-1,1.954,15777.4,rl_v3,1.43e-04,0.134,0.133,0.088,0.124,0.125,0.129,0.124,0.141,0.001
1506,3234.03,3071.11,4405,0,1608,1,1.987,15788.8,rl_v3,1.43e-04,0.143,0.135,0.106,0.121,0.139,0.122,0.110,0.125,0.000
1507,6830.69,3079.86,7089,1,-1732,-1,1.948,15799.8,rl_v3,1.43e-04,0.154,0.120,0.106,0.125,0.120,0.123,0.113,0.138,0.001
1508,9327.94,3157.00,9302,1,541,1,1.965,15811.9,rl_v3,1.43e-04,0.136,0.118,0.108,0.131,0.117,0.128,0.135,0.127,0.000
1509,1092.60,3138.02,1866,0,-958,-1,1.993,15822.5,rl_v3,1.43e-04,0.129,0.139,0.106,0.119,0.142,0.139,0.128,0.098,0.000
1510,3983.93,3126.57,4709,1,-1102,-1,1.984,15833.1,rl_v3,1.43e-04,0.151,0.121,0.111,0.138,0.112,0.142,0.103,0.122,0.001
1511,431.67,3108.94,1384,0,-85,-1,1.994,15842.3,rl_v3,1.43e-04,0.144,0.141,0.110,0.105,0.134,0.136,0.121,0.108,0.000
1512,2798.39,3112.31,3247,0,-451,-1,1.993,15853.1,rl_v3,1.43e-04,0.150,0.129,0.124,0.111,0.134,0.110,0.109,0.132,0.000
1513,4014.15,3133.50,4482,0,625,1,1.998,15864.0,rl_v3,1.43e-04,0.135,0.118,0.131,0.130,0.130,0.131,0.101,0.125,0.000
1514,4096.39,3171.17,4467,0,1549,1,1.990,15874.9,rl_v3,1.43e-04,0.134,0.129,0.107,0.114,0.125,0.147,0.124,0.120,0.000
1515,3541.47,3116.23,3824,0,457,1,1.993,15886.0,rl_v3,1.43e-04,0.123,0.135,0.123,0.133,0.137,0.135,0.105,0.108,0.000
1516,6384.96,3145.78,6377,0,3988,1,1.977,15896.0,rl_v3,1.43e-04,0.140,0.125,0.101,0.135,0.106,0.143,0.132,0.118,0.000
1517,1017.59,3098.37,2189,0,-1195,-1,1.986,15906.7,rl_v3,1.43e-04,0.128,0.126,0.111,0.129,0.124,0.141,0.128,0.113,0.000
1518,5604.77,3142.77,6014,0,1269,1,1.964,15916.7,rl_v3,1.43e-04,0.126,0.136,0.119,0.144,0.116,0.117,0.128,0.113,0.000
1519,4292.05,3147.00,4865,0,1831,1,1.990,15927.7,rl_v3,1.43e-04,0.117,0.116,0.110,0.159,0.131,0.103,0.112,0.153,0.000
1520,1019.10,3127.24,2246,0,-2468,-1,1.992,15938.5,rl_v3,1.43e-04,0.132,0.158,0.125,0.114,0.117,0.136,0.105,0.112,0.000
1521,1375.74,3138.98,2260,0,-122,-1,1.987,15948.8,rl_v3,1.43e-04,0.129,0.126,0.108,0.125,0.131,0.143,0.128,0.111,0.000
1522,8031.35,3216.58,8343,0,5023,1,1.960,15959.9,rl_v3,1.43e-04,0.146,0.103,0.120,0.126,0.118,0.122,0.141,0.124,0.000
1523,1917.80,3231.24,2895,0,-1563,-1,1.981,15970.4,rl_v3,1.43e-04,0.135,0.128,0.121,0.138,0.110,0.124,0.127,0.117,0.000
1524,893.28,3217.16,2207,0,-918,-1,1.991,15981.5,rl_v3,1.43e-04,0.115,0.155,0.110,0.116,0.113,0.133,0.135,0.122,0.000
1525,214.80,3215.37,1181,0,-478,-1,1.989,15991.2,rl_v3,1.43e-04,0.143,0.137,0.136,0.114,0.128,0.124,0.110,0.109,0.000
1526,1328.66,3218.50,2394,0,263,1,1.987,16001.5,rl_v3,1.43e-04,0.126,0.131,0.129,0.130,0.115,0.138,0.117,0.112,0.000
1527,2695.54,3247.76,3269,0,431,1,1.986,16012.1,rl_v3,1.43e-04,0.135,0.099,0.134,0.143,0.122,0.139,0.105,0.122,0.000
1528,1329.20,3179.79,1707,0,478,1,1.985,16022.1,rl_v3,1.43e-04,0.130,0.152,0.109,0.117,0.132,0.132,0.110,0.118,0.000
1529,1533.21,3187.98,2023,0,-773,-1,1.984,16032.3,rl_v3,1.43e-04,0.122,0.137,0.105,0.136,0.121,0.139,0.110,0.129,0.000
1530,3010.63,3192.93,3433,0,-1058,-1,1.981,16043.1,rl_v3,1.43e-04,0.129,0.132,0.129,0.139,0.120,0.132,0.094,0.125,0.000
1531,7760.30,3239.33,8319,1,-1990,-1,1.949,16054.6,rl_v3,1.43e-04,0.147,0.096,0.125,0.148,0.122,0.125,0.092,0.145,0.001
1532,2559.54,3243.84,2986,0,-309,-1,1.983,16065.2,rl_v3,1.43e-04,0.143,0.117,0.105,0.141,0.133,0.122,0.105,0.134,0.000
1533,1962.75,3242.67,2708,0,-137,-1,1.989,16075.6,rl_v3,1.43e-04,0.138,0.132,0.105,0.129,0.129,0.130,0.111,0.127,0.000
1534,4320.92,3232.14,4658,0,3142,1,1.984,16086.3,rl_v3,1.43e-04,0.147,0.107,0.130,0.124,0.119,0.139,0.106,0.129,0.000
1535,4401.51,3255.93,4755,0,2267,1,1.978,16096.7,rl_v3,1.43e-04,0.137,0.109,0.141,0.128,0.131,0.132,0.109,0.112,0.000
1536,1816.25,3256.87,2182,0,-863,-1,1.974,16106.6,rl_v3,1.43e-04,0.160,0.117,0.129,0.114,0.133,0.117,0.099,0.131,0.000
1537,2637.97,3229.81,3537,0,-1431,-1,1.978,16118.5,rl_v3,1.43e-04,0.144,0.135,0.114,0.121,0.122,0.126,0.119,0.118,0.000
1538,4938.16,3235.62,5577,0,1158,1,1.967,16130.5,rl_v3,1.43e-04,0.151,0.114,0.109,0.117,0.132,0.138,0.111,0.127,0.000
1539,3294.62,3229.45,3422,0,-425,-1,1.970,16141.2,rl_v3,1.43e-04,0.148,0.139,0.123,0.116,0.137,0.135,0.082,0.120,0.000
1540,1466.16,3179.94,2300,0,-391,-1,1.968,16151.6,rl_v3,1.43e-04,0.154,0.143,0.126,0.107,0.131,0.124,0.092,0.122,0.000
1541,7835.64,3238.94,8717,0,4358,1,1.940,16165.1,rl_v3,1.43e-04,0.151,0.106,0.130,0.117,0.128,0.143,0.103,0.122,0.000
1542,2803.81,3234.69,3139,0,292,1,1.980,16176.2,rl_v3,1.43e-04,0.142,0.128,0.130,0.120,0.119,0.143,0.098,0.120,0.000
1543,4644.13,3242.11,5539,0,3385,1,1.991,16187.6,rl_v3,1.43e-04,0.121,0.123,0.119,0.143,0.101,0.151,0.108,0.134,0.000
1544,4133.51,3239.18,4370,0,2169,1,1.990,16198.7,rl_v3,1.43e-04,0.117,0.128,0.129,0.141,0.118,0.136,0.101,0.131,0.000
1545,4017.43,3263.62,4265,0,1477,1,1.978,16209.7,rl_v3,1.43e-04,0.128,0.120,0.110,0.139,0.132,0.141,0.116,0.114,0.000
1546,837.40,3241.00,1644,0,-42,-1,1.984,16219.6,rl_v3,1.43e-04,0.116,0.143,0.141,0.118,0.129,0.131,0.106,0.116,0.000
1547,1091.14,3213.52,1575,0,-1453,-1,1.978,16230.0,rl_v3,1.43e-04,0.123,0.118,0.113,0.130,0.134,0.147,0.100,0.134,0.000
1548,1819.06,3203.68,2335,0,-917,-1,1.985,16240.9,rl_v3,1.43e-04,0.110,0.129,0.113,0.138,0.121,0.148,0.107,0.134,0.000
1549,1405.02,3208.48,1849,0,218,1,1.985,16250.9,rl_v3,1.43e-04,0.118,0.125,0.135,0.129,0.119,0.123,0.116,0.134,0.000
1550,3149.26,3188.60,3748,0,-1327,-1,1.970,16263.0,rl_v3,1.43e-04,0.117,0.142,0.135,0.148,0.118,0.126,0.097,0.117,0.000
1551,1032.36,3179.41,1905,0,-321,-1,1.995,16273.1,rl_v3,1.43e-04,0.106,0.124,0.122,0.150,0.117,0.128,0.106,0.146,0.000
1552,1301.54,3163.18,1865,0,-1504,-1,1.982,16283.3,rl_v3,1.43e-04,0.108,0.133,0.141,0.137,0.120,0.115,0.099,0.147,0.000
1553,3062.66,3177.53,3483,0,2125,1,1.988,16294.3,rl_v3,1.43e-04,0.125,0.127,0.133,0.149,0.111,0.115,0.101,0.139,0.000
1554,4041.95,3197.65,4310,0,2726,1,1.987,16305.1,rl_v3,1.43e-04,0.121,0.118,0.126,0.129,0.117,0.138,0.108,0.143,0.000
1555,2273.97,3216.03,2821,0,-226,-1,1.981,16315.8,rl_v3,1.43e-04,0.122,0.124,0.139,0.136,0.124,0.122,0.097,0.135,0.000
1556,2143.80,3226.27,2913,0,-9,-1,1.990,16326.6,rl_v3,1.43e-04,0.131,0.117,0.131,0.120,0.146,0.125,0.098,0.131,0.000
1557,412.53,3149.33,1173,0,-41,-1,1.984,16336.4,rl_v3,1.43e-04,0.135,0.131,0.130,0.123,0.136,0.109,0.104,0.130,0.000
1558,3232.36,3162.48,4032,0,580,1,1.980,16347.6,rl_v3,1.43e-04,0.142,0.124,0.116,0.128,0.121,0.127,0.100,0.143,0.000
1559,2092.46,3156.74,2377,0,-589,-1,1.980,16357.8,rl_v3,1.43e-04,0.132,0.137,0.130,0.131,0.125,0.122,0.096,0.127,0.000
1560,1818.47,3160.35,2502,0,-79,-1,1.981,16368.4,rl_v3,1.43e-04,0.141,0.124,0.121,0.133,0.129,0.131,0.103,0.117,0.000
1561,1668.13,3165.31,2536,0,-1044,-1,1.979,16378.7,rl_v3,1.43e-04,0.129,0.142,0.121,0.112,0.135,0.124,0.122,0.113,0.000
1562,2868.45,3169.81,3270,0,259,1,1.972,16389.7,rl_v3,1.43e-04,0.143,0.144,0.132,0.122,0.108,0.136,0.095,0.120,0.000
1563,2650.20,3161.16,2986,0,1084,1,1.995,16400.0,rl_v3,1.43e-04,0.138,0.128,0.115,0.116,0.141,0.114,0.109,0.138,0.000
1564,1848.60,3139.53,2592,0,-93,-1,1.986,16410.9,rl_v3,1.43e-04,0.123,0.124,0.123,0.126,0.138,0.127,0.106,0.133,0.000
1565,5436.45,3187.52,6287,0,1883,1,1.970,16422.7,rl_v3,1.43e-04,0.137,0.140,0.128,0.120,0.116,0.120,0.123,0.116,0.000
1566,1478.75,3115.82,2447,0,-1152,-1,1.983,16433.7,rl_v3,1.43e-04,0.127,0.117,0.121,0.132,0.123,0.125,0.103,0.152,0.000
1567,2710.62,3062.94,3115,0,136,1,1.973,16444.3,rl_v3,1.43e-04,0.118,0.118,0.115,0.136,0.115,0.123,0.123,0.151,0.000
1568,6826.25,3067.71,6894,1,-2191,-1,1.951,16454.4,rl_v3,1.43e-04,0.136,0.117,0.126,0.112,0.121,0.132,0.114,0.142,0.001
1569,7145.76,3123.00,7135,1,-1898,-1,1.959,16465.8,rl_v3,1.43e-04,0.120,0.119,0.115,0.130,0.112,0.144,0.106,0.154,0.001
1570,878.47,3129.80,1433,0,-944,-1,1.992,16475.6,rl_v3,1.43e-04,0.118,0.100,0.117,0.123,0.139,0.126,0.135,0.142,0.000
1571,2729.66,3107.23,3229,0,-156,-1,2.000,16486.3,rl_v3,1.43e-04,0.123,0.119,0.106,0.132,0.126,0.133,0.120,0.141,0.000
1572,1189.59,3085.02,1578,0,-898,-1,1.980,16496.5,rl_v3,1.43e-04,0.116,0.137,0.116,0.130,0.134,0.125,0.118,0.125,0.000
1573,2300.98,3101.27,2821,0,-835,-1,1.985,16507.0,rl_v3,1.43e-04,0.123,0.117,0.120,0.115,0.137,0.105,0.129,0.153,0.000
1574,720.66,3101.81,1614,0,-1753,-1,1.980,16517.4,rl_v3,1.43e-04,0.126,0.140,0.114,0.130,0.137,0.126,0.093,0.135,0.000
1575,4669.82,3087.49,5193,0,1378,1,1.982,16529.6,rl_v3,1.43e-04,0.150,0.117,0.112,0.125,0.140,0.125,0.097,0.133,0.000
1576,2691.36,3083.98,2934,0,108,1,1.979,16539.2,rl_v3,1.43e-04,0.137,0.117,0.111,0.143,0.135,0.117,0.121,0.120,0.000
1577,4296.90,3116.24,4621,0,1323,1,1.983,16549.7,rl_v3,1.43e-04,0.120,0.129,0.111,0.138,0.135,0.105,0.098,0.164,0.000
1578,2913.69,3109.27,3236,0,1208,1,1.975,16560.3,rl_v3,1.43e-04,0.129,0.135,0.117,0.150,0.132,0.108,0.091,0.139,0.000
1579,3841.55,3100.95,4166,0,892,1,1.978,16571.3,rl_v3,1.43e-04,0.135,0.126,0.108,0.124,0.130,0.120,0.095,0.161,0.000
1580,4125.82,3088.39,4386,0,813,1,1.973,16582.6,rl_v3,1.43e-04,0.138,0.130,0.106,0.144,0.134,0.112,0.089,0.148,0.000
1581,1039.53,3040.48,1915,0,-1297,-1,1.982,16593.4,rl_v3,1.43e-04,0.127,0.137,0.115,0.127,0.133,0.118,0.100,0.144,0.000
1582,649.67,3031.24,1189,0,-950,-1,1.995,16603.6,rl_v3,1.43e-04,0.122,0.148,0.105,0.128,0.140,0.120,0.104,0.133,0.000
1583,8706.68,3103.03,9243,1,-1159,-1,1.929,16617.7,rl_v3,1.43e-04,0.147,0.120,0.101,0.148,0.124,0.116,0.095,0.149,0.000
1584,1675.80,3111.89,2518,0,-1009,-1,1.976,16628.8,rl_v3,1.43e-04,0.121,0.136,0.104,0.142,0.136,0.127,0.099,0.135,0.000
1585,1631.61,3071.21,1946,0,-664,-1,1.977,16639.5,rl_v3,1.43e-04,0.123,0.146,0.119,0.123,0.154,0.105,0.099,0.130,0.000
1586,2805.46,3018.68,3235,0,411,1,1.990,16649.8,rl_v3,1.43e-04,0.129,0.131,0.111,0.131,0.152,0.120,0.099,0.127,0.000
1587,1260.57,2995.35,1737,0,-1356,-1,1.980,16660.1,rl_v3,1.43e-04,0.119,0.153,0.113,0.123,0.130,0.127,0.103,0.132,0.000
1588,2765.80,2985.22,3552,0,-24,-1,1.989,16671.5,rl_v3,1.43e-04,0.130,0.143,0.110,0.121,0.143,0.119,0.095,0.138,0.000
1589,6893.08,3025.13,6773,1,-1185,-1,1.975,16682.6,rl_v3,1.43e-04,0.134,0.114,0.112,0.157,0.121,0.127,0.097,0.138,0.001
1590,2987.89,3040.71,3335,0,399,1,1.988,16693.5,rl_v3,1.43e-04,0.133,0.143,0.114,0.128,0.123,0.124,0.087,0.146,0.000
1591,4746.68,3067.44,5117,0,-172,-1,1.986,16706.1,rl_v3,1.43e-04,0.135,0.121,0.121,0.140,0.113,0.137,0.091,0.142,0.000
1592,1723.50,3071.03,2012,0,-604,-1,1.998,16716.6,rl_v3,1.43e-04,0.120,0.137,0.124,0.149,0.130,0.118,0.096,0.127,0.000
1593,3249.69,3084.82,4149,0,175,1,1.991,16728.3,rl_v3,1.43e-04,0.121,0.114,0.131,0.136,0.118,0.141,0.083,0.157,0.000
1594,2382.48,3053.16,3232,0,-139,-1,1.996,16739.3,rl_v3,1.43e-04,0.131,0.139,0.120,0.132,0.118,0.123,0.099,0.137,0.000
1595,1625.84,3035.21,1974,0,-1432,-1,1.996,16748.9,rl_v3,1.43e-04,0.133,0.132,0.126,0.116,0.142,0.110,0.108,0.133,0.000
1596,4554.12,3062.29,4913,0,2462,1,2.003,16759.7,rl_v3,1.43e-04,0.113,0.138,0.119,0.124,0.132,0.142,0.091,0.142,0.000
1597,3922.23,3047.49,4237,0,-53,-1,1.992,16771.0,rl_v3,1.43e-04,0.144,0.123,0.124,0.122,0.119,0.139,0.092,0.136,0.000
1598,3287.27,3069.45,3691,0,-151,-1,1.987,16782.7,rl_v3,1.43e-04,0.127,0.120,0.121,0.130,0.120,0.137,0.104,0.141,0.000
1599,945.02,3071.93,2238,0,-1484,-1,1.994,16794.5,rl_v3,1.43e-04,0.147,0.137,0.122,0.122,0.133,0.131,0.081,0.127,0.000
1600,4474.04,3075.61,4843,0,2173,1,1.986,16805.4,rl_v3,1.39e-04,0.138,0.122,0.144,0.109,0.118,0.141,0.094,0.135,0.000
1601,5781.34,3114.41,6128,0,1761,1,1.978,16816.8,rl_v3,1.39e-04,0.145,0.150,0.138,0.107,0.113,0.124,0.090,0.133,0.000
1602,4024.67,3129.91,4749,0,885,1,1.989,16828.6,rl_v3,1.39e-04,0.136,0.140,0.121,0.126,0.117,0.144,0.085,0.132,0.000
1603,1371.94,3092.37,2056,0,-1128,-1,1.986,16838.9,rl_v3,1.39e-04,0.135,0.143,0.132,0.131,0.128,0.114,0.097,0.120,0.000
1604,3628.88,3120.41,4172,0,338,1,1.977,16851.2,rl_v3,1.39e-04,0.142,0.134,0.119,0.128,0.134,0.127,0.084,0.131,0.000
1605,9105.02,3165.37,8875,1,242,1,1.951,16863.2,rl_v3,1.39e-04,0.148,0.143,0.129,0.118,0.104,0.139,0.084,0.135,0.000
1606,6993.90,3202.97,7012,1,-361,-1,1.954,16874.2,rl_v3,1.39e-04,0.137,0.132,0.122,0.141,0.106,0.139,0.090,0.132,0.001
1607,3756.89,3172.23,4209,0,-601,-1,1.981,16885.1,rl_v3,1.39e-04,0.147,0.120,0.123,0.144,0.136,0.121,0.084,0.126,0.000
1608,1733.62,3096.29,2393,0,-1785,-1,1.993,16896.1,rl_v3,1.39e-04,0.152,0.124,0.117,0.139,0.121,0.125,0.104,0.117,0.000
1609,4752.71,3132.89,5113,0,732,1,2.001,16906.8,rl_v3,1.39e-04,0.140,0.108,0.129,0.131,0.125,0.138,0.107,0.123,0.000
1610,1055.52,3103.61,2399,0,-1573,-1,1.998,16918.2,rl_v3,1.39e-04,0.120,0.126,0.119,0.138,0.117,0.135,0.117,0.127,0.000
1611,1142.33,3110.71,2491,0,-2527,-1,1.996,16929.2,rl_v3,1.39e-04,0.143,0.128,0.131,0.131,0.104,0.118,0.113,0.132,0.000
1612,3253.34,3115.26,3666,0,-255,-1,2.001,16940.3,rl_v3,1.39e-04,0.140,0.125,0.135,0.111,0.111,0.133,0.102,0.145,0.000
1613,2893.26,3104.05,3437,0,-327,-1,1.997,16951.6,rl_v3,1.39e-04,0.127,0.147,0.145,0.117,0.113,0.104,0.105,0.143,0.000
1614,4236.70,3105.46,4482,0,2665,1,2.002,16962.1,rl_v3,1.39e-04,0.132,0.129,0.131,0.130,0.111,0.131,0.115,0.120,0.000
1615,641.16,3076.45,1556,0,-537,-1,1.997,16971.4,rl_v3,1.39e-04,0.119,0.147,0.132,0.132,0.111,0.118,0.121,0.120,0.000
1616,2876.06,3041.36,3466,0,113,1,1.999,16982.4,rl_v3,1.39e-04,0.128,0.117,0.132,0.130,0.115,0.132,0.117,0.128,0.000
1617,3507.21,3066.26,4387,0,792,1,1.998,16994.2,rl_v3,1.39e-04,0.146,0.116,0.120,0.124,0.115,0.131,0.111,0.137,0.000
1618,3121.77,3041.43,3422,0,1444,1,2.001,17004.8,rl_v3,1.39e-04,0.143,0.127,0.129,0.136,0.119,0.123,0.105,0.118,0.000
1619,577.01,3004.28,1676,0,-1135,-1,1.998,17015.4,rl_v3,1.39e-04,0.116,0.136,0.130,0.136,0.134,0.120,0.114,0.114,0.000
1620,5135.36,3045.44,5568,0,2541,1,1.992,17026.3,rl_v3,1.39e-04,0.145,0.119,0.137,0.116,0.122,0.135,0.097,0.129,0.000
1621,911.60,3040.80,1478,0,-1702,-1,2.000,17036.6,rl_v3,1.39e-04,0.124,0.141,0.143,0.124,0.125,0.100,0.122,0.120,0.000
1622,2089.60,2981.38,2480,0,1087,1,2.007,17047.0,rl_v3,1.39e-04,0.138,0.135,0.135,0.126,0.115,0.116,0.114,0.120,0.000
1623,2133.09,2983.54,2619,0,-241,-1,2.009,17057.2,rl_v3,1.39e-04,0.130,0.122,0.131,0.128,0.121,0.142,0.108,0.119,0.000
1624,2898.10,3003.58,3360,0,-1128,-1,2.001,17068.0,rl_v3,1.39e-04,0.133,0.128,0.133,0.146,0.123,0.113,0.107,0.117,0.000
1625,532.54,3006.76,1523,0,-1116,-1,1.994,17078.7,rl_v3,1.39e-04,0.113,0.146,0.132,0.118,0.119,0.129,0.117,0.125,0.000
1626,3224.74,3025.72,3485,0,1614,1,1.999,17088.7,rl_v3,1.39e-04,0.140,0.117,0.117,0.130,0.126,0.140,0.097,0.133,0.000
1627,4198.08,3040.75,4538,0,560,1,2.009,17098.9,rl_v3,1.39e-04,0.135,0.115,0.129,0.113,0.132,0.148,0.103,0.124,0.000
1628,2957.30,3057.03,3511,0,190,1,1.995,17109.7,rl_v3,1.39e-04,0.138,0.119,0.131,0.129,0.112,0.134,0.107,0.130,0.000
1629,3159.45,3073.29,3666,0,883,1,1.996,17120.7,rl_v3,1.39e-04,0.124,0.117,0.125,0.128,0.125,0.129,0.108,0.145,0.000
1630,3376.69,3076.95,3839,0,-785,-1,1.987,17131.8,rl_v3,1.39e-04,0.147,0.128,0.134,0.110,0.128,0.119,0.097,0.137,0.000
1631,844.08,3007.79,2011,0,-1255,-1,1.988,17142.5,rl_v3,1.39e-04,0.120,0.127,0.140,0.120,0.120,0.127,0.111,0.136,0.000
1632,1860.07,3000.80,2645,0,918,1,1.987,17153.2,rl_v3,1.39e-04,0.149,0.117,0.111,0.125,0.130,0.123,0.108,0.138,0.000
1633,2693.95,3008.11,2973,0,501,1,1.983,17163.7,rl_v3,1.39e-04,0.128,0.110,0.138,0.135,0.142,0.116,0.098,0.132,0.000
1634,9948.90,3064.39,10055,1,-4019,-1,1.941,17176.6,rl_v3,1.39e-04,0.133,0.100,0.130,0.130,0.104,0.138,0.092,0.173,0.000
1635,3703.09,3057.40,4655,0,2478,1,1.997,17187.1,rl_v3,1.39e-04,0.130,0.128,0.117,0.133,0.110,0.132,0.115,0.135,0.000
1636,1879.09,3058.03,2321,0,-492,-1,1.996,17197.2,rl_v3,1.39e-04,0.143,0.121,0.123,0.130,0.124,0.130,0.100,0.129,0.000
1637,2562.66,3057.28,3191,0,-855,-1,1.986,17208.5,rl_v3,1.39e-04,0.137,0.138,0.127,0.133,0.109,0.120,0.097,0.140,0.000
1638,2813.36,3036.03,2917,0,1420,1,1.997,17218.5,rl_v3,1.39e-04,0.144,0.121,0.122,0.130,0.128,0.130,0.107,0.118,0.000
1639,5332.28,3056.41,5484,1,-1147,-1,1.992,17229.4,rl_v3,1.39e-04,0.150,0.115,0.124,0.113,0.108,0.137,0.108,0.144,0.001
1640,4022.63,3081.97,4446,0,397,1,1.997,17240.1,rl_v3,1.39e-04,0.135,0.138,0.119,0.105,0.135,0.122,0.115,0.130,0.000
1641,1528.98,3018.91,1888,0,-684,-1,1.984,17250.9,rl_v3,1.39e-04,0.128,0.124,0.135,0.110,0.145,0.124,0.100,0.135,0.000
1642,3399.44,3024.86,4266,0,793,1,1.995,17262.2,rl_v3,1.39e-04,0.132,0.117,0.130,0.122,0.127,0.127,0.106,0.139,0.000
1643,3805.84,3016.48,4378,0,2044,1,2.007,17272.4,rl_v3,1.39e-04,0.124,0.134,0.117,0.116,0.111,0.139,0.121,0.137,0.000
1644,2073.01,2995.87,2336,0,-96,-1,1.996,17282.7,rl_v3,1.39e-04,0.131,0.122,0.123,0.129,0.139,0.117,0.091,0.147,0.000
1645,5684.16,3012.54,7214,0,2432,1,1.940,17294.7,rl_v3,1.39e-04,0.108,0.115,0.121,0.150,0.138,0.096,0.094,0.178,0.000
1646,4325.92,3047.43,4623,0,1011,1,1.991,17306.3,rl_v3,1.39e-04,0.140,0.134,0.129,0.114,0.120,0.122,0.097,0.145,0.000
1647,2305.15,3059.57,2842,0,493,1,2.003,17316.9,rl_v3,1.39e-04,0.138,0.125,0.131,0.117,0.132,0.120,0.101,0.136,0.000
1648,6052.69,3101.90,5926,1,-336,-1,1.985,17328.2,rl_v3,1.39e-04,0.120,0.128,0.155,0.142,0.108,0.117,0.093,0.137,0.001
1649,1533.80,3103.19,2243,0,901,1,1.998,17338.3,rl_v3,1.39e-04,0.116,0.118,0.139,0.137,0.124,0.111,0.114,0.140,0.000
1650,1459.48,3086.29,2304,0,-1154,-1,1.985,17348.3,rl_v3,1.39e-04,0.130,0.142,0.123,0.105,0.129,0.118,0.104,0.149,0.000
1651,3654.31,3112.51,3942,0,99,1,1.988,17360.0,rl_v3,1.39e-04,0.123,0.131,0.142,0.123,0.139,0.103,0.099,0.140,0.000
1652,5323.73,3152.73,5516,0,3088,1,1.994,17370.4,rl_v3,1.39e-04,0.130,0.116,0.131,0.141,0.106,0.124,0.108,0.144,0.000
1653,5137.26,3173.48,5111,1,-330,-1,1.987,17380.3,rl_v3,1.39e-04,0.140,0.117,0.128,0.122,0.104,0.107,0.107,0.175,0.001
1654,5522.66,3188.29,5726,0,3455,1,1.986,17390.9,rl_v3,1.39e-04,0.154,0.136,0.121,0.116,0.112,0.099,0.113,0.149,0.000
1655,4277.35,3208.32,4719,0,510,1,1.983,17404.0,rl_v3,1.39e-04,0.128,0.130,0.119,0.140,0.125,0.129,0.096,0.133,0.000
1656,2153.13,3208.41,2670,0,-1909,-1,1.982,17414.6,rl_v3,1.39e-04,0.127,0.123,0.134,0.140,0.107,0.117,0.097,0.154,0.000
1657,6561.38,3269.90,7117,0,3580,1,1.979,17425.6,rl_v3,1.39e-04,0.129,0.127,0.121,0.141,0.121,0.129,0.111,0.121,0.000
1658,1714.60,3254.73,2355,0,-1928,-1,1.995,17436.1,rl_v3,1.39e-04,0.115,0.135,0.136,0.111,0.128,0.137,0.097,0.142,0.000
1659,5570.11,3289.50,6098,0,166,1,1.979,17453.8,rl_v3,1.39e-04,0.123,0.138,0.129,0.126,0.109,0.126,0.107,0.142,0.000
1660,1277.22,3284.09,2025,0,-1171,-1,1.983,17466.0,rl_v3,1.39e-04,0.132,0.139,0.116,0.134,0.115,0.123,0.094,0.147,0.000
1661,3724.19,3304.65,4058,0,-1269,-1,1.976,17478.0,rl_v3,1.39e-04,0.130,0.119,0.111,0.135,0.117,0.115,0.098,0.175,0.000
1662,1308.97,3289.06,1764,0,-608,-1,1.992,17488.4,rl_v3,1.39e-04,0.121,0.124,0.133,0.124,0.145,0.120,0.095,0.139,0.000
1663,2049.27,3283.05,2945,0,-1060,-1,1.984,17498.7,rl_v3,1.39e-04,0.128,0.150,0.119,0.125,0.113,0.128,0.094,0.143,0.000
1664,137.97,3265.94,938,0,-1188,-1,1.996,17508.0,rl_v3,1.39e-04,0.123,0.125,0.143,0.125,0.139,0.115,0.101,0.129,0.000
1665,6449.47,3276.07,6048,1,-1542,-1,1.971,17520.4,rl_v3,1.39e-04,0.127,0.137,0.151,0.129,0.097,0.128,0.090,0.141,0.000
1666,1528.87,3276.57,2464,0,-31,-1,1.999,17530.2,rl_v3,1.39e-04,0.118,0.110,0.155,0.123,0.129,0.124,0.098,0.143,0.000
1667,3963.80,3289.10,4291,0,960,1,1.984,17541.0,rl_v3,1.39e-04,0.141,0.123,0.104,0.135,0.114,0.159,0.093,0.130,0.000
1668,2460.46,3245.44,2822,0,-1270,-1,1.996,17551.5,rl_v3,1.39e-04,0.118,0.113,0.137,0.133,0.134,0.146,0.088,0.130,0.000
1669,3477.08,3208.76,3563,0,2140,1,1.989,17560.7,rl_v3,1.39e-04,0.143,0.124,0.136,0.122,0.124,0.128,0.093,0.131,0.000
1670,3040.58,3230.38,3427,0,723,1,1.993,17570.6,rl_v3,1.39e-04,0.127,0.112,0.118,0.146,0.138,0.126,0.096,0.136,0.000
1671,4302.42,3246.11,4430,0,2248,1,1.999,17580.4,rl_v3,1.39e-04,0.133,0.115,0.120,0.131,0.125,0.137,0.093,0.147,0.000
1672,5980.90,3294.02,5897,1,164,1,1.955,17591.1,rl_v3,1.39e-04,0.145,0.128,0.104,0.117,0.128,0.139,0.101,0.137,0.001
1673,850.62,3279.52,1981,0,-858,-1,1.995,17601.6,rl_v3,1.39e-04,0.125,0.147,0.109,0.133,0.122,0.122,0.107,0.135,0.000
1674,3357.56,3305.89,3729,0,8,1,1.986,17612.2,rl_v3,1.39e-04,0.155,0.139,0.110,0.131,0.115,0.124,0.095,0.131,0.000
1675,4770.47,3306.89,5216,0,2778,1,2.006,17622.4,rl_v3,1.39e-04,0.123,0.154,0.129,0.133,0.099,0.131,0.113,0.118,0.000
1676,1797.36,3297.95,2243,0,395,1,1.998,17632.0,rl_v3,1.39e-04,0.125,0.134,0.124,0.121,0.116,0.120,0.123,0.137,0.000
1677,2451.38,3279.50,2937,0,418,1,1.994,17642.0,rl_v3,1.39e-04,0.140,0.121,0.122,0.128,0.132,0.115,0.101,0.141,0.000
1678,2488.10,3275.24,2757,0,-344,-1,1.987,17652.2,rl_v3,1.39e-04,0.140,0.134,0.120,0.132,0.122,0.137,0.088,0.126,0.000
1679,1338.46,3250.21,1741,0,-520,-1,1.987,17661.8,rl_v3,1.39e-04,0.122,0.128,0.144,0.137,0.131,0.111,0.108,0.119,0.000
1680,2671.84,3235.67,3235,0,-998,-1,1.974,17672.0,rl_v3,1.39e-04,0.119,0.132,0.141,0.152,0.124,0.102,0.111,0.119,0.000
1681,8606.07,3311.34,8486,1,1578,1,1.980,17683.4,rl_v3,1.39e-04,0.136,0.125,0.130,0.123,0.117,0.138,0.100,0.130,0.001
1682,1944.61,3324.28,2918,0,-518,-1,1.990,17693.7,rl_v3,1.39e-04,0.120,0.136,0.129,0.150,0.112,0.122,0.097,0.134,0.000
1683,570.14,3242.92,1550,0,-1104,-1,1.978,17703.5,rl_v3,1.39e-04,0.128,0.133,0.141,0.100,0.136,0.119,0.101,0.143,0.000
1684,2812.31,3254.28,3449,0,-1825,-1,1.978,17713.8,rl_v3,1.39e-04,0.132,0.128,0.127,0.125,0.121,0.128,0.097,0.142,0.000
1685,4099.41,3278.96,4398,0,-158,-1,1.972,17724.4,rl_v3,1.39e-04,0.131,0.121,0.131,0.141,0.133,0.122,0.090,0.131,0.000
1686,2404.53,3274.95,2898,0,1305,1,1.990,17733.7,rl_v3,1.39e-04,0.130,0.134,0.109,0.134,0.127,0.128,0.111,0.128,0.000
1687,2421.54,3286.56,3214,0,-86,-1,1.984,17744.4,rl_v3,1.39e-04,0.137,0.128,0.121,0.114,0.125,0.132,0.106,0.137,0.000
1688,397.88,3262.88,1546,0,-2272,-1,1.973,17754.5,rl_v3,1.39e-04,0.132,0.122,0.119,0.127,0.156,0.114,0.107,0.123,0.000
1689,5813.41,3252.09,6170,0,1683,1,1.986,17766.1,rl_v3,1.39e-04,0.130,0.113,0.114,0.138,0.121,0.133,0.115,0.135,0.000
1690,6294.88,3285.16,6239,1,1357,1,1.982,17779.5,rl_v3,1.39e-04,0.096,0.100,0.133,0.144,0.122,0.133,0.121,0.151,0.001
1691,3387.09,3271.56,3854,0,1201,1,1.997,17789.8,rl_v3,1.39e-04,0.149,0.103,0.114,0.134,0.128,0.125,0.122,0.126,0.000
1692,1420.61,3268.53,2144,0,-1123,-1,1.983,17799.1,rl_v3,1.39e-04,0.123,0.109,0.123,0.129,0.166,0.111,0.095,0.143,0.000
1693,3264.73,3268.68,3657,0,661,1,1.988,17810.7,rl_v3,1.39e-04,0.127,0.121,0.116,0.130,0.147,0.120,0.111,0.128,0.000
1694,337.53,3248.23,832,0,-996,-1,1.987,17821.2,rl_v3,1.39e-04,0.120,0.113,0.141,0.114,0.147,0.121,0.121,0.124,0.000
1695,3885.51,3270.83,4370,0,581,1,1.996,17832.9,rl_v3,1.39e-04,0.118,0.122,0.140,0.128,0.136,0.113,0.117,0.125,0.000
1696,3289.73,3258.19,3695,0,77,1,1.996,17844.1,rl_v3,1.39e-04,0.130,0.126,0.126,0.125,0.131,0.128,0.106,0.127,0.000
1697,638.96,3225.35,1093,0,-805,-1,1.998,17853.8,rl_v3,1.39e-04,0.134,0.107,0.127,0.113,0.163,0.108,0.128,0.119,0.000
1698,2808.10,3220.56,3728,0,677,1,1.997,17864.8,rl_v3,1.39e-04,0.132,0.115,0.103,0.135,0.126,0.140,0.121,0.128,0.000
1699,931.40,3220.43,1474,0,-1696,-1,1.987,17875.4,rl_v3,1.39e-04,0.142,0.136,0.116,0.122,0.124,0.117,0.113,0.129,0.000
1700,5929.81,3234.98,6987,0,1499,1,1.984,17885.6,rl_v3,1.35e-04,0.141,0.131,0.119,0.114,0.126,0.109,0.137,0.124,0.000
1701,2320.82,3200.38,3316,0,-1386,-1,1.978,17897.1,rl_v3,1.35e-04,0.137,0.134,0.141,0.128,0.125,0.126,0.099,0.111,0.000
1702,9610.09,3256.23,9077,1,1935,1,1.991,17907.7,rl_v3,1.35e-04,0.109,0.137,0.134,0.137,0.145,0.114,0.114,0.108,0.001
1703,2001.04,3262.52,2990,0,-1278,-1,1.990,17919.0,rl_v3,1.35e-04,0.118,0.135,0.134,0.130,0.130,0.119,0.113,0.122,0.000
1704,585.73,3232.09,1562,0,-1032,-1,1.975,17929.6,rl_v3,1.35e-04,0.136,0.141,0.149,0.121,0.119,0.107,0.116,0.111,0.000
1705,1507.56,3156.12,2326,0,-634,-1,1.983,17940.2,rl_v3,1.35e-04,0.146,0.124,0.115,0.117,0.145,0.123,0.106,0.124,0.000
1706,4757.97,3133.76,5070,0,978,1,1.988,17950.5,rl_v3,1.35e-04,0.151,0.130,0.120,0.117,0.135,0.122,0.097,0.128,0.000
1707,612.87,3102.32,1315,0,-1956,-1,1.990,17960.5,rl_v3,1.35e-04,0.110,0.127,0.137,0.119,0.139,0.112,0.108,0.147,0.000
1708,3821.16,3123.19,4260,0,325,1,1.977,17971.7,rl_v3,1.35e-04,0.141,0.104,0.116,0.137,0.117,0.131,0.101,0.153,0.000
1709,4246.67,3118.13,4495,0,2590,1,1.993,17982.5,rl_v3,1.35e-04,0.142,0.131,0.121,0.123,0.111,0.128,0.109,0.135,0.000
1710,2025.16,3127.83,2293,0,-553,-1,1.982,17992.8,rl_v3,1.35e-04,0.145,0.119,0.117,0.121,0.145,0.120,0.097,0.136,0.000
1711,979.14,3126.20,1785,0,-1074,-1,1.975,18003.4,rl_v3,1.35e-04,0.126,0.136,0.117,0.111,0.134,0.123,0.110,0.143,0.000
1712,9187.08,3185.53,8982,1,-836,-1,1.987,18015.2,rl_v3,1.35e-04,0.141,0.098,0.124,0.124,0.151,0.136,0.092,0.133,0.000
1713,5370.05,3210.30,5541,0,1929,1,1.984,18025.1,rl_v3,1.35e-04,0.137,0.118,0.105,0.126,0.125,0.126,0.101,0.163,0.000
1714,1615.72,3184.09,2030,0,-852,-1,1.969,18035.7,rl_v3,1.35e-04,0.129,0.119,0.121,0.128,0.138,0.123,0.087,0.155,0.000
1715,4106.43,3218.74,4359,0,477,1,1.981,18047.0,rl_v3,1.35e-04,0.140,0.133,0.129,0.135,0.117,0.126,0.090,0.129,0.000
1716,4411.03,3234.09,5179,0,2820,1,1.986,18057.9,rl_v3,1.35e-04,0.132,0.135,0.110,0.124,0.131,0.122,0.116,0.130,0.000
1717,2365.40,3222.68,3089,0,-1072,-1,1.977,18069.2,rl_v3,1.35e-04,0.132,0.128,0.125,0.150,0.142,0.108,0.090,0.126,0.000
1718,628.07,3197.74,986,0,-977,-1,1.976,18079.1,rl_v3,1.35e-04,0.110,0.144,0.126,0.139,0.125,0.125,0.103,0.126,0.000
1719,2768.48,3219.65,3085,0,-341,-1,1.986,18090.3,rl_v3,1.35e-04,0.147,0.118,0.123,0.130,0.113,0.146,0.087,0.136,0.000
1720,552.75,3173.83,1630,0,-1137,-1,1.981,18100.3,rl_v3,1.35e-04,0.119,0.152,0.120,0.130,0.121,0.130,0.109,0.120,0.000
1721,2978.71,3194.50,3396,0,-204,-1,1.981,18111.3,rl_v3,1.35e-04,0.125,0.117,0.126,0.161,0.120,0.122,0.095,0.134,0.000
1722,1908.22,3192.69,3049,0,-1521,-1,1.979,18123.0,rl_v3,1.35e-04,0.130,0.096,0.121,0.144,0.148,0.120,0.097,0.145,0.000
1723,5971.78,3231.07,6266,0,2019,1,1.982,18134.7,rl_v3,1.35e-04,0.138,0.114,0.112,0.132,0.142,0.136,0.089,0.138,0.000
1724,5092.71,3253.02,5887,0,2795,1,1.986,18146.0,rl_v3,1.35e-04,0.143,0.125,0.103,0.134,0.117,0.121,0.114,0.143,0.000
1725,835.88,3256.05,1200,0,-783,-1,1.985,18155.8,rl_v3,1.35e-04,0.137,0.144,0.117,0.138,0.135,0.118,0.099,0.112,0.000
1726,139.82,3225.20,947,0,-386,-1,1.977,18165.6,rl_v3,1.35e-04,0.125,0.129,0.120,0.139,0.115,0.114,0.118,0.140,0.000
1727,3682.31,3220.04,3799,0,99,1,1.975,18175.9,rl_v3,1.35e-04,0.131,0.121,0.122,0.148,0.116,0.116,0.086,0.160,0.000
1728,1402.27,3204.49,2247,0,-998,-1,1.982,18187.1,rl_v3,1.35e-04,0.119,0.129,0.125,0.153,0.108,0.117,0.096,0.153,0.000
1729,2649.50,3199.39,2830,0,75,1,1.982,18197.7,rl_v3,1.35e-04,0.135,0.127,0.121,0.127,0.122,0.112,0.089,0.168,0.000
1730,1633.38,3181.96,2569,0,457,1,1.994,18208.2,rl_v3,1.35e-04,0.129,0.131,0.119,0.128,0.123,0.120,0.107,0.142,0.000
1731,5043.19,3223.95,6193,0,2471,1,1.979,18219.8,rl_v3,1.35e-04,0.106,0.132,0.123,0.136,0.119,0.109,0.123,0.151,0.000
1732,1823.05,3223.58,2299,0,-615,-1,1.992,18230.9,rl_v3,1.35e-04,0.121,0.114,0.127,0.147,0.126,0.109,0.099,0.155,0.000
1733,344.91,3200.09,1385,0,-1211,-1,1.980,18241.7,rl_v3,1.35e-04,0.116,0.131,0.121,0.150,0.118,0.112,0.117,0.136,0.000
1734,6566.16,3166.26,6611,1,-549,-1,1.995,18253.2,rl_v3,1.35e-04,0.127,0.128,0.127,0.129,0.116,0.118,0.109,0.145,0.001
1735,2419.52,3153.43,2907,0,-149,-1,1.987,18264.2,rl_v3,1.35e-04,0.130,0.122,0.124,0.136,0.124,0.114,0.110,0.141,0.000
1736,3285.58,3167.49,3668,0,313,1,1.985,18275.1,rl_v3,1.35e-04,0.128,0.108,0.131,0.134,0.120,0.127,0.116,0.137,0.000
1737,1100.40,3152.87,2078,0,-1087,-1,1.984,18285.7,rl_v3,1.35e-04,0.120,0.113,0.121,0.140,0.135,0.122,0.102,0.147,0.000
1738,6287.95,3187.62,6916,0,369,1,1.981,18297.1,rl_v3,1.35e-04,0.118,0.132,0.113,0.138,0.116,0.121,0.093,0.170,0.000
1739,5768.47,3191.98,5832,1,-634,-1,1.976,18309.5,rl_v3,1.35e-04,0.144,0.104,0.118,0.119,0.117,0.142,0.113,0.141,0.001
1740,-41.66,3151.34,1046,0,-1080,-1,1.991,18320.3,rl_v3,1.35e-04,0.118,0.122,0.117,0.107,0.128,0.121,0.132,0.154,0.000
1741,4861.80,3184.66,5065,0,1498,1,1.966,18332.5,rl_v3,1.35e-04,0.137,0.145,0.121,0.133,0.122,0.116,0.100,0.126,0.000
1742,1179.83,3162.47,2198,0,-633,-1,1.986,18345.2,rl_v3,1.35e-04,0.137,0.133,0.110,0.124,0.131,0.133,0.106,0.126,0.000
1743,1390.11,3138.31,1975,0,-515,-1,1.975,18356.5,rl_v3,1.35e-04,0.137,0.130,0.109,0.127,0.130,0.122,0.098,0.148,0.000
1744,787.85,3125.46,1315,0,-866,-1,1.979,18366.8,rl_v3,1.35e-04,0.135,0.123,0.117,0.131,0.122,0.119,0.116,0.138,0.000
1745,2787.24,3096.49,3077,0,1265,1,1.991,18377.3,rl_v3,1.35e-04,0.147,0.111,0.116,0.122,0.145,0.117,0.099,0.143,0.000
1746,4482.07,3098.05,5035,0,2068,1,1.987,18389.4,rl_v3,1.35e-04,0.127,0.115,0.116,0.140,0.131,0.121,0.119,0.131,0.000
1747,5922.18,3134.22,6202,0,3690,1,1.997,18401.1,rl_v3,1.35e-04,0.148,0.128,0.122,0.120,0.113,0.117,0.113,0.140,0.000
1748,3267.90,3106.37,3529,0,279,1,1.985,18412.6,rl_v3,1.35e-04,0.143,0.129,0.125,0.129,0.099,0.132,0.102,0.139,0.000
1749,1813.79,3109.17,2051,0,-931,-1,1.972,18423.4,rl_v3,1.35e-04,0.142,0.109,0.124,0.140,0.128,0.113,0.105,0.138,0.000
1750,5898.05,3153.56,5935,0,3937,1,1.980,18434.7,rl_v3,1.35e-04,0.138,0.125,0.127,0.131,0.112,0.117,0.112,0.138,0.000
1751,4117.73,3158.19,4669,0,3073,1,1.981,18446.6,rl_v3,1.35e-04,0.141,0.119,0.110,0.130,0.116,0.123,0.134,0.127,0.000
1752,6039.59,3165.35,6098,1,159,1,1.977,18459.3,rl_v3,1.35e-04,0.124,0.136,0.134,0.121,0.126,0.107,0.105,0.146,0.001
1753,2798.92,3141.97,3663,0,1774,1,1.987,18471.7,rl_v3,1.35e-04,0.119,0.134,0.129,0.130,0.130,0.115,0.109,0.134,0.000
1754,2845.83,3115.20,3289,0,-494,-1,1.989,18484.5,rl_v3,1.35e-04,0.126,0.125,0.133,0.124,0.128,0.110,0.115,0.140,0.000
1755,5688.13,3129.31,6847,0,971,1,1.959,18497.5,rl_v3,1.35e-04,0.132,0.104,0.120,0.165,0.123,0.116,0.110,0.130,0.000
1756,1405.54,3121.83,2521,0,-534,-1,1.987,18509.3,rl_v3,1.35e-04,0.128,0.111,0.124,0.132,0.137,0.125,0.114,0.129,0.000
1757,5393.01,3110.15,5598,0,2919,1,1.987,18521.4,rl_v3,1.35e-04,0.130,0.125,0.126,0.122,0.120,0.123,0.108,0.146,0.000
1758,2065.06,3113.65,3101,0,-1225,-1,1.980,18533.8,rl_v3,1.35e-04,0.139,0.109,0.133,0.142,0.110,0.130,0.113,0.124,0.000
1759,7388.47,3131.84,7318,1,-1312,-1,1.961,18546.0,rl_v3,1.35e-04,0.142,0.118,0.116,0.135,0.115,0.129,0.106,0.138,0.001
1760,5031.21,3169.38,5465,0,879,1,1.987,18559.0,rl_v3,1.35e-04,0.129,0.128,0.109,0.121,0.131,0.132,0.114,0.135,0.000
1761,1621.74,3148.35,2485,0,327,1,2.000,18570.2,rl_v3,1.35e-04,0.132,0.116,0.132,0.130,0.127,0.115,0.120,0.128,0.000
1762,4113.27,3176.40,4385,0,1601,1,2.002,18581.0,rl_v3,1.35e-04,0.140,0.111,0.127,0.114,0.120,0.124,0.135,0.129,0.000
1763,951.66,3165.42,1562,0,-905,-1,1.990,18592.0,rl_v3,1.35e-04,0.103,0.143,0.128,0.102,0.128,0.120,0.121,0.153,0.000
1764,1160.99,3175.65,2352,0,-339,-1,2.008,18603.5,rl_v3,1.35e-04,0.132,0.135,0.119,0.107,0.111,0.145,0.126,0.125,0.000
1765,4919.99,3160.35,4933,1,-1726,-1,1.989,18614.2,rl_v3,1.35e-04,0.134,0.143,0.098,0.132,0.121,0.132,0.119,0.120,0.001
1766,2431.99,3169.39,2807,0,-137,-1,1.999,18625.0,rl_v3,1.35e-04,0.141,0.143,0.128,0.115,0.128,0.112,0.109,0.123,0.000
1767,3401.35,3163.76,3661,0,1769,1,2.006,18636.5,rl_v3,1.35e-04,0.124,0.146,0.135,0.103,0.128,0.110,0.119,0.133,0.000
1768,4803.05,3187.19,6307,0,186,1,1.972,18647.9,rl_v3,1.35e-04,0.143,0.151,0.103,0.096,0.115,0.127,0.132,0.132,0.000
1769,1236.98,3164.79,1793,0,354,1,2.007,18658.8,rl_v3,1.35e-04,0.134,0.121,0.117,0.127,0.130,0.113,0.124,0.134,0.000
1770,985.72,3144.24,1967,0,413,1,2.006,18669.5,rl_v3,1.35e-04,0.115,0.125,0.132,0.141,0.138,0.121,0.117,0.111,0.000
1771,2753.02,3128.74,3654,0,-376,-1,2.006,18680.9,rl_v3,1.35e-04,0.135,0.126,0.113,0.125,0.147,0.110,0.125,0.119,0.000
1772,2526.46,3094.20,3021,0,350,1,1.999,18691.8,rl_v3,1.35e-04,0.150,0.119,0.132,0.118,0.132,0.102,0.117,0.128,0.000
1773,2845.89,3114.15,3439,0,-377,-1,1.992,18703.4,rl_v3,1.35e-04,0.125,0.128,0.131,0.117,0.130,0.119,0.112,0.138,0.000
1774,2328.27,3103.86,3533,0,-58,-1,1.992,18714.0,rl_v3,1.35e-04,0.120,0.142,0.126,0.105,0.126,0.127,0.131,0.123,0.000
1775,4095.53,3097.11,4262,0,2628,1,1.998,18724.7,rl_v3,1.35e-04,0.142,0.126,0.134,0.126,0.135,0.099,0.107,0.131,0.000
1776,1967.13,3098.81,2605,0,-954,-1,2.008,18735.9,rl_v3,1.35e-04,0.129,0.135,0.123,0.127,0.115,0.126,0.110,0.134,0.000
1777,2070.87,3095.00,2914,0,939,1,2.011,18746.0,rl_v3,1.35e-04,0.123,0.132,0.155,0.114,0.109,0.125,0.117,0.125,0.000
1778,4667.43,3116.80,5187,0,-673,-1,1.964,18757.4,rl_v3,1.35e-04,0.132,0.119,0.141,0.132,0.109,0.133,0.109,0.124,0.000
1779,5271.52,3156.13,5591,0,1550,1,1.982,18768.3,rl_v3,1.35e-04,0.135,0.116,0.146,0.132,0.116,0.133,0.100,0.120,0.000
1780,3194.46,3161.35,3510,0,-270,-1,1.986,18779.2,rl_v3,1.35e-04,0.135,0.117,0.138,0.122,0.116,0.138,0.093,0.141,0.000
1781,691.73,3082.21,1198,0,-927,-1,2.000,18788.6,rl_v3,1.35e-04,0.120,0.121,0.118,0.148,0.118,0.130,0.120,0.127,0.000
1782,4221.36,3104.98,4555,0,1395,1,1.994,18799.8,rl_v3,1.35e-04,0.148,0.113,0.125,0.126,0.127,0.146,0.094,0.121,0.000
1783,1189.67,3111.17,1762,0,-762,-1,1.995,18809.9,rl_v3,1.35e-04,0.131,0.140,0.130,0.125,0.120,0.117,0.113,0.124,0.000
1784,2524.66,3108.30,2941,0,382,1,1.998,18820.0,rl_v3,1.35e-04,0.140,0.106,0.156,0.116,0.134,0.135,0.091,0.121,0.000
1785,4503.72,3112.34,4454,1,-1087,-1,1.963,18830.1,rl_v3,1.35e-04,0.144,0.131,0.112,0.128,0.146,0.126,0.107,0.105,0.001
1786,4046.47,3128.76,4881,0,2011,1,1.985,18842.0,rl_v3,1.35e-04,0.136,0.110,0.143,0.111,0.121,0.137,0.086,0.155,0.000
1787,2386.09,3128.40,2725,0,-1492,-1,1.975,18852.8,rl_v3,1.35e-04,0.150,0.115,0.132,0.128,0.115,0.138,0.095,0.128,0.000
1788,2999.32,3154.42,3484,0,-935,-1,1.976,18863.9,rl_v3,1.35e-04,0.153,0.110,0.133,0.133,0.127,0.127,0.089,0.127,0.000
1789,7184.50,3168.13,7294,0,3075,1,1.968,18876.1,rl_v3,1.35e-04,0.131,0.132,0.132,0.144,0.121,0.142,0.085,0.113,0.000
1790,821.54,3113.40,1464,0,-1596,-1,1.995,18886.5,rl_v3,1.35e-04,0.123,0.127,0.120,0.113,0.131,0.149,0.103,0.135,0.000
1791,3801.13,3117.54,4178,0,317,1,1.974,18898.1,rl_v3,1.35e-04,0.127,0.122,0.124,0.122,0.130,0.133,0.096,0.145,0.000
1792,3275.67,3136.09,3593,0,85,1,1.979,18909.5,rl_v3,1.35e-04,0.122,0.132,0.138,0.112,0.119,0.161,0.103,0.114,0.000
1793,8025.07,3183.69,7990,1,-556,-1,1.963,18921.7,rl_v3,1.35e-04,0.135,0.135,0.135,0.112,0.112,0.140,0.094,0.137,0.000
1794,6656.59,3246.88,6276,1,943,1,1.962,18932.7,rl_v3,1.35e-04,0.134,0.117,0.117,0.123,0.125,0.149,0.095,0.139,0.001
1795,736.97,3215.40,1670,0,-1203,-1,1.986,18943.3,rl_v3,1.35e-04,0.140,0.136,0.112,0.111,0.125,0.139,0.101,0.136,0.000
1796,2322.33,3205.72,2559,0,-397,-1,1.981,18953.8,rl_v3,1.35e-04,0.136,0.129,0.134,0.127,0.135,0.144,0.089,0.107,0.000
1797,6216.66,3261.50,6558,0,3102,1,1.967,18965.2,rl_v3,1.35e-04,0.135,0.135,0.115,0.132,0.125,0.127,0.094,0.137,0.000
1798,3947.22,3272.89,4272,0,333,1,1.980,18976.4,rl_v3,1.35e-04,0.156,0.122,0.120,0.109,0.133,0.124,0.095,0.141,0.000
1799,5623.64,3319.81,5909,0,1676,1,1.961,18987.9,rl_v3,1.35e-04,0.127,0.143,0.121,0.142,0.117,0.125,0.105,0.119,0.000
1800,2770.12,3288.21,3462,0,-879,-1,1.997,18999.4,rl_v3,1.31e-04,0.157,0.126,0.125,0.115,0.109,0.124,0.095,0.149,0.000
1801,1584.47,3280.85,2024,0,-1214,-1,1.987,19009.7,rl_v3,1.31e-04,0.165,0.137,0.118,0.112,0.123,0.113,0.103,0.129,0.000
1802,4839.72,3233.15,5324,0,1606,1,1.984,19021.5,rl_v3,1.31e-04,0.148,0.128,0.111,0.120,0.140,0.121,0.092,0.138,0.000
1803,875.75,3221.89,2087,0,-440,-1,2.008,19032.4,rl_v3,1.31e-04,0.141,0.124,0.132,0.114,0.139,0.118,0.094,0.139,0.000
1804,5492.30,3270.96,5568,0,2228,1,1.988,19043.4,rl_v3,1.31e-04,0.165,0.113,0.132,0.131,0.116,0.118,0.093,0.133,0.000
1805,3969.91,3295.58,4397,0,-913,-1,1.989,19055.6,rl_v3,1.31e-04,0.142,0.141,0.139,0.120,0.117,0.116,0.084,0.142,0.000
1806,6450.85,3312.51,6726,0,2481,1,1.980,19066.1,rl_v3,1.31e-04,0.138,0.127,0.134,0.134,0.101,0.102,0.119,0.145,0.000
1807,3020.43,3336.59,3533,0,143,1,1.999,19077.3,rl_v3,1.31e-04,0.156,0.113,0.122,0.131,0.108,0.121,0.113,0.136,0.000
1808,5958.34,3357.96,6427,0,1874,1,1.958,19087.8,rl_v3,1.31e-04,0.146,0.103,0.120,0.174,0.112,0.112,0.114,0.120,0.000
1809,3793.82,3353.43,4111,0,1155,1,1.988,19098.5,rl_v3,1.31e-04,0.141,0.104,0.126,0.148,0.108,0.126,0.098,0.149,0.000
1810,1906.08,3352.24,2478,0,-546,-1,2.002,19109.1,rl_v3,1.31e-04,0.146,0.119,0.134,0.112,0.115,0.120,0.102,0.152,0.000
1811,2306.27,3365.51,2858,0,-319,-1,1.986,19119.6,rl_v3,1.31e-04,0.167,0.111,0.113,0.117,0.124,0.122,0.107,0.139,0.000
1812,2526.61,3298.91,2711,0,93,1,1.990,19130.0,rl_v3,1.31e-04,0.137,0.122,0.130,0.135,0.122,0.112,0.095,0.147,0.000
1813,2237.89,3267.59,2655,0,-601,-1,1.995,19140.7,rl_v3,1.31e-04,0.137,0.102,0.134,0.144,0.122,0.125,0.092,0.143,0.000
1814,2437.95,3275.81,3005,0,-1353,-1,1.993,19151.9,rl_v3,1.31e-04,0.137,0.117,0.134,0.133,0.121,0.136,0.083,0.139,0.000
1815,6061.59,3295.36,6040,1,-287,-1,1.982,19162.8,rl_v3,1.31e-04,0.153,0.118,0.132,0.124,0.134,0.103,0.097,0.138,0.001
1816,3099.60,3282.25,4182,0,-1018,-1,1.981,19174.7,rl_v3,1.31e-04,0.136,0.124,0.127,0.138,0.126,0.121,0.086,0.142,0.000
1817,2229.49,3280.89,3298,0,419,1,1.988,19184.9,rl_v3,1.31e-04,0.133,0.127,0.123,0.143,0.115,0.115,0.112,0.132,0.000
1818,951.81,3284.12,1716,0,-1129,-1,1.986,19195.5,rl_v3,1.31e-04,0.109,0.130,0.140,0.138,0.122,0.133,0.100,0.126,0.000
1819,3907.16,3295.51,4243,0,372,1,1.994,19206.0,rl_v3,1.31e-04,0.143,0.137,0.124,0.128,0.113,0.130,0.092,0.133,0.000
1820,1874.39,3308.73,2766,0,-749,-1,2.001,19216.8,rl_v3,1.31e-04,0.127,0.128,0.113,0.118,0.127,0.154,0.098,0.135,0.000
1821,2138.10,3300.32,2745,0,-819,-1,1.997,19227.8,rl_v3,1.31e-04,0.138,0.122,0.125,0.139,0.121,0.120,0.114,0.122,0.000
1822,3137.53,3312.61,3437,0,628,1,1.993,19238.9,rl_v3,1.31e-04,0.141,0.113,0.116,0.124,0.136,0.120,0.095,0.155,0.000
1823,1343.09,3266.33,2082,0,-172,-1,1.998,19248.5,rl_v3,1.31e-04,0.123,0.126,0.117,0.117,0.134,0.152,0.102,0.130,0.000
1824,3780.58,3253.21,3962,0,1127,1,1.990,19259.6,rl_v3,1.31e-04,0.114,0.125,0.113,0.139,0.127,0.141,0.092,0.148,0.000
1825,2633.55,3271.18,2938,0,699,1,1.992,19270.0,rl_v3,1.31e-04,0.136,0.116,0.145,0.131,0.116,0.113,0.101,0.142,0.000
1826,3424.01,3304.02,3623,0,2389,1,1.994,19280.7,rl_v3,1.31e-04,0.132,0.113,0.125,0.124,0.139,0.122,0.105,0.139,0.000
1827,2727.70,3294.48,3236,0,-276,-1,1.997,19292.1,rl_v3,1.31e-04,0.135,0.115,0.133,0.118,0.139,0.128,0.098,0.135,0.000
1828,3345.87,3313.91,4063,0,-424,-1,1.987,19304.2,rl_v3,1.31e-04,0.131,0.129,0.131,0.110,0.126,0.135,0.096,0.142,0.000
1829,2611.87,3313.54,3328,0,-46,-1,1.977,19315.8,rl_v3,1.31e-04,0.138,0.129,0.135,0.098,0.126,0.125,0.091,0.156,0.000
1830,1690.97,3314.11,2028,0,-820,-1,1.989,19326.5,rl_v3,1.31e-04,0.119,0.130,0.129,0.132,0.126,0.118,0.086,0.159,0.000
1831,4333.30,3307.02,4808,0,833,1,1.994,19338.5,rl_v3,1.31e-04,0.147,0.135,0.126,0.119,0.118,0.111,0.101,0.144,0.000
1832,2605.73,3314.84,3267,0,998,1,1.977,19348.8,rl_v3,1.31e-04,0.126,0.139,0.107,0.129,0.123,0.126,0.103,0.147,0.000
1833,3024.04,3341.63,3253,0,1554,1,1.985,19359.2,rl_v3,1.31e-04,0.130,0.122,0.128,0.119,0.133,0.108,0.107,0.153,0.000
1834,1830.43,3294.28,2736,0,-1192,-1,1.983,19369.7,rl_v3,1.31e-04,0.133,0.122,0.128,0.111,0.114,0.131,0.095,0.166,0.000
1835,2867.92,3298.76,3791,0,630,1,1.982,19380.8,rl_v3,1.31e-04,0.112,0.130,0.135,0.119,0.141,0.113,0.098,0.153,0.000
1836,1064.33,3276.55,2144,0,-2035,-1,1.984,19391.7,rl_v3,1.31e-04,0.128,0.131,0.127,0.104,0.130,0.116,0.104,0.159,0.000
1837,1464.12,3280.18,2276,0,-1217,-1,1.982,19402.3,rl_v3,1.31e-04,0.121,0.126,0.128,0.128,0.133,0.127,0.114,0.123,0.000
1838,3207.13,3249.38,4010,0,941,1,1.984,19414.2,rl_v3,1.31e-04,0.130,0.110,0.142,0.114,0.148,0.115,0.099,0.142,0.000
1839,3658.69,3228.28,4564,0,1405,1,1.985,19425.0,rl_v3,1.31e-04,0.142,0.133,0.135,0.099,0.125,0.112,0.115,0.139,0.000
1840,2475.27,3253.45,3169,0,2,1,1.988,19435.7,rl_v3,1.31e-04,0.123,0.123,0.118,0.134,0.115,0.141,0.121,0.125,0.000
1841,1208.90,3216.92,1718,0,187,1,1.995,19445.8,rl_v3,1.31e-04,0.116,0.139,0.113,0.124,0.111,0.142,0.123,0.132,0.000
1842,969.20,3214.81,1396,0,69,1,1.987,19455.5,rl_v3,1.31e-04,0.117,0.152,0.138,0.107,0.116,0.117,0.118,0.136,0.000
1843,1016.57,3211.08,1744,0,-365,-1,1.989,19465.2,rl_v3,1.31e-04,0.126,0.134,0.130,0.127,0.129,0.107,0.099,0.148,0.000
1844,2158.34,3224.78,2625,0,-772,-1,1.981,19476.3,rl_v3,1.31e-04,0.129,0.136,0.126,0.119,0.097,0.126,0.103,0.164,0.000
1845,2564.38,3222.55,3556,0,-136,-1,1.997,19487.7,rl_v3,1.31e-04,0.139,0.129,0.132,0.120,0.117,0.119,0.097,0.146,0.000
1846,1383.66,3191.57,2461,0,-296,-1,1.996,19498.8,rl_v3,1.31e-04,0.118,0.140,0.118,0.132,0.116,0.121,0.107,0.149,0.000
1847,5704.69,3189.39,6754,0,1952,1,1.978,19510.7,rl_v3,1.31e-04,0.150,0.124,0.105,0.138,0.126,0.124,0.104,0.130,0.000
1848,5560.79,3212.32,5707,0,1894,1,1.988,19520.9,rl_v3,1.31e-04,0.137,0.123,0.128,0.126,0.134,0.122,0.105,0.124,0.000
1849,1923.38,3213.42,2348,0,-643,-1,1.988,19531.1,rl_v3,1.31e-04,0.121,0.132,0.131,0.126,0.132,0.108,0.111,0.140,0.000
1850,1273.11,3167.17,1772,0,-1515,-1,1.988,19541.2,rl_v3,1.31e-04,0.137,0.145,0.116,0.128,0.110,0.118,0.100,0.147,0.000
1851,960.56,3135.60,1993,0,182,1,1.996,19551.3,rl_v3,1.31e-04,0.147,0.120,0.134,0.121,0.129,0.106,0.106,0.138,0.000
1852,1256.01,3087.76,2173,0,-1438,-1,1.986,19561.7,rl_v3,1.31e-04,0.128,0.133,0.119,0.143,0.136,0.112,0.107,0.122,0.000
1853,8492.31,3144.70,8362,1,-662,-1,1.961,19574.3,rl_v3,1.31e-04,0.139,0.126,0.120,0.132,0.144,0.096,0.109,0.135,0.000
1854,1687.35,3133.11,2221,0,-490,-1,1.986,19584.6,rl_v3,1.31e-04,0.156,0.128,0.099,0.140,0.148,0.110,0.102,0.117,0.000
1855,7362.50,3149.85,7418,1,-367,-1,1.960,19595.4,rl_v3,1.31e-04,0.164,0.115,0.121,0.123,0.136,0.099,0.092,0.149,0.001
1856,2328.07,3159.08,3234,0,-346,-1,1.975,19606.6,rl_v3,1.31e-04,0.135,0.141,0.127,0.116,0.134,0.102,0.111,0.134,0.000
1857,1780.36,3122.95,2206,0,611,1,1.990,19616.5,rl_v3,1.31e-04,0.127,0.142,0.115,0.120,0.140,0.126,0.110,0.119,0.000
1858,4514.47,3147.45,4775,0,1916,1,1.980,19626.7,rl_v3,1.31e-04,0.163,0.127,0.107,0.117,0.125,0.097,0.112,0.152,0.000
1859,5836.81,3131.93,6117,0,3003,1,1.970,19637.6,rl_v3,1.31e-04,0.162,0.133,0.111,0.110,0.122,0.121,0.106,0.134,0.000
1860,9607.97,3177.70,9790,1,-3533,-1,1.913,19649.5,rl_v3,1.31e-04,0.150,0.115,0.140,0.133,0.141,0.078,0.096,0.147,0.001
1861,2510.53,3186.59,2760,0,-372,-1,1.968,19659.4,rl_v3,1.31e-04,0.129,0.131,0.121,0.126,0.116,0.122,0.101,0.153,0.000
1862,4272.60,3188.18,5074,0,1937,1,1.979,19669.7,rl_v3,1.31e-04,0.109,0.121,0.124,0.113,0.135,0.126,0.097,0.176,0.000
1863,2449.11,3203.15,3440,0,575,1,1.984,19680.3,rl_v3,1.31e-04,0.156,0.119,0.113,0.125,0.119,0.129,0.113,0.124,0.000
1864,485.84,3196.40,1547,0,-1204,-1,1.987,19690.3,rl_v3,1.31e-04,0.145,0.141,0.119,0.139,0.100,0.120,0.114,0.123,0.000
1865,1393.84,3161.14,2497,0,-1741,-1,1.977,19702.2,rl_v3,1.31e-04,0.146,0.121,0.121,0.140,0.112,0.139,0.095,0.128,0.000
1866,2328.11,3160.10,2816,0,-515,-1,1.993,19712.7,rl_v3,1.31e-04,0.151,0.120,0.138,0.139,0.101,0.114,0.105,0.131,0.000
1867,6506.77,3191.16,6586,1,-2958,-1,1.962,19723.2,rl_v3,1.31e-04,0.133,0.122,0.157,0.112,0.122,0.125,0.102,0.126,0.001
1868,1855.85,3161.68,2204,0,134,1,1.982,19733.1,rl_v3,1.31e-04,0.136,0.137,0.126,0.129,0.114,0.124,0.112,0.122,0.000
1869,2268.86,3172.00,3245,0,660,1,1.996,19744.6,rl_v3,1.31e-04,0.119,0.123,0.124,0.125,0.132,0.126,0.110,0.141,0.000
1870,1688.55,3179.03,2323,0,101,1,1.988,19755.0,rl_v3,1.31e-04,0.138,0.142,0.106,0.109,0.112,0.136,0.120,0.136,0.000
1871,881.73,3160.32,2105,0,-1235,-1,1.999,19765.4,rl_v3,1.31e-04,0.126,0.113,0.133,0.120,0.124,0.120,0.096,0.169,0.000
1872,729.06,3142.35,1891,0,-1293,-1,1.996,19776.3,rl_v3,1.31e-04,0.121,0.123,0.128,0.126,0.115,0.143,0.121,0.123,0.000
1873,1783.75,3131.72,2674,0,-152,-1,1.991,19786.3,rl_v3,1.31e-04,0.135,0.141,0.122,0.111,0.097,0.138,0.117,0.138,0.000
1874,2050.67,3128.95,2533,0,1035,1,1.984,19797.0,rl_v3,1.31e-04,0.136,0.148,0.106,0.134,0.109,0.133,0.108,0.126,0.000
1875,2795.10,3115.94,3057,0,254,1,1.980,19807.4,rl_v3,1.31e-04,0.142,0.151,0.133,0.107,0.112,0.124,0.104,0.127,0.000
1876,596.20,3102.23,1435,0,-1006,-1,1.979,19817.7,rl_v3,1.31e-04,0.118,0.158,0.138,0.111,0.107,0.123,0.113,0.133,0.000
1877,1602.95,3097.55,2013,0,453,1,1.991,19828.2,rl_v3,1.31e-04,0.128,0.144,0.127,0.111,0.112,0.121,0.113,0.145,0.000
1878,3642.97,3087.31,4384,0,1797,1,1.979,19837.2,rl_v3,1.31e-04,0.140,0.136,0.141,0.099,0.105,0.133,0.125,0.120,0.000
1879,7141.73,3106.01,7508,0,4459,1,1.958,19849.0,rl_v3,1.31e-04,0.145,0.129,0.145,0.122,0.101,0.123,0.115,0.120,0.000
1880,5652.82,3130.60,6197,0,1368,1,1.990,19861.2,rl_v3,1.31e-04,0.125,0.130,0.142,0.130,0.114,0.119,0.103,0.138,0.000
1881,3235.34,3156.03,3421,0,745,1,1.989,19872.6,rl_v3,1.31e-04,0.126,0.139,0.138,0.120,0.130,0.125,0.086,0.136,0.000
1882,1568.58,3129.50,2030,0,-740,-1,1.975,19883.1,rl_v3,1.31e-04,0.129,0.137,0.130,0.135,0.112,0.112,0.107,0.139,0.000
1883,2017.64,3137.78,2319,0,170,1,1.985,19893.2,rl_v3,1.31e-04,0.130,0.135,0.126,0.143,0.118,0.115,0.100,0.134,0.000
1884,1766.92,3130.21,2084,0,255,1,1.994,19903.7,rl_v3,1.31e-04,0.122,0.150,0.120,0.123,0.118,0.135,0.098,0.134,0.000
1885,1226.95,3097.44,1758,0,-631,-1,1.990,19914.4,rl_v3,1.31e-04,0.123,0.145,0.115,0.114,0.121,0.128,0.117,0.138,0.000
1886,1363.38,3070.61,1747,0,153,1,1.983,19924.2,rl_v3,1.31e-04,0.119,0.145,0.097,0.127,0.115,0.126,0.115,0.157,0.000
1887,2342.55,3070.17,3136,0,854,1,1.985,19934.4,rl_v3,1.31e-04,0.133,0.141,0.093,0.127,0.141,0.129,0.089,0.146,0.000
1888,1907.34,3059.25,2707,0,-95,-1,1.972,19945.2,rl_v3,1.31e-04,0.123,0.143,0.122,0.122,0.126,0.124,0.090,0.150,0.000
1889,1179.83,2999.21,2206,0,-272,-1,1.987,19956.1,rl_v3,1.31e-04,0.122,0.150,0.108,0.133,0.134,0.117,0.090,0.146,0.000
1890,2576.72,3016.76,3597,0,-288,-1,1.968,19968.1,rl_v3,1.31e-04,0.119,0.151,0.108,0.140,0.116,0.117,0.094,0.155,0.000
1891,2156.17,3000.31,2557,0,-304,-1,1.985,19978.8,rl_v3,1.31e-04,0.119,0.148,0.118,0.122,0.120,0.125,0.112,0.136,0.000
1892,1563.28,2983.18,1954,0,-1374,-1,1.985,19989.1,rl_v3,1.31e-04,0.111,0.136,0.123,0.142,0.141,0.133,0.106,0.109,0.000
1893,3324.43,2936.18,3566,0,706,1,1.979,20000.0,rl_v3,1.31e-04,0.145,0.147,0.106,0.144,0.126,0.120,0.085,0.128,0.000
1894,2591.53,2895.53,2781,0,-372,-1,1.990,20010.8,rl_v3,1.31e-04,0.131,0.129,0.139,0.130,0.135,0.108,0.090,0.139,0.000
1895,1895.90,2907.12,2737,0,-1578,-1,1.973,20022.2,rl_v3,1.31e-04,0.141,0.148,0.132,0.109,0.129,0.103,0.111,0.126,0.000
1896,2410.28,2908.00,2833,0,898,1,1.983,20032.9,rl_v3,1.31e-04,0.135,0.119,0.110,0.133,0.138,0.122,0.109,0.134,0.000
1897,667.68,2852.51,1229,0,-709,-1,1.988,20042.6,rl_v3,1.31e-04,0.132,0.135,0.130,0.131,0.131,0.110,0.109,0.123,0.000
1898,4148.77,2854.52,4590,0,-731,-1,1.975,20053.9,rl_v3,1.31e-04,0.119,0.116,0.144,0.130,0.137,0.115,0.097,0.142,0.000
1899,5476.64,2853.05,5458,1,-2110,-1,1.969,20064.0,rl_v3,1.31e-04,0.112,0.120,0.119,0.148,0.139,0.133,0.109,0.120,0.001
1900,2790.18,2853.25,3118,0,-111,-1,2.000,20074.6,rl_v3,1.27e-04,0.127,0.128,0.127,0.132,0.130,0.123,0.099,0.133,0.000
1901,2097.74,2858.39,2366,0,-386,-1,1.996,20085.1,rl_v3,1.27e-04,0.142,0.142,0.139,0.133,0.114,0.112,0.097,0.121,0.000
1902,3008.61,2840.07,3246,0,-626,-1,1.979,20096.5,rl_v3,1.27e-04,0.133,0.141,0.107,0.139,0.125,0.112,0.096,0.147,0.000
1903,6492.72,2896.24,6481,1,-674,-1,1.967,20107.6,rl_v3,1.27e-04,0.113,0.123,0.148,0.123,0.133,0.104,0.109,0.146,0.001
1904,2070.40,2862.02,2473,0,-907,-1,1.988,20118.3,rl_v3,1.27e-04,0.123,0.131,0.125,0.140,0.124,0.114,0.103,0.140,0.000
1905,6626.66,2888.59,6538,1,-420,-1,1.982,20129.4,rl_v3,1.27e-04,0.144,0.100,0.133,0.134,0.135,0.097,0.109,0.148,0.001
1906,3922.15,2863.31,4066,0,1793,1,1.991,20140.1,rl_v3,1.27e-04,0.134,0.126,0.111,0.139,0.128,0.125,0.091,0.145,0.000
1907,1603.74,2849.14,2470,0,-1073,-1,1.991,20151.4,rl_v3,1.27e-04,0.124,0.131,0.115,0.127,0.146,0.121,0.093,0.143,0.000
1908,942.35,2798.98,1826,0,-140,-1,1.988,20161.4,rl_v3,1.27e-04,0.122,0.116,0.116,0.126,0.121,0.142,0.111,0.147,0.000
1909,4151.34,2802.55,5314,0,1371,1,1.987,20172.9,rl_v3,1.27e-04,0.128,0.135,0.105,0.124,0.128,0.142,0.104,0.133,0.000
1910,98.40,2784.48,1326,0,-1012,-1,1.983,20183.2,rl_v3,1.27e-04,0.135,0.125,0.113,0.140,0.122,0.134,0.119,0.112,0.000
1911,2724.09,2788.65,2930,0,-1257,-1,1.992,20193.9,rl_v3,1.27e-04,0.133,0.112,0.121,0.136,0.126,0.135,0.103,0.135,0.000
1912,1816.42,2781.55,2554,0,-1162,-1,1.995,20204.5,rl_v3,1.27e-04,0.105,0.132,0.136,0.131,0.132,0.129,0.087,0.148,0.000
1913,7395.57,2833.13,7305,1,-937,-1,1.969,20216.0,rl_v3,1.27e-04,0.136,0.110,0.127,0.122,0.134,0.129,0.090,0.152,0.001
1914,2267.68,2831.43,2536,0,-526,-1,1.996,20226.5,rl_v3,1.27e-04,0.113,0.125,0.114,0.132,0.125,0.154,0.107,0.130,0.000
1915,4731.93,2818.13,5609,0,2469,1,1.969,20236.8,rl_v3,1.27e-04,0.135,0.133,0.125,0.113,0.127,0.125,0.114,0.127,0.000
1916,5235.33,2839.49,5520,0,563,1,1.988,20248.5,rl_v3,1.27e-04,0.126,0.126,0.130,0.124,0.138,0.125,0.089,0.142,0.000
1917,6063.86,2877.83,6255,1,-1786,-1,1.975,20259.8,rl_v3,1.27e-04,0.117,0.125,0.112,0.114,0.114,0.152,0.113,0.151,0.001
1918,3287.63,2901.19,3513,0,-540,-1,1.987,20271.1,rl_v3,1.27e-04,0.140,0.110,0.134,0.115,0.129,0.140,0.087,0.145,0.000
1919,2516.95,2887.29,3138,0,-790,-1,1.988,20283.1,rl_v3,1.27e-04,0.137,0.108,0.132,0.120,0.123,0.138,0.102,0.141,0.000
1920,7345.02,2941.99,7258,1,-1180,-1,1.966,20294.2,rl_v3,1.27e-04,0.134,0.118,0.134,0.116,0.134,0.108,0.091,0.164,0.001
1921,1286.68,2933.48,1871,0,-300,-1,1.982,20304.0,rl_v3,1.27e-04,0.135,0.128,0.118,0.109,0.116,0.124,0.115,0.154,0.000
1922,1927.44,2921.38,2410,0,-824,-1,1.978,20314.0,rl_v3,1.27e-04,0.136,0.108,0.132,0.114,0.134,0.119,0.106,0.151,0.000
1923,1408.99,2922.04,2624,0,-209,-1,1.993,20325.5,rl_v3,1.27e-04,0.130,0.142,0.123,0.131,0.145,0.111,0.084,0.133,0.000
1924,4819.20,2932.42,5801,0,2964,1,1.950,20335.8,rl_v3,1.27e-04,0.153,0.138,0.110,0.118,0.125,0.119,0.122,0.114,0.000
1925,2598.01,2932.07,2885,0,339,1,1.985,20346.3,rl_v3,1.27e-04,0.148,0.112,0.114,0.112,0.124,0.137,0.102,0.151,0.000
1926,3457.28,2932.40,3709,0,1438,1,1.987,20356.9,rl_v3,1.27e-04,0.127,0.127,0.118,0.134,0.119,0.118,0.107,0.149,0.000
1927,32.62,2905.45,1077,0,-1153,-1,1.974,20366.8,rl_v3,1.27e-04,0.120,0.125,0.111,0.125,0.126,0.138,0.110,0.144,0.000
1928,4411.24,2916.10,4640,0,1318,1,1.991,20377.7,rl_v3,1.27e-04,0.154,0.116,0.133,0.121,0.141,0.111,0.094,0.130,0.000
1929,4085.50,2930.84,4278,0,633,1,1.974,20389.1,rl_v3,1.27e-04,0.139,0.107,0.129,0.145,0.138,0.103,0.084,0.158,0.000
1930,3518.12,2949.11,3831,0,-336,-1,1.978,20400.1,rl_v3,1.27e-04,0.166,0.125,0.116,0.126,0.130,0.106,0.088,0.144,0.000
1931,5506.16,2960.84,5502,1,-1088,-1,1.978,20410.6,rl_v3,1.27e-04,0.166,0.112,0.102,0.122,0.145,0.125,0.106,0.122,0.001
1932,2760.74,2962.39,3312,0,-769,-1,1.995,20421.9,rl_v3,1.27e-04,0.137,0.125,0.140,0.119,0.119,0.114,0.114,0.133,0.000
1933,5055.16,2982.70,5565,0,470,1,1.983,20434.1,rl_v3,1.27e-04,0.133,0.098,0.134,0.152,0.139,0.108,0.088,0.148,0.000
1934,1864.71,2983.04,2502,0,-610,-1,1.986,20444.8,rl_v3,1.27e-04,0.141,0.117,0.136,0.120,0.108,0.111,0.113,0.154,0.000
1935,2372.80,2978.09,2813,0,-409,-1,1.999,20455.1,rl_v3,1.27e-04,0.146,0.121,0.137,0.119,0.112,0.106,0.107,0.152,0.000
1936,3635.47,3003.80,4039,0,-703,-1,1.967,20466.5,rl_v3,1.27e-04,0.143,0.119,0.136,0.120,0.127,0.103,0.107,0.145,0.000
1937,7732.21,3066.49,7598,1,-942,-1,1.938,20477.5,rl_v3,1.27e-04,0.154,0.094,0.135,0.143,0.114,0.108,0.111,0.140,0.001
1938,3690.31,3071.32,4059,0,-543,-1,1.984,20488.7,rl_v3,1.27e-04,0.137,0.092,0.150,0.133,0.131,0.118,0.091,0.148,0.000
1939,1203.75,3046.77,2103,0,644,1,2.004,20499.0,rl_v3,1.27e-04,0.120,0.115,0.122,0.138,0.138,0.123,0.117,0.128,0.000
1940,55.74,3022.57,891,0,-1250,-1,1.984,20508.6,rl_v3,1.27e-04,0.128,0.136,0.125,0.123,0.107,0.113,0.113,0.153,0.000
1941,1687.62,3027.36,2722,0,-153,-1,1.978,20519.2,rl_v3,1.27e-04,0.124,0.125,0.116,0.151,0.105,0.131,0.134,0.113,0.000
1942,2753.07,3045.20,3180,0,408,1,1.991,20530.5,rl_v3,1.27e-04,0.130,0.105,0.137,0.152,0.136,0.109,0.104,0.128,0.000
1943,2375.29,3058.79,2895,0,-1011,-1,1.985,20541.7,rl_v3,1.27e-04,0.132,0.113,0.124,0.131,0.128,0.117,0.109,0.145,0.000
1944,4075.55,3077.96,4399,0,1222,1,1.997,20552.9,rl_v3,1.27e-04,0.136,0.113,0.132,0.150,0.133,0.108,0.091,0.138,0.000
1945,4881.11,3101.13,5104,0,2021,1,1.986,20563.6,rl_v3,1.27e-04,0.151,0.120,0.150,0.136,0.116,0.108,0.095,0.123,0.000
1946,1242.46,3099.71,2341,0,-1496,-1,2.002,20574.8,rl_v3,1.27e-04,0.102,0.148,0.140,0.112,0.119,0.134,0.105,0.139,0.000
1947,3181.62,3074.48,3713,0,-717,-1,1.997,20585.8,rl_v3,1.27e-04,0.138,0.135,0.112,0.144,0.117,0.122,0.095,0.138,0.000
1948,2525.99,3044.13,2736,0,-337,-1,1.984,20595.9,rl_v3,1.27e-04,0.135,0.108,0.156,0.133,0.115,0.122,0.094,0.137,0.000
1949,1173.10,3036.63,2249,0,-445,-1,1.993,20606.0,rl_v3,1.27e-04,0.134,0.114,0.131,0.156,0.126,0.103,0.102,0.135,0.000
1950,2056.49,3044.47,2537,0,-786,-1,1.999,20616.6,rl_v3,1.27e-04,0.138,0.133,0.124,0.129,0.126,0.115,0.113,0.121,0.000
1951,875.38,3043.61,1307,0,-1559,-1,1.983,20627.0,rl_v3,1.27e-04,0.123,0.138,0.111,0.147,0.122,0.121,0.110,0.128,0.000
1952,3284.62,3063.90,3717,0,76,1,1.981,20638.0,rl_v3,1.27e-04,0.166,0.116,0.115,0.143,0.113,0.110,0.094,0.142,0.000
1953,2334.68,3002.32,3040,0,223,1,1.998,20648.9,rl_v3,1.27e-04,0.130,0.099,0.106,0.151,0.127,0.144,0.108,0.135,0.000
1954,9726.28,3082.71,9470,1,223,1,1.960,20660.9,rl_v3,1.27e-04,0.157,0.125,0.097,0.126,0.131,0.117,0.099,0.146,0.000
1955,1769.97,3026.79,2387,0,-1820,-1,1.986,20672.2,rl_v3,1.27e-04,0.145,0.124,0.120,0.128,0.131,0.126,0.099,0.127,0.000
1956,1309.33,3016.60,1757,0,-930,-1,1.985,20682.3,rl_v3,1.27e-04,0.150,0.118,0.127,0.142,0.118,0.108,0.108,0.128,0.000
1957,1668.83,3015.48,2617,0,-1189,-1,1.992,20692.0,rl_v3,1.27e-04,0.135,0.131,0.113,0.145,0.114,0.116,0.116,0.129,0.000
1958,2773.83,2998.08,3124,0,646,1,1.976,20702.7,rl_v3,1.27e-04,0.138,0.133,0.110,0.135,0.135,0.122,0.103,0.124,0.000
1959,1321.85,2952.93,2313,0,-625,-1,1.977,20713.6,rl_v3,1.27e-04,0.125,0.137,0.119,0.129,0.122,0.127,0.107,0.134,0.000
1960,2550.67,2882.36,3117,0,50,1,1.990,20724.5,rl_v3,1.27e-04,0.145,0.123,0.127,0.139,0.133,0.119,0.103,0.110,0.000
1961,1733.53,2874.59,2193,0,-921,-1,1.980,20734.4,rl_v3,1.27e-04,0.170,0.124,0.096,0.147,0.116,0.136,0.090,0.120,0.000
1962,1439.96,2846.26,1871,0,-202,-1,1.985,20744.3,rl_v3,1.27e-04,0.143,0.129,0.116,0.129,0.111,0.125,0.110,0.135,0.000
1963,3543.96,2857.21,4090,0,45,1,1.981,20756.2,rl_v3,1.27e-04,0.142,0.105,0.117,0.127,0.149,0.129,0.097,0.133,0.000
1964,1844.86,2870.80,2189,0,-338,-1,1.970,20766.8,rl_v3,1.27e-04,0.164,0.119,0.112,0.135,0.125,0.120,0.094,0.132,0.000
1965,3652.56,2893.39,3811,0,1704,1,1.966,20777.2,rl_v3,1.27e-04,0.167,0.130,0.119,0.106,0.130,0.127,0.100,0.120,0.000
1966,9214.51,2962.25,9716,1,-1505,-1,1.890,20788.9,rl_v3,1.27e-04,0.189,0.112,0.132,0.130,0.135,0.099,0.081,0.121,0.001
1967,1751.84,2914.70,2208,0,-609,-1,1.979,20799.7,rl_v3,1.27e-04,0.148,0.126,0.120,0.132,0.135,0.109,0.096,0.135,0.000
1968,5458.39,2950.73,5489,1,-1083,-1,1.965,20810.5,rl_v3,1.27e-04,0.165,0.111,0.121,0.113,0.122,0.137,0.101,0.129,0.001
1969,2864.77,2956.68,3391,0,622,1,1.979,20822.1,rl_v3,1.27e-04,0.151,0.098,0.120,0.146,0.129,0.127,0.100,0.130,0.000
1970,3366.43,2973.46,3567,0,544,1,1.993,20832.7,rl_v3,1.27e-04,0.148,0.114,0.115,0.143,0.118,0.127,0.104,0.131,0.000
1971,5387.81,3018.52,5664,0,2646,1,1.987,20844.3,rl_v3,1.27e-04,0.149,0.118,0.126,0.131,0.140,0.107,0.099,0.131,0.000
1972,5480.87,3066.04,6305,0,1351,1,1.963,20857.1,rl_v3,1.27e-04,0.190,0.099,0.130,0.117,0.135,0.095,0.089,0.145,0.000
1973,4946.33,3097.67,4967,0,2478,1,1.976,20868.4,rl_v3,1.27e-04,0.167,0.106,0.121,0.122,0.137,0.127,0.086,0.135,0.000
1974,6868.46,3145.85,6135,1,-139,-1,1.964,20879.2,rl_v3,1.27e-04,0.154,0.117,0.121,0.118,0.138,0.122,0.097,0.132,0.001
1975,3247.01,3150.36,3667,0,492,1,1.970,20889.9,rl_v3,1.27e-04,0.156,0.115,0.138,0.118,0.136,0.117,0.085,0.135,0.000
1976,8576.00,3230.16,8770,0,4403,1,1.955,20901.4,rl_v3,1.27e-04,0.178,0.103,0.124,0.115,0.137,0.119,0.090,0.135,0.000
1977,2189.55,3236.03,2515,0,1144,1,1.958,20911.5,rl_v3,1.27e-04,0.135,0.107,0.123,0.110,0.127,0.128,0.098,0.172,0.000
1978,7289.23,3272.49,7621,0,2990,1,1.934,20924.3,rl_v3,1.27e-04,0.164,0.121,0.124,0.108,0.121,0.119,0.094,0.149,0.000
1979,2380.20,3224.88,2593,0,-437,-1,1.968,20934.3,rl_v3,1.27e-04,0.163,0.115,0.115,0.132,0.120,0.105,0.098,0.153,0.000
1980,1524.73,3183.60,1977,0,-942,-1,1.959,20945.7,rl_v3,1.27e-04,0.140,0.102,0.117,0.136,0.132,0.141,0.094,0.139,0.000
1981,5046.81,3201.71,5228,0,1636,1,1.979,20956.7,rl_v3,1.27e-04,0.143,0.112,0.140,0.127,0.140,0.094,0.091,0.153,0.000
1982,5437.20,3240.40,5367,1,-1085,-1,1.974,20967.1,rl_v3,1.27e-04,0.143,0.115,0.133,0.131,0.128,0.124,0.099,0.126,0.001
1983,4627.16,3266.49,4748,0,2158,1,1.983,20978.1,rl_v3,1.27e-04,0.147,0.106,0.124,0.136,0.125,0.128,0.102,0.132,0.000
1984,1805.51,3266.88,2487,0,-1419,-1,1.974,20989.2,rl_v3,1.27e-04,0.140,0.115,0.127,0.140,0.117,0.118,0.115,0.129,0.000
1985,5446.41,3309.07,6072,0,1690,1,1.973,21001.3,rl_v3,1.27e-04,0.163,0.108,0.125,0.132,0.126,0.115,0.095,0.136,0.000
1986,1914.17,3314.58,2362,0,-826,-1,1.967,21012.0,rl_v3,1.27e-04,0.129,0.112,0.121,0.132,0.120,0.147,0.097,0.142,0.000
1987,3470.96,3325.86,3916,0,-258,-1,1.974,21022.8,rl_v3,1.27e-04,0.145,0.115,0.122,0.116,0.128,0.133,0.098,0.144,0.000
1988,2918.90,3335.98,3362,0,361,1,1.979,21033.4,rl_v3,1.27e-04,0.150,0.125,0.104,0.118,0.127,0.138,0.103,0.134,0.000
1989,5511.70,3379.30,5911,0,-1434,-1,1.971,21046.3,rl_v3,1.27e-04,0.152,0.120,0.121,0.137,0.108,0.128,0.094,0.140,0.000
1990,3214.16,3385.67,3431,0,132,1,1.980,21056.9,rl_v3,1.27e-04,0.140,0.113,0.115,0.132,0.129,0.145,0.098,0.127,0.000
1991,3403.57,3398.15,4199,0,-1189,-1,1.988,21068.7,rl_v3,1.27e-04,0.168,0.110,0.108,0.129,0.113,0.135,0.085,0.152,0.000
1992,5477.65,3437.29,5932,0,3253,1,1.971,21079.8,rl_v3,1.27e-04,0.164,0.124,0.098,0.121,0.130,0.128,0.108,0.126,0.000
1993,858.12,3412.63,1449,0,-1751,-1,1.967,21090.2,rl_v3,1.27e-04,0.146,0.115,0.112,0.125,0.120,0.119,0.116,0.147,0.000
1994,911.37,3395.83,1365,0,-817,-1,1.974,21100.6,rl_v3,1.27e-04,0.130,0.111,0.128,0.127,0.130,0.126,0.104,0.145,0.000
1995,6647.79,3443.34,6873,0,2387,1,1.988,21111.9,rl_v3,1.27e-04,0.155,0.133,0.102,0.122,0.105,0.126,0.090,0.167,0.000
1996,4095.01,3460.19,4328,0,-35,-1,1.974,21122.9,rl_v3,1.27e-04,0.136,0.125,0.103,0.133,0.130,0.127,0.093,0.153,0.000
1997,2406.74,3477.58,2943,0,163,1,1.979,21133.2,rl_v3,1.27e-04,0.150,0.108,0.108,0.121,0.116,0.137,0.110,0.150,0.000
1998,1607.80,3452.17,2641,0,-1054,-1,1.981,21144.4,rl_v3,1.27e-04,0.133,0.139,0.102,0.122,0.132,0.137,0.097,0.136,0.000
1999,4720.47,3444.61,5004,0,1746,1,1.990,21155.3,rl_v3,1.27e-04,0.147,0.116,0.108,0.123,0.132,0.144,0.090,0.141,0.000
2000,6886.41,3485.57,7210,0,4180,1,1.979,21167.1,rl_v3,1.23e-04,0.146,0.120,0.122,0.126,0.117,0.136,0.097,0.136,0.000
2001,1324.26,3477.84,1786,0,-923,-1,1.969,21177.9,rl_v3,1.23e-04,0.128,0.119,0.118,0.135,0.122,0.131,0.102,0.146,0.000
2002,3893.53,3486.69,4028,0,843,1,1.993,21188.9,rl_v3,1.23e-04,0.126,0.127,0.136,0.134,0.107,0.137,0.095,0.137,0.000
2003,4462.78,3466.39,4804,0,1685,1,1.995,21200.2,rl_v3,1.23e-04,0.150,0.132,0.120,0.133,0.109,0.127,0.089,0.140,0.000
2004,991.16,3455.60,1444,0,-576,-1,1.979,21210.3,rl_v3,1.23e-04,0.140,0.135,0.115,0.119,0.115,0.116,0.123,0.136,0.000
2005,3513.40,3424.46,3787,0,1380,1,2.003,21221.0,rl_v3,1.23e-04,0.132,0.127,0.131,0.121,0.119,0.136,0.089,0.144,0.000
2006,604.70,3391.29,1452,0,-1273,-1,1.984,21232.0,rl_v3,1.23e-04,0.118,0.124,0.116,0.128,0.134,0.146,0.088,0.146,0.000
2007,4769.65,3422.95,4977,0,1052,1,1.988,21243.3,rl_v3,1.23e-04,0.149,0.135,0.114,0.113,0.132,0.128,0.096,0.134,0.000
2008,1800.49,3431.53,2605,0,-320,-1,1.994,21253.9,rl_v3,1.23e-04,0.150,0.116,0.108,0.118,0.142,0.134,0.095,0.136,0.000
2009,1515.60,3405.17,2489,0,-2033,-1,1.985,21264.5,rl_v3,1.23e-04,0.120,0.122,0.148,0.124,0.123,0.128,0.097,0.137,0.000
2010,2213.87,3426.33,2837,0,-1486,-1,1.990,21275.4,rl_v3,1.23e-04,0.128,0.112,0.118,0.124,0.125,0.136,0.098,0.158,0.000
2011,5172.39,3450.81,5307,0,1940,1,1.981,21287.0,rl_v3,1.23e-04,0.131,0.127,0.094,0.124,0.148,0.140,0.085,0.152,0.000
2012,2839.85,3461.04,3185,0,483,1,1.993,21298.0,rl_v3,1.23e-04,0.141,0.131,0.116,0.122,0.145,0.141,0.077,0.127,0.000
2013,5969.59,3446.78,5978,0,3063,1,1.983,21308.7,rl_v3,1.23e-04,0.129,0.111,0.112,0.140,0.127,0.158,0.088,0.134,0.000
2014,3005.97,3454.17,3238,0,62,1,1.973,21319.4,rl_v3,1.23e-04,0.146,0.120,0.114,0.116,0.111,0.151,0.090,0.152,0.000
2015,5732.74,3464.18,5746,0,1375,1,1.990,21330.1,rl_v3,1.23e-04,0.124,0.112,0.126,0.116,0.146,0.151,0.084,0.139,0.000
2016,2319.46,3435.02,2695,0,-650,-1,1.989,21341.4,rl_v3,1.23e-04,0.123,0.118,0.116,0.116,0.148,0.131,0.096,0.152,0.000
2017,3595.61,3410.33,3777,0,1000,1,1.991,21352.0,rl_v3,1.23e-04,0.153,0.112,0.104,0.116,0.134,0.154,0.094,0.132,0.000
2018,1777.03,3395.23,2596,0,462,1,1.979,21362.8,rl_v3,1.23e-04,0.139,0.110,0.132,0.111,0.135,0.123,0.103,0.147,0.000
2019,-163.28,3368.43,832,0,-1220,-1,1.982,21371.8,rl_v3,1.23e-04,0.118,0.108,0.119,0.144,0.142,0.114,0.130,0.124,0.000
2020,2927.19,3324.25,3173,0,731,1,1.975,21382.1,rl_v3,1.23e-04,0.150,0.098,0.112,0.134,0.147,0.117,0.103,0.140,0.000
2021,4620.79,3357.59,4914,0,86,1,1.985,21393.3,rl_v3,1.23e-04,0.130,0.117,0.121,0.125,0.136,0.128,0.092,0.150,0.000
2022,1266.20,3350.98,2446,0,-1591,-1,1.980,21404.3,rl_v3,1.23e-04,0.135,0.104,0.118,0.132,0.131,0.134,0.097,0.149,0.000
2023,1385.33,3350.74,1872,0,-975,-1,1.982,21414.9,rl_v3,1.23e-04,0.127,0.109,0.121,0.120,0.137,0.149,0.113,0.124,0.000
2024,4446.78,3347.02,5874,0,2788,1,1.996,21427.1,rl_v3,1.23e-04,0.135,0.118,0.104,0.135,0.122,0.139,0.096,0.151,0.000
2025,1866.68,3339.70,2439,0,-777,-1,1.977,21437.3,rl_v3,1.23e-04,0.133,0.128,0.110,0.136,0.101,0.121,0.112,0.160,0.000
2026,4406.29,3349.19,4901,0,205,1,1.972,21449.0,rl_v3,1.23e-04,0.161,0.114,0.117,0.133,0.099,0.139,0.085,0.152,0.000
2027,7504.57,3423.91,7275,1,304,1,1.973,21460.2,rl_v3,1.23e-04,0.153,0.115,0.127,0.148,0.109,0.115,0.089,0.144,0.001
2028,7512.68,3454.93,7361,1,-437,-1,1.967,21472.1,rl_v3,1.23e-04,0.129,0.102,0.119,0.135,0.126,0.130,0.105,0.154,0.001
2029,6268.96,3476.76,6681,0,2879,1,1.977,21483.7,rl_v3,1.23e-04,0.160,0.124,0.089,0.153,0.121,0.141,0.084,0.127,0.000
2030,3865.45,3480.23,4651,0,-612,-1,2.003,21495.5,rl_v3,1.23e-04,0.137,0.124,0.102,0.136,0.111,0.137,0.117,0.136,0.000
2031,1584.98,3441.02,2002,0,-684,-1,1.988,21505.8,rl_v3,1.23e-04,0.125,0.125,0.112,0.147,0.125,0.113,0.118,0.135,0.000
2032,5237.95,3465.79,5483,1,-1863,-1,1.986,21516.7,rl_v3,1.23e-04,0.132,0.109,0.135,0.133,0.120,0.148,0.090,0.132,0.001
2033,2334.01,3438.58,2674,0,-454,-1,1.988,21527.5,rl_v3,1.23e-04,0.143,0.124,0.097,0.135,0.120,0.147,0.096,0.138,0.000
2034,1810.32,3438.04,2235,0,-1279,-1,1.984,21538.2,rl_v3,1.23e-04,0.136,0.140,0.112,0.126,0.136,0.110,0.104,0.134,0.000
2035,8027.70,3494.59,8494,0,4625,1,1.981,21550.1,rl_v3,1.23e-04,0.139,0.143,0.122,0.114,0.122,0.132,0.086,0.143,0.000
2036,1584.34,3474.08,1910,0,-1239,-1,1.984,21560.6,rl_v3,1.23e-04,0.128,0.143,0.107,0.141,0.124,0.124,0.109,0.124,0.000
2037,1996.92,3416.72,2491,0,-39,-1,1.982,21571.5,rl_v3,1.23e-04,0.142,0.134,0.102,0.133,0.120,0.112,0.113,0.144,0.000
2038,4654.66,3426.37,5842,0,1215,1,2.005,21583.3,rl_v3,1.23e-04,0.138,0.139,0.111,0.131,0.111,0.120,0.104,0.147,0.000
2039,2655.20,3440.88,3252,0,620,1,1.999,21594.0,rl_v3,1.23e-04,0.133,0.125,0.111,0.134,0.116,0.123,0.114,0.143,0.000
2040,546.99,3445.79,1102,0,-880,-1,1.981,21603.6,rl_v3,1.23e-04,0.130,0.132,0.113,0.137,0.130,0.100,0.123,0.135,0.000
2041,5288.20,3481.80,5494,0,1630,1,1.999,21614.8,rl_v3,1.23e-04,0.141,0.143,0.123,0.121,0.135,0.121,0.096,0.121,0.000
2042,2476.60,3479.04,3301,0,-342,-1,1.976,21625.8,rl_v3,1.23e-04,0.144,0.155,0.112,0.129,0.112,0.109,0.088,0.152,0.000
2043,1878.95,3474.07,2375,0,-353,-1,1.980,21636.5,rl_v3,1.23e-04,0.143,0.137,0.109,0.129,0.117,0.114,0.117,0.133,0.000
2044,3316.59,3466.48,3983,0,351,1,1.997,21648.3,rl_v3,1.23e-04,0.144,0.113,0.115,0.139,0.125,0.122,0.091,0.152,0.000
2045,2978.67,3447.46,3337,0,1020,1,1.999,21658.4,rl_v3,1.23e-04,0.143,0.110,0.108,0.153,0.129,0.109,0.115,0.132,0.000
2046,3716.27,3472.20,3961,0,939,1,2.003,21668.7,rl_v3,1.23e-04,0.152,0.144,0.100,0.141,0.114,0.124,0.104,0.121,0.000
2047,810.92,3448.49,1429,0,-1745,-1,1.979,21678.9,rl_v3,1.23e-04,0.123,0.123,0.120,0.142,0.121,0.118,0.113,0.140,0.000
2048,1845.46,3441.68,2332,0,-262,-1,1.974,21689.7,rl_v3,1.23e-04,0.128,0.139,0.107,0.128,0.133,0.117,0.110,0.138,0.000
2049,1268.32,3442.64,1832,0,-613,-1,1.987,21700.5,rl_v3,1.23e-04,0.134,0.135,0.106,0.126,0.138,0.120,0.112,0.129,0.000
2050,2915.62,3451.23,3372,0,-717,-1,1.994,21712.1,rl_v3,1.23e-04,0.141,0.145,0.124,0.125,0.128,0.120,0.082,0.135,0.000
2051,1674.03,3459.21,2051,0,188,1,1.991,21722.6,rl_v3,1.23e-04,0.142,0.133,0.104,0.126,0.126,0.124,0.121,0.124,0.000
2052,4048.24,3466.85,4164,0,1665,1,1.998,21733.9,rl_v3,1.23e-04,0.143,0.133,0.119,0.113,0.122,0.127,0.096,0.146,0.000
2053,706.06,3450.56,1594,0,-1225,-1,1.984,21744.5,rl_v3,1.23e-04,0.121,0.146,0.127,0.122,0.126,0.127,0.109,0.122,0.000
2054,1800.41,3371.30,2668,0,-605,-1,1.991,21755.7,rl_v3,1.23e-04,0.127,0.127,0.136,0.118,0.142,0.116,0.096,0.140,0.000
2055,1326.45,3366.87,2152,0,-839,-1,1.998,21766.3,rl_v3,1.23e-04,0.129,0.117,0.124,0.139,0.137,0.129,0.090,0.135,0.000
2056,741.72,3361.19,1477,0,-852,-1,2.001,21776.8,rl_v3,1.23e-04,0.127,0.124,0.107,0.132,0.143,0.129,0.117,0.120,0.000
2057,2323.77,3367.74,2501,0,467,1,1.991,21786.7,rl_v3,1.23e-04,0.136,0.132,0.117,0.128,0.122,0.120,0.107,0.139,0.000
2058,2043.17,3360.44,2803,0,267,1,1.986,21797.2,rl_v3,1.23e-04,0.146,0.129,0.114,0.126,0.152,0.110,0.094,0.129,0.000
2059,1749.90,3364.72,2130,0,361,1,1.988,21807.3,rl_v3,1.23e-04,0.128,0.147,0.121,0.109,0.146,0.125,0.109,0.115,0.000
2060,745.34,3346.66,1890,0,-1095,-1,1.992,21818.3,rl_v3,1.23e-04,0.123,0.134,0.119,0.136,0.140,0.112,0.113,0.125,0.000
2061,1062.55,3339.95,1567,0,-1473,-1,1.994,21828.4,rl_v3,1.23e-04,0.118,0.140,0.129,0.124,0.126,0.117,0.123,0.124,0.000
2062,870.07,3334.25,2199,0,-1037,-1,1.987,21839.5,rl_v3,1.23e-04,0.127,0.144,0.109,0.115,0.131,0.113,0.129,0.133,0.000
2063,2840.85,3327.22,4113,0,-287,-1,2.001,21851.7,rl_v3,1.23e-04,0.128,0.111,0.117,0.144,0.128,0.124,0.110,0.138,0.000
2064,8487.83,3393.65,8387,1,-957,-1,1.970,21863.9,rl_v3,1.23e-04,0.156,0.122,0.119,0.123,0.136,0.126,0.095,0.121,0.000
2065,5864.94,3415.78,6025,0,3135,1,1.976,21874.9,rl_v3,1.23e-04,0.128,0.134,0.105,0.132,0.162,0.126,0.081,0.132,0.000
2066,974.81,3333.38,1280,0,-594,-1,1.983,21884.5,rl_v3,1.23e-04,0.126,0.146,0.114,0.142,0.123,0.115,0.105,0.129,0.000
2067,2364.49,3339.51,2673,0,187,1,1.980,21894.8,rl_v3,1.23e-04,0.146,0.133,0.111,0.128,0.126,0.119,0.107,0.129,0.000
2068,3462.35,3319.55,4340,0,-253,-1,1.976,21906.8,rl_v3,1.23e-04,0.133,0.119,0.134,0.136,0.124,0.112,0.089,0.153,0.000
2069,897.19,3299.87,1824,0,-1224,-1,1.992,21917.4,rl_v3,1.23e-04,0.141,0.130,0.106,0.124,0.141,0.111,0.100,0.146,0.000
2070,2583.26,3292.04,3098,0,548,1,2.000,21927.9,rl_v3,1.23e-04,0.125,0.132,0.122,0.126,0.123,0.109,0.112,0.152,0.000
2071,3854.86,3276.71,4013,0,434,1,1.990,21938.7,rl_v3,1.23e-04,0.132,0.140,0.113,0.109,0.127,0.119,0.103,0.156,0.000
2072,737.16,3229.27,1574,0,-391,-1,1.974,21948.3,rl_v3,1.23e-04,0.136,0.141,0.117,0.124,0.113,0.111,0.120,0.138,0.000
2073,6261.14,3242.42,5900,1,536,1,1.959,21959.0,rl_v3,1.23e-04,0.128,0.131,0.117,0.120,0.148,0.117,0.087,0.152,0.001
2074,2013.12,3193.87,2477,0,249,1,1.991,21968.7,rl_v3,1.23e-04,0.145,0.159,0.100,0.117,0.132,0.120,0.110,0.118,0.000
2075,1247.00,3173.87,1814,0,-925,-1,1.987,21979.3,rl_v3,1.23e-04,0.148,0.152,0.110,0.113,0.126,0.113,0.118,0.120,0.000
2076,2560.93,3113.72,2832,0,1240,1,1.989,21989.7,rl_v3,1.23e-04,0.144,0.128,0.121,0.118,0.133,0.115,0.097,0.145,0.000
2077,1784.72,3109.67,2690,0,-288,-1,1.989,22000.9,rl_v3,1.23e-04,0.133,0.133,0.119,0.126,0.131,0.116,0.105,0.137,0.000
2078,793.67,3044.71,1476,0,-1762,-1,1.998,22011.2,rl_v3,1.23e-04,0.122,0.139,0.112,0.110,0.148,0.116,0.107,0.146,0.000
2079,3481.81,3055.73,4765,0,-1501,-1,1.965,22023.7,rl_v3,1.23e-04,0.120,0.149,0.136,0.107,0.146,0.116,0.103,0.123,0.000
2080,4303.97,3083.52,4700,0,2782,1,2.004,22034.7,rl_v3,1.23e-04,0.133,0.119,0.130,0.117,0.134,0.133,0.107,0.126,0.000
2081,2123.59,3054.29,2838,0,-898,-1,1.992,22045.8,rl_v3,1.23e-04,0.125,0.154,0.137,0.113,0.127,0.106,0.121,0.116,0.000
2082,7118.35,3071.10,7669,1,-3000,-1,1.976,22058.5,rl_v3,1.23e-04,0.109,0.125,0.142,0.139,0.143,0.113,0.098,0.130,0.000
2083,1336.76,3038.20,2433,0,-265,-1,1.995,22068.7,rl_v3,1.23e-04,0.114,0.146,0.117,0.139,0.109,0.121,0.128,0.127,0.000
2084,2133.49,3041.48,2732,0,-801,-1,1.992,22080.3,rl_v3,1.23e-04,0.135,0.157,0.122,0.116,0.137,0.100,0.110,0.122,0.000
2085,4072.31,3027.74,4420,0,48,1,1.991,22091.9,rl_v3,1.23e-04,0.142,0.130,0.108,0.117,0.137,0.136,0.103,0.129,0.000
2086,2550.94,3034.10,3080,0,-972,-1,2.002,22103.4,rl_v3,1.23e-04,0.138,0.140,0.115,0.126,0.117,0.127,0.100,0.137,0.000
2087,4287.28,3042.27,4668,0,1229,1,1.999,22114.4,rl_v3,1.23e-04,0.124,0.143,0.123,0.124,0.125,0.125,0.125,0.111,0.000
2088,572.83,3018.81,1486,0,-174,-1,2.006,22123.9,rl_v3,1.23e-04,0.127,0.145,0.117,0.119,0.111,0.132,0.133,0.116,0.000
2089,1677.28,2980.46,2289,0,-1712,-1,1.986,22134.9,rl_v3,1.23e-04,0.132,0.129,0.114,0.135,0.124,0.119,0.111,0.136,0.000
2090,2325.10,2971.57,3692,0,-468,-1,1.986,22146.8,rl_v3,1.23e-04,0.119,0.120,0.106,0.144,0.123,0.130,0.102,0.155,0.000
2091,3680.64,2974.34,4926,0,459,1,1.991,22159.2,rl_v3,1.23e-04,0.127,0.111,0.105,0.154,0.145,0.113,0.093,0.153,0.000
2092,3851.16,2958.08,4525,0,-553,-1,2.006,22171.9,rl_v3,1.23e-04,0.131,0.122,0.132,0.147,0.115,0.138,0.095,0.121,0.000
2093,3390.61,2983.40,3890,0,-1132,-1,1.998,22184.2,rl_v3,1.23e-04,0.141,0.142,0.113,0.136,0.122,0.126,0.094,0.127,0.000
2094,2392.79,2998.22,3768,0,-2295,-1,1.991,22196.5,rl_v3,1.23e-04,0.132,0.121,0.123,0.156,0.127,0.121,0.089,0.131,0.000
2095,4566.91,2977.41,4724,0,-596,-1,1.969,22208.4,rl_v3,1.23e-04,0.144,0.125,0.123,0.138,0.126,0.108,0.093,0.142,0.000
2096,2502.34,2961.48,3564,0,-95,-1,1.991,22220.0,rl_v3,1.23e-04,0.148,0.140,0.111,0.146,0.126,0.129,0.092,0.107,0.000
2097,-3.22,2937.38,845,0,-1212,-1,1.977,22229.7,rl_v3,1.23e-04,0.116,0.141,0.128,0.143,0.131,0.116,0.112,0.114,0.000
2098,5251.41,2973.82,5653,0,1842,1,1.982,22242.4,rl_v3,1.23e-04,0.146,0.132,0.122,0.143,0.117,0.129,0.090,0.122,0.000
2099,2509.09,2951.70,2624,0,-217,-1,1.973,22253.0,rl_v3,1.23e-04,0.137,0.155,0.118,0.117,0.136,0.132,0.088,0.118,0.000
2100,1025.33,2893.09,1567,0,-1521,-1,1.988,22263.0,rl_v3,1.19e-04,0.137,0.136,0.120,0.127,0.135,0.119,0.117,0.109,0.000
2101,2398.75,2903.84,2615,0,-57,-1,1.982,22273.1,rl_v3,1.19e-04,0.146,0.133,0.127,0.130,0.107,0.133,0.101,0.122,0.000
2102,3588.05,2900.78,3925,0,593,1,1.988,22284.2,rl_v3,1.19e-04,0.129,0.134,0.124,0.127,0.132,0.127,0.091,0.138,0.000
2103,3019.97,2886.35,3320,0,62,1,1.979,22294.7,rl_v3,1.19e-04,0.133,0.124,0.130,0.118,0.111,0.132,0.111,0.141,0.000
2104,3805.46,2914.50,3914,0,-698,-1,1.958,22305.7,rl_v3,1.19e-04,0.150,0.108,0.130,0.145,0.120,0.124,0.087,0.136,0.000
2105,5101.99,2930.38,5219,0,1912,1,1.972,22317.0,rl_v3,1.19e-04,0.149,0.142,0.138,0.115,0.137,0.118,0.097,0.104,0.000
2106,4706.33,2971.40,4898,0,-821,-1,1.961,22328.5,rl_v3,1.19e-04,0.138,0.118,0.137,0.120,0.130,0.117,0.098,0.143,0.000
2107,4415.48,2967.86,4882,0,-1778,-1,1.959,22340.0,rl_v3,1.19e-04,0.153,0.120,0.139,0.124,0.111,0.111,0.097,0.145,0.000
2108,2806.07,2977.91,3509,0,23,1,1.983,22351.4,rl_v3,1.19e-04,0.145,0.129,0.111,0.121,0.119,0.136,0.108,0.130,0.000
2109,3900.95,3001.77,4138,0,370,1,1.961,22362.7,rl_v3,1.19e-04,0.138,0.147,0.134,0.104,0.122,0.124,0.099,0.131,0.000
2110,1983.97,2999.47,2479,0,165,1,1.972,22372.8,rl_v3,1.19e-04,0.143,0.139,0.130,0.136,0.106,0.109,0.116,0.121,0.000
2111,2290.86,2970.65,2625,0,-1540,-1,1.970,22383.9,rl_v3,1.19e-04,0.141,0.126,0.122,0.124,0.130,0.108,0.107,0.142,0.000
2112,722.46,2949.48,1664,0,-1496,-1,1.976,22393.9,rl_v3,1.19e-04,0.141,0.137,0.131,0.103,0.123,0.126,0.103,0.136,0.000
2113,4764.41,2937.43,4962,0,-158,-1,1.945,22406.5,rl_v3,1.19e-04,0.139,0.141,0.119,0.122,0.125,0.119,0.086,0.148,0.000
2114,6450.35,2971.87,6058,1,-1450,-1,1.946,22417.7,rl_v3,1.19e-04,0.164,0.137,0.124,0.116,0.129,0.109,0.096,0.123,0.001
2115,3512.62,2949.67,3949,0,-924,-1,1.957,22429.5,rl_v3,1.19e-04,0.136,0.132,0.129,0.121,0.136,0.110,0.088,0.147,0.000
2116,3219.12,2958.67,3410,0,-1045,-1,1.964,22440.2,rl_v3,1.19e-04,0.151,0.123,0.141,0.130,0.130,0.100,0.093,0.131,0.000
2117,5051.35,2973.22,4860,1,-976,-1,1.952,22450.0,rl_v3,1.19e-04,0.159,0.120,0.124,0.138,0.119,0.122,0.085,0.132,0.001
2118,5293.17,3008.38,5273,1,-279,-1,1.951,22460.7,rl_v3,1.19e-04,0.158,0.107,0.118,0.109,0.149,0.146,0.077,0.135,0.001
2119,2289.72,3032.91,2446,0,-228,-1,1.965,22470.9,rl_v3,1.19e-04,0.141,0.134,0.126,0.125,0.113,0.123,0.084,0.155,0.000
2120,4326.72,3046.91,4580,0,1043,1,1.966,22481.6,rl_v3,1.19e-04,0.158,0.117,0.128,0.120,0.122,0.107,0.125,0.123,0.000
2121,8480.92,3085.51,8185,1,-419,-1,1.935,22493.1,rl_v3,1.19e-04,0.175,0.112,0.119,0.146,0.118,0.104,0.087,0.137,0.001
2122,3520.78,3108.06,4062,0,-65,-1,1.981,22504.3,rl_v3,1.19e-04,0.134,0.117,0.121,0.152,0.117,0.120,0.096,0.143,0.000
2123,2956.53,3123.77,3290,0,-100,-1,1.978,22514.7,rl_v3,1.19e-04,0.153,0.116,0.124,0.132,0.127,0.114,0.112,0.122,0.000
2124,7097.78,3150.28,6581,1,-624,-1,1.962,22526.7,rl_v3,1.19e-04,0.165,0.119,0.107,0.144,0.130,0.116,0.109,0.110,0.000
2125,11307.12,3244.68,10836,1,-571,-1,1.947,22540.3,rl_v3,1.19e-04,0.150,0.109,0.118,0.142,0.148,0.114,0.089,0.127,0.000
2126,2431.91,3224.94,2841,0,288,1,1.996,22550.8,rl_v3,1.19e-04,0.140,0.113,0.121,0.147,0.127,0.113,0.105,0.134,0.000
2127,9692.50,3246.82,9319,1,646,1,1.966,22562.5,rl_v3,1.19e-04,0.178,0.120,0.096,0.122,0.115,0.132,0.095,0.141,0.001
2128,7051.82,3242.21,7536,0,1054,1,1.980,22575.9,rl_v3,1.19e-04,0.148,0.117,0.120,0.137,0.124,0.125,0.089,0.140,0.000
2129,7849.45,3258.01,8108,0,4164,1,1.977,22587.3,rl_v3,1.19e-04,0.152,0.129,0.112,0.114,0.117,0.130,0.124,0.122,0.000
2130,1218.37,3231.54,1764,0,-513,-1,2.002,22597.5,rl_v3,1.19e-04,0.142,0.117,0.123,0.123,0.116,0.142,0.131,0.107,0.000
2131,4661.77,3262.31,5503,0,622,1,1.991,22610.5,rl_v3,1.19e-04,0.158,0.115,0.133,0.121,0.122,0.123,0.091,0.137,0.000
2132,3949.17,3249.42,4134,0,1264,1,1.997,22621.2,rl_v3,1.19e-04,0.149,0.102,0.132,0.130,0.111,0.136,0.108,0.132,0.000
2133,3933.96,3265.42,4403,0,734,1,1.991,22631.9,rl_v3,1.19e-04,0.148,0.107,0.129,0.117,0.108,0.148,0.102,0.142,0.000
2134,2494.66,3272.27,2936,0,-1156,-1,1.989,22643.4,rl_v3,1.19e-04,0.143,0.105,0.138,0.130,0.119,0.133,0.104,0.129,0.000
2135,2588.30,3217.87,2928,0,931,1,1.989,22653.7,rl_v3,1.19e-04,0.147,0.129,0.128,0.107,0.109,0.123,0.121,0.137,0.000
2136,5132.32,3253.35,5494,0,1065,1,1.997,22664.5,rl_v3,1.19e-04,0.148,0.130,0.117,0.129,0.123,0.121,0.102,0.133,0.000
2137,3738.50,3270.77,4254,0,1218,1,1.994,22676.0,rl_v3,1.19e-04,0.129,0.118,0.113,0.125,0.123,0.112,0.122,0.158,0.000
2138,3918.93,3263.41,4209,0,-124,-1,1.981,22687.1,rl_v3,1.19e-04,0.152,0.115,0.131,0.116,0.123,0.129,0.097,0.137,0.000
2139,2977.66,3266.64,3317,0,395,1,1.989,22697.9,rl_v3,1.19e-04,0.137,0.111,0.123,0.146,0.113,0.145,0.099,0.125,0.000
2140,3350.91,3294.68,3683,0,1070,1,1.986,22708.6,rl_v3,1.19e-04,0.168,0.101,0.105,0.112,0.120,0.127,0.102,0.166,0.000
2141,5462.73,3296.42,6888,0,2765,1,1.969,22721.1,rl_v3,1.19e-04,0.145,0.119,0.124,0.132,0.141,0.125,0.093,0.122,0.000
2142,6143.46,3333.09,6808,0,2213,1,1.974,22733.2,rl_v3,1.19e-04,0.130,0.118,0.141,0.129,0.132,0.126,0.096,0.128,0.000
2143,1152.46,3325.82,1688,0,-589,-1,1.982,22743.6,rl_v3,1.19e-04,0.137,0.119,0.121,0.134,0.114,0.127,0.119,0.129,0.000
2144,5598.73,3348.65,5817,0,2716,1,1.985,22755.1,rl_v3,1.19e-04,0.157,0.132,0.109,0.111,0.112,0.134,0.107,0.138,0.000
2145,3280.59,3351.66,3485,0,1795,1,1.983,22766.2,rl_v3,1.19e-04,0.145,0.113,0.125,0.140,0.116,0.133,0.092,0.135,0.000
2146,1455.81,3329.06,2162,0,-440,-1,1.989,22776.7,rl_v3,1.19e-04,0.139,0.100,0.127,0.128,0.111,0.157,0.105,0.132,0.000
2147,2611.33,3347.06,3126,0,-930,-1,1.982,22788.4,rl_v3,1.19e-04,0.149,0.113,0.122,0.131,0.120,0.132,0.090,0.144,0.000
2148,660.67,3335.22,1739,0,-1010,-1,1.989,22799.2,rl_v3,1.19e-04,0.121,0.138,0.129,0.137,0.104,0.120,0.106,0.144,0.000
2149,1063.41,3333.17,2024,0,-652,-1,1.995,22809.3,rl_v3,1.19e-04,0.135,0.104,0.120,0.124,0.106,0.154,0.111,0.147,0.000
2150,515.13,3309.16,1569,0,-1252,-1,1.987,22820.4,rl_v3,1.19e-04,0.117,0.111,0.125,0.135,0.109,0.144,0.102,0.158,0.000
2151,3658.91,3329.01,4108,0,-913,-1,1.989,22832.6,rl_v3,1.19e-04,0.117,0.120,0.127,0.131,0.135,0.137,0.087,0.146,0.000
2152,2488.38,3313.41,3111,0,168,1,1.987,22843.8,rl_v3,1.19e-04,0.124,0.107,0.132,0.127,0.135,0.142,0.102,0.131,0.000
2153,1460.83,3320.96,2587,0,-1189,-1,1.990,22855.2,rl_v3,1.19e-04,0.130,0.107,0.165,0.130,0.117,0.119,0.087,0.145,0.000
2154,1087.38,3313.83,1539,0,-1643,-1,1.991,22865.4,rl_v3,1.19e-04,0.118,0.128,0.153,0.120,0.117,0.122,0.106,0.137,0.000
2155,2741.35,3327.98,3179,0,-681,-1,1.984,22876.5,rl_v3,1.19e-04,0.126,0.091,0.158,0.129,0.125,0.134,0.089,0.147,0.000
2156,3906.65,3359.63,4116,0,1250,1,2.002,22887.4,rl_v3,1.19e-04,0.120,0.124,0.130,0.123,0.130,0.143,0.100,0.130,0.000
2157,1558.74,3351.98,2462,0,-1107,-1,1.996,22898.2,rl_v3,1.19e-04,0.124,0.147,0.126,0.127,0.106,0.141,0.101,0.128,0.000
2158,1482.02,3346.37,2291,0,-150,-1,1.997,22908.6,rl_v3,1.19e-04,0.146,0.120,0.139,0.123,0.117,0.131,0.107,0.116,0.000
2159,3760.02,3366.47,4073,0,88,1,1.990,22920.8,rl_v3,1.19e-04,0.145,0.104,0.112,0.139,0.127,0.148,0.092,0.133,0.000
2160,4203.34,3401.05,4698,0,793,1,1.996,22933.0,rl_v3,1.19e-04,0.143,0.121,0.111,0.135,0.138,0.137,0.095,0.121,0.000
2161,1309.55,3403.52,1705,0,-1473,-1,2.000,22943.3,rl_v3,1.19e-04,0.131,0.140,0.128,0.114,0.126,0.135,0.104,0.122,0.000
2162,1276.59,3407.58,1822,0,-1221,-1,1.987,22954.1,rl_v3,1.19e-04,0.127,0.144,0.123,0.133,0.113,0.142,0.090,0.129,0.000
2163,1450.35,3393.68,2432,0,-253,-1,1.993,22965.1,rl_v3,1.19e-04,0.132,0.117,0.122,0.128,0.125,0.145,0.094,0.140,0.000
2164,5646.78,3365.27,5379,1,8,1,1.979,22975.1,rl_v3,1.19e-04,0.146,0.125,0.108,0.143,0.121,0.130,0.093,0.133,0.001
2165,974.06,3316.36,1501,0,113,1,1.981,22985.3,rl_v3,1.19e-04,0.135,0.125,0.112,0.134,0.121,0.137,0.104,0.131,0.000
2166,1495.32,3321.56,1905,0,-742,-1,1.979,22996.0,rl_v3,1.19e-04,0.159,0.117,0.123,0.114,0.114,0.134,0.093,0.146,0.000
2167,3912.34,3337.04,4092,0,-418,-1,1.966,23007.9,rl_v3,1.19e-04,0.142,0.104,0.122,0.143,0.135,0.122,0.074,0.158,0.000
2168,5517.77,3357.60,5504,0,2124,1,1.960,23019.5,rl_v3,1.19e-04,0.163,0.116,0.116,0.140,0.124,0.127,0.079,0.134,0.000
2169,3932.13,3387.95,4032,0,971,1,1.969,23030.9,rl_v3,1.19e-04,0.145,0.115,0.133,0.153,0.111,0.128,0.066,0.148,0.000
2170,3638.56,3398.50,4266,0,-1933,-1,1.969,23043.3,rl_v3,1.19e-04,0.126,0.132,0.133,0.125,0.125,0.145,0.075,0.138,0.000
2171,3712.93,3397.08,4117,0,-282,-1,1.965,23055.2,rl_v3,1.19e-04,0.140,0.118,0.122,0.132,0.115,0.139,0.096,0.139,0.000
2172,5461.31,3444.32,5643,0,1646,1,1.970,23066.8,rl_v3,1.19e-04,0.159,0.115,0.132,0.115,0.131,0.131,0.083,0.136,0.000
2173,3104.79,3412.76,3281,0,-529,-1,1.976,23077.8,rl_v3,1.19e-04,0.147,0.111,0.143,0.129,0.127,0.135,0.075,0.133,0.000
2174,2437.93,3417.01,2842,0,-654,-1,1.983,23089.6,rl_v3,1.19e-04,0.147,0.109,0.127,0.111,0.119,0.147,0.093,0.146,0.000
2175,5292.66,3457.46,5519,0,1145,1,1.960,23102.1,rl_v3,1.19e-04,0.160,0.121,0.120,0.112,0.133,0.123,0.076,0.154,0.000
2176,2217.33,3454.03,2532,0,-436,-1,1.998,23112.0,rl_v3,1.19e-04,0.129,0.136,0.128,0.121,0.110,0.126,0.113,0.137,0.000
2177,3797.72,3474.16,4078,0,1,1,1.994,23123.6,rl_v3,1.19e-04,0.124,0.144,0.124,0.113,0.118,0.133,0.090,0.154,0.000
2178,4067.25,3506.89,4467,0,1463,1,1.981,23135.1,rl_v3,1.19e-04,0.135,0.138,0.133,0.107,0.131,0.120,0.111,0.124,0.000
2179,4007.68,3512.15,4265,0,2428,1,2.003,23145.5,rl_v3,1.19e-04,0.110,0.141,0.132,0.120,0.117,0.142,0.105,0.132,0.000
2180,4877.28,3517.88,5002,0,2681,1,1.979,23156.5,rl_v3,1.19e-04,0.139,0.127,0.116,0.127,0.106,0.143,0.100,0.141,0.000
2181,2065.51,3517.30,2358,0,-558,-1,1.984,23166.8,rl_v3,1.19e-04,0.140,0.119,0.137,0.110,0.121,0.139,0.102,0.131,0.000
2182,5240.10,3498.52,6330,0,528,1,1.968,23179.8,rl_v3,1.19e-04,0.128,0.137,0.137,0.099,0.143,0.138,0.086,0.131,0.000
2183,2987.39,3515.03,3359,0,138,1,1.997,23190.7,rl_v3,1.19e-04,0.141,0.131,0.127,0.111,0.130,0.137,0.091,0.132,0.000
2184,3959.34,3533.29,4575,0,125,1,2.003,23202.5,rl_v3,1.19e-04,0.133,0.138,0.123,0.114,0.127,0.156,0.083,0.126,0.000
2185,3130.56,3523.87,3799,0,-550,-1,1.993,23213.7,rl_v3,1.19e-04,0.147,0.140,0.127,0.113,0.122,0.137,0.093,0.121,0.000
2186,7926.54,3577.62,7903,1,154,1,1.972,23226.4,rl_v3,1.19e-04,0.136,0.139,0.114,0.126,0.134,0.132,0.087,0.132,0.000
2187,5701.27,3591.76,5984,0,1681,1,1.989,23238.1,rl_v3,1.19e-04,0.124,0.116,0.126,0.132,0.154,0.134,0.088,0.126,0.000
2188,5210.78,3638.14,5380,0,1332,1,2.001,23249.4,rl_v3,1.19e-04,0.127,0.094,0.126,0.146,0.145,0.132,0.092,0.137,0.000
2189,5974.23,3681.11,6521,0,2571,1,2.002,23261.5,rl_v3,1.19e-04,0.138,0.113,0.110,0.114,0.121,0.166,0.110,0.127,0.000
2190,2105.12,3678.91,2606,0,136,1,2.005,23271.7,rl_v3,1.19e-04,0.133,0.090,0.125,0.150,0.129,0.131,0.103,0.139,0.000
2191,4081.11,3682.92,4260,0,1913,1,2.010,23281.5,rl_v3,1.19e-04,0.133,0.108,0.122,0.143,0.117,0.134,0.100,0.143,0.000
2192,3604.51,3680.45,3899,0,-380,-1,1.985,23293.1,rl_v3,1.19e-04,0.121,0.109,0.138,0.131,0.119,0.151,0.100,0.131,0.000
2193,1280.85,3659.35,1677,0,134,1,2.006,23303.1,rl_v3,1.19e-04,0.107,0.124,0.130,0.126,0.141,0.137,0.115,0.120,0.000
2194,6897.82,3704.40,6796,1,-145,-1,1.977,23314.0,rl_v3,1.19e-04,0.125,0.117,0.118,0.142,0.141,0.144,0.106,0.107,0.001
2195,2662.09,3685.36,2951,0,-217,-1,1.998,23324.6,rl_v3,1.19e-04,0.124,0.121,0.128,0.141,0.141,0.134,0.110,0.101,0.000
2196,1440.67,3674.74,2062,0,-410,-1,2.002,23335.3,rl_v3,1.19e-04,0.136,0.111,0.122,0.129,0.121,0.146,0.104,0.131,0.000
2197,1396.41,3688.74,2236,0,-481,-1,1.997,23345.5,rl_v3,1.19e-04,0.136,0.109,0.135,0.129,0.131,0.126,0.119,0.114,0.000
2198,1552.58,3651.75,2806,0,-206,-1,2.009,23356.8,rl_v3,1.19e-04,0.137,0.104,0.134,0.124,0.132,0.125,0.112,0.131,0.000
2199,5662.71,3683.28,5909,0,2655,1,1.985,23368.1,rl_v3,1.19e-04,0.137,0.112,0.123,0.110,0.136,0.137,0.120,0.126,0.000
2200,2204.68,3695.08,2611,0,-526,-1,1.999,23378.5,rl_v3,1.16e-04,0.132,0.128,0.126,0.124,0.133,0.119,0.116,0.122,0.000
2201,2059.34,3691.68,2580,0,-544,-1,1.990,23388.9,rl_v3,1.16e-04,0.118,0.134,0.114,0.120,0.132,0.132,0.125,0.125,0.000
2202,1144.27,3667.24,1591,0,32,1,1.985,23399.2,rl_v3,1.16e-04,0.129,0.130,0.122,0.127,0.131,0.125,0.114,0.120,0.000
2203,2427.93,3661.32,2671,0,-72,-1,1.997,23409.9,rl_v3,1.16e-04,0.131,0.126,0.123,0.117,0.143,0.121,0.119,0.121,0.000
2204,8005.15,3703.32,7807,1,-50,-1,1.970,23420.5,rl_v3,1.16e-04,0.142,0.146,0.117,0.086,0.146,0.125,0.109,0.128,0.001
2205,5483.15,3707.13,6327,0,2685,1,1.966,23431.6,rl_v3,1.16e-04,0.119,0.132,0.129,0.106,0.151,0.129,0.103,0.129,0.000
2206,1401.82,3674.09,2610,0,-1159,-1,1.991,23443.1,rl_v3,1.16e-04,0.141,0.109,0.123,0.123,0.133,0.118,0.110,0.142,0.000
2207,5447.21,3684.40,5906,0,1295,1,1.956,23454.7,rl_v3,1.16e-04,0.125,0.116,0.130,0.134,0.151,0.101,0.096,0.148,0.000
2208,4911.15,3705.46,5219,0,-207,-1,1.979,23467.3,rl_v3,1.16e-04,0.138,0.121,0.134,0.116,0.120,0.130,0.098,0.143,0.000
2209,1719.46,3683.64,2262,0,-206,-1,1.987,23478.4,rl_v3,1.16e-04,0.129,0.122,0.124,0.124,0.120,0.127,0.114,0.140,0.000
2210,3576.68,3699.57,4382,0,742,1,1.972,23489.4,rl_v3,1.16e-04,0.130,0.123,0.109,0.119,0.126,0.127,0.103,0.163,0.000
2211,2932.34,3705.98,3591,0,785,1,1.982,23500.5,rl_v3,1.16e-04,0.147,0.101,0.119,0.105,0.145,0.125,0.100,0.159,0.000
2212,2909.87,3727.86,3313,0,-262,-1,1.977,23511.7,rl_v3,1.16e-04,0.124,0.126,0.114,0.141,0.120,0.120,0.104,0.150,0.000
2213,9019.01,3770.40,8783,1,-693,-1,1.963,23523.8,rl_v3,1.16e-04,0.143,0.090,0.128,0.109,0.142,0.142,0.091,0.154,0.000
2214,6705.13,3772.95,7266,0,3384,1,1.987,23536.1,rl_v3,1.16e-04,0.126,0.114,0.122,0.118,0.130,0.132,0.111,0.147,0.000
2215,973.61,3747.56,1495,0,-1387,-1,1.985,23546.5,rl_v3,1.16e-04,0.128,0.140,0.122,0.126,0.116,0.126,0.116,0.125,0.000
2216,2734.93,3742.72,3281,0,-1361,-1,1.991,23558.3,rl_v3,1.16e-04,0.131,0.126,0.127,0.123,0.110,0.140,0.102,0.141,0.000
2217,1891.13,3711.12,2272,0,-383,-1,1.974,23569.0,rl_v3,1.16e-04,0.154,0.105,0.131,0.121,0.127,0.135,0.092,0.135,0.000
2218,4361.85,3701.80,4716,0,1483,1,1.980,23580.5,rl_v3,1.16e-04,0.143,0.122,0.124,0.101,0.146,0.124,0.092,0.148,0.000
2219,1982.98,3698.74,2185,0,-129,-1,1.971,23591.1,rl_v3,1.16e-04,0.142,0.132,0.117,0.115,0.129,0.130,0.097,0.137,0.000
2220,3417.42,3689.64,3886,0,206,1,1.973,23603.7,rl_v3,1.16e-04,0.135,0.112,0.138,0.126,0.130,0.125,0.090,0.144,0.000
2221,3647.59,3641.31,4151,0,787,1,1.985,23615.8,rl_v3,1.16e-04,0.127,0.113,0.145,0.119,0.130,0.132,0.086,0.147,0.000
2222,2532.10,3631.42,2830,0,-1430,-1,1.971,23627.1,rl_v3,1.16e-04,0.131,0.127,0.137,0.106,0.142,0.128,0.102,0.128,0.000
2223,4333.66,3645.19,4477,0,-461,-1,1.969,23638.6,rl_v3,1.16e-04,0.152,0.119,0.126,0.124,0.134,0.114,0.093,0.137,0.000
2224,3135.33,3605.57,3523,0,564,1,1.987,23649.5,rl_v3,1.16e-04,0.134,0.108,0.148,0.128,0.126,0.138,0.103,0.115,0.000
2225,4172.98,3534.23,4443,0,1608,1,1.983,23660.6,rl_v3,1.16e-04,0.143,0.109,0.126,0.119,0.128,0.134,0.101,0.139,0.000
2226,4868.69,3558.60,5125,0,470,1,1.965,23672.4,rl_v3,1.16e-04,0.134,0.109,0.140,0.118,0.165,0.114,0.089,0.130,0.000
2227,2534.37,3487.01,3214,0,-1513,-1,1.986,23684.0,rl_v3,1.16e-04,0.143,0.110,0.141,0.117,0.127,0.118,0.102,0.143,0.000
2228,3875.57,3455.25,4042,0,1312,1,1.976,23694.4,rl_v3,1.16e-04,0.119,0.120,0.137,0.123,0.146,0.118,0.107,0.129,0.000
2229,5628.59,3433.04,5456,1,-453,-1,1.976,23704.3,rl_v3,1.16e-04,0.134,0.095,0.133,0.120,0.125,0.148,0.105,0.139,0.001
2230,3569.89,3456.56,4151,0,491,1,1.998,23716.3,rl_v3,1.16e-04,0.122,0.122,0.139,0.116,0.146,0.117,0.100,0.139,0.000
2231,1216.62,3422.11,2448,0,-1619,-1,1.976,23728.1,rl_v3,1.16e-04,0.134,0.114,0.146,0.118,0.120,0.140,0.090,0.137,0.000
2232,919.01,3391.81,1849,0,-1135,-1,1.989,23738.6,rl_v3,1.16e-04,0.118,0.117,0.150,0.127,0.118,0.132,0.108,0.131,0.000
2233,1896.60,3371.43,2948,0,-78,-1,1.980,23749.8,rl_v3,1.16e-04,0.123,0.134,0.151,0.132,0.107,0.120,0.102,0.131,0.000
2234,1568.84,3362.17,2585,0,-132,-1,1.976,23760.7,rl_v3,1.16e-04,0.131,0.117,0.130,0.161,0.114,0.131,0.090,0.125,0.000
2235,4840.70,3384.70,5064,0,-188,-1,1.981,23771.3,rl_v3,1.16e-04,0.156,0.118,0.148,0.105,0.116,0.141,0.097,0.118,0.000
2236,4156.67,3374.94,5139,0,1757,1,1.981,23782.7,rl_v3,1.16e-04,0.142,0.128,0.128,0.117,0.129,0.132,0.108,0.117,0.000
2237,2743.17,3364.99,3044,0,409,1,1.990,23793.3,rl_v3,1.16e-04,0.173,0.120,0.120,0.122,0.108,0.128,0.103,0.127,0.000
2238,1862.82,3344.43,2295,0,-401,-1,1.999,23804.1,rl_v3,1.16e-04,0.152,0.130,0.130,0.118,0.111,0.130,0.098,0.132,0.000
2239,2483.22,3339.48,3232,0,-1127,-1,1.993,23815.0,rl_v3,1.16e-04,0.150,0.139,0.131,0.113,0.102,0.110,0.112,0.143,0.000
2240,3356.37,3339.54,3536,0,1467,1,1.995,23825.2,rl_v3,1.16e-04,0.141,0.111,0.130,0.129,0.122,0.125,0.101,0.140,0.000
2241,1855.35,3303.46,2164,0,-708,-1,1.966,23835.9,rl_v3,1.16e-04,0.156,0.112,0.117,0.116,0.119,0.117,0.112,0.150,0.000
2242,2779.83,3269.83,3372,0,-1122,-1,1.991,23847.2,rl_v3,1.16e-04,0.141,0.115,0.137,0.109,0.121,0.129,0.108,0.140,0.000
2243,3934.27,3297.65,4176,0,1849,1,1.960,23858.0,rl_v3,1.16e-04,0.155,0.094,0.132,0.120,0.115,0.135,0.096,0.153,0.000
2244,3271.36,3274.37,3553,0,1866,1,1.974,23868.6,rl_v3,1.16e-04,0.159,0.095,0.116,0.127,0.114,0.143,0.102,0.144,0.000
2245,6314.77,3304.71,6335,1,-221,-1,1.988,23880.4,rl_v3,1.16e-04,0.145,0.100,0.134,0.114,0.148,0.124,0.093,0.141,0.001
2246,5139.49,3341.55,5485,1,-2155,-1,1.976,23890.9,rl_v3,1.16e-04,0.135,0.105,0.140,0.116,0.134,0.129,0.108,0.131,0.001
2247,2364.17,3339.08,2848,0,-367,-1,1.988,23901.6,rl_v3,1.16e-04,0.128,0.126,0.152,0.121,0.125,0.114,0.120,0.115,0.000
2248,2780.35,3360.28,3106,0,1213,1,1.992,23912.6,rl_v3,1.16e-04,0.137,0.112,0.136,0.109,0.127,0.132,0.113,0.135,0.000
2249,2097.48,3370.62,2408,0,-427,-1,1.985,23923.4,rl_v3,1.16e-04,0.131,0.117,0.119,0.123,0.142,0.132,0.107,0.129,0.000
2250,2491.95,3390.38,3450,0,857,1,1.976,23934.5,rl_v3,1.16e-04,0.122,0.115,0.140,0.151,0.112,0.132,0.118,0.110,0.000
2251,1391.60,3367.71,2260,0,-1018,-1,1.983,23945.6,rl_v3,1.16e-04,0.138,0.120,0.127,0.140,0.112,0.112,0.102,0.149,0.000
2252,2389.68,3366.72,3392,0,-203,-1,1.985,23957.5,rl_v3,1.16e-04,0.117,0.129,0.139,0.115,0.130,0.139,0.114,0.118,0.000
2253,997.05,3362.09,2250,0,-1647,-1,1.996,23968.1,rl_v3,1.16e-04,0.120,0.133,0.116,0.120,0.120,0.114,0.135,0.142,0.000
2254,1076.90,3361.98,1587,0,-1639,-1,2.003,23978.4,rl_v3,1.16e-04,0.142,0.118,0.127,0.120,0.120,0.134,0.113,0.125,0.000
2255,2023.94,3354.81,2389,0,-290,-1,1.992,23988.9,rl_v3,1.16e-04,0.132,0.118,0.127,0.126,0.127,0.130,0.113,0.127,0.000
2256,3550.21,3351.24,3914,0,-1351,-1,1.988,24000.3,rl_v3,1.16e-04,0.127,0.142,0.117,0.096,0.138,0.152,0.101,0.126,0.000
2257,3744.32,3373.10,4093,0,713,1,1.995,24010.7,rl_v3,1.16e-04,0.131,0.132,0.120,0.129,0.123,0.125,0.105,0.136,0.000
2258,5053.85,3408.82,5984,0,1713,1,1.984,24022.8,rl_v3,1.16e-04,0.140,0.128,0.124,0.112,0.127,0.136,0.107,0.127,0.000
2259,1596.77,3387.19,2192,0,-814,-1,2.001,24033.4,rl_v3,1.16e-04,0.135,0.129,0.154,0.107,0.129,0.107,0.109,0.130,0.000
2260,1978.72,3364.94,2358,0,-347,-1,1.998,24044.2,rl_v3,1.16e-04,0.134,0.115,0.127,0.118,0.123,0.139,0.097,0.147,0.000
2261,5930.46,3411.15,6225,0,3311,1,1.965,24054.8,rl_v3,1.16e-04,0.128,0.113,0.098,0.123,0.128,0.145,0.114,0.150,0.000
2262,910.36,3407.49,1926,0,-1268,-1,1.996,24065.1,rl_v3,1.16e-04,0.105,0.154,0.124,0.105,0.115,0.144,0.112,0.141,0.000
2263,2452.43,3417.51,2926,0,365,1,1.992,24076.0,rl_v3,1.16e-04,0.125,0.138,0.122,0.120,0.121,0.133,0.093,0.148,0.000
2264,7542.28,3436.46,7280,1,390,1,1.949,24086.5,rl_v3,1.16e-04,0.163,0.111,0.115,0.113,0.124,0.142,0.093,0.139,0.001
2265,9077.14,3517.49,8630,1,-254,-1,1.955,24098.7,rl_v3,1.16e-04,0.155,0.130,0.120,0.092,0.128,0.155,0.106,0.114,0.000
2266,2934.63,3531.89,3225,0,1017,1,1.964,24109.0,rl_v3,1.16e-04,0.139,0.095,0.113,0.137,0.130,0.135,0.084,0.167,0.000
2267,1989.80,3512.66,2839,0,-99,-1,1.992,24120.3,rl_v3,1.16e-04,0.140,0.117,0.117,0.113,0.133,0.146,0.092,0.141,0.000
2268,7060.05,3528.08,7479,0,2157,1,1.957,24131.5,rl_v3,1.16e-04,0.154,0.105,0.099,0.117,0.131,0.160,0.100,0.134,0.000
2269,1823.46,3507.00,2535,0,-1396,-1,1.983,24142.8,rl_v3,1.16e-04,0.136,0.133,0.123,0.118,0.127,0.123,0.104,0.137,0.000
2270,7540.02,3546.01,7269,1,-1063,-1,1.964,24153.5,rl_v3,1.16e-04,0.142,0.098,0.121,0.128,0.128,0.145,0.089,0.148,0.001
2271,1825.20,3527.13,2142,0,-468,-1,1.989,24163.8,rl_v3,1.16e-04,0.134,0.112,0.109,0.137,0.131,0.135,0.106,0.136,0.000
2272,2403.04,3496.55,2699,0,-368,-1,1.990,24174.3,rl_v3,1.16e-04,0.124,0.137,0.112,0.131,0.122,0.136,0.096,0.141,0.000
2273,2257.40,3488.08,2977,0,-1101,-1,2.008,24185.6,rl_v3,1.16e-04,0.151,0.117,0.100,0.124,0.138,0.132,0.099,0.139,0.000
2274,2609.08,3489.79,2895,0,-1046,-1,1.991,24196.9,rl_v3,1.16e-04,0.121,0.113,0.127,0.138,0.140,0.147,0.085,0.127,0.000
2275,5672.61,3493.59,5943,0,2868,1,2.008,24208.5,rl_v3,1.16e-04,0.132,0.113,0.124,0.148,0.137,0.124,0.093,0.129,0.000
2276,1201.13,3483.43,1694,0,-999,-1,1.998,24219.2,rl_v3,1.16e-04,0.134,0.128,0.113,0.116,0.137,0.137,0.106,0.128,0.000
2277,1860.74,3464.06,2099,0,-425,-1,1.997,24230.1,rl_v3,1.16e-04,0.136,0.128,0.112,0.128,0.128,0.142,0.088,0.138,0.000
2278,2634.67,3449.73,3449,0,-55,-1,2.008,24241.3,rl_v3,1.16e-04,0.131,0.125,0.115,0.118,0.148,0.133,0.107,0.123,0.000
2279,5959.17,3469.25,6081,0,3978,1,1.999,24252.6,rl_v3,1.16e-04,0.164,0.099,0.133,0.114,0.115,0.144,0.094,0.136,0.000
2280,3718.97,3457.66,3951,0,1774,1,2.003,24263.3,rl_v3,1.16e-04,0.143,0.125,0.113,0.114,0.131,0.141,0.097,0.136,0.000
2281,2593.50,3462.94,2972,0,-333,-1,2.005,24273.5,rl_v3,1.16e-04,0.126,0.134,0.120,0.128,0.121,0.132,0.109,0.131,0.000
2282,432.01,3414.86,1671,0,-1343,-1,2.014,24283.8,rl_v3,1.16e-04,0.135,0.132,0.116,0.110,0.134,0.139,0.106,0.128,0.000
2283,1709.58,3402.08,2256,0,-740,-1,2.006,24294.4,rl_v3,1.16e-04,0.125,0.138,0.120,0.114,0.111,0.141,0.129,0.123,0.000
2284,2543.13,3387.92,3237,0,-969,-1,2.005,24305.6,rl_v3,1.16e-04,0.122,0.138,0.138,0.115,0.117,0.142,0.108,0.121,0.000
2285,3562.81,3392.24,3919,0,985,1,1.985,24316.2,rl_v3,1.16e-04,0.150,0.119,0.117,0.120,0.134,0.133,0.103,0.123,0.000
2286,268.29,3315.66,1364,0,-1163,-1,2.003,24326.4,rl_v3,1.16e-04,0.130,0.108,0.131,0.137,0.121,0.151,0.099,0.123,0.000
2287,2224.50,3280.89,2685,0,-816,-1,1.995,24336.9,rl_v3,1.16e-04,0.128,0.133,0.121,0.133,0.116,0.139,0.119,0.110,0.000
2288,4586.69,3274.65,4848,0,-94,-1,1.980,24348.4,rl_v3,1.16e-04,0.132,0.126,0.124,0.119,0.122,0.150,0.085,0.142,0.000
2289,7729.22,3292.20,7851,1,-944,-1,1.971,24359.9,rl_v3,1.16e-04,0.150,0.118,0.128,0.105,0.119,0.167,0.091,0.121,0.000
2290,7223.76,3343.39,7114,1,-1614,-1,1.961,24370.2,rl_v3,1.16e-04,0.178,0.101,0.131,0.127,0.116,0.125,0.107,0.115,0.001
2291,5250.04,3355.08,5568,0,2516,1,1.996,24381.4,rl_v3,1.16e-04,0.150,0.104,0.114,0.120,0.123,0.141,0.114,0.135,0.000
2292,6469.54,3383.73,6516,0,4231,1,1.990,24392.2,rl_v3,1.16e-04,0.162,0.116,0.128,0.107,0.120,0.151,0.091,0.126,0.000
2293,2022.13,3391.14,2958,0,-383,-1,2.000,24404.0,rl_v3,1.16e-04,0.145,0.103,0.133,0.141,0.123,0.128,0.082,0.145,0.000
2294,5111.09,3373.27,5532,0,783,1,1.969,24416.0,rl_v3,1.16e-04,0.164,0.119,0.123,0.107,0.142,0.144,0.080,0.122,0.000
2295,4564.85,3392.30,4767,0,2977,1,1.985,24427.2,rl_v3,1.16e-04,0.153,0.108,0.104,0.117,0.150,0.138,0.097,0.133,0.000
2296,1740.13,3395.30,2121,0,-954,-1,1.973,24437.9,rl_v3,1.16e-04,0.138,0.130,0.113,0.125,0.157,0.112,0.104,0.122,0.000
2297,890.68,3390.24,1845,0,-1145,-1,1.970,24448.6,rl_v3,1.16e-04,0.122,0.138,0.105,0.135,0.140,0.118,0.114,0.128,0.000
2298,1879.10,3393.50,2321,0,-804,-1,1.976,24459.6,rl_v3,1.16e-04,0.155,0.107,0.114,0.119,0.131,0.131,0.094,0.150,0.000
2299,1344.02,3350.32,2262,0,-354,-1,1.984,24470.3,rl_v3,1.16e-04,0.124,0.123,0.116,0.121,0.130,0.147,0.108,0.130,0.000
2300,5628.77,3384.56,5608,1,-2338,-1,1.972,24480.3,rl_v3,1.12e-04,0.156,0.114,0.105,0.121,0.134,0.143,0.084,0.143,0.001
2301,2398.21,3387.95,2853,0,-773,-1,1.978,24490.6,rl_v3,1.12e-04,0.142,0.133,0.140,0.112,0.122,0.128,0.101,0.122,0.000
2302,359.59,3380.10,1336,0,-1883,-1,2.006,24501.3,rl_v3,1.12e-04,0.141,0.116,0.120,0.116,0.132,0.138,0.109,0.127,0.000
2303,4239.66,3398.22,4658,0,1095,1,1.984,24512.4,rl_v3,1.12e-04,0.145,0.120,0.123,0.129,0.110,0.141,0.099,0.132,0.000
2304,1693.32,3335.10,2142,0,-358,-1,1.973,24523.0,rl_v3,1.12e-04,0.132,0.116,0.134,0.126,0.135,0.138,0.085,0.133,0.000
2305,1743.79,3297.71,2132,0,-889,-1,1.986,24533.4,rl_v3,1.12e-04,0.132,0.116,0.139,0.117,0.114,0.150,0.106,0.125,0.000
2306,3110.55,3314.79,3414,0,205,1,1.979,24544.4,rl_v3,1.12e-04,0.141,0.099,0.138,0.124,0.113,0.141,0.092,0.151,0.000
2307,7860.47,3338.93,8569,0,1762,1,1.966,24555.9,rl_v3,1.12e-04,0.184,0.107,0.127,0.089,0.081,0.161,0.105,0.147,0.000
2308,3574.97,3325.56,3925,0,79,1,1.987,24567.4,rl_v3,1.12e-04,0.158,0.124,0.130,0.117,0.106,0.137,0.090,0.139,0.000
2309,724.07,3315.61,1743,0,-1052,-1,1.994,24577.3,rl_v3,1.12e-04,0.157,0.119,0.133,0.107,0.121,0.135,0.110,0.118,0.000
2310,2581.79,3305.66,2897,0,387,1,1.990,24588.1,rl_v3,1.12e-04,0.134,0.126,0.151,0.113,0.119,0.136,0.085,0.136,0.000
2311,7395.33,3350.29,7302,1,-1846,-1,1.961,24599.2,rl_v3,1.12e-04,0.130,0.112,0.117,0.142,0.103,0.161,0.092,0.142,0.001
2312,3247.11,3353.66,3750,0,1021,1,1.994,24610.3,rl_v3,1.12e-04,0.140,0.120,0.128,0.126,0.120,0.122,0.111,0.132,0.000
2313,2848.18,3291.95,3237,0,-885,-1,1.981,24621.5,rl_v3,1.12e-04,0.124,0.113,0.145,0.128,0.131,0.132,0.088,0.140,0.000
2314,1621.46,3241.12,1996,0,101,1,1.987,24631.7,rl_v3,1.12e-04,0.124,0.135,0.122,0.132,0.140,0.108,0.101,0.136,0.000
2315,2987.13,3261.25,3609,0,-1698,-1,1.985,24644.0,rl_v3,1.12e-04,0.151,0.127,0.130,0.129,0.117,0.123,0.099,0.124,0.000
2316,1686.19,3250.77,2614,0,-1927,-1,1.969,24655.3,rl_v3,1.12e-04,0.130,0.123,0.136,0.137,0.106,0.123,0.088,0.158,0.000
2317,3215.39,3264.01,3630,0,-267,-1,1.977,24666.7,rl_v3,1.12e-04,0.146,0.105,0.126,0.139,0.110,0.129,0.091,0.153,0.000
2318,5192.51,3272.31,5869,0,-59,-1,1.986,24678.7,rl_v3,1.12e-04,0.156,0.118,0.112,0.141,0.111,0.131,0.098,0.133,0.000
2319,1450.71,3266.99,1967,0,-837,-1,1.979,24689.3,rl_v3,1.12e-04,0.137,0.120,0.129,0.140,0.118,0.123,0.108,0.125,0.000
2320,3673.34,3269.55,4032,0,-1223,-1,1.990,24701.3,rl_v3,1.12e-04,0.147,0.135,0.127,0.129,0.112,0.121,0.092,0.137,0.000
2321,1139.28,3244.47,2347,0,-1482,-1,1.997,24712.7,rl_v3,1.12e-04,0.131,0.131,0.133,0.142,0.122,0.108,0.112,0.123,0.000
2322,2382.54,3242.97,2687,0,348,1,1.995,24722.4,rl_v3,1.12e-04,0.140,0.137,0.125,0.128,0.125,0.106,0.104,0.135,0.000
2323,3272.33,3232.36,3592,0,-735,-1,1.971,24733.8,rl_v3,1.12e-04,0.125,0.111,0.139,0.140,0.133,0.117,0.081,0.154,0.000
2324,1804.11,3219.05,2244,0,-834,-1,1.984,24744.3,rl_v3,1.12e-04,0.126,0.146,0.122,0.119,0.114,0.130,0.112,0.131,0.000
2325,7827.73,3255.59,7365,1,51,1,1.962,24755.4,rl_v3,1.12e-04,0.144,0.121,0.129,0.131,0.109,0.132,0.096,0.137,0.001
2326,-69.90,3206.21,928,0,-445,-1,1.991,24765.4,rl_v3,1.12e-04,0.118,0.130,0.136,0.130,0.111,0.120,0.124,0.132,0.000
2327,1230.46,3193.17,1706,0,-899,-1,1.984,24775.5,rl_v3,1.12e-04,0.140,0.118,0.140,0.126,0.123,0.114,0.115,0.125,0.000
2328,3237.38,3186.79,3294,0,229,1,1.967,24785.9,rl_v3,1.12e-04,0.136,0.114,0.122,0.151,0.112,0.132,0.103,0.129,0.000
2329,1384.01,3144.34,2616,0,-1120,-1,1.997,24796.8,rl_v3,1.12e-04,0.135,0.115,0.144,0.132,0.110,0.122,0.111,0.130,0.000
2330,1259.55,3121.24,1803,0,-710,-1,1.992,24807.0,rl_v3,1.12e-04,0.136,0.110,0.120,0.148,0.128,0.129,0.121,0.107,0.000
2331,3194.33,3141.02,3787,0,-900,-1,1.978,24819.3,rl_v3,1.12e-04,0.135,0.128,0.143,0.136,0.098,0.127,0.101,0.131,0.000
2332,3394.67,3165.77,3986,0,35,1,1.994,24831.6,rl_v3,1.12e-04,0.138,0.121,0.144,0.130,0.112,0.126,0.104,0.124,0.000
2333,3025.74,3177.06,3415,0,-837,-1,1.985,24842.2,rl_v3,1.12e-04,0.127,0.118,0.136,0.117,0.113,0.132,0.112,0.145,0.000
2334,1764.17,3179.02,2486,0,-277,-1,1.978,24853.3,rl_v3,1.12e-04,0.138,0.121,0.157,0.120,0.110,0.136,0.084,0.134,0.000
2335,2631.79,3156.93,3838,0,-1602,-1,1.962,24866.5,rl_v3,1.12e-04,0.138,0.105,0.144,0.131,0.119,0.127,0.084,0.152,0.000
2336,1768.27,3133.04,2299,0,-319,-1,1.994,24876.6,rl_v3,1.12e-04,0.110,0.117,0.121,0.125,0.120,0.133,0.132,0.141,0.000
2337,3378.68,3139.40,3871,0,-1526,-1,1.977,24888.5,rl_v3,1.12e-04,0.124,0.111,0.137,0.154,0.110,0.120,0.103,0.142,0.000
2338,2678.17,3147.55,3402,0,-1277,-1,1.978,24899.8,rl_v3,1.12e-04,0.141,0.108,0.139,0.146,0.092,0.122,0.098,0.154,0.000
2339,3895.63,3161.68,4258,0,1017,1,1.989,24911.1,rl_v3,1.12e-04,0.133,0.116,0.142,0.140,0.128,0.121,0.096,0.126,0.000
2340,5239.89,3180.51,5257,1,-1102,-1,1.964,24922.7,rl_v3,1.12e-04,0.144,0.126,0.130,0.131,0.118,0.130,0.088,0.133,0.001
2341,2134.55,3183.30,2475,0,-899,-1,1.968,24933.5,rl_v3,1.12e-04,0.128,0.107,0.114,0.143,0.112,0.126,0.119,0.152,0.000
2342,948.33,3164.99,1790,0,-1020,-1,1.981,24943.8,rl_v3,1.12e-04,0.135,0.132,0.128,0.125,0.106,0.138,0.116,0.120,0.000
2343,1931.28,3144.96,2487,0,-1413,-1,1.988,24955.3,rl_v3,1.12e-04,0.123,0.116,0.131,0.143,0.113,0.125,0.114,0.136,0.000
2344,2305.16,3135.30,2553,0,-160,-1,1.975,24965.5,rl_v3,1.12e-04,0.138,0.121,0.124,0.136,0.099,0.146,0.102,0.134,0.000
2345,6125.80,3133.41,6364,0,1096,1,1.981,24977.2,rl_v3,1.12e-04,0.127,0.129,0.132,0.135,0.113,0.133,0.082,0.150,0.000
2346,3110.13,3113.11,4012,0,-954,-1,2.002,24989.6,rl_v3,1.12e-04,0.142,0.096,0.124,0.159,0.109,0.121,0.102,0.147,0.000
2347,2138.89,3110.86,3301,0,-1355,-1,1.996,25001.3,rl_v3,1.12e-04,0.135,0.106,0.117,0.142,0.116,0.116,0.109,0.158,0.000
2348,5514.34,3138.20,5617,0,2777,1,1.981,25011.3,rl_v3,1.12e-04,0.142,0.098,0.134,0.114,0.135,0.129,0.109,0.140,0.000
2349,8442.36,3201.65,8395,1,-1101,-1,1.971,25024.0,rl_v3,1.12e-04,0.129,0.113,0.123,0.143,0.116,0.134,0.098,0.144,0.000
2350,3467.42,3211.40,3980,0,-1794,-1,2.002,25036.1,rl_v3,1.12e-04,0.133,0.118,0.116,0.131,0.118,0.144,0.103,0.136,0.000
2351,5416.56,3251.65,5553,1,-1175,-1,2.012,25046.0,rl_v3,1.12e-04,0.136,0.131,0.121,0.120,0.130,0.119,0.105,0.138,0.001
2352,6527.05,3293.03,7379,0,631,1,2.003,25057.8,rl_v3,1.12e-04,0.133,0.139,0.104,0.123,0.127,0.138,0.102,0.134,0.000
2353,1904.35,3302.10,2227,0,-628,-1,1.999,25068.0,rl_v3,1.12e-04,0.126,0.132,0.114,0.127,0.119,0.132,0.109,0.143,0.000
2354,873.86,3300.07,1776,0,-1547,-1,2.005,25078.3,rl_v3,1.12e-04,0.128,0.116,0.133,0.120,0.128,0.145,0.097,0.133,0.000
2355,2223.37,3302.06,2804,0,-681,-1,2.001,25089.4,rl_v3,1.12e-04,0.156,0.117,0.130,0.114,0.120,0.137,0.102,0.126,0.000
2356,6148.33,3328.05,7166,0,-436,-1,1.997,25103.0,rl_v3,1.12e-04,0.162,0.121,0.116,0.119,0.121,0.129,0.096,0.137,0.000
2357,1123.79,3301.84,2379,0,-2227,-1,2.008,25113.6,rl_v3,1.12e-04,0.118,0.143,0.106,0.114,0.102,0.172,0.127,0.119,0.000
2358,2910.14,3280.40,3713,0,1926,1,2.007,25124.2,rl_v3,1.12e-04,0.132,0.114,0.143,0.119,0.127,0.133,0.098,0.134,0.000
2359,1706.47,3281.50,2884,0,-305,-1,1.998,25135.4,rl_v3,1.12e-04,0.118,0.121,0.135,0.111,0.128,0.152,0.119,0.117,0.000
2360,3670.48,3298.42,3974,0,2511,1,2.009,25145.9,rl_v3,1.12e-04,0.127,0.123,0.110,0.128,0.119,0.146,0.123,0.124,0.000
2361,2031.81,3259.43,2557,0,-179,-1,1.990,25156.7,rl_v3,1.12e-04,0.124,0.136,0.118,0.109,0.126,0.134,0.113,0.139,0.000
2362,3516.81,3285.50,4149,0,-525,-1,1.987,25168.1,rl_v3,1.12e-04,0.126,0.135,0.112,0.129,0.107,0.148,0.113,0.130,0.000
2363,3046.20,3291.43,4168,0,-498,-1,1.998,25179.4,rl_v3,1.12e-04,0.114,0.121,0.127,0.135,0.125,0.143,0.113,0.122,0.000
2364,2543.94,3241.45,2973,0,-524,-1,2.003,25189.8,rl_v3,1.12e-04,0.124,0.128,0.138,0.132,0.121,0.118,0.123,0.116,0.000
2365,233.60,3153.01,1347,0,-1018,-1,2.004,25200.4,rl_v3,1.12e-04,0.128,0.115,0.124,0.122,0.125,0.130,0.133,0.123,0.000
2366,1291.19,3136.58,1763,0,114,1,1.994,25210.6,rl_v3,1.12e-04,0.126,0.114,0.115,0.111,0.110,0.161,0.124,0.139,0.000
2367,3583.46,3152.52,4081,0,-270,-1,2.002,25222.3,rl_v3,1.12e-04,0.150,0.126,0.133,0.105,0.114,0.145,0.103,0.124,0.000
2368,230.16,3084.22,1234,0,-164,-1,2.004,25232.1,rl_v3,1.12e-04,0.140,0.114,0.132,0.129,0.102,0.115,0.143,0.124,0.000
2369,2285.40,3088.84,3272,0,-42,-1,2.000,25242.7,rl_v3,1.12e-04,0.143,0.108,0.133,0.144,0.120,0.122,0.113,0.118,0.000
2370,3125.33,3044.69,3955,0,115,1,2.004,25254.8,rl_v3,1.12e-04,0.156,0.115,0.108,0.129,0.113,0.138,0.118,0.124,0.000
2371,1179.11,3038.23,1689,0,264,1,1.993,25264.7,rl_v3,1.12e-04,0.131,0.126,0.124,0.115,0.131,0.124,0.118,0.131,0.000
2372,1922.80,3033.43,2952,0,-99,-1,1.992,25275.5,rl_v3,1.12e-04,0.134,0.120,0.106,0.140,0.139,0.120,0.117,0.124,0.000
2373,4228.10,3053.13,5308,0,1730,1,1.994,25287.6,rl_v3,1.12e-04,0.162,0.126,0.136,0.135,0.119,0.108,0.096,0.119,0.000
2374,5566.57,3082.71,6171,0,1214,1,1.990,25299.7,rl_v3,1.12e-04,0.164,0.125,0.127,0.142,0.117,0.120,0.100,0.104,0.000
2375,1657.14,3042.55,2050,0,-660,-1,1.980,25310.4,rl_v3,1.12e-04,0.126,0.118,0.117,0.154,0.114,0.130,0.110,0.132,0.000
2376,1765.73,3048.20,2176,0,-972,-1,1.991,25320.8,rl_v3,1.12e-04,0.147,0.123,0.123,0.157,0.116,0.118,0.096,0.119,0.000
2377,4499.55,3074.59,4763,0,1222,1,1.986,25332.2,rl_v3,1.12e-04,0.153,0.117,0.127,0.147,0.105,0.135,0.084,0.133,0.000
2378,3111.13,3079.35,3656,0,-484,-1,1.996,25343.9,rl_v3,1.12e-04,0.146,0.114,0.120,0.138,0.109,0.138,0.101,0.133,0.000
2379,2867.79,3048.44,3082,0,837,1,1.986,25353.6,rl_v3,1.12e-04,0.140,0.113,0.103,0.122,0.137,0.133,0.110,0.141,0.000
2380,3142.60,3042.68,3679,0,-943,-1,1.990,25364.7,rl_v3,1.12e-04,0.149,0.121,0.117,0.124,0.120,0.137,0.092,0.141,0.000
2381,943.38,3026.17,1390,0,-643,-1,1.991,25374.7,rl_v3,1.12e-04,0.116,0.115,0.112,0.132,0.134,0.137,0.115,0.139,0.000
2382,3046.73,3052.32,3482,0,436,1,1.998,25385.9,rl_v3,1.12e-04,0.128,0.134,0.123,0.125,0.131,0.131,0.097,0.131,0.000
2383,1386.16,3049.09,1626,0,-675,-1,1.979,25396.5,rl_v3,1.12e-04,0.119,0.141,0.138,0.133,0.106,0.133,0.090,0.141,0.000
2384,4495.92,3068.62,4721,0,1444,1,1.991,25407.3,rl_v3,1.12e-04,0.159,0.116,0.125,0.132,0.109,0.123,0.101,0.135,0.000
2385,3419.88,3067.19,3663,0,-330,-1,1.988,25418.1,rl_v3,1.12e-04,0.137,0.119,0.134,0.138,0.118,0.129,0.092,0.132,0.000
2386,1860.82,3083.11,2211,0,-632,-1,1.981,25428.9,rl_v3,1.12e-04,0.127,0.130,0.120,0.133,0.131,0.129,0.087,0.143,0.000
2387,2221.90,3083.09,2851,0,-730,-1,1.981,25440.7,rl_v3,1.12e-04,0.141,0.129,0.117,0.138,0.124,0.126,0.084,0.142,0.000
2388,3839.85,3075.62,4220,0,-519,-1,1.974,25452.3,rl_v3,1.12e-04,0.172,0.128,0.134,0.123,0.115,0.113,0.072,0.143,0.000
2389,540.86,3003.73,996,0,-881,-1,1.984,25462.4,rl_v3,1.12e-04,0.139,0.118,0.133,0.125,0.113,0.134,0.100,0.138,0.000
2390,5163.02,2983.13,5541,0,2289,1,1.996,25473.2,rl_v3,1.12e-04,0.150,0.138,0.121,0.099,0.123,0.135,0.100,0.134,0.000
2391,4264.10,2973.27,5059,0,813,1,1.967,25485.3,rl_v3,1.12e-04,0.147,0.130,0.147,0.119,0.120,0.112,0.086,0.139,0.000
2392,4456.33,2953.13,4701,0,1809,1,1.983,25496.5,rl_v3,1.12e-04,0.160,0.130,0.142,0.131,0.123,0.109,0.087,0.119,0.000
2393,4241.30,2975.33,5302,0,974,1,1.982,25508.1,rl_v3,1.12e-04,0.141,0.139,0.135,0.126,0.116,0.108,0.114,0.120,0.000
2394,8014.09,3004.36,7845,1,-1541,-1,1.961,25518.7,rl_v3,1.12e-04,0.159,0.140,0.135,0.110,0.113,0.122,0.085,0.135,0.001
2395,4608.84,3004.80,5111,0,1741,1,1.990,25530.0,rl_v3,1.12e-04,0.160,0.134,0.133,0.117,0.118,0.124,0.096,0.119,0.000
2396,3203.94,3019.43,3334,0,1028,1,1.996,25540.1,rl_v3,1.12e-04,0.150,0.106,0.138,0.129,0.133,0.123,0.092,0.129,0.000
2397,2598.13,3036.51,2785,0,516,1,1.985,25550.4,rl_v3,1.12e-04,0.149,0.134,0.121,0.133,0.139,0.132,0.083,0.110,0.000
2398,3845.73,3056.17,4288,0,-1024,-1,1.989,25562.2,rl_v3,1.12e-04,0.150,0.119,0.125,0.131,0.155,0.103,0.102,0.116,0.000
2399,5265.09,3095.39,5404,0,2213,1,1.985,25572.8,rl_v3,1.12e-04,0.145,0.122,0.134,0.115,0.148,0.130,0.085,0.122,0.000
2400,7773.58,3116.83,8604,0,3244,1,1.934,25584.4,rl_v3,1.09e-04,0.155,0.123,0.127,0.111,0.139,0.106,0.115,0.124,0.000
2401,8978.16,3182.63,8789,1,515,1,1.951,25596.0,rl_v3,1.09e-04,0.177,0.135,0.098,0.129,0.133,0.116,0.102,0.108,0.001
2402,4736.73,3226.40,4879,0,2060,1,1.991,25607.4,rl_v3,1.09e-04,0.143,0.126,0.107,0.123,0.135,0.131,0.088,0.147,0.000
2403,7785.01,3261.86,7662,1,-780,-1,1.962,25619.0,rl_v3,1.09e-04,0.165,0.124,0.121,0.120,0.133,0.117,0.092,0.128,0.001
2404,1847.09,3263.40,2664,0,-1172,-1,2.003,25629.6,rl_v3,1.09e-04,0.130,0.151,0.116,0.140,0.126,0.120,0.097,0.120,0.000
2405,288.94,3248.85,1289,0,-1098,-1,2.004,25639.4,rl_v3,1.09e-04,0.124,0.129,0.114,0.130,0.144,0.116,0.122,0.120,0.000
2406,7123.51,3288.98,6825,1,-1694,-1,1.980,25651.6,rl_v3,1.09e-04,0.157,0.140,0.118,0.130,0.129,0.108,0.087,0.131,0.000
2407,1392.58,3224.30,1961,0,-611,-1,1.983,25662.1,rl_v3,1.09e-04,0.153,0.093,0.108,0.149,0.136,0.128,0.099,0.136,0.000
2408,3165.01,3220.20,3305,0,-963,-1,1.977,25673.2,rl_v3,1.09e-04,0.145,0.112,0.127,0.134,0.145,0.111,0.073,0.153,0.000
2409,5024.86,3263.21,5234,0,1434,1,1.992,25683.7,rl_v3,1.09e-04,0.144,0.130,0.119,0.112,0.125,0.134,0.086,0.151,0.000
2410,1614.85,3253.54,2234,0,-393,-1,2.004,25694.7,rl_v3,1.09e-04,0.127,0.133,0.117,0.119,0.125,0.139,0.108,0.132,0.000
2411,4027.39,3219.86,4591,0,-1150,-1,1.986,25707.3,rl_v3,1.09e-04,0.155,0.112,0.130,0.112,0.143,0.131,0.081,0.137,0.000
2412,4652.88,3233.91,4960,0,1458,1,2.001,25719.7,rl_v3,1.09e-04,0.142,0.139,0.123,0.110,0.127,0.125,0.099,0.134,0.000
2413,565.40,3211.09,1261,0,-435,-1,1.997,25729.6,rl_v3,1.09e-04,0.136,0.118,0.132,0.119,0.118,0.146,0.099,0.132,0.000
2414,4984.68,3244.72,5885,0,3613,1,2.002,25740.8,rl_v3,1.09e-04,0.154,0.139,0.119,0.111,0.117,0.141,0.103,0.116,0.000
2415,4291.29,3257.76,5675,0,1739,1,1.990,25753.3,rl_v3,1.09e-04,0.148,0.135,0.126,0.098,0.129,0.133,0.104,0.126,0.000
2416,5220.86,3293.11,5289,0,3235,1,2.001,25763.6,rl_v3,1.09e-04,0.150,0.127,0.131,0.100,0.129,0.131,0.108,0.123,0.000
2417,2212.68,3283.08,2760,0,-1678,-1,2.000,25774.4,rl_v3,1.09e-04,0.142,0.109,0.127,0.130,0.141,0.130,0.090,0.130,0.000
2418,3084.53,3262.00,3391,0,-882,-1,1.988,25785.6,rl_v3,1.09e-04,0.140,0.112,0.119,0.114,0.126,0.142,0.105,0.142,0.000
2419,6935.99,3316.85,6990,0,3056,1,1.998,25796.5,rl_v3,1.09e-04,0.164,0.150,0.099,0.108,0.135,0.127,0.088,0.130,0.000
2420,3214.88,3312.27,3593,0,1670,1,2.021,25806.9,rl_v3,1.09e-04,0.150,0.131,0.108,0.129,0.122,0.132,0.098,0.130,0.000
2421,7040.93,3371.29,6732,1,-2188,-1,2.001,25817.7,rl_v3,1.09e-04,0.149,0.120,0.125,0.128,0.128,0.121,0.097,0.132,0.001
2422,985.47,3357.31,1835,0,-1683,-1,2.003,25827.8,rl_v3,1.09e-04,0.108,0.125,0.127,0.155,0.116,0.135,0.111,0.123,0.000
2423,2513.07,3349.72,2970,0,-1592,-1,2.004,25839.0,rl_v3,1.09e-04,0.118,0.108,0.115,0.145,0.120,0.136,0.105,0.153,0.000
2424,1605.38,3347.73,1996,0,464,1,2.008,25849.2,rl_v3,1.09e-04,0.116,0.123,0.133,0.121,0.125,0.129,0.113,0.138,0.000
2425,2470.47,3294.16,2925,0,-1222,-1,2.000,25860.2,rl_v3,1.09e-04,0.130,0.128,0.112,0.138,0.117,0.124,0.111,0.140,0.000
2426,2516.60,3320.03,3203,0,12,1,2.011,25871.5,rl_v3,1.09e-04,0.136,0.135,0.130,0.122,0.103,0.132,0.111,0.130,0.000
2427,2573.49,3333.46,3742,0,-1169,-1,2.002,25883.1,rl_v3,1.09e-04,0.147,0.118,0.131,0.128,0.099,0.118,0.102,0.158,0.000
2428,4023.70,3341.32,4366,0,2154,1,2.010,25893.4,rl_v3,1.09e-04,0.137,0.154,0.113,0.123,0.103,0.115,0.128,0.126,0.000
2429,5133.23,3378.81,5102,1,-591,-1,2.000,25903.7,rl_v3,1.09e-04,0.148,0.135,0.114,0.120,0.115,0.146,0.107,0.113,0.001
2430,2083.40,3387.05,2778,0,78,1,2.013,25914.3,rl_v3,1.09e-04,0.133,0.119,0.119,0.109,0.130,0.133,0.126,0.131,0.000
2431,776.21,3362.87,1770,0,-1254,-1,1.991,25924.8,rl_v3,1.09e-04,0.125,0.113,0.115,0.129,0.122,0.142,0.098,0.157,0.000
2432,3544.91,3364.37,3722,0,637,1,1.990,25935.3,rl_v3,1.09e-04,0.118,0.130,0.133,0.117,0.110,0.134,0.102,0.155,0.000
2433,5967.89,3393.79,5072,1,-1349,-1,1.983,25946.4,rl_v3,1.09e-04,0.123,0.144,0.120,0.126,0.117,0.127,0.095,0.148,0.001
2434,2114.12,3397.29,2548,0,249,1,2.011,25956.7,rl_v3,1.09e-04,0.130,0.118,0.122,0.116,0.132,0.134,0.114,0.134,0.000
2435,598.75,3376.96,1629,0,-1997,-1,1.998,25967.3,rl_v3,1.09e-04,0.124,0.119,0.136,0.107,0.128,0.126,0.108,0.151,0.000
2436,5735.54,3416.64,5879,1,-1994,-1,1.977,25978.2,rl_v3,1.09e-04,0.143,0.153,0.129,0.105,0.115,0.126,0.111,0.118,0.001
2437,2666.07,3409.51,2949,0,-706,-1,2.000,25988.7,rl_v3,1.09e-04,0.123,0.134,0.151,0.117,0.123,0.114,0.100,0.139,0.000
2438,1159.07,3394.32,2477,0,-1112,-1,2.008,25999.7,rl_v3,1.09e-04,0.123,0.138,0.113,0.147,0.135,0.114,0.113,0.117,0.000
2439,2213.17,3377.49,2742,0,-1445,-1,1.971,26011.0,rl_v3,1.09e-04,0.127,0.117,0.105,0.142,0.142,0.107,0.118,0.142,0.000
2440,5333.36,3378.43,5924,1,-2201,-1,1.971,26021.2,rl_v3,1.09e-04,0.142,0.142,0.119,0.122,0.118,0.108,0.108,0.140,0.001
2441,1250.73,3369.59,1998,0,-754,-1,2.008,26032.1,rl_v3,1.09e-04,0.122,0.134,0.124,0.120,0.122,0.121,0.115,0.142,0.000
2442,713.13,3367.24,1442,0,-1999,-1,1.999,26042.4,rl_v3,1.09e-04,0.122,0.139,0.136,0.126,0.133,0.101,0.114,0.130,0.000
2443,1729.47,3365.22,2215,0,-1246,-1,1.987,26052.5,rl_v3,1.09e-04,0.118,0.124,0.124,0.128,0.144,0.104,0.130,0.127,0.000
2444,7307.30,3415.24,7388,0,4712,1,1.976,26062.7,rl_v3,1.09e-04,0.168,0.132,0.115,0.111,0.114,0.109,0.120,0.131,0.000
2445,3645.36,3390.44,3815,0,1383,1,1.985,26072.7,rl_v3,1.09e-04,0.146,0.126,0.136,0.136,0.119,0.090,0.101,0.144,0.000
2446,4963.14,3408.97,5234,0,-1100,-1,1.955,26084.9,rl_v3,1.09e-04,0.153,0.113,0.142,0.147,0.103,0.115,0.087,0.140,0.000
2447,3200.07,3419.58,4248,0,-1082,-1,1.996,26096.6,rl_v3,1.09e-04,0.133,0.113,0.137,0.134,0.117,0.117,0.110,0.140,0.000
2448,8396.20,3448.40,8268,1,970,1,1.966,26108.3,rl_v3,1.09e-04,0.166,0.117,0.129,0.116,0.122,0.101,0.102,0.147,0.001
2449,2172.33,3385.70,3113,0,-1050,-1,1.986,26119.4,rl_v3,1.09e-04,0.132,0.111,0.130,0.160,0.123,0.128,0.096,0.121,0.000
2450,3915.67,3390.18,4191,0,893,1,1.990,26130.2,rl_v3,1.09e-04,0.149,0.101,0.145,0.130,0.127,0.126,0.105,0.117,0.000
2451,7305.87,3409.07,7498,0,3697,1,1.986,26142.0,rl_v3,1.09e-04,0.140,0.139,0.134,0.125,0.117,0.112,0.106,0.127,0.000
2452,11139.57,3455.20,11095,1,-1163,-1,1.948,26155.9,rl_v3,1.09e-04,0.140,0.126,0.137,0.142,0.103,0.128,0.095,0.129,0.000
2453,4788.63,3484.04,5031,0,2942,1,1.969,26166.1,rl_v3,1.09e-04,0.181,0.115,0.130,0.112,0.103,0.131,0.101,0.127,0.000
2454,2771.99,3503.02,3025,0,-88,-1,1.962,26176.7,rl_v3,1.09e-04,0.128,0.120,0.162,0.118,0.116,0.121,0.103,0.131,0.000
2455,5788.88,3538.68,5829,0,3934,1,1.974,26187.5,rl_v3,1.09e-04,0.160,0.131,0.133,0.121,0.120,0.115,0.099,0.122,0.000
2456,1959.33,3496.79,2804,0,-1077,-1,1.974,26198.7,rl_v3,1.09e-04,0.127,0.128,0.143,0.119,0.121,0.149,0.097,0.117,0.000
2457,4435.89,3529.91,4473,0,883,1,1.953,26209.9,rl_v3,1.09e-04,0.120,0.116,0.140,0.131,0.140,0.132,0.088,0.134,0.000
2458,9399.74,3594.80,9466,1,-1145,-1,1.942,26223.0,rl_v3,1.09e-04,0.157,0.117,0.139,0.115,0.114,0.134,0.082,0.142,0.000
2459,1764.04,3595.38,2309,0,-1729,-1,1.972,26233.9,rl_v3,1.09e-04,0.117,0.112,0.140,0.122,0.140,0.136,0.109,0.123,0.000
2460,1199.57,3570.67,1519,0,192,1,1.973,26243.9,rl_v3,1.09e-04,0.118,0.126,0.100,0.135,0.144,0.139,0.106,0.133,0.000
2461,6486.58,3615.22,6805,0,2603,1,1.978,26255.8,rl_v3,1.09e-04,0.163,0.137,0.133,0.121,0.121,0.118,0.091,0.116,0.000
2462,4419.29,3624.24,4781,0,1533,1,1.979,26266.7,rl_v3,1.09e-04,0.133,0.143,0.147,0.114,0.098,0.126,0.099,0.140,0.000
2463,3273.27,3626.51,3531,0,-1151,-1,1.958,26278.9,rl_v3,1.09e-04,0.141,0.128,0.129,0.133,0.118,0.152,0.069,0.130,0.000
2464,8324.69,3684.32,9116,0,906,1,1.964,26291.8,rl_v3,1.09e-04,0.156,0.154,0.129,0.112,0.112,0.129,0.076,0.133,0.000
2465,3705.06,3719.04,3880,0,1029,1,1.967,26303.0,rl_v3,1.09e-04,0.140,0.135,0.128,0.125,0.125,0.116,0.086,0.144,0.000
2466,2829.35,3734.42,2970,0,-231,-1,1.964,26313.3,rl_v3,1.09e-04,0.139,0.145,0.127,0.142,0.123,0.112,0.078,0.133,0.000
2467,4489.30,3743.48,4805,0,1364,1,1.983,26324.9,rl_v3,1.09e-04,0.147,0.118,0.143,0.118,0.117,0.140,0.090,0.127,0.000
2468,4736.17,3788.54,5027,0,1930,1,1.992,26336.3,rl_v3,1.09e-04,0.162,0.132,0.121,0.122,0.102,0.133,0.095,0.135,0.000
2469,420.72,3769.89,1571,0,-1288,-1,1.984,26346.5,rl_v3,1.09e-04,0.124,0.156,0.118,0.113,0.120,0.125,0.097,0.147,0.000
2470,3040.42,3769.04,3340,0,698,1,1.980,26357.7,rl_v3,1.09e-04,0.134,0.145,0.109,0.131,0.107,0.137,0.103,0.133,0.000
2471,3429.61,3791.55,3817,0,868,1,1.991,26368.6,rl_v3,1.09e-04,0.138,0.116,0.129,0.135,0.116,0.132,0.097,0.138,0.000
2472,190.08,3774.22,1014,0,-1255,-1,1.976,26378.6,rl_v3,1.09e-04,0.106,0.121,0.126,0.140,0.123,0.139,0.106,0.140,0.000
2473,7758.27,3809.52,7144,1,887,1,1.975,26389.3,rl_v3,1.09e-04,0.150,0.119,0.133,0.141,0.112,0.114,0.089,0.142,0.001
2474,3054.79,3784.40,3592,0,-693,-1,2.001,26400.9,rl_v3,1.09e-04,0.118,0.123,0.128,0.137,0.112,0.145,0.111,0.127,0.000
2475,3081.32,3798.64,3853,0,-1498,-1,2.005,26412.4,rl_v3,1.09e-04,0.122,0.122,0.128,0.136,0.135,0.126,0.109,0.122,0.000
2476,3354.73,3814.53,3626,1,-2049,-1,1.979,26422.2,rl_v3,1.09e-04,0.148,0.097,0.131,0.135,0.130,0.134,0.097,0.127,0.001
2477,3733.72,3806.88,4360,0,1772,1,2.000,26433.1,rl_v3,1.09e-04,0.136,0.103,0.125,0.133,0.123,0.146,0.111,0.123,0.000
2478,2616.90,3801.93,2930,0,1361,1,1.992,26443.2,rl_v3,1.09e-04,0.145,0.110,0.122,0.114,0.108,0.145,0.132,0.125,0.000
2479,1475.00,3788.01,2062,0,301,1,1.982,26453.2,rl_v3,1.09e-04,0.104,0.104,0.142,0.128,0.110,0.150,0.119,0.144,0.000
2480,6320.46,3819.78,6213,1,-590,-1,1.994,26463.6,rl_v3,1.09e-04,0.139,0.101,0.133,0.118,0.113,0.128,0.117,0.151,0.001
2481,2065.33,3831.00,3060,0,-1238,-1,1.982,26475.2,rl_v3,1.09e-04,0.125,0.099,0.119,0.149,0.121,0.144,0.094,0.150,0.000
2482,3823.15,3838.77,4060,0,586,1,1.998,26485.8,rl_v3,1.09e-04,0.146,0.121,0.131,0.112,0.119,0.155,0.105,0.112,0.000
2483,2400.19,3848.91,2885,0,-359,-1,1.982,26497.0,rl_v3,1.09e-04,0.134,0.121,0.135,0.120,0.121,0.141,0.107,0.121,0.000
2484,831.08,3812.26,1862,0,-308,-1,1.990,26507.3,rl_v3,1.09e-04,0.123,0.126,0.115,0.118,0.142,0.142,0.123,0.111,0.000
2485,876.24,3786.82,1361,0,-818,-1,1.984,26518.0,rl_v3,1.09e-04,0.113,0.129,0.126,0.124,0.125,0.141,0.123,0.120,0.000
2486,3258.69,3800.80,3498,0,820,1,2.001,26528.6,rl_v3,1.09e-04,0.137,0.122,0.152,0.117,0.122,0.109,0.096,0.145,0.000
2487,470.75,3783.29,1831,0,-1440,-1,1.997,26539.7,rl_v3,1.09e-04,0.130,0.114,0.143,0.116,0.107,0.138,0.113,0.140,0.000
2488,3629.57,3781.19,3726,0,1294,1,1.975,26549.8,rl_v3,1.09e-04,0.145,0.128,0.123,0.118,0.115,0.132,0.103,0.136,0.000
2489,5543.40,3831.21,5381,1,-477,-1,1.965,26560.3,rl_v3,1.09e-04,0.157,0.134,0.139,0.128,0.121,0.122,0.084,0.114,0.001
2490,3682.80,3816.41,4003,0,1081,1,1.980,26571.4,rl_v3,1.09e-04,0.131,0.122,0.151,0.144,0.121,0.113,0.099,0.118,0.000
2491,1623.34,3790.00,2287,0,-1875,-1,1.971,26582.0,rl_v3,1.09e-04,0.135,0.116,0.103,0.118,0.125,0.140,0.125,0.140,0.000
2492,5959.87,3805.04,5311,1,-281,-1,1.980,26592.6,rl_v3,1.09e-04,0.143,0.108,0.129,0.128,0.148,0.129,0.095,0.119,0.001
2493,979.12,3772.42,1445,0,-1538,-1,1.968,26602.7,rl_v3,1.09e-04,0.131,0.116,0.125,0.122,0.131,0.127,0.115,0.133,0.000
2494,6314.46,3755.42,6468,0,2651,1,1.985,26614.7,rl_v3,1.09e-04,0.151,0.122,0.134,0.113,0.134,0.128,0.086,0.132,0.000
2495,1077.64,3720.11,1743,0,-679,-1,1.990,26625.4,rl_v3,1.09e-04,0.135,0.122,0.130,0.119,0.138,0.114,0.120,0.121,0.000
2496,6910.00,3757.17,7222,0,3334,1,1.970,26637.8,rl_v3,1.09e-04,0.161,0.117,0.133,0.116,0.123,0.126,0.109,0.114,0.000
2497,3285.24,3764.04,3637,0,-709,-1,1.984,26649.4,rl_v3,1.09e-04,0.138,0.135,0.117,0.116,0.126,0.127,0.098,0.143,0.000
2498,1820.00,3743.78,2066,0,-384,-1,1.966,26660.3,rl_v3,1.09e-04,0.130,0.120,0.111,0.125,0.146,0.128,0.106,0.135,0.000
2499,2384.34,3714.98,2634,0,-247,-1,1.984,26670.4,rl_v3,1.09e-04,0.135,0.118,0.136,0.118,0.122,0.121,0.115,0.135,0.000
2500,292.53,3640.17,1181,0,-11,-1,1.993,26680.1,rl_v3,1.05e-04,0.124,0.121,0.134,0.101,0.150,0.132,0.125,0.114,0.000
2501,2103.39,3571.42,2303,0,-150,-1,1.982,26690.3,rl_v3,1.05e-04,0.137,0.138,0.133,0.103,0.126,0.140,0.099,0.124,0.000
2502,1788.18,3541.93,2923,0,-368,-1,2.007,26701.5,rl_v3,1.05e-04,0.154,0.133,0.129,0.102,0.131,0.124,0.087,0.139,0.000
2503,6662.23,3530.70,7973,0,965,1,1.977,26715.8,rl_v3,1.05e-04,0.162,0.131,0.134,0.118,0.120,0.127,0.079,0.128,0.000
2504,3175.64,3543.99,3739,0,-1148,-1,1.997,26727.7,rl_v3,1.05e-04,0.140,0.133,0.129,0.121,0.124,0.125,0.090,0.139,0.000
2505,1404.73,3555.15,2017,0,-912,-1,1.991,26738.4,rl_v3,1.05e-04,0.125,0.134,0.130,0.124,0.130,0.132,0.094,0.131,0.000
2506,979.01,3493.70,1360,0,-1661,-1,1.979,26748.6,rl_v3,1.05e-04,0.131,0.123,0.132,0.130,0.130,0.124,0.107,0.123,0.000
2507,2965.60,3509.43,3790,0,-78,-1,1.985,26760.4,rl_v3,1.05e-04,0.155,0.116,0.125,0.121,0.139,0.135,0.092,0.118,0.000
2508,4111.67,3518.90,4380,0,-50,-1,1.982,26771.6,rl_v3,1.05e-04,0.147,0.126,0.135,0.126,0.142,0.135,0.080,0.109,0.000
2509,1899.69,3487.65,2259,0,-1284,-1,1.980,26782.7,rl_v3,1.05e-04,0.136,0.106,0.113,0.136,0.158,0.130,0.099,0.122,0.000
2510,3135.92,3502.86,3302,0,-1039,-1,1.986,26794.1,rl_v3,1.05e-04,0.154,0.108,0.123,0.142,0.134,0.121,0.085,0.133,0.000
2511,5149.47,3514.08,5434,0,-41,-1,1.998,26805.8,rl_v3,1.05e-04,0.148,0.102,0.115,0.159,0.128,0.129,0.090,0.129,0.000
2512,3443.41,3501.98,3791,0,-412,-1,1.997,26817.4,rl_v3,1.05e-04,0.152,0.111,0.106,0.133,0.128,0.142,0.090,0.138,0.000
2513,1891.42,3515.24,2326,0,-365,-1,1.986,26828.2,rl_v3,1.05e-04,0.137,0.102,0.107,0.132,0.153,0.139,0.099,0.131,0.000
2514,3366.08,3499.06,3827,0,-391,-1,1.985,26839.2,rl_v3,1.05e-04,0.158,0.104,0.127,0.118,0.141,0.130,0.086,0.136,0.000
2515,9430.33,3550.45,8714,1,-2059,-1,1.973,26851.9,rl_v3,1.05e-04,0.158,0.107,0.117,0.124,0.132,0.141,0.083,0.137,0.000
2516,3398.95,3532.23,3719,0,718,1,1.995,26862.8,rl_v3,1.05e-04,0.146,0.105,0.127,0.136,0.121,0.133,0.093,0.139,0.000
2517,6331.01,3573.41,6317,0,3492,1,1.984,26874.7,rl_v3,1.05e-04,0.145,0.116,0.138,0.121,0.119,0.142,0.079,0.139,0.000
2518,3315.41,3575.72,4186,0,-1805,-1,1.987,26887.5,rl_v3,1.05e-04,0.158,0.115,0.139,0.141,0.100,0.149,0.068,0.132,0.000
2519,4094.11,3547.30,5053,0,-399,-1,1.973,26900.0,rl_v3,1.05e-04,0.147,0.137,0.136,0.113,0.110,0.145,0.076,0.135,0.000
2520,3413.10,3549.29,3541,0,344,1,1.989,26910.6,rl_v3,1.05e-04,0.137,0.110,0.126,0.118,0.130,0.141,0.089,0.149,0.000
2521,3850.47,3517.38,3986,0,85,1,1.972,26921.7,rl_v3,1.05e-04,0.122,0.115,0.141,0.153,0.134,0.123,0.082,0.129,0.000
2522,7894.38,3586.47,7934,1,-2168,-1,1.957,26933.7,rl_v3,1.05e-04,0.156,0.137,0.145,0.109,0.108,0.109,0.097,0.138,0.001
2523,2223.31,3583.57,3106,0,792,1,1.996,26944.1,rl_v3,1.05e-04,0.129,0.112,0.124,0.145,0.129,0.123,0.102,0.136,0.000
2524,2689.38,3594.41,3034,0,-1093,-1,1.982,26955.1,rl_v3,1.05e-04,0.119,0.132,0.139,0.127,0.130,0.122,0.088,0.143,0.000
2525,1393.28,3583.64,2135,0,-1413,-1,1.976,26965.5,rl_v3,1.05e-04,0.137,0.138,0.115,0.123,0.136,0.124,0.085,0.142,0.000
2526,6634.87,3624.82,6413,1,-1356,-1,1.963,26976.6,rl_v3,1.05e-04,0.132,0.153,0.136,0.101,0.124,0.124,0.091,0.137,0.001
2527,2071.48,3619.80,2262,0,-427,-1,1.968,26988.0,rl_v3,1.05e-04,0.134,0.129,0.116,0.135,0.111,0.120,0.098,0.157,0.000
2528,4011.22,3619.68,4246,0,752,1,1.984,27000.5,rl_v3,1.05e-04,0.137,0.115,0.114,0.134,0.124,0.132,0.088,0.155,0.000
2529,3136.83,3599.71,3360,0,-275,-1,1.978,27011.0,rl_v3,1.05e-04,0.125,0.153,0.121,0.110,0.136,0.122,0.089,0.144,0.000
2530,5410.33,3632.98,5380,1,-1559,-1,1.968,27020.8,rl_v3,1.05e-04,0.150,0.127,0.132,0.112,0.125,0.125,0.093,0.135,0.001
2531,2957.50,3654.80,3158,0,231,1,1.987,27031.2,rl_v3,1.05e-04,0.130,0.115,0.109,0.153,0.122,0.142,0.092,0.137,0.000
2532,2228.54,3641.63,2842,0,-411,-1,1.989,27042.0,rl_v3,1.05e-04,0.132,0.130,0.114,0.124,0.114,0.122,0.130,0.134,0.000
2533,2097.97,3602.93,2811,0,-608,-1,1.998,27052.9,rl_v3,1.05e-04,0.144,0.125,0.108,0.125,0.115,0.111,0.117,0.154,0.000
2534,3568.50,3617.48,3936,0,-63,-1,1.965,27064.2,rl_v3,1.05e-04,0.141,0.122,0.115,0.141,0.133,0.122,0.096,0.130,0.000
2535,8067.95,3692.17,8605,1,-1963,-1,1.952,27077.2,rl_v3,1.05e-04,0.152,0.143,0.113,0.126,0.108,0.114,0.101,0.143,0.000
2536,3731.56,3672.13,3868,0,1872,1,1.963,27087.2,rl_v3,1.05e-04,0.165,0.101,0.103,0.155,0.121,0.117,0.096,0.141,0.000
2537,127.40,3646.74,1013,0,-1042,-1,1.957,27096.8,rl_v3,1.05e-04,0.111,0.123,0.125,0.146,0.125,0.112,0.127,0.132,0.000
2538,5404.83,3689.20,5497,0,3173,1,1.970,27107.7,rl_v3,1.05e-04,0.161,0.115,0.136,0.126,0.099,0.115,0.111,0.137,0.000
2539,5227.95,3719.35,5481,0,1549,1,1.973,27120.0,rl_v3,1.05e-04,0.156,0.115,0.116,0.148,0.101,0.117,0.095,0.152,0.000
2540,1442.79,3680.44,1936,0,254,1,1.965,27130.3,rl_v3,1.05e-04,0.124,0.116,0.118,0.149,0.124,0.128,0.110,0.131,0.000
2541,3246.06,3700.40,3394,0,483,1,1.959,27141.2,rl_v3,1.05e-04,0.155,0.110,0.130,0.147,0.109,0.116,0.090,0.143,0.000
2542,3648.70,3729.75,4148,0,-846,-1,1.971,27153.4,rl_v3,1.05e-04,0.147,0.126,0.138,0.160,0.111,0.113,0.074,0.130,0.000
2543,3050.09,3742.96,3453,0,80,1,1.988,27164.2,rl_v3,1.05e-04,0.163,0.119,0.101,0.144,0.132,0.122,0.086,0.134,0.000
2544,3362.23,3703.51,3610,0,947,1,1.983,27175.0,rl_v3,1.05e-04,0.160,0.107,0.123,0.172,0.116,0.103,0.094,0.125,0.000
2545,731.51,3674.37,1374,0,-1680,-1,1.977,27185.0,rl_v3,1.05e-04,0.131,0.126,0.121,0.120,0.128,0.127,0.123,0.124,0.000
2546,2631.31,3651.05,2946,0,-1486,-1,1.975,27195.6,rl_v3,1.05e-04,0.163,0.114,0.124,0.121,0.147,0.103,0.088,0.141,0.000
2547,3882.00,3657.87,4058,0,-332,-1,1.978,27206.6,rl_v3,1.05e-04,0.143,0.122,0.113,0.135,0.141,0.123,0.091,0.131,0.000
2548,2690.08,3600.81,3016,0,-46,-1,1.991,27217.4,rl_v3,1.05e-04,0.155,0.129,0.105,0.134,0.135,0.112,0.095,0.133,0.000
2549,2520.64,3604.29,3027,0,546,1,2.001,27227.8,rl_v3,1.05e-04,0.130,0.127,0.115,0.117,0.147,0.128,0.110,0.128,0.000
2550,325.60,3568.39,752,0,-988,-1,1.966,27238.0,rl_v3,1.05e-04,0.151,0.130,0.109,0.123,0.127,0.115,0.117,0.127,0.000
2551,3142.26,3526.75,3390,0,1579,1,1.991,27248.8,rl_v3,1.05e-04,0.137,0.138,0.120,0.117,0.130,0.122,0.107,0.128,0.000
2552,2378.33,3439.14,2888,0,1410,1,2.001,27259.6,rl_v3,1.05e-04,0.137,0.120,0.138,0.121,0.118,0.130,0.088,0.148,0.000
2553,3313.90,3424.40,3497,0,388,1,1.988,27270.0,rl_v3,1.05e-04,0.148,0.146,0.104,0.119,0.122,0.124,0.096,0.141,0.000
2554,1349.29,3410.17,1747,0,205,1,1.996,27280.3,rl_v3,1.05e-04,0.146,0.121,0.112,0.120,0.121,0.126,0.115,0.138,0.000
2555,4425.64,3396.54,4480,0,2387,1,1.995,27290.5,rl_v3,1.05e-04,0.156,0.123,0.120,0.111,0.138,0.109,0.101,0.142,0.000
2556,963.87,3386.58,1886,0,-1016,-1,1.993,27301.1,rl_v3,1.05e-04,0.143,0.131,0.105,0.132,0.144,0.132,0.103,0.112,0.000
2557,1786.27,3360.08,2408,0,-1621,-1,1.987,27312.5,rl_v3,1.05e-04,0.140,0.129,0.122,0.131,0.124,0.132,0.091,0.131,0.000
2558,3625.76,3302.35,4309,0,833,1,1.977,27324.0,rl_v3,1.05e-04,0.142,0.138,0.129,0.114,0.116,0.114,0.096,0.152,0.000
2559,3739.79,3322.10,4508,0,1568,1,1.991,27335.1,rl_v3,1.05e-04,0.130,0.131,0.125,0.133,0.116,0.122,0.085,0.159,0.000
2560,3051.93,3340.63,3769,0,-2038,-1,1.979,27346.4,rl_v3,1.05e-04,0.133,0.131,0.120,0.128,0.137,0.131,0.086,0.134,0.000
2561,3543.89,3311.20,3945,0,173,1,1.993,27358.1,rl_v3,1.05e-04,0.143,0.142,0.140,0.113,0.123,0.122,0.088,0.129,0.000
2562,3161.00,3298.62,3445,0,377,1,2.002,27369.0,rl_v3,1.05e-04,0.146,0.129,0.142,0.127,0.120,0.122,0.088,0.126,0.000
2563,664.41,3272.53,1676,0,-1245,-1,1.991,27379.7,rl_v3,1.05e-04,0.139,0.125,0.119,0.114,0.137,0.119,0.106,0.142,0.000
2564,1354.60,3202.83,2035,0,-988,-1,1.995,27390.6,rl_v3,1.05e-04,0.131,0.132,0.123,0.104,0.140,0.122,0.113,0.137,0.000
2565,2348.95,3189.27,2721,0,-547,-1,1.987,27401.2,rl_v3,1.05e-04,0.142,0.128,0.119,0.135,0.113,0.142,0.105,0.118,0.000
2566,478.07,3165.75,1530,0,-1022,-1,2.001,27411.6,rl_v3,1.05e-04,0.134,0.108,0.119,0.135,0.145,0.129,0.105,0.125,0.000
2567,5657.08,3177.43,6234,1,-781,-1,1.984,27423.0,rl_v3,1.05e-04,0.126,0.116,0.136,0.133,0.132,0.124,0.108,0.126,0.001
2568,6719.66,3197.27,6836,0,3395,1,1.986,27434.6,rl_v3,1.05e-04,0.133,0.141,0.144,0.120,0.110,0.114,0.092,0.145,0.000
2569,736.45,3200.42,1657,0,-290,-1,2.002,27445.0,rl_v3,1.05e-04,0.100,0.152,0.132,0.112,0.140,0.123,0.108,0.133,0.000
2570,2709.93,3197.12,3722,0,-23,-1,2.019,27456.6,rl_v3,1.05e-04,0.143,0.139,0.137,0.105,0.111,0.122,0.111,0.132,0.000
2571,2011.47,3182.94,2709,0,921,1,2.006,27466.7,rl_v3,1.05e-04,0.134,0.131,0.140,0.115,0.116,0.131,0.105,0.129,0.000
2572,1755.13,3198.59,2488,0,-232,-1,2.001,27477.9,rl_v3,1.05e-04,0.126,0.154,0.130,0.117,0.152,0.115,0.097,0.109,0.000
2573,7889.09,3199.90,7773,1,57,1,1.964,27488.1,rl_v3,1.05e-04,0.151,0.154,0.140,0.100,0.129,0.098,0.118,0.111,0.001
2574,2577.31,3195.12,2882,0,-295,-1,2.005,27498.3,rl_v3,1.05e-04,0.149,0.133,0.129,0.126,0.135,0.113,0.096,0.119,0.000
2575,3747.86,3201.79,4157,0,247,1,2.009,27509.6,rl_v3,1.05e-04,0.133,0.136,0.130,0.136,0.135,0.097,0.097,0.135,0.000
2576,3754.84,3205.79,4078,0,1568,1,2.001,27520.6,rl_v3,1.05e-04,0.150,0.123,0.132,0.117,0.111,0.131,0.103,0.132,0.000
2577,1044.80,3178.90,1855,0,-1808,-1,1.991,27531.2,rl_v3,1.05e-04,0.136,0.147,0.140,0.119,0.127,0.114,0.098,0.120,0.000
2578,2512.70,3177.86,2857,0,-1495,-1,1.979,27542.4,rl_v3,1.05e-04,0.144,0.132,0.124,0.106,0.166,0.113,0.095,0.120,0.000
2579,4661.51,3209.72,4892,0,653,1,2.000,27553.7,rl_v3,1.05e-04,0.161,0.121,0.132,0.118,0.128,0.121,0.096,0.124,0.000
2580,4605.15,3192.57,4847,0,-152,-1,1.981,27564.8,rl_v3,1.05e-04,0.164,0.113,0.109,0.121,0.130,0.138,0.088,0.136,0.000
2581,1746.09,3189.38,2422,0,-937,-1,1.995,27576.2,rl_v3,1.05e-04,0.163,0.115,0.120,0.111,0.154,0.124,0.093,0.120,0.000
2582,2353.05,3174.67,2821,0,-615,-1,1.985,27587.3,rl_v3,1.05e-04,0.141,0.097,0.133,0.140,0.134,0.132,0.085,0.138,0.000
2583,3717.16,3187.84,3886,0,-300,-1,1.978,27598.4,rl_v3,1.05e-04,0.161,0.124,0.112,0.117,0.134,0.132,0.079,0.141,0.000
2584,5910.61,3238.64,6517,0,230,1,1.981,27611.3,rl_v3,1.05e-04,0.157,0.112,0.116,0.124,0.150,0.119,0.081,0.142,0.000
2585,1486.27,3244.74,1838,0,-1621,-1,1.984,27621.6,rl_v3,1.05e-04,0.114,0.116,0.128,0.128,0.138,0.141,0.101,0.134,0.000
2586,1366.36,3225.82,1823,0,-719,-1,1.981,27632.5,rl_v3,1.05e-04,0.127,0.136,0.118,0.134,0.120,0.126,0.094,0.145,0.000
2587,5590.43,3277.01,5848,0,1347,1,1.986,27643.2,rl_v3,1.05e-04,0.145,0.167,0.125,0.107,0.113,0.108,0.109,0.127,0.000
2588,3313.45,3273.85,3560,0,810,1,1.994,27653.6,rl_v3,1.05e-04,0.132,0.128,0.118,0.136,0.141,0.128,0.106,0.112,0.000
2589,3348.14,3251.90,3396,0,1900,1,1.987,27663.8,rl_v3,1.05e-04,0.141,0.115,0.122,0.135,0.143,0.128,0.091,0.125,0.000
2590,3250.40,3247.58,3635,0,-982,-1,1.982,27676.1,rl_v3,1.05e-04,0.118,0.131,0.123,0.144,0.144,0.119,0.088,0.133,0.000
2591,1157.26,3242.91,1760,0,-750,-1,2.001,27686.4,rl_v3,1.05e-04,0.106,0.123,0.118,0.125,0.153,0.129,0.119,0.128,0.000
2592,5222.90,3235.54,5584,0,1584,1,2.001,27697.7,rl_v3,1.05e-04,0.142,0.146,0.125,0.109,0.125,0.128,0.108,0.117,0.000
2593,1562.63,3241.38,2264,0,-1800,-1,1.987,27708.6,rl_v3,1.05e-04,0.123,0.134,0.132,0.117,0.113,0.132,0.113,0.136,0.000
2594,1646.18,3194.70,2874,0,-368,-1,2.013,27719.6,rl_v3,1.05e-04,0.128,0.117,0.120,0.127,0.141,0.138,0.109,0.120,0.000
2595,8048.92,3264.41,8415,0,4444,1,1.973,27732.4,rl_v3,1.05e-04,0.143,0.124,0.114,0.109,0.121,0.126,0.111,0.151,0.000
2596,1731.25,3212.62,2482,0,-1644,-1,1.996,27743.1,rl_v3,1.05e-04,0.138,0.132,0.096,0.093,0.126,0.150,0.116,0.149,0.000
2597,1726.80,3197.04,2048,0,-171,-1,1.982,27753.9,rl_v3,1.05e-04,0.119,0.120,0.104,0.101,0.124,0.159,0.111,0.160,0.000
2598,3650.46,3215.34,3886,0,565,1,1.992,27764.9,rl_v3,1.05e-04,0.132,0.106,0.122,0.139,0.130,0.128,0.096,0.148,0.000
2599,5884.74,3250.35,5859,1,-13,-1,1.978,27775.3,rl_v3,1.05e-04,0.128,0.124,0.117,0.126,0.115,0.130,0.100,0.159,0.001
2600,2631.62,3273.74,2857,0,76,1,1.991,27786.0,rl_v3,1.02e-04,0.133,0.103,0.117,0.127,0.122,0.140,0.098,0.160,0.000
2601,2011.40,3272.82,2784,0,-12,-1,2.002,27796.2,rl_v3,1.02e-04,0.136,0.124,0.125,0.121,0.120,0.113,0.114,0.148,0.000
2602,6135.72,3316.29,6521,0,2764,1,1.985,27808.1,rl_v3,1.02e-04,0.154,0.131,0.123,0.125,0.108,0.105,0.095,0.160,0.000
2603,5756.85,3307.24,6335,0,1870,1,1.993,27820.7,rl_v3,1.02e-04,0.138,0.133,0.130,0.122,0.129,0.124,0.092,0.132,0.000
2604,1146.39,3286.95,1702,0,-877,-1,2.004,27831.2,rl_v3,1.02e-04,0.112,0.126,0.136,0.119,0.137,0.128,0.095,0.148,0.000
2605,1306.57,3285.97,2629,0,-2100,-1,1.994,27843.1,rl_v3,1.02e-04,0.103,0.137,0.134,0.105,0.150,0.136,0.096,0.140,0.000
2606,6497.79,3341.15,6943,0,2069,1,1.980,27855.4,rl_v3,1.02e-04,0.129,0.124,0.121,0.117,0.141,0.125,0.108,0.136,0.000
2607,2898.93,3340.49,3450,0,1067,1,2.010,27865.8,rl_v3,1.02e-04,0.114,0.138,0.120,0.119,0.132,0.130,0.118,0.129,0.000
2608,3675.80,3336.13,4095,0,216,1,1.993,27877.4,rl_v3,1.02e-04,0.143,0.112,0.132,0.142,0.120,0.124,0.094,0.133,0.000
2609,1637.39,3333.50,1967,0,-862,-1,1.996,27887.8,rl_v3,1.02e-04,0.156,0.113,0.129,0.108,0.130,0.128,0.099,0.138,0.000
2610,2884.72,3330.99,3583,0,-587,-1,1.987,27899.5,rl_v3,1.02e-04,0.158,0.117,0.137,0.117,0.137,0.115,0.087,0.133,0.000
2611,7261.26,3352.11,7505,0,2591,1,1.992,27912.6,rl_v3,1.02e-04,0.140,0.136,0.142,0.122,0.123,0.101,0.105,0.131,0.000
2612,4993.40,3367.61,5440,0,1682,1,2.007,27923.3,rl_v3,1.02e-04,0.137,0.122,0.127,0.126,0.120,0.116,0.109,0.143,0.000
2613,4992.52,3398.62,5503,0,-450,-1,1.963,27935.1,rl_v3,1.02e-04,0.157,0.111,0.142,0.120,0.128,0.104,0.107,0.132,0.000
2614,188.71,3366.85,1276,0,-425,-1,1.984,27945.0,rl_v3,1.02e-04,0.113,0.092,0.147,0.134,0.152,0.116,0.123,0.122,0.000
2615,2670.37,3299.25,2940,0,40,1,1.985,27955.6,rl_v3,1.02e-04,0.121,0.118,0.149,0.120,0.131,0.123,0.094,0.143,0.000
2616,1976.18,3285.02,2468,0,-743,-1,1.986,27966.2,rl_v3,1.02e-04,0.141,0.127,0.127,0.113,0.136,0.112,0.100,0.143,0.000
2617,4941.15,3271.12,5225,0,680,1,1.990,27977.6,rl_v3,1.02e-04,0.139,0.124,0.143,0.140,0.118,0.097,0.090,0.149,0.000
2618,2273.21,3260.70,2544,0,202,1,1.969,27988.4,rl_v3,1.02e-04,0.130,0.112,0.135,0.144,0.107,0.123,0.109,0.140,0.000
2619,2409.71,3243.86,2756,0,-1268,-1,1.970,27999.7,rl_v3,1.02e-04,0.128,0.118,0.123,0.123,0.129,0.117,0.109,0.153,0.000
2620,2039.37,3230.12,2416,0,-734,-1,1.986,28010.2,rl_v3,1.02e-04,0.122,0.125,0.118,0.140,0.126,0.127,0.109,0.133,0.000
2621,6428.10,3255.89,7026,0,2531,1,1.973,28022.0,rl_v3,1.02e-04,0.133,0.136,0.144,0.113,0.132,0.110,0.091,0.140,0.000
2622,5303.28,3229.98,5245,1,-270,-1,1.983,28032.2,rl_v3,1.02e-04,0.134,0.123,0.118,0.115,0.124,0.128,0.112,0.145,0.001
2623,3748.43,3245.23,4046,0,2100,1,1.984,28042.8,rl_v3,1.02e-04,0.147,0.139,0.126,0.090,0.130,0.123,0.109,0.135,0.000
2624,9460.33,3312.94,9160,1,-710,-1,1.965,28054.8,rl_v3,1.02e-04,0.151,0.131,0.104,0.130,0.152,0.111,0.097,0.123,0.000
2625,7899.78,3378.01,7532,1,-796,-1,1.961,28066.0,rl_v3,1.02e-04,0.136,0.137,0.111,0.130,0.126,0.114,0.106,0.140,0.001
2626,5357.96,3365.24,5551,0,2931,1,1.988,28077.2,rl_v3,1.02e-04,0.129,0.107,0.117,0.144,0.134,0.130,0.107,0.133,0.000
2627,1853.63,3363.06,2296,0,17,1,1.958,28087.8,rl_v3,1.02e-04,0.121,0.129,0.112,0.130,0.149,0.115,0.124,0.121,0.000
2628,3599.52,3358.94,3720,0,516,1,1.961,28098.4,rl_v3,1.02e-04,0.134,0.133,0.128,0.123,0.152,0.121,0.102,0.108,0.000
2629,1937.15,3346.95,2834,0,-1353,-1,1.978,28109.9,rl_v3,1.02e-04,0.125,0.112,0.119,0.141,0.154,0.119,0.095,0.135,0.000
2630,4120.01,3334.04,4328,0,-1005,-1,1.982,28122.1,rl_v3,1.02e-04,0.150,0.120,0.144,0.130,0.129,0.111,0.084,0.132,0.000
2631,2232.69,3326.80,2747,0,-16,-1,1.990,28133.1,rl_v3,1.02e-04,0.132,0.127,0.119,0.125,0.133,0.127,0.113,0.123,0.000
2632,3344.41,3337.95,4607,0,-2117,-1,1.996,28145.9,rl_v3,1.02e-04,0.132,0.126,0.133,0.134,0.144,0.122,0.094,0.115,0.000
2633,2329.45,3340.27,2554,0,-497,-1,1.979,28157.0,rl_v3,1.02e-04,0.136,0.131,0.138,0.115,0.140,0.124,0.091,0.126,0.000
2634,5578.69,3360.37,6065,1,-1820,-1,1.969,28167.7,rl_v3,1.02e-04,0.157,0.130,0.135,0.120,0.118,0.117,0.095,0.127,0.001
2635,2925.81,3308.95,3379,0,-73,-1,2.001,28178.7,rl_v3,1.02e-04,0.128,0.125,0.115,0.120,0.140,0.117,0.108,0.147,0.000
2636,939.16,3281.03,1963,0,-1179,-1,1.989,28189.0,rl_v3,1.02e-04,0.146,0.112,0.131,0.113,0.133,0.103,0.128,0.134,0.000
2637,1466.73,3294.42,2727,0,-32,-1,2.002,28200.0,rl_v3,1.02e-04,0.126,0.122,0.139,0.135,0.135,0.096,0.107,0.141,0.000
2638,2885.45,3269.23,3304,0,-1018,-1,1.988,28211.2,rl_v3,1.02e-04,0.145,0.121,0.151,0.113,0.140,0.112,0.104,0.115,0.000
2639,4518.01,3262.13,5402,0,1970,1,1.946,28222.6,rl_v3,1.02e-04,0.150,0.143,0.154,0.133,0.104,0.094,0.109,0.113,0.000
2640,1912.60,3266.82,2910,0,-1304,-1,1.978,28233.6,rl_v3,1.02e-04,0.125,0.130,0.136,0.124,0.137,0.124,0.102,0.122,0.000
2641,2989.83,3264.26,3621,0,-481,-1,1.981,28244.8,rl_v3,1.02e-04,0.141,0.138,0.128,0.110,0.145,0.106,0.117,0.116,0.000
2642,3070.78,3258.48,3286,0,-548,-1,1.977,28255.3,rl_v3,1.02e-04,0.140,0.142,0.123,0.110,0.150,0.108,0.109,0.117,0.000
2643,11470.21,3342.68,10962,1,1100,1,1.954,28270.6,rl_v3,1.02e-04,0.161,0.112,0.133,0.119,0.132,0.106,0.089,0.147,0.000
2644,1452.93,3323.59,2175,0,-933,-1,1.996,28281.3,rl_v3,1.02e-04,0.118,0.134,0.125,0.120,0.138,0.115,0.131,0.119,0.000
2645,744.45,3323.72,1331,0,-1688,-1,1.980,28291.5,rl_v3,1.02e-04,0.108,0.121,0.130,0.125,0.176,0.106,0.126,0.108,0.000
2646,3313.18,3330.54,3939,0,-970,-1,1.989,28303.4,rl_v3,1.02e-04,0.143,0.116,0.162,0.127,0.121,0.104,0.093,0.133,0.000
2647,2543.47,3317.15,2869,0,56,1,1.997,28314.5,rl_v3,1.02e-04,0.135,0.129,0.155,0.130,0.112,0.103,0.109,0.127,0.000
2648,4559.66,3335.85,4754,0,2102,1,1.990,28326.5,rl_v3,1.02e-04,0.137,0.121,0.134,0.104,0.143,0.125,0.100,0.136,0.000
2649,7967.67,3390.32,7985,1,-1630,-1,1.959,28339.0,rl_v3,1.02e-04,0.155,0.132,0.152,0.104,0.126,0.115,0.086,0.131,0.001
2650,2229.99,3409.36,2699,0,-539,-1,1.981,28349.2,rl_v3,1.02e-04,0.113,0.130,0.126,0.112,0.157,0.126,0.115,0.120,0.000
2651,1415.07,3392.09,1649,0,-569,-1,1.991,28359.1,rl_v3,1.02e-04,0.121,0.120,0.139,0.108,0.138,0.112,0.116,0.145,0.000
2652,1066.22,3378.97,2383,0,-1552,-1,2.000,28370.6,rl_v3,1.02e-04,0.143,0.131,0.128,0.117,0.133,0.117,0.099,0.132,0.000
2653,2879.74,3374.63,3303,0,-837,-1,1.984,28382.0,rl_v3,1.02e-04,0.140,0.124,0.110,0.117,0.139,0.136,0.104,0.129,0.000
2654,8430.98,3445.45,7620,1,-599,-1,1.961,28393.9,rl_v3,1.02e-04,0.155,0.122,0.132,0.112,0.123,0.125,0.093,0.137,0.000
2655,548.60,3406.68,1447,0,-1078,-1,1.970,28404.4,rl_v3,1.02e-04,0.095,0.144,0.126,0.118,0.156,0.116,0.126,0.120,0.000
2656,5429.48,3451.33,5524,0,684,1,1.993,28415.6,rl_v3,1.02e-04,0.152,0.118,0.128,0.125,0.121,0.125,0.088,0.143,0.000
2657,7738.21,3510.85,7438,1,-711,-1,1.966,28427.2,rl_v3,1.02e-04,0.160,0.129,0.115,0.114,0.128,0.124,0.082,0.147,0.000
2658,4975.74,3524.35,5131,0,1163,1,1.992,28439.6,rl_v3,1.02e-04,0.139,0.147,0.124,0.123,0.128,0.116,0.081,0.143,0.000
2659,1145.64,3498.41,1598,0,-1580,-1,1.982,28449.8,rl_v3,1.02e-04,0.119,0.122,0.112,0.113,0.135,0.145,0.100,0.154,0.000
2660,2682.90,3494.72,2920,0,468,1,1.987,28460.9,rl_v3,1.02e-04,0.144,0.121,0.113,0.136,0.109,0.136,0.092,0.149,0.000
2661,1318.26,3472.46,1838,0,-923,-1,1.986,28471.9,rl_v3,1.02e-04,0.136,0.122,0.119,0.134,0.122,0.136,0.088,0.144,0.000
2662,1215.90,3453.01,1457,0,-532,-1,1.983,28481.4,rl_v3,1.02e-04,0.126,0.117,0.119,0.141,0.121,0.148,0.108,0.119,0.000
2663,2321.75,3469.59,2629,0,284,1,1.997,28491.8,rl_v3,1.02e-04,0.150,0.103,0.135,0.129,0.116,0.142,0.090,0.137,0.000
2664,2702.49,3483.06,3024,0,-1001,-1,1.977,28502.9,rl_v3,1.02e-04,0.137,0.114,0.111,0.155,0.115,0.137,0.098,0.133,0.000
2665,3235.58,3491.93,3482,0,-821,-1,1.984,28514.2,rl_v3,1.02e-04,0.144,0.112,0.132,0.141,0.128,0.119,0.089,0.135,0.000
2666,2857.00,3515.72,3518,0,60,1,2.010,28525.5,rl_v3,1.02e-04,0.118,0.134,0.115,0.130,0.116,0.151,0.088,0.147,0.000
2667,2477.66,3483.93,2854,0,-618,-1,1.995,28535.9,rl_v3,1.02e-04,0.102,0.142,0.108,0.136,0.140,0.137,0.102,0.133,0.000
2668,8799.56,3504.72,8297,1,-322,-1,1.952,28547.9,rl_v3,1.02e-04,0.140,0.149,0.118,0.135,0.122,0.115,0.080,0.141,0.000
2669,5905.96,3556.42,6368,0,738,1,1.923,28560.5,rl_v3,1.02e-04,0.134,0.125,0.141,0.173,0.102,0.122,0.085,0.118,0.000
2670,9657.25,3625.89,9636,1,-2139,-1,1.950,28574.1,rl_v3,1.02e-04,0.150,0.164,0.110,0.108,0.092,0.146,0.079,0.151,0.000
2671,6460.05,3670.38,6187,1,-851,-1,1.983,28584.9,rl_v3,1.02e-04,0.160,0.134,0.113,0.122,0.104,0.138,0.089,0.139,0.001
2672,3685.46,3689.68,4319,0,86,1,1.999,28596.9,rl_v3,1.02e-04,0.126,0.133,0.113,0.133,0.104,0.167,0.101,0.123,0.000
2673,2181.36,3632.61,3092,0,-1268,-1,1.997,28608.0,rl_v3,1.02e-04,0.091,0.124,0.126,0.142,0.152,0.136,0.123,0.106,0.000
2674,787.10,3614.70,1259,0,-804,-1,1.997,28617.4,rl_v3,1.02e-04,0.093,0.127,0.107,0.126,0.158,0.145,0.128,0.117,0.000
2675,1887.69,3596.10,2201,0,-115,-1,1.993,28627.8,rl_v3,1.02e-04,0.126,0.129,0.106,0.133,0.138,0.132,0.108,0.129,0.000
2676,1351.42,3572.07,1830,0,-574,-1,1.993,28638.0,rl_v3,1.02e-04,0.111,0.129,0.126,0.109,0.133,0.130,0.143,0.119,0.000
2677,2054.55,3582.16,2436,0,-573,-1,2.010,28649.1,rl_v3,1.02e-04,0.106,0.134,0.155,0.104,0.115,0.148,0.104,0.134,0.000
2678,7666.78,3633.71,7674,1,-455,-1,1.992,28661.2,rl_v3,1.02e-04,0.129,0.122,0.134,0.121,0.120,0.118,0.096,0.159,0.000
2679,4235.76,3629.45,4648,0,677,1,1.993,28672.3,rl_v3,1.02e-04,0.132,0.115,0.124,0.142,0.125,0.119,0.114,0.129,0.000
2680,1902.46,3602.42,2940,0,-1404,-1,2.003,28683.8,rl_v3,1.02e-04,0.108,0.123,0.130,0.130,0.135,0.140,0.097,0.138,0.000
2681,3145.66,3616.42,3622,0,-156,-1,1.987,28694.6,rl_v3,1.02e-04,0.109,0.128,0.126,0.110,0.111,0.129,0.138,0.150,0.000
2682,2330.93,3616.20,2666,0,1240,1,1.999,28704.8,rl_v3,1.02e-04,0.130,0.108,0.118,0.131,0.141,0.121,0.111,0.139,0.000
2683,327.91,3582.30,1290,0,-211,-1,1.991,28715.1,rl_v3,1.02e-04,0.107,0.097,0.122,0.141,0.145,0.133,0.120,0.135,0.000
2684,6318.05,3586.38,6527,0,4080,1,1.990,28726.3,rl_v3,1.02e-04,0.133,0.130,0.149,0.125,0.111,0.123,0.122,0.106,0.000
2685,3838.14,3609.90,4099,0,-554,-1,1.986,28738.1,rl_v3,1.02e-04,0.143,0.104,0.137,0.120,0.130,0.125,0.099,0.142,0.000
2686,1790.25,3614.14,2078,0,137,1,1.982,28748.3,rl_v3,1.02e-04,0.131,0.108,0.135,0.129,0.134,0.121,0.101,0.141,0.000
2687,8821.32,3646.44,8767,1,-1049,-1,1.972,28761.7,rl_v3,1.02e-04,0.141,0.108,0.144,0.135,0.122,0.116,0.091,0.143,0.000
2688,5870.29,3672.01,5717,1,-804,-1,1.976,28772.3,rl_v3,1.02e-04,0.148,0.127,0.126,0.125,0.113,0.118,0.096,0.146,0.001
2689,8042.02,3718.95,8023,1,491,1,1.963,28783.5,rl_v3,1.02e-04,0.143,0.139,0.136,0.126,0.113,0.110,0.109,0.123,0.001
2690,6246.30,3748.91,6697,0,2556,1,1.979,28795.4,rl_v3,1.02e-04,0.132,0.121,0.141,0.125,0.115,0.115,0.098,0.153,0.000
2691,2474.76,3762.09,2756,0,398,1,1.994,28805.3,rl_v3,1.02e-04,0.135,0.115,0.119,0.099,0.135,0.140,0.112,0.144,0.000
2692,5619.28,3766.05,5882,0,964,1,1.978,28816.6,rl_v3,1.02e-04,0.140,0.135,0.130,0.124,0.133,0.113,0.097,0.127,0.000
2693,5274.83,3803.17,5521,0,2878,1,1.985,28827.9,rl_v3,1.02e-04,0.143,0.116,0.125,0.123,0.123,0.115,0.100,0.154,0.000
2694,2434.34,3811.05,3200,0,-1080,-1,1.990,28839.7,rl_v3,1.02e-04,0.141,0.104,0.126,0.145,0.129,0.126,0.083,0.145,0.000
2695,6482.39,3795.39,5728,1,-697,-1,1.977,28849.9,rl_v3,1.02e-04,0.136,0.141,0.121,0.106,0.122,0.124,0.112,0.137,0.001
2696,298.75,3781.06,1322,0,-152,-1,1.983,28859.8,rl_v3,1.02e-04,0.121,0.129,0.114,0.116,0.131,0.134,0.126,0.129,0.000
2697,1787.17,3781.67,2065,0,-1304,-1,1.967,28870.2,rl_v3,1.02e-04,0.135,0.142,0.130,0.114,0.144,0.111,0.091,0.132,0.000
2698,2149.89,3766.66,2390,0,-6,-1,1.962,28880.5,rl_v3,1.02e-04,0.117,0.147,0.136,0.114,0.132,0.112,0.111,0.131,0.000
2699,3036.89,3738.18,3118,0,-827,-1,1.970,28891.2,rl_v3,1.02e-04,0.154,0.124,0.126,0.134,0.114,0.132,0.082,0.134,0.000
2700,3306.48,3744.93,3662,0,-266,-1,1.967,28902.4,rl_v3,9.93e-05,0.129,0.137,0.134,0.113,0.126,0.138,0.100,0.125,0.000
2701,7497.82,3799.79,7542,1,-2121,-1,1.976,28914.1,rl_v3,9.93e-05,0.141,0.136,0.115,0.136,0.117,0.122,0.101,0.131,0.001
2702,4386.31,3782.30,5272,0,2074,1,1.972,28925.9,rl_v3,9.93e-05,0.150,0.126,0.107,0.140,0.117,0.125,0.100,0.134,0.000
2703,7419.71,3798.93,7800,0,2414,1,1.973,28938.3,rl_v3,9.93e-05,0.140,0.146,0.105,0.142,0.111,0.141,0.108,0.107,0.000
2704,5696.08,3844.43,6061,0,1880,1,1.997,28949.3,rl_v3,9.93e-05,0.139,0.113,0.109,0.139,0.129,0.134,0.114,0.123,0.000
2705,2636.96,3857.73,2886,0,-210,-1,1.986,28960.2,rl_v3,9.93e-05,0.139,0.139,0.113,0.129,0.130,0.137,0.097,0.116,0.000
2706,7254.40,3865.30,7605,0,2672,1,1.970,28970.8,rl_v3,9.93e-05,0.165,0.120,0.088,0.141,0.116,0.116,0.112,0.142,0.000
2707,3326.87,3869.58,3651,0,944,1,1.992,28980.9,rl_v3,9.93e-05,0.141,0.141,0.096,0.124,0.104,0.136,0.123,0.136,0.000
2708,-5.32,3832.76,881,0,-1145,-1,1.978,28990.6,rl_v3,9.93e-05,0.105,0.163,0.143,0.118,0.138,0.109,0.107,0.118,0.000
2709,1079.13,3827.18,1481,0,-954,-1,1.973,29000.9,rl_v3,9.93e-05,0.133,0.130,0.125,0.120,0.126,0.111,0.112,0.143,0.000
2710,4270.22,3841.04,4720,0,336,1,1.979,29013.0,rl_v3,9.93e-05,0.150,0.130,0.123,0.118,0.113,0.121,0.102,0.142,0.000
2711,2293.12,3791.36,2570,0,-790,-1,1.969,29023.3,rl_v3,9.93e-05,0.149,0.119,0.121,0.142,0.119,0.118,0.095,0.138,0.000
2712,2591.67,3767.34,2902,0,-915,-1,1.973,29034.4,rl_v3,9.93e-05,0.142,0.133,0.110,0.124,0.113,0.127,0.093,0.159,0.000
2713,2536.69,3742.78,2661,0,-614,-1,1.976,29044.7,rl_v3,9.93e-05,0.149,0.129,0.112,0.130,0.115,0.122,0.090,0.152,0.000
2714,5979.94,3800.69,5975,1,117,1,1.976,29055.4,rl_v3,9.93e-05,0.149,0.109,0.110,0.128,0.106,0.134,0.110,0.153,0.001
2715,5734.52,3831.33,5868,0,3818,1,1.995,29066.4,rl_v3,9.93e-05,0.154,0.116,0.115,0.137,0.099,0.139,0.105,0.136,0.000
2716,3153.00,3843.10,3921,0,955,1,1.985,29077.7,rl_v3,9.93e-05,0.141,0.117,0.120,0.115,0.121,0.131,0.108,0.147,0.000
2717,3996.99,3833.66,4272,0,618,1,1.977,29089.4,rl_v3,9.93e-05,0.134,0.144,0.125,0.116,0.121,0.111,0.096,0.152,0.000
2718,5850.89,3869.44,5852,0,2134,1,1.968,29100.6,rl_v3,9.93e-05,0.167,0.104,0.111,0.143,0.136,0.101,0.080,0.158,0.000
2719,2028.31,3865.62,3356,0,-1598,-1,1.988,29113.0,rl_v3,9.93e-05,0.122,0.123,0.121,0.146,0.126,0.128,0.080,0.154,0.000
2720,3211.67,3877.35,3864,0,-85,-1,1.978,29124.7,rl_v3,9.93e-05,0.116,0.130,0.132,0.131,0.126,0.135,0.088,0.144,0.000
2721,5263.14,3865.70,6154,0,3540,1,1.979,29136.6,rl_v3,9.93e-05,0.144,0.123,0.099,0.138,0.132,0.117,0.100,0.149,0.000
2722,2522.97,3837.89,3032,0,-1392,-1,1.998,29148.0,rl_v3,9.93e-05,0.125,0.135,0.114,0.129,0.121,0.133,0.094,0.149,0.000
2723,1943.13,3819.84,2863,0,-59,-1,1.995,29159.3,rl_v3,9.93e-05,0.133,0.131,0.127,0.136,0.119,0.131,0.100,0.122,0.000
2724,4552.54,3770.76,4765,0,1431,1,1.993,29169.8,rl_v3,9.93e-05,0.157,0.112,0.107,0.150,0.112,0.131,0.090,0.142,0.000
2725,4000.49,3731.77,4097,0,92,1,1.976,29181.2,rl_v3,9.93e-05,0.143,0.141,0.119,0.127,0.125,0.132,0.078,0.135,0.000
2726,3198.64,3710.18,3525,0,-641,-1,1.967,29192.1,rl_v3,9.93e-05,0.172,0.134,0.111,0.122,0.111,0.122,0.095,0.132,0.000
2727,2352.46,3715.16,2587,0,-1396,-1,1.983,29202.4,rl_v3,9.93e-05,0.145,0.127,0.114,0.135,0.128,0.122,0.090,0.138,0.000
2728,5764.66,3736.82,5449,1,-504,-1,1.985,29213.0,rl_v3,9.93e-05,0.163,0.125,0.115,0.111,0.115,0.138,0.104,0.129,0.001
2729,2173.87,3739.18,2505,0,-624,-1,1.989,29223.0,rl_v3,9.93e-05,0.136,0.138,0.135,0.109,0.118,0.131,0.090,0.143,0.000
2730,1354.60,3711.53,1845,0,-1237,-1,1.978,29233.1,rl_v3,9.93e-05,0.108,0.153,0.131,0.123,0.132,0.117,0.109,0.128,0.000
2731,3256.45,3721.77,4141,0,-558,-1,1.990,29245.2,rl_v3,9.93e-05,0.172,0.122,0.130,0.115,0.118,0.111,0.094,0.139,0.000
2732,1383.98,3702.16,2302,0,-286,-1,1.999,29256.0,rl_v3,9.93e-05,0.138,0.135,0.129,0.090,0.126,0.136,0.109,0.135,0.000
2733,4979.15,3728.66,5208,0,680,1,1.991,29268.0,rl_v3,9.93e-05,0.152,0.131,0.123,0.116,0.121,0.129,0.086,0.142,0.000
2734,7087.34,3743.75,7277,1,-1583,-1,1.995,29279.9,rl_v3,9.93e-05,0.169,0.144,0.103,0.097,0.110,0.126,0.121,0.130,0.001
2735,8164.01,3796.13,8569,0,4262,1,1.967,29290.9,rl_v3,9.93e-05,0.154,0.142,0.106,0.112,0.119,0.106,0.135,0.126,0.000
2736,8363.76,3870.37,8534,0,2512,1,1.972,29301.4,rl_v3,9.93e-05,0.157,0.127,0.085,0.128,0.114,0.127,0.122,0.141,0.000
2737,4195.12,3897.66,4950,0,1541,1,2.006,29312.2,rl_v3,9.93e-05,0.132,0.153,0.099,0.120,0.127,0.133,0.108,0.128,0.000
2738,7123.67,3940.04,7037,1,-932,-1,1.991,29322.7,rl_v3,9.93e-05,0.162,0.121,0.107,0.118,0.116,0.115,0.104,0.157,0.001
2739,831.42,3903.17,2267,0,-1389,-1,2.010,29334.3,rl_v3,9.93e-05,0.152,0.129,0.105,0.113,0.108,0.137,0.098,0.158,0.000
2740,1409.97,3898.15,1872,0,-608,-1,1.993,29344.8,rl_v3,9.93e-05,0.128,0.135,0.104,0.108,0.144,0.137,0.114,0.129,0.000
2741,3028.36,3898.53,3515,0,-134,-1,2.002,29356.0,rl_v3,9.93e-05,0.151,0.134,0.113,0.112,0.118,0.139,0.101,0.131,0.000
2742,1840.87,3886.23,2272,0,-385,-1,1.997,29366.6,rl_v3,9.93e-05,0.147,0.129,0.106,0.116,0.130,0.119,0.098,0.154,0.000
2743,5591.66,3827.45,5744,0,3171,1,1.983,29377.6,rl_v3,9.93e-05,0.170,0.130,0.100,0.114,0.123,0.137,0.100,0.127,0.000
2744,561.45,3818.53,1402,0,-558,-1,1.988,29387.9,rl_v3,9.93e-05,0.114,0.123,0.098,0.129,0.137,0.141,0.115,0.143,0.000
2745,3069.36,3841.78,3494,0,-389,-1,1.991,29399.4,rl_v3,9.93e-05,0.145,0.119,0.148,0.118,0.124,0.113,0.091,0.141,0.000
2746,3340.09,3842.05,3548,0,1063,1,1.994,29409.6,rl_v3,9.93e-05,0.153,0.125,0.113,0.129,0.113,0.134,0.095,0.138,0.000
2747,4548.23,3862.10,4978,1,-382,-1,1.983,29419.8,rl_v3,9.93e-05,0.157,0.118,0.124,0.129,0.108,0.122,0.107,0.133,0.001
2748,2034.80,3836.85,3149,0,-24,-1,1.992,29431.0,rl_v3,9.93e-05,0.142,0.148,0.115,0.123,0.098,0.141,0.099,0.135,0.000
2749,1537.73,3772.55,1928,0,-927,-1,1.980,29441.4,rl_v3,9.93e-05,0.132,0.128,0.124,0.115,0.117,0.127,0.105,0.153,0.000
2750,3462.49,3784.88,3810,0,-317,-1,1.986,29452.4,rl_v3,9.93e-05,0.136,0.124,0.130,0.113,0.118,0.124,0.108,0.147,0.000
2751,2888.41,3799.61,3287,0,-904,-1,1.977,29463.6,rl_v3,9.93e-05,0.146,0.124,0.125,0.134,0.117,0.105,0.111,0.137,0.000
2752,1629.53,3805.24,2042,0,-317,-1,1.987,29474.1,rl_v3,9.93e-05,0.142,0.141,0.140,0.111,0.119,0.108,0.101,0.138,0.000
2753,6669.43,3843.14,6687,1,-2518,-1,1.970,29485.4,rl_v3,9.93e-05,0.177,0.125,0.130,0.110,0.121,0.110,0.092,0.135,0.001
2754,10655.65,3865.39,10462,1,-3210,-1,1.979,29498.6,rl_v3,9.93e-05,0.176,0.125,0.131,0.108,0.110,0.109,0.092,0.149,0.000
2755,3727.80,3897.18,4194,0,-433,-1,1.976,29509.2,rl_v3,9.93e-05,0.167,0.111,0.118,0.114,0.120,0.114,0.094,0.162,0.000
2756,3997.99,3882.86,4352,0,-24,-1,1.980,29520.5,rl_v3,9.93e-05,0.168,0.121,0.120,0.119,0.107,0.123,0.096,0.144,0.000
2757,4775.13,3853.23,5103,0,1317,1,2.005,29531.6,rl_v3,9.93e-05,0.158,0.115,0.115,0.141,0.118,0.118,0.084,0.152,0.000
2758,1291.53,3816.39,1689,0,-1100,-1,1.968,29542.0,rl_v3,9.93e-05,0.117,0.143,0.110,0.139,0.151,0.125,0.111,0.103,0.000
2759,2098.03,3825.91,2353,0,-153,-1,1.983,29552.4,rl_v3,9.93e-05,0.144,0.147,0.117,0.115,0.133,0.129,0.079,0.136,0.000
2760,3227.85,3831.36,3545,0,977,1,1.973,29563.7,rl_v3,9.93e-05,0.142,0.128,0.101,0.127,0.140,0.134,0.099,0.129,0.000
2761,4828.38,3866.47,5219,0,1374,1,1.997,29574.9,rl_v3,9.93e-05,0.158,0.124,0.113,0.119,0.133,0.139,0.086,0.130,0.000
2762,950.88,3863.82,1324,0,-455,-1,1.963,29584.3,rl_v3,9.93e-05,0.118,0.139,0.096,0.105,0.153,0.141,0.122,0.126,0.000
2763,11275.62,3953.35,11169,1,2728,1,1.959,29597.1,rl_v3,9.93e-05,0.136,0.132,0.111,0.109,0.117,0.160,0.095,0.140,0.000
2764,4678.36,3973.11,4798,0,859,1,1.963,29608.5,rl_v3,9.93e-05,0.145,0.126,0.119,0.134,0.102,0.138,0.095,0.141,0.000
2765,4639.87,3987.16,5013,0,1199,1,1.970,29619.5,rl_v3,9.93e-05,0.132,0.143,0.117,0.107,0.101,0.152,0.097,0.151,0.000
2766,1443.54,3973.02,1734,0,-657,-1,1.960,29630.0,rl_v3,9.93e-05,0.121,0.113,0.134,0.136,0.128,0.131,0.095,0.140,0.000
2767,3040.00,3978.64,3327,0,577,1,1.976,29641.2,rl_v3,9.93e-05,0.139,0.123,0.119,0.127,0.116,0.141,0.107,0.129,0.000
2768,3280.97,3923.46,3826,0,-242,-1,1.971,29652.6,rl_v3,9.93e-05,0.158,0.122,0.114,0.091,0.128,0.153,0.101,0.132,0.000
2769,1697.64,3881.38,2497,0,-1815,-1,1.995,29664.0,rl_v3,9.93e-05,0.157,0.129,0.118,0.102,0.118,0.139,0.093,0.144,0.000
2770,1721.87,3802.02,2045,0,-624,-1,1.982,29674.7,rl_v3,9.93e-05,0.131,0.136,0.130,0.145,0.119,0.112,0.099,0.129,0.000
2771,2172.34,3759.14,2900,0,-772,-1,1.995,29685.9,rl_v3,9.93e-05,0.148,0.117,0.128,0.117,0.125,0.117,0.113,0.133,0.000
2772,3872.99,3761.02,4235,0,-137,-1,1.972,29697.3,rl_v3,9.93e-05,0.145,0.125,0.121,0.131,0.122,0.125,0.088,0.143,0.000
2773,5405.03,3793.26,6504,0,1431,1,1.984,29708.9,rl_v3,9.93e-05,0.131,0.146,0.122,0.106,0.122,0.136,0.098,0.140,0.000
2774,1760.06,3802.99,2114,0,128,1,1.997,29718.9,rl_v3,9.93e-05,0.137,0.117,0.130,0.122,0.138,0.119,0.102,0.135,0.000
2775,6978.89,3853.90,7775,0,3036,1,1.980,29730.7,rl_v3,9.93e-05,0.149,0.142,0.107,0.121,0.138,0.108,0.131,0.103,0.000
2776,8784.89,3928.23,9148,0,4675,1,1.992,29743.7,rl_v3,9.93e-05,0.147,0.123,0.110,0.118,0.134,0.135,0.109,0.124,0.000
2777,3879.06,3946.48,4186,0,2500,1,2.004,29754.2,rl_v3,9.93e-05,0.134,0.135,0.110,0.125,0.129,0.138,0.103,0.125,0.000
2778,3019.45,3900.00,3282,0,810,1,1.971,29765.1,rl_v3,9.93e-05,0.127,0.136,0.116,0.119,0.112,0.129,0.100,0.162,0.000
2779,8051.89,3938.17,8297,1,-2118,-1,1.993,29778.4,rl_v3,9.93e-05,0.140,0.125,0.116,0.110,0.108,0.123,0.104,0.174,0.000
2780,4411.62,3963.26,4562,0,334,1,1.996,29789.8,rl_v3,9.93e-05,0.143,0.115,0.126,0.133,0.117,0.133,0.093,0.140,0.000
2781,4159.95,3973.40,4359,0,1887,1,1.995,29801.0,rl_v3,9.93e-05,0.136,0.121,0.120,0.133,0.118,0.135,0.087,0.151,0.000
2782,1721.16,3967.30,2027,0,-675,-1,1.989,29811.5,rl_v3,9.93e-05,0.142,0.123,0.136,0.126,0.119,0.133,0.089,0.133,0.000
2783,5563.34,4019.66,5489,1,-1167,-1,1.987,29822.3,rl_v3,9.93e-05,0.144,0.125,0.122,0.140,0.114,0.121,0.077,0.157,0.001
2784,2546.01,3981.94,2829,0,339,1,1.985,29833.0,rl_v3,9.93e-05,0.133,0.135,0.134,0.120,0.119,0.131,0.094,0.135,0.000
2785,6028.78,4003.84,5832,1,-1685,-1,1.993,29843.7,rl_v3,9.93e-05,0.134,0.117,0.134,0.138,0.115,0.117,0.077,0.169,0.001
2786,2555.26,4011.49,2667,0,250,1,1.966,29854.8,rl_v3,9.93e-05,0.136,0.129,0.128,0.116,0.146,0.122,0.074,0.148,0.000
2787,8048.93,4003.77,7723,1,85,1,1.996,29866.6,rl_v3,9.93e-05,0.149,0.128,0.119,0.126,0.132,0.111,0.083,0.152,0.001
2788,7172.42,4016.79,7232,0,2835,1,1.988,29878.5,rl_v3,9.93e-05,0.148,0.112,0.114,0.145,0.117,0.124,0.098,0.141,0.000
2789,3154.55,3967.92,3410,0,-573,-1,1.994,29890.0,rl_v3,9.93e-05,0.115,0.120,0.127,0.143,0.143,0.126,0.087,0.138,0.000
2790,1920.32,3924.66,2172,0,-613,-1,1.983,29900.7,rl_v3,9.93e-05,0.129,0.131,0.114,0.143,0.130,0.126,0.089,0.137,0.000
2791,2167.15,3921.58,2471,0,-1414,-1,1.981,29911.7,rl_v3,9.93e-05,0.121,0.136,0.135,0.131,0.123,0.121,0.099,0.135,0.000
2792,921.09,3874.60,1324,0,-1789,-1,1.978,29922.0,rl_v3,9.93e-05,0.116,0.114,0.139,0.153,0.131,0.112,0.092,0.144,0.000
2793,4137.55,3863.22,4631,0,-742,-1,1.981,29934.3,rl_v3,9.93e-05,0.146,0.122,0.129,0.147,0.106,0.124,0.100,0.126,0.000
2794,3004.58,3868.93,3936,0,443,1,2.003,29945.5,rl_v3,9.93e-05,0.134,0.107,0.131,0.152,0.121,0.110,0.096,0.149,0.000
2795,4516.08,3849.26,4401,1,-1732,-1,1.982,29955.6,rl_v3,9.93e-05,0.132,0.111,0.104,0.145,0.119,0.120,0.126,0.143,0.001
2796,4011.51,3886.39,4383,0,1442,1,2.011,29966.6,rl_v3,9.93e-05,0.128,0.133,0.129,0.134,0.121,0.109,0.105,0.142,0.000
2797,1923.81,3887.76,2489,0,-525,-1,2.004,29977.7,rl_v3,9.93e-05,0.144,0.112,0.131,0.145,0.109,0.117,0.106,0.136,0.000
2798,83.94,3867.10,1332,0,-1128,-1,1.998,29988.2,rl_v3,9.93e-05,0.115,0.144,0.120,0.136,0.138,0.102,0.121,0.124,0.000
2799,1872.41,3855.45,2499,0,-1597,-1,2.003,29998.9,rl_v3,9.93e-05,0.137,0.113,0.118,0.131,0.125,0.117,0.126,0.133,0.000
2800,800.26,3830.39,1318,0,-908,-1,1.987,30009.1,rl_v3,9.63e-05,0.138,0.137,0.110,0.122,0.139,0.117,0.111,0.125,0.000
2801,4092.24,3796.34,4356,0,2167,1,1.997,30019.8,rl_v3,9.63e-05,0.143,0.119,0.104,0.140,0.128,0.124,0.100,0.143,0.000
2802,1918.99,3771.66,2225,0,-880,-1,2.006,30030.2,rl_v3,9.63e-05,0.156,0.113,0.112,0.141,0.115,0.128,0.092,0.144,0.000
2803,4291.59,3740.38,4712,0,739,1,2.007,30042.1,rl_v3,9.63e-05,0.142,0.134,0.116,0.142,0.129,0.116,0.091,0.128,0.000
2804,1774.13,3701.16,2537,0,-984,-1,2.002,30053.7,rl_v3,9.63e-05,0.133,0.146,0.120,0.138,0.128,0.132,0.085,0.118,0.000
2805,4087.52,3715.67,4614,0,1519,1,1.998,30065.0,rl_v3,9.63e-05,0.134,0.153,0.114,0.134,0.119,0.111,0.110,0.124,0.000
2806,1130.85,3654.43,2048,0,-586,-1,2.004,30075.3,rl_v3,9.63e-05,0.126,0.144,0.123,0.126,0.126,0.139,0.091,0.126,0.000
2807,1549.11,3636.65,2387,0,-969,-1,2.003,30085.9,rl_v3,9.63e-05,0.145,0.121,0.130,0.127,0.122,0.141,0.087,0.127,0.000
2808,2494.32,3661.65,3456,0,-828,-1,1.995,30098.0,rl_v3,9.63e-05,0.142,0.178,0.114,0.106,0.116,0.148,0.074,0.122,0.000
2809,3156.43,3682.42,4505,0,1116,1,2.008,30109.1,rl_v3,9.63e-05,0.150,0.147,0.108,0.125,0.135,0.134,0.086,0.117,0.000
2810,3052.06,3670.24,3364,0,711,1,1.999,30120.7,rl_v3,9.63e-05,0.145,0.118,0.132,0.134,0.111,0.136,0.090,0.133,0.000
2811,1766.15,3664.97,2208,0,-599,-1,2.013,30131.6,rl_v3,9.63e-05,0.124,0.115,0.110,0.160,0.134,0.142,0.095,0.122,0.000
2812,1438.18,3653.44,2566,0,-1368,-1,2.003,30143.3,rl_v3,9.63e-05,0.143,0.149,0.129,0.129,0.114,0.119,0.092,0.126,0.000
2813,2472.62,3652.80,2819,0,-838,-1,1.999,30154.3,rl_v3,9.63e-05,0.133,0.133,0.127,0.130,0.128,0.134,0.088,0.127,0.000
2814,1795.29,3610.95,2206,0,-575,-1,1.999,30164.7,rl_v3,9.63e-05,0.102,0.149,0.115,0.134,0.130,0.134,0.109,0.126,0.000
2815,3886.75,3592.47,4118,0,433,1,1.992,30176.4,rl_v3,9.63e-05,0.147,0.122,0.120,0.128,0.130,0.128,0.089,0.135,0.000
2816,2597.92,3586.92,3814,0,-226,-1,1.999,30188.4,rl_v3,9.63e-05,0.116,0.152,0.120,0.130,0.111,0.133,0.094,0.145,0.000
2817,6002.08,3606.97,5921,1,-1493,-1,1.997,30199.0,rl_v3,9.63e-05,0.150,0.112,0.126,0.145,0.110,0.135,0.100,0.121,0.001
2818,3259.28,3581.06,3444,0,410,1,2.005,30209.6,rl_v3,9.63e-05,0.132,0.106,0.131,0.133,0.143,0.135,0.099,0.122,0.000
2819,1856.49,3579.34,2725,0,-1320,-1,1.988,30221.2,rl_v3,9.63e-05,0.120,0.136,0.136,0.129,0.125,0.135,0.084,0.134,0.000
2820,4270.93,3589.93,4510,0,1067,1,1.991,30232.5,rl_v3,9.63e-05,0.136,0.135,0.106,0.139,0.144,0.134,0.078,0.127,0.000
2821,841.79,3545.72,1225,0,-859,-1,1.986,30242.3,rl_v3,9.63e-05,0.118,0.106,0.131,0.135,0.157,0.123,0.098,0.131,0.000
2822,1770.57,3538.19,2466,0,-365,-1,1.994,30253.1,rl_v3,9.63e-05,0.141,0.130,0.136,0.126,0.136,0.124,0.083,0.124,0.000
2823,4099.70,3559.76,4533,0,-434,-1,1.985,30265.2,rl_v3,9.63e-05,0.135,0.166,0.135,0.116,0.119,0.128,0.088,0.113,0.000
2824,1697.07,3531.20,2327,0,-1082,-1,1.978,30275.9,rl_v3,9.63e-05,0.129,0.126,0.158,0.139,0.137,0.115,0.074,0.122,0.000
2825,3197.03,3523.17,3492,0,362,1,1.993,30287.1,rl_v3,9.63e-05,0.140,0.157,0.135,0.117,0.137,0.138,0.077,0.099,0.000
2826,4192.56,3533.11,4479,0,1084,1,1.993,30297.9,rl_v3,9.63e-05,0.142,0.151,0.138,0.108,0.124,0.132,0.086,0.120,0.000
2827,2432.39,3533.91,3146,0,-1150,-1,2.003,30309.2,rl_v3,9.63e-05,0.142,0.137,0.140,0.110,0.117,0.126,0.097,0.129,0.000
2828,6816.98,3544.43,6658,1,-959,-1,1.969,30320.5,rl_v3,9.63e-05,0.149,0.158,0.115,0.111,0.125,0.126,0.086,0.130,0.001
2829,207.79,3524.77,1040,0,-227,-1,1.990,30330.5,rl_v3,9.63e-05,0.116,0.141,0.140,0.126,0.130,0.136,0.090,0.121,0.000
2830,3482.13,3546.05,3743,0,1302,1,1.982,30341.4,rl_v3,9.63e-05,0.119,0.130,0.142,0.139,0.116,0.126,0.086,0.142,0.000
2831,4054.06,3554.02,4876,0,-225,-1,1.983,30353.2,rl_v3,9.63e-05,0.138,0.123,0.144,0.127,0.121,0.128,0.080,0.139,0.000
2832,4071.82,3580.90,4192,0,-136,-1,1.975,30364.7,rl_v3,9.63e-05,0.143,0.145,0.135,0.115,0.131,0.119,0.083,0.129,0.000
2833,4160.27,3572.71,4460,0,-319,-1,1.988,30375.9,rl_v3,9.63e-05,0.160,0.115,0.133,0.134,0.136,0.113,0.093,0.116,0.000
2834,4106.87,3542.91,4468,0,-981,-1,1.993,30387.7,rl_v3,9.63e-05,0.149,0.112,0.119,0.140,0.138,0.125,0.082,0.136,0.000
2835,4088.96,3502.16,4367,0,879,1,1.993,30399.4,rl_v3,9.63e-05,0.148,0.131,0.108,0.135,0.131,0.132,0.088,0.125,0.000
2836,7423.16,3492.75,7466,0,5341,1,1.929,30409.9,rl_v3,9.63e-05,0.175,0.115,0.107,0.133,0.129,0.102,0.107,0.132,0.000
2837,4830.94,3499.11,4827,0,1834,1,1.975,30420.7,rl_v3,9.63e-05,0.148,0.128,0.136,0.118,0.135,0.119,0.087,0.129,0.000
2838,2387.69,3451.75,2691,0,-671,-1,1.987,30431.7,rl_v3,9.63e-05,0.130,0.124,0.128,0.129,0.145,0.121,0.089,0.134,0.000
2839,5099.99,3494.43,5460,0,253,1,1.988,30443.5,rl_v3,9.63e-05,0.135,0.125,0.111,0.113,0.154,0.121,0.089,0.151,0.000
2840,5950.38,3539.84,6235,0,1168,1,1.948,30453.4,rl_v3,9.63e-05,0.150,0.140,0.113,0.089,0.125,0.128,0.084,0.172,0.000
2841,6210.77,3571.66,5959,1,-363,-1,1.980,30463.9,rl_v3,9.63e-05,0.143,0.109,0.128,0.121,0.142,0.134,0.079,0.144,0.001
2842,-357.98,3549.67,577,0,1735,1,0.065,30469.3,rl_v3,9.63e-05,0.972,0.000,0.003,0.003,0.008,0.003,0.003,0.010,0.000
2843,1180.07,3505.56,2033,0,-1097,-1,1.991,30480.1,rl_v3,9.63e-05,0.141,0.103,0.128,0.113,0.129,0.149,0.084,0.152,0.000
2844,4211.42,3542.06,4760,0,1573,1,2.003,30492.4,rl_v3,9.63e-05,0.147,0.118,0.123,0.118,0.137,0.136,0.085,0.136,0.000
2845,3283.90,3544.20,3399,0,324,1,1.993,30503.2,rl_v3,9.63e-05,0.130,0.108,0.114,0.117,0.147,0.147,0.083,0.154,0.000
2846,2539.82,3536.20,3112,0,-845,-1,1.981,30514.3,rl_v3,9.63e-05,0.146,0.127,0.120,0.114,0.141,0.122,0.092,0.138,0.000
2847,3367.51,3524.39,3414,0,-628,-1,1.981,30525.4,rl_v3,9.63e-05,0.153,0.112,0.111,0.109,0.151,0.137,0.072,0.155,0.000
2848,2671.79,3530.76,2929,0,-722,-1,1.998,30536.5,rl_v3,9.63e-05,0.137,0.121,0.110,0.126,0.142,0.137,0.091,0.136,0.000
2849,2755.83,3542.94,2972,0,519,1,1.983,30547.5,rl_v3,9.63e-05,0.133,0.130,0.126,0.111,0.155,0.115,0.099,0.131,0.000
2850,3876.41,3547.08,4128,0,239,1,1.999,30559.3,rl_v3,9.63e-05,0.123,0.136,0.149,0.109,0.141,0.118,0.082,0.141,0.000
2851,3522.69,3553.43,3596,0,1041,1,1.997,30569.9,rl_v3,9.63e-05,0.144,0.124,0.152,0.117,0.123,0.125,0.087,0.128,0.000
2852,4061.76,3577.75,4295,0,1853,1,2.020,30580.3,rl_v3,9.63e-05,0.122,0.153,0.114,0.129,0.135,0.113,0.111,0.124,0.000
2853,6465.36,3575.71,6553,0,2743,1,1.985,30591.4,rl_v3,9.63e-05,0.141,0.145,0.136,0.109,0.148,0.105,0.089,0.127,0.000
2854,2859.24,3497.74,3163,0,-718,-1,1.986,30602.5,rl_v3,9.63e-05,0.142,0.139,0.126,0.118,0.135,0.117,0.087,0.137,0.000
2855,4189.64,3502.36,4561,0,862,1,2.003,30613.8,rl_v3,9.63e-05,0.146,0.126,0.118,0.111,0.140,0.120,0.096,0.143,0.000
2856,6616.47,3528.55,6179,1,-1371,-1,1.988,30625.1,rl_v3,9.63e-05,0.147,0.108,0.109,0.131,0.106,0.151,0.101,0.146,0.001
2857,5027.80,3531.07,5843,0,1916,1,2.004,30637.0,rl_v3,9.63e-05,0.133,0.112,0.130,0.133,0.144,0.110,0.093,0.145,0.000
2858,5416.97,3572.33,5600,0,3165,1,2.012,30647.4,rl_v3,9.63e-05,0.162,0.119,0.110,0.124,0.139,0.113,0.102,0.131,0.000
2859,5951.58,3610.86,6630,0,3469,1,1.986,30658.6,rl_v3,9.63e-05,0.132,0.156,0.135,0.093,0.115,0.130,0.127,0.112,0.000
2860,2094.25,3599.53,2653,0,-3,-1,2.011,30669.2,rl_v3,9.63e-05,0.152,0.103,0.115,0.121,0.141,0.121,0.098,0.147,0.000
2861,2121.32,3572.46,2406,0,-44,-1,2.001,30679.9,rl_v3,9.63e-05,0.146,0.108,0.123,0.134,0.132,0.122,0.094,0.142,0.000
2862,2883.05,3591.78,3347,0,309,1,2.011,30690.5,rl_v3,9.63e-05,0.141,0.124,0.119,0.124,0.113,0.132,0.099,0.148,0.000
2863,1189.36,3490.92,2161,0,-1185,-1,2.004,30701.2,rl_v3,9.63e-05,0.121,0.105,0.124,0.130,0.134,0.134,0.094,0.158,0.000
2864,2849.59,3472.63,3562,0,-1847,-1,2.000,30713.3,rl_v3,9.63e-05,0.151,0.119,0.149,0.133,0.109,0.106,0.079,0.154,0.000
2865,2451.86,3450.75,2653,0,104,1,1.979,30724.4,rl_v3,9.63e-05,0.124,0.143,0.155,0.113,0.108,0.119,0.084,0.154,0.000
2866,1549.01,3451.80,2742,0,-1663,-1,1.997,30735.7,rl_v3,9.63e-05,0.122,0.148,0.159,0.118,0.112,0.112,0.098,0.132,0.000
2867,1890.33,3440.31,2223,0,533,1,2.000,30745.6,rl_v3,9.63e-05,0.161,0.096,0.143,0.126,0.114,0.114,0.091,0.156,0.000
2868,923.73,3416.73,1602,0,-957,-1,2.014,30755.3,rl_v3,9.63e-05,0.129,0.137,0.110,0.115,0.128,0.132,0.109,0.140,0.000
2869,1979.09,3419.55,2258,0,-789,-1,2.001,30765.7,rl_v3,9.63e-05,0.139,0.115,0.140,0.122,0.110,0.121,0.105,0.147,0.000
2870,1317.00,3415.50,2074,0,-1075,-1,1.993,30776.1,rl_v3,9.63e-05,0.155,0.114,0.136,0.121,0.120,0.135,0.083,0.137,0.000
2871,7979.50,3473.57,7589,1,502,1,1.995,30787.6,rl_v3,9.63e-05,0.141,0.106,0.140,0.113,0.123,0.147,0.093,0.136,0.000
2872,2097.60,3455.82,3199,0,-1018,-1,2.004,30798.9,rl_v3,9.63e-05,0.126,0.156,0.130,0.105,0.112,0.121,0.099,0.151,0.000
2873,4982.15,3451.59,4973,1,146,1,1.992,30809.3,rl_v3,9.63e-05,0.143,0.118,0.122,0.103,0.103,0.141,0.106,0.163,0.001
2874,1853.08,3452.52,2375,0,97,1,1.992,30819.7,rl_v3,9.63e-05,0.156,0.123,0.132,0.122,0.106,0.129,0.097,0.135,0.000
2875,6286.77,3445.60,6452,0,2209,1,1.973,30831.5,rl_v3,9.63e-05,0.164,0.105,0.140,0.127,0.102,0.135,0.088,0.138,0.000
2876,4627.26,3404.02,4920,0,2107,1,1.989,30842.6,rl_v3,9.63e-05,0.149,0.111,0.138,0.110,0.108,0.144,0.098,0.142,0.000
2877,2588.41,3391.12,3092,0,403,1,1.986,30853.4,rl_v3,9.63e-05,0.132,0.126,0.138,0.117,0.102,0.141,0.104,0.139,0.000
2878,2197.81,3382.90,3193,0,-548,-1,1.993,30865.4,rl_v3,9.63e-05,0.148,0.109,0.137,0.113,0.115,0.154,0.093,0.131,0.000
2879,78.44,3303.16,1219,0,-2328,-1,1.987,30875.6,rl_v3,9.63e-05,0.113,0.114,0.127,0.117,0.136,0.143,0.115,0.135,0.000
2880,4288.76,3301.94,4568,0,932,1,1.986,30886.5,rl_v3,9.63e-05,0.149,0.123,0.125,0.119,0.125,0.128,0.097,0.133,0.000
2881,3820.63,3298.54,4107,0,1715,1,1.982,30896.7,rl_v3,9.63e-05,0.141,0.115,0.114,0.121,0.146,0.138,0.104,0.120,0.000
2882,3794.23,3319.27,4110,0,-10,-1,1.983,30907.9,rl_v3,9.63e-05,0.150,0.099,0.130,0.134,0.140,0.123,0.085,0.138,0.000
2883,4422.51,3307.87,4681,0,-1059,-1,1.965,30920.0,rl_v3,9.63e-05,0.141,0.119,0.128,0.110,0.143,0.133,0.091,0.136,0.000
2884,7183.61,3354.24,6644,1,1162,1,1.977,30931.4,rl_v3,9.63e-05,0.144,0.129,0.114,0.133,0.112,0.134,0.098,0.135,0.001
2885,3623.07,3330.18,3859,0,1436,1,1.974,30942.3,rl_v3,9.63e-05,0.143,0.128,0.111,0.138,0.113,0.126,0.101,0.140,0.000
2886,2410.40,3328.74,3006,0,-1318,-1,1.986,30953.2,rl_v3,9.63e-05,0.140,0.104,0.138,0.121,0.137,0.115,0.097,0.147,0.000
2887,1418.24,3262.43,1800,0,-818,-1,1.977,30963.7,rl_v3,9.63e-05,0.160,0.114,0.121,0.139,0.113,0.125,0.089,0.138,0.000
2888,7619.04,3266.90,7732,0,4516,1,1.964,30974.0,rl_v3,9.63e-05,0.169,0.124,0.113,0.130,0.113,0.104,0.113,0.133,0.000
2889,2721.44,3262.56,3010,0,-743,-1,1.979,30985.2,rl_v3,9.63e-05,0.148,0.121,0.113,0.134,0.121,0.125,0.095,0.144,0.000
2890,8134.83,3324.71,8311,0,6499,1,1.989,30996.4,rl_v3,9.63e-05,0.138,0.128,0.115,0.125,0.131,0.127,0.104,0.132,0.000
2891,5260.10,3355.64,5521,0,2254,1,1.979,31007.7,rl_v3,9.63e-05,0.132,0.122,0.130,0.132,0.139,0.112,0.096,0.137,0.000
2892,3110.89,3377.54,3431,0,1173,1,2.001,31017.5,rl_v3,9.63e-05,0.112,0.142,0.112,0.112,0.145,0.145,0.107,0.124,0.000
2893,2132.52,3357.49,2546,0,-450,-1,1.991,31028.0,rl_v3,9.63e-05,0.141,0.122,0.139,0.117,0.132,0.117,0.108,0.124,0.000
2894,7289.38,3400.33,7515,0,4229,1,1.923,31038.8,rl_v3,9.63e-05,0.143,0.123,0.126,0.133,0.124,0.116,0.127,0.109,0.000
2895,9378.17,3448.96,8855,1,765,1,1.936,31050.5,rl_v3,9.63e-05,0.165,0.108,0.133,0.168,0.116,0.090,0.109,0.111,0.000
2896,1407.31,3422.91,1847,0,-825,-1,1.986,31060.9,rl_v3,9.63e-05,0.131,0.131,0.121,0.142,0.138,0.116,0.089,0.132,0.000
2897,2179.85,3425.47,2503,0,-1647,-1,1.978,31071.6,rl_v3,9.63e-05,0.125,0.138,0.122,0.133,0.136,0.122,0.094,0.130,0.000
2898,4889.61,3473.53,5129,0,654,1,1.990,31083.1,rl_v3,9.63e-05,0.152,0.131,0.118,0.121,0.139,0.124,0.085,0.130,0.000
2899,3808.99,3492.90,4102,0,1863,1,1.991,31094.2,rl_v3,9.63e-05,0.152,0.126,0.094,0.131,0.122,0.138,0.101,0.137,0.000
2900,3202.31,3516.92,3764,0,99,1,1.999,31105.7,rl_v3,9.34e-05,0.132,0.157,0.136,0.116,0.119,0.108,0.105,0.127,0.000
2901,3235.43,3508.35,3410,0,1496,1,2.006,31115.6,rl_v3,9.34e-05,0.139,0.129,0.121,0.114,0.122,0.126,0.104,0.144,0.000
2902,9367.02,3582.83,9377,0,6677,1,1.891,31125.3,rl_v3,9.34e-05,0.149,0.091,0.138,0.194,0.091,0.091,0.167,0.079,0.000
2903,3612.74,3576.04,4214,0,231,1,1.999,31137.0,rl_v3,9.34e-05,0.122,0.146,0.121,0.118,0.117,0.135,0.119,0.122,0.000
2904,4192.42,3600.22,4468,0,1515,1,2.001,31148.1,rl_v3,9.34e-05,0.143,0.111,0.124,0.130,0.125,0.114,0.116,0.136,0.000
2905,3687.09,3596.22,4276,0,-601,-1,1.990,31160.4,rl_v3,9.34e-05,0.160,0.142,0.128,0.126,0.128,0.101,0.092,0.123,0.000
2906,561.20,3590.52,1106,0,-758,-1,1.996,31170.3,rl_v3,9.34e-05,0.123,0.120,0.125,0.130,0.121,0.111,0.130,0.139,0.000
2907,3476.45,3609.80,3998,0,1275,1,2.006,31181.2,rl_v3,9.34e-05,0.133,0.144,0.153,0.141,0.102,0.112,0.084,0.131,0.000
2908,4338.46,3628.24,4596,0,1738,1,1.996,31192.1,rl_v3,9.34e-05,0.139,0.145,0.128,0.141,0.128,0.106,0.094,0.118,0.000
2909,3779.02,3634.46,4027,0,1540,1,1.988,31203.3,rl_v3,9.34e-05,0.135,0.145,0.140,0.133,0.118,0.095,0.092,0.141,0.000
2910,2824.70,3632.19,3284,0,-355,-1,1.990,31214.9,rl_v3,9.34e-05,0.126,0.157,0.149,0.125,0.114,0.098,0.075,0.156,0.000
2911,5535.43,3669.88,5781,0,544,1,1.987,31227.6,rl_v3,9.34e-05,0.153,0.143,0.141,0.127,0.125,0.102,0.074,0.135,0.000
2912,5616.94,3711.67,5889,0,1520,1,1.998,31238.9,rl_v3,9.34e-05,0.117,0.171,0.140,0.109,0.115,0.110,0.090,0.147,0.000
2913,2160.28,3708.55,2572,0,-1413,-1,1.985,31250.0,rl_v3,9.34e-05,0.123,0.136,0.126,0.121,0.125,0.122,0.085,0.162,0.000
2914,1908.74,3709.68,2071,0,-386,-1,1.978,31260.7,rl_v3,9.34e-05,0.137,0.135,0.159,0.122,0.122,0.114,0.074,0.136,0.000
2915,3542.96,3706.24,4903,0,-1521,-1,2.010,31272.9,rl_v3,9.34e-05,0.162,0.148,0.163,0.105,0.118,0.108,0.074,0.121,0.000
2916,5893.93,3739.20,5680,1,-173,-1,1.989,31283.6,rl_v3,9.34e-05,0.141,0.113,0.126,0.136,0.143,0.114,0.086,0.140,0.001
2917,1847.38,3697.66,2377,0,-326,-1,2.005,31294.3,rl_v3,9.34e-05,0.126,0.129,0.136,0.120,0.132,0.114,0.121,0.121,0.000
2918,3404.53,3699.11,3583,0,1497,1,1.996,31304.3,rl_v3,9.34e-05,0.139,0.132,0.143,0.134,0.110,0.113,0.108,0.121,0.000
2919,4627.80,3726.82,5233,0,-510,-1,2.006,31316.4,rl_v3,9.34e-05,0.135,0.123,0.129,0.126,0.147,0.111,0.092,0.138,0.000
2920,1446.51,3698.58,2662,0,-1612,-1,1.996,31328.2,rl_v3,9.34e-05,0.133,0.138,0.127,0.113,0.142,0.118,0.091,0.138,0.000
2921,3908.61,3729.25,3925,0,1017,1,1.997,31338.9,rl_v3,9.34e-05,0.126,0.150,0.139,0.114,0.120,0.126,0.088,0.139,0.000
2922,2900.97,3740.55,3150,0,1244,1,1.992,31349.1,rl_v3,9.34e-05,0.150,0.147,0.130,0.106,0.127,0.110,0.106,0.123,0.000
2923,6493.12,3764.48,6434,1,-228,-1,1.992,31360.2,rl_v3,9.34e-05,0.138,0.127,0.139,0.106,0.126,0.124,0.115,0.125,0.001
2924,1901.13,3766.52,2177,0,-984,-1,1.997,31370.3,rl_v3,9.34e-05,0.132,0.130,0.129,0.118,0.139,0.119,0.105,0.128,0.000
2925,2527.57,3759.83,3110,0,-1356,-1,1.991,31381.5,rl_v3,9.34e-05,0.149,0.132,0.133,0.111,0.116,0.121,0.103,0.136,0.000
2926,2636.45,3744.27,2914,0,-190,-1,1.986,31392.5,rl_v3,9.34e-05,0.153,0.139,0.134,0.114,0.124,0.101,0.096,0.138,0.000
2927,3434.94,3754.29,3777,0,-774,-1,1.994,31404.1,rl_v3,9.34e-05,0.149,0.138,0.124,0.125,0.121,0.103,0.090,0.149,0.000
2928,5717.68,3743.30,5685,1,-1449,-1,1.973,31414.1,rl_v3,9.34e-05,0.158,0.138,0.130,0.113,0.136,0.112,0.084,0.128,0.001
2929,5949.85,3800.72,6454,0,-413,-1,2.003,31426.8,rl_v3,9.34e-05,0.158,0.105,0.132,0.144,0.124,0.116,0.093,0.128,0.000
2930,3936.05,3805.26,4075,0,502,1,1.977,31437.9,rl_v3,9.34e-05,0.159,0.118,0.119,0.131,0.116,0.128,0.095,0.133,0.000
2931,2906.30,3793.78,3091,0,-1069,-1,1.983,31449.1,rl_v3,9.34e-05,0.151,0.118,0.117,0.116,0.130,0.134,0.091,0.143,0.000
2932,5164.93,3804.71,5436,0,1718,1,1.996,31461.0,rl_v3,9.34e-05,0.168,0.117,0.124,0.135,0.106,0.132,0.095,0.123,0.000
2933,3072.61,3793.84,3196,0,-346,-1,1.979,31471.9,rl_v3,9.34e-05,0.150,0.120,0.114,0.130,0.121,0.138,0.097,0.130,0.000
2934,2725.94,3780.03,3105,0,-774,-1,1.987,31483.7,rl_v3,9.34e-05,0.156,0.118,0.117,0.125,0.133,0.127,0.095,0.129,0.000
2935,3010.94,3769.25,3264,0,-439,-1,1.978,31494.0,rl_v3,9.34e-05,0.145,0.128,0.109,0.134,0.112,0.127,0.101,0.143,0.000
2936,5365.90,3748.68,5479,0,2248,1,1.987,31505.0,rl_v3,9.34e-05,0.158,0.145,0.114,0.112,0.122,0.110,0.087,0.153,0.000
2937,4448.56,3744.85,4803,0,-1733,-1,1.978,31516.7,rl_v3,9.34e-05,0.140,0.146,0.104,0.118,0.121,0.128,0.092,0.151,0.000
2938,7354.47,3794.52,6995,1,-732,-1,1.964,31527.2,rl_v3,9.34e-05,0.150,0.115,0.117,0.127,0.127,0.133,0.098,0.132,0.001
2939,9233.26,3835.85,8949,1,200,1,1.965,31540.1,rl_v3,9.34e-05,0.143,0.120,0.114,0.134,0.124,0.127,0.108,0.128,0.000
2940,932.80,3785.68,2419,0,-1064,-1,1.970,31551.5,rl_v3,9.34e-05,0.122,0.092,0.118,0.118,0.106,0.154,0.115,0.175,0.000
2941,2596.69,3749.54,3181,0,-1792,-1,1.975,31562.6,rl_v3,9.34e-05,0.134,0.115,0.137,0.109,0.133,0.113,0.099,0.160,0.000
2942,3927.17,3792.39,4118,0,105,1,1.967,31573.7,rl_v3,9.34e-05,0.143,0.114,0.112,0.119,0.119,0.138,0.093,0.162,0.000
2943,1206.50,3792.65,1725,0,-1141,-1,1.970,31583.4,rl_v3,9.34e-05,0.124,0.149,0.112,0.105,0.118,0.130,0.126,0.136,0.000
2944,6809.90,3818.64,7583,0,2187,1,1.971,31594.8,rl_v3,9.34e-05,0.133,0.132,0.128,0.100,0.131,0.140,0.094,0.143,0.000
2945,3943.39,3825.23,4159,0,612,1,1.972,31606.6,rl_v3,9.34e-05,0.132,0.130,0.134,0.115,0.110,0.140,0.095,0.144,0.000
2946,5409.52,3853.93,5453,0,2196,1,1.967,31617.9,rl_v3,9.34e-05,0.157,0.139,0.111,0.115,0.117,0.129,0.081,0.151,0.000
2947,3241.60,3852.67,3692,0,122,1,1.971,31629.4,rl_v3,9.34e-05,0.131,0.137,0.127,0.095,0.104,0.137,0.094,0.175,0.000
2948,2445.54,3850.41,2634,0,-67,-1,1.975,31639.7,rl_v3,9.34e-05,0.136,0.128,0.100,0.124,0.114,0.148,0.086,0.164,0.000
2949,3872.23,3861.57,4055,0,-419,-1,1.970,31651.3,rl_v3,9.34e-05,0.146,0.120,0.107,0.130,0.110,0.128,0.099,0.161,0.000
2950,4706.02,3869.87,5224,0,679,1,1.984,31663.6,rl_v3,9.34e-05,0.146,0.133,0.119,0.131,0.116,0.122,0.087,0.147,0.000
2951,5802.35,3892.66,5843,0,3980,1,1.992,31674.8,rl_v3,9.34e-05,0.126,0.126,0.118,0.129,0.126,0.144,0.093,0.137,0.000
2952,7776.41,3929.81,7876,1,-1507,-1,1.971,31686.3,rl_v3,9.34e-05,0.112,0.145,0.129,0.145,0.135,0.120,0.103,0.109,0.001
2953,1785.41,3883.01,2166,0,403,1,1.971,31696.8,rl_v3,9.34e-05,0.117,0.170,0.147,0.093,0.109,0.131,0.098,0.137,0.000
2954,7561.35,3930.03,7411,1,-1121,-1,1.980,31707.9,rl_v3,9.34e-05,0.155,0.107,0.110,0.116,0.132,0.143,0.088,0.149,0.001
2955,4267.21,3930.81,4440,0,1650,1,1.985,31718.8,rl_v3,9.34e-05,0.140,0.141,0.135,0.095,0.116,0.136,0.102,0.133,0.000
2956,7976.66,3944.41,8219,0,3965,1,1.995,31731.0,rl_v3,9.34e-05,0.138,0.128,0.126,0.121,0.129,0.129,0.113,0.117,0.000
2957,4726.57,3941.40,5346,0,1177,1,1.994,31743.4,rl_v3,9.34e-05,0.131,0.129,0.114,0.125,0.138,0.147,0.101,0.116,0.000
2958,2101.57,3908.24,2488,0,-403,-1,1.958,31754.5,rl_v3,9.34e-05,0.149,0.133,0.115,0.115,0.122,0.136,0.096,0.134,0.000
2959,4363.18,3892.36,4686,0,1437,1,1.980,31765.7,rl_v3,9.34e-05,0.141,0.126,0.129,0.120,0.128,0.145,0.086,0.124,0.000
2960,3681.35,3908.23,3803,0,310,1,1.963,31777.3,rl_v3,9.34e-05,0.147,0.122,0.153,0.121,0.115,0.119,0.076,0.147,0.000
2961,4836.50,3935.38,5144,0,535,1,1.967,31789.9,rl_v3,9.34e-05,0.140,0.131,0.133,0.120,0.123,0.129,0.077,0.147,0.000
2962,2622.29,3932.77,2896,0,-438,-1,1.967,31800.2,rl_v3,9.34e-05,0.133,0.161,0.131,0.102,0.115,0.121,0.101,0.135,0.000
2963,2933.51,3950.22,3189,0,-634,-1,1.975,31811.5,rl_v3,9.34e-05,0.126,0.157,0.120,0.116,0.113,0.135,0.094,0.139,0.000
2964,1248.60,3934.21,1916,0,-565,-1,1.976,31822.4,rl_v3,9.34e-05,0.119,0.167,0.139,0.098,0.129,0.111,0.112,0.125,0.000
2965,4744.24,3957.13,5066,0,417,1,1.990,31834.4,rl_v3,9.34e-05,0.137,0.138,0.132,0.122,0.125,0.123,0.084,0.138,0.000
2966,7918.47,4020.82,7598,1,-754,-1,1.974,31845.9,rl_v3,9.34e-05,0.156,0.106,0.117,0.147,0.127,0.138,0.072,0.136,0.001
2967,5370.46,4055.63,5633,0,1230,1,1.987,31858.0,rl_v3,9.34e-05,0.148,0.132,0.131,0.120,0.120,0.129,0.084,0.137,0.000
2968,5794.11,4104.33,6093,0,1355,1,2.005,31869.7,rl_v3,9.34e-05,0.126,0.127,0.147,0.143,0.123,0.107,0.095,0.133,0.000
2969,5079.50,4135.33,5310,0,-63,-1,1.959,31881.5,rl_v3,9.34e-05,0.144,0.154,0.104,0.123,0.124,0.100,0.104,0.147,0.000
2970,1666.67,4138.83,2135,0,-410,-1,1.988,31892.1,rl_v3,9.34e-05,0.155,0.104,0.130,0.138,0.101,0.107,0.107,0.159,0.000
2971,3687.44,4095.91,4374,0,-204,-1,2.002,31903.9,rl_v3,9.34e-05,0.124,0.129,0.129,0.126,0.114,0.113,0.108,0.156,0.000
2972,1593.36,4090.87,2382,0,-1459,-1,1.979,31915.1,rl_v3,9.34e-05,0.119,0.110,0.133,0.109,0.135,0.133,0.092,0.169,0.000
2973,7063.15,4111.68,7529,0,3848,1,2.004,31926.4,rl_v3,9.34e-05,0.118,0.121,0.118,0.140,0.115,0.134,0.132,0.122,0.000
2974,2260.70,4115.75,2643,0,-434,-1,1.999,31936.7,rl_v3,9.34e-05,0.136,0.121,0.135,0.114,0.118,0.128,0.109,0.139,0.000
2975,4817.78,4101.06,5127,0,2103,1,1.994,31948.3,rl_v3,9.34e-05,0.132,0.116,0.131,0.112,0.124,0.123,0.112,0.152,0.000
2976,4503.44,4099.82,5128,0,7,1,2.004,31960.5,rl_v3,9.34e-05,0.147,0.115,0.127,0.106,0.124,0.121,0.096,0.165,0.000
2977,5470.73,4128.65,5701,0,1976,1,2.014,31970.4,rl_v3,9.34e-05,0.136,0.128,0.125,0.107,0.120,0.136,0.119,0.128,0.000
2978,7635.03,4183.02,7002,1,-240,-1,1.981,31981.9,rl_v3,9.34e-05,0.151,0.117,0.128,0.119,0.118,0.120,0.096,0.151,0.001
2979,1902.72,4201.26,2522,0,-648,-1,1.988,31992.5,rl_v3,9.34e-05,0.155,0.122,0.136,0.110,0.121,0.130,0.094,0.130,0.000
2980,3330.47,4191.68,3605,0,-976,-1,1.981,32003.8,rl_v3,9.34e-05,0.142,0.147,0.104,0.127,0.119,0.130,0.088,0.142,0.000
2981,443.72,4157.91,1543,0,-1402,-1,1.995,32014.5,rl_v3,9.34e-05,0.119,0.117,0.122,0.168,0.131,0.117,0.095,0.131,0.000
2982,2994.96,4149.92,3270,0,-997,-1,1.971,32025.8,rl_v3,9.34e-05,0.146,0.132,0.107,0.124,0.117,0.128,0.085,0.162,0.000
2983,1807.33,4123.77,2374,0,-271,-1,1.978,32036.2,rl_v3,9.34e-05,0.162,0.134,0.102,0.100,0.124,0.129,0.089,0.160,0.000
2984,7364.68,4125.58,7134,1,-111,-1,1.964,32048.3,rl_v3,9.34e-05,0.157,0.106,0.113,0.112,0.119,0.152,0.086,0.154,0.001
2985,3504.85,4124.39,3669,0,481,1,1.983,32059.2,rl_v3,9.34e-05,0.126,0.122,0.122,0.138,0.102,0.142,0.095,0.154,0.000
2986,6084.13,4161.13,5674,1,-181,-1,1.969,32070.0,rl_v3,9.34e-05,0.134,0.127,0.112,0.117,0.131,0.133,0.087,0.157,0.001
2987,7817.63,4225.13,7989,0,3247,1,2.007,32082.1,rl_v3,9.34e-05,0.137,0.113,0.122,0.148,0.141,0.113,0.099,0.127,0.000
2988,7852.62,4227.46,7615,1,-694,-1,1.967,32093.2,rl_v3,9.34e-05,0.155,0.128,0.123,0.119,0.134,0.129,0.088,0.124,0.001
2989,3860.60,4238.85,3964,0,674,1,1.987,32104.4,rl_v3,9.34e-05,0.149,0.120,0.134,0.125,0.135,0.133,0.076,0.128,0.000
2990,5391.07,4211.42,6249,0,1948,1,1.995,32115.6,rl_v3,9.34e-05,0.162,0.109,0.110,0.122,0.129,0.126,0.089,0.151,0.000
2991,2639.85,4185.21,3302,0,-685,-1,1.979,32127.7,rl_v3,9.34e-05,0.155,0.119,0.129,0.125,0.122,0.113,0.068,0.169,0.000
2992,5536.27,4209.47,5409,1,-1463,-1,1.986,32138.6,rl_v3,9.34e-05,0.137,0.109,0.118,0.137,0.155,0.114,0.089,0.141,0.001
2993,2762.26,4215.76,3077,0,77,1,1.994,32149.5,rl_v3,9.34e-05,0.144,0.129,0.125,0.110,0.125,0.124,0.086,0.158,0.000
2994,7290.20,4215.77,7259,1,995,1,1.985,32160.5,rl_v3,9.34e-05,0.149,0.103,0.116,0.123,0.156,0.116,0.105,0.132,0.001
2995,3642.40,4158.41,3964,0,-338,-1,1.993,32171.5,rl_v3,9.34e-05,0.159,0.120,0.114,0.123,0.135,0.129,0.089,0.130,0.000
2996,4931.81,4193.66,5561,0,-1871,-1,2.002,32184.6,rl_v3,9.34e-05,0.148,0.133,0.124,0.115,0.124,0.133,0.082,0.142,0.000
2997,2272.84,4194.59,2648,0,-432,-1,2.008,32195.7,rl_v3,9.34e-05,0.140,0.122,0.121,0.115,0.142,0.130,0.095,0.135,0.000
2998,1544.40,4161.14,1991,0,-967,-1,1.997,32206.1,rl_v3,9.34e-05,0.146,0.128,0.111,0.105,0.138,0.138,0.099,0.136,0.000
2999,1209.20,4135.14,2213,0,-498,-1,2.014,32216.8,rl_v3,9.34e-05,0.124,0.115,0.117,0.123,0.135,0.133,0.119,0.135,0.000
3000,3841.78,4141.53,4731,0,1788,1,2.012,32227.3,rl_v3,9.06e-05,0.149,0.111,0.120,0.130,0.133,0.118,0.096,0.143,0.000
3001,5067.68,4159.86,5353,0,2788,1,1.988,32238.4,rl_v3,9.06e-05,0.149,0.113,0.125,0.114,0.134,0.139,0.105,0.120,0.000
3002,2381.25,4090.00,2767,0,-863,-1,1.993,32249.6,rl_v3,9.06e-05,0.152,0.139,0.116,0.102,0.131,0.132,0.095,0.133,0.000
3003,4010.29,4093.97,4188,0,1238,1,2.013,32261.0,rl_v3,9.06e-05,0.118,0.130,0.128,0.117,0.128,0.135,0.111,0.132,0.000
3004,1723.81,4069.29,1953,0,-1114,-1,1.993,32271.4,rl_v3,9.06e-05,0.124,0.115,0.122,0.130,0.129,0.140,0.101,0.138,0.000
3005,5062.16,4083.04,5531,0,2158,1,2.024,32282.3,rl_v3,9.06e-05,0.128,0.106,0.140,0.125,0.126,0.129,0.118,0.128,0.000
3006,3288.45,4110.31,3596,0,329,1,1.999,32293.1,rl_v3,9.06e-05,0.122,0.122,0.139,0.119,0.141,0.139,0.083,0.134,0.000
3007,3181.44,4107.36,3241,0,393,1,1.994,32303.9,rl_v3,9.06e-05,0.152,0.122,0.138,0.115,0.121,0.128,0.079,0.145,0.000
3008,7111.01,4135.09,6605,1,-479,-1,2.008,32314.5,rl_v3,9.06e-05,0.124,0.115,0.147,0.129,0.131,0.125,0.102,0.126,0.001
3009,3858.29,4135.88,4116,0,869,1,2.000,32325.5,rl_v3,9.06e-05,0.130,0.117,0.132,0.128,0.123,0.122,0.098,0.150,0.000
3010,2436.77,4132.00,2935,0,360,1,2.014,32336.4,rl_v3,9.06e-05,0.111,0.128,0.115,0.126,0.144,0.133,0.099,0.143,0.000
3011,3410.62,4110.75,3650,0,232,1,1.984,32348.0,rl_v3,9.06e-05,0.146,0.112,0.119,0.135,0.141,0.100,0.091,0.157,0.000
3012,3673.18,4091.32,3891,0,30,1,1.997,32359.7,rl_v3,9.06e-05,0.118,0.126,0.126,0.122,0.144,0.125,0.096,0.142,0.000
3013,991.58,4079.63,2106,0,474,1,2.025,32370.0,rl_v3,9.06e-05,0.119,0.114,0.133,0.123,0.148,0.139,0.114,0.110,0.000
3014,2977.18,4090.31,3649,0,-111,-1,2.003,32381.9,rl_v3,9.06e-05,0.128,0.126,0.127,0.134,0.130,0.124,0.104,0.127,0.000
3015,6156.80,4116.45,6109,1,-741,-1,1.992,32392.4,rl_v3,9.06e-05,0.157,0.128,0.128,0.107,0.133,0.112,0.111,0.124,0.001
3016,1046.46,4067.98,1727,0,-756,-1,1.993,32402.8,rl_v3,9.06e-05,0.125,0.127,0.118,0.123,0.145,0.119,0.123,0.120,0.000
3017,2105.59,4070.56,2569,0,-755,-1,1.983,32414.2,rl_v3,9.06e-05,0.123,0.142,0.120,0.129,0.134,0.110,0.100,0.142,0.000
3018,3479.97,4071.31,3707,0,-756,-1,1.993,32425.3,rl_v3,9.06e-05,0.129,0.127,0.112,0.143,0.134,0.117,0.099,0.139,0.000
3019,2815.07,4053.19,3099,0,719,1,2.012,32435.6,rl_v3,9.06e-05,0.136,0.129,0.133,0.148,0.134,0.101,0.111,0.108,0.000
3020,2964.16,4068.36,3246,0,447,1,1.998,32446.4,rl_v3,9.06e-05,0.119,0.132,0.146,0.109,0.134,0.126,0.102,0.133,0.000
3021,3422.20,4063.50,3504,0,354,1,1.973,32457.4,rl_v3,9.06e-05,0.128,0.127,0.128,0.133,0.126,0.117,0.088,0.154,0.000
3022,7547.67,4109.96,7242,1,-1612,-1,1.977,32469.7,rl_v3,9.06e-05,0.128,0.136,0.136,0.115,0.133,0.107,0.121,0.124,0.001
3023,7285.43,4117.89,6426,1,-1893,-1,1.988,32480.1,rl_v3,9.06e-05,0.126,0.112,0.148,0.114,0.122,0.125,0.116,0.136,0.001
3024,3730.61,4136.18,3954,0,1188,1,1.997,32490.9,rl_v3,9.06e-05,0.138,0.127,0.117,0.106,0.131,0.128,0.122,0.132,0.000
3025,1798.41,4128.89,2631,0,-1351,-1,1.988,32501.5,rl_v3,9.06e-05,0.134,0.111,0.152,0.117,0.133,0.104,0.107,0.143,0.000
3026,2873.92,4131.27,3155,0,1011,1,1.990,32511.2,rl_v3,9.06e-05,0.142,0.104,0.124,0.126,0.144,0.123,0.122,0.115,0.000
3027,2367.21,4120.59,2825,0,-568,-1,1.992,32522.1,rl_v3,9.06e-05,0.143,0.123,0.133,0.107,0.160,0.108,0.102,0.124,0.000
3028,3663.61,4100.05,4371,0,574,1,2.005,32534.0,rl_v3,9.06e-05,0.143,0.114,0.116,0.131,0.153,0.114,0.107,0.122,0.000
3029,822.95,4048.78,1294,0,-790,-1,1.993,32543.3,rl_v3,9.06e-05,0.133,0.115,0.146,0.114,0.135,0.109,0.139,0.109,0.000
3030,3479.24,4044.21,3719,0,1665,1,1.974,32553.7,rl_v3,9.06e-05,0.144,0.129,0.132,0.115,0.161,0.100,0.104,0.116,0.000
3031,2215.59,4037.30,3431,0,-1403,-1,1.996,32565.3,rl_v3,9.06e-05,0.139,0.119,0.140,0.111,0.162,0.105,0.107,0.117,0.000
3032,1508.48,4000.74,1988,0,-1665,-1,1.996,32575.5,rl_v3,9.06e-05,0.123,0.120,0.104,0.121,0.173,0.120,0.117,0.121,0.000
3033,1721.49,3987.23,2462,0,-801,-1,1.987,32586.4,rl_v3,9.06e-05,0.132,0.129,0.126,0.097,0.138,0.125,0.124,0.128,0.000
3034,4006.14,4000.03,4204,0,-811,-1,1.975,32598.4,rl_v3,9.06e-05,0.159,0.116,0.104,0.120,0.156,0.113,0.096,0.136,0.000
3035,5668.85,4026.61,5759,0,1752,1,1.995,32609.4,rl_v3,9.06e-05,0.159,0.109,0.116,0.116,0.140,0.115,0.095,0.150,0.000
3036,1975.26,3992.70,2573,0,-1143,-1,1.990,32620.9,rl_v3,9.06e-05,0.139,0.125,0.130,0.095,0.145,0.125,0.095,0.145,0.000
3037,3412.10,3982.34,3716,0,-1331,-1,1.994,32632.5,rl_v3,9.06e-05,0.148,0.096,0.124,0.135,0.149,0.120,0.082,0.145,0.000
3038,2323.13,3932.03,2510,0,996,1,1.998,32642.4,rl_v3,9.06e-05,0.137,0.114,0.124,0.121,0.132,0.126,0.105,0.140,0.000
3039,4540.23,3885.09,5103,1,-1301,-1,2.000,32652.6,rl_v3,9.06e-05,0.109,0.134,0.118,0.144,0.147,0.121,0.112,0.114,0.001
3040,2775.68,3903.52,3030,0,-472,-1,1.989,32663.4,rl_v3,9.06e-05,0.138,0.136,0.115,0.124,0.128,0.127,0.090,0.141,0.000
3041,3341.56,3910.97,3688,0,960,1,2.004,32674.2,rl_v3,9.06e-05,0.151,0.110,0.106,0.135,0.121,0.132,0.109,0.137,0.000
3042,2020.01,3891.90,3006,0,-135,-1,2.013,32684.7,rl_v3,9.06e-05,0.132,0.110,0.115,0.140,0.117,0.132,0.113,0.142,0.000
3043,5976.03,3939.60,6309,0,585,1,1.981,32693.5,rl_v3,9.06e-05,0.108,0.162,0.106,0.108,0.132,0.110,0.153,0.122,0.000
3044,1332.71,3884.82,2011,0,-837,-1,2.016,32704.1,rl_v3,9.06e-05,0.132,0.128,0.110,0.121,0.149,0.124,0.125,0.112,0.000
3045,4886.75,3894.26,4850,0,2020,1,2.001,32714.6,rl_v3,9.06e-05,0.157,0.103,0.121,0.146,0.120,0.115,0.106,0.133,0.000
3046,4124.57,3881.41,4528,0,819,1,2.005,32725.8,rl_v3,9.06e-05,0.145,0.142,0.144,0.112,0.121,0.104,0.116,0.117,0.000
3047,3592.32,3884.92,4669,0,1526,1,2.012,32736.5,rl_v3,9.06e-05,0.139,0.108,0.140,0.131,0.121,0.112,0.124,0.126,0.000
3048,3709.01,3897.55,4358,0,-362,-1,1.992,32748.5,rl_v3,9.06e-05,0.161,0.121,0.136,0.096,0.126,0.121,0.107,0.132,0.000
3049,4700.42,3905.83,4881,0,2438,1,1.989,32760.0,rl_v3,9.06e-05,0.127,0.133,0.143,0.110,0.124,0.110,0.113,0.140,0.000
3050,2001.32,3878.79,2411,0,-1118,-1,1.988,32771.2,rl_v3,9.06e-05,0.151,0.127,0.119,0.098,0.116,0.143,0.093,0.153,0.000
3051,1696.32,3837.72,1991,0,-651,-1,1.986,32781.7,rl_v3,9.06e-05,0.129,0.123,0.139,0.101,0.120,0.132,0.097,0.159,0.000
3052,4752.95,3807.49,5148,0,3501,1,2.021,32792.5,rl_v3,9.06e-05,0.131,0.111,0.133,0.117,0.113,0.133,0.123,0.138,0.000
3053,1870.35,3808.34,2291,0,-1231,-1,1.989,32803.5,rl_v3,9.06e-05,0.143,0.133,0.116,0.122,0.114,0.121,0.089,0.161,0.000
3054,2300.73,3755.73,2633,0,-1339,-1,1.982,32815.0,rl_v3,9.06e-05,0.129,0.127,0.121,0.109,0.136,0.138,0.091,0.149,0.000
3055,2003.91,3733.10,2483,0,-1314,-1,1.976,32825.8,rl_v3,9.06e-05,0.134,0.157,0.128,0.094,0.106,0.128,0.106,0.147,0.000
3056,731.00,3660.64,1390,0,-1000,-1,1.985,32836.4,rl_v3,9.06e-05,0.159,0.117,0.131,0.094,0.119,0.133,0.102,0.146,0.000
3057,4142.16,3654.80,4538,0,1424,1,2.000,32849.4,rl_v3,9.06e-05,0.179,0.129,0.113,0.108,0.124,0.132,0.086,0.129,0.000
3058,3975.52,3673.54,4560,0,574,1,1.996,32861.0,rl_v3,9.06e-05,0.149,0.129,0.141,0.098,0.126,0.124,0.101,0.132,0.000
3059,3024.51,3660.15,3164,0,-634,-1,1.978,32872.3,rl_v3,9.06e-05,0.157,0.109,0.112,0.129,0.125,0.141,0.088,0.140,0.000
3060,5044.52,3673.78,5122,1,-2116,-1,2.012,32883.0,rl_v3,9.06e-05,0.145,0.110,0.127,0.131,0.134,0.126,0.111,0.115,0.001
3061,2054.27,3645.96,2943,0,-58,-1,2.007,32893.7,rl_v3,9.06e-05,0.122,0.112,0.127,0.123,0.122,0.139,0.110,0.145,0.000
3062,4048.32,3660.22,4460,0,642,1,1.998,32904.8,rl_v3,9.06e-05,0.151,0.104,0.138,0.127,0.121,0.139,0.094,0.126,0.000
3063,6358.11,3694.47,6417,1,-1261,-1,1.993,32915.2,rl_v3,9.06e-05,0.144,0.122,0.136,0.115,0.111,0.144,0.105,0.122,0.001
3064,6516.23,3747.14,6529,0,3581,1,2.004,32926.5,rl_v3,9.06e-05,0.150,0.116,0.120,0.125,0.112,0.160,0.086,0.130,0.000
3065,2008.89,3719.79,2549,0,-853,-1,1.982,32940.4,rl_v3,9.06e-05,0.155,0.112,0.119,0.151,0.131,0.128,0.089,0.115,0.000
3066,4896.95,3689.58,4717,1,-144,-1,1.985,32950.9,rl_v3,9.06e-05,0.144,0.133,0.145,0.115,0.120,0.120,0.097,0.125,0.001
3067,5355.57,3689.43,5849,0,1715,1,2.000,32963.4,rl_v3,9.06e-05,0.149,0.122,0.143,0.121,0.114,0.138,0.101,0.112,0.000
3068,3644.46,3667.93,3967,0,-198,-1,1.964,32974.5,rl_v3,9.06e-05,0.156,0.113,0.145,0.134,0.118,0.124,0.084,0.127,0.000
3069,4578.47,3662.92,4645,0,2693,1,1.980,32984.4,rl_v3,9.06e-05,0.170,0.127,0.123,0.121,0.108,0.131,0.080,0.140,0.000
3070,2678.09,3673.03,2782,0,80,1,1.970,32998.4,rl_v3,9.06e-05,0.142,0.139,0.127,0.122,0.134,0.133,0.080,0.123,0.000
3071,2630.34,3662.46,3043,0,-247,-1,2.004,33012.9,rl_v3,9.06e-05,0.142,0.118,0.123,0.126,0.138,0.143,0.090,0.120,0.000
3072,5684.74,3703.38,6229,0,2586,1,2.007,33029.4,rl_v3,9.06e-05,0.133,0.090,0.135,0.136,0.146,0.133,0.103,0.124,0.000
3073,3964.95,3672.40,4221,0,726,1,2.009,33043.3,rl_v3,9.06e-05,0.145,0.107,0.130,0.136,0.135,0.131,0.092,0.124,0.000
3074,4600.31,3695.79,4942,0,2175,1,2.011,33058.3,rl_v3,9.06e-05,0.131,0.108,0.149,0.135,0.127,0.136,0.093,0.120,0.000
3075,5767.09,3705.28,6157,0,679,1,1.988,33072.7,rl_v3,9.06e-05,0.170,0.127,0.136,0.108,0.135,0.136,0.085,0.102,0.000
3076,5313.92,3713.39,5426,0,1351,1,1.993,33086.7,rl_v3,9.06e-05,0.168,0.116,0.154,0.117,0.111,0.125,0.093,0.116,0.000
3077,1287.18,3671.55,2020,0,-1599,-1,1.984,33098.7,rl_v3,9.06e-05,0.130,0.125,0.134,0.122,0.129,0.131,0.086,0.143,0.000
3078,2461.74,3619.82,3780,0,-122,-1,1.979,33113.0,rl_v3,9.06e-05,0.172,0.103,0.127,0.137,0.110,0.139,0.088,0.124,0.000
3079,5699.26,3657.79,5894,0,2491,1,1.976,33126.4,rl_v3,9.06e-05,0.156,0.111,0.138,0.119,0.123,0.135,0.088,0.130,0.000
3080,4093.32,3665.41,4534,0,-505,-1,1.990,33140.8,rl_v3,9.06e-05,0.175,0.107,0.133,0.134,0.113,0.136,0.074,0.127,0.000
3081,5042.32,3711.40,5934,0,1777,1,1.978,33151.6,rl_v3,9.06e-05,0.140,0.118,0.154,0.099,0.125,0.130,0.122,0.112,0.000
3082,2086.10,3702.31,2581,0,-344,-1,2.002,33163.7,rl_v3,9.06e-05,0.145,0.110,0.145,0.120,0.125,0.124,0.106,0.126,0.000
3083,5694.13,3741.18,6380,0,2672,1,1.998,33177.7,rl_v3,9.06e-05,0.149,0.105,0.154,0.109,0.136,0.124,0.093,0.129,0.000
3084,1474.00,3682.27,1887,0,-623,-1,1.986,33189.5,rl_v3,9.06e-05,0.132,0.124,0.145,0.120,0.139,0.117,0.096,0.127,0.000
3085,8600.16,3733.23,8498,1,-1983,-1,1.966,33201.5,rl_v3,9.06e-05,0.182,0.090,0.125,0.111,0.125,0.128,0.104,0.136,0.001
3086,3562.39,3708.01,3683,0,230,1,1.982,33215.2,rl_v3,9.06e-05,0.166,0.127,0.132,0.104,0.128,0.126,0.081,0.135,0.000
3087,4043.27,3670.27,4185,0,1504,1,1.987,33228.0,rl_v3,9.06e-05,0.143,0.110,0.141,0.116,0.139,0.115,0.095,0.142,0.000
3088,8072.79,3672.47,8084,0,4848,1,1.963,33241.1,rl_v3,9.06e-05,0.162,0.109,0.155,0.114,0.125,0.111,0.102,0.123,0.000
3089,7997.75,3713.84,7775,1,-1278,-1,1.977,33253.9,rl_v3,9.06e-05,0.158,0.112,0.129,0.115,0.127,0.123,0.094,0.141,0.001
3090,5611.33,3716.04,5482,1,-1735,-1,1.957,33266.2,rl_v3,9.06e-05,0.161,0.089,0.137,0.114,0.135,0.127,0.108,0.129,0.001
3091,5129.40,3740.94,6145,0,2928,1,1.993,33279.2,rl_v3,9.06e-05,0.152,0.096,0.137,0.123,0.137,0.122,0.103,0.129,0.000
3092,3787.57,3723.45,3999,0,1285,1,1.989,33291.3,rl_v3,9.06e-05,0.151,0.108,0.132,0.127,0.134,0.122,0.093,0.133,0.000
3093,3245.37,3728.28,3469,0,-1708,-1,1.941,33303.9,rl_v3,9.06e-05,0.146,0.127,0.155,0.095,0.134,0.139,0.073,0.131,0.000
3094,5395.55,3709.33,5465,0,1716,1,1.976,33317.8,rl_v3,9.06e-05,0.156,0.102,0.135,0.136,0.148,0.118,0.071,0.135,0.000
3095,7907.53,3751.99,7871,0,5249,1,1.992,33330.1,rl_v3,9.06e-05,0.137,0.110,0.149,0.116,0.118,0.128,0.114,0.128,0.000
3096,2365.38,3726.32,2531,0,-814,-1,1.977,33342.0,rl_v3,9.06e-05,0.148,0.128,0.133,0.114,0.134,0.124,0.075,0.144,0.000
3097,4102.30,3744.62,4905,0,1276,1,2.000,33354.5,rl_v3,9.06e-05,0.154,0.101,0.137,0.118,0.123,0.126,0.096,0.144,0.000
3098,1759.77,3746.77,2268,0,-417,-1,2.003,33366.1,rl_v3,9.06e-05,0.145,0.116,0.126,0.116,0.134,0.129,0.106,0.128,0.000
3099,4473.01,3779.41,4792,0,1855,1,2.011,33376.5,rl_v3,9.06e-05,0.150,0.112,0.152,0.104,0.123,0.121,0.111,0.128,0.000
3100,5491.11,3795.90,5736,0,2427,1,1.999,33389.1,rl_v3,8.79e-05,0.153,0.107,0.132,0.135,0.119,0.128,0.104,0.123,0.000
3101,3606.89,3781.29,3719,0,208,1,1.984,33401.9,rl_v3,8.79e-05,0.128,0.147,0.165,0.123,0.115,0.121,0.085,0.116,0.000
3102,3651.43,3794.00,3894,0,2049,1,2.010,33413.4,rl_v3,8.79e-05,0.142,0.132,0.149,0.103,0.127,0.118,0.108,0.121,0.000
3103,6477.42,3818.67,6895,0,3932,1,1.994,33427.1,rl_v3,8.79e-05,0.126,0.123,0.159,0.124,0.119,0.118,0.120,0.112,0.000
3104,5948.22,3860.91,6141,0,2264,1,1.985,33438.5,rl_v3,8.79e-05,0.151,0.141,0.154,0.107,0.131,0.116,0.094,0.107,0.000
3105,3342.50,3843.71,3959,0,-92,-1,2.008,33451.0,rl_v3,8.79e-05,0.123,0.120,0.159,0.117,0.151,0.125,0.094,0.111,0.000
3106,3631.96,3847.15,4190,0,-1258,-1,2.011,33463.1,rl_v3,8.79e-05,0.114,0.123,0.166,0.109,0.151,0.124,0.101,0.111,0.000
3107,7757.55,3892.91,8009,0,3050,1,1.986,33475.9,rl_v3,8.79e-05,0.147,0.135,0.132,0.110,0.125,0.128,0.104,0.119,0.000
3108,1302.32,3834.82,1540,0,-1689,-1,1.980,33486.5,rl_v3,8.79e-05,0.142,0.115,0.130,0.122,0.137,0.156,0.087,0.112,0.000
3109,1931.65,3815.56,2269,0,-747,-1,2.002,33498.1,rl_v3,8.79e-05,0.131,0.140,0.132,0.127,0.140,0.133,0.088,0.107,0.000
3110,957.20,3800.76,1546,0,-1036,-1,1.962,33510.0,rl_v3,8.79e-05,0.137,0.154,0.135,0.132,0.131,0.120,0.077,0.114,0.000
3111,8481.43,3851.47,8362,1,-962,-1,1.999,33524.1,rl_v3,8.79e-05,0.152,0.137,0.125,0.129,0.136,0.116,0.095,0.110,0.000
3112,2655.93,3841.30,2852,0,-1298,-1,1.987,33537.5,rl_v3,8.79e-05,0.126,0.149,0.147,0.112,0.118,0.144,0.095,0.107,0.000
3113,3324.96,3864.63,3742,0,96,1,2.007,33550.1,rl_v3,8.79e-05,0.141,0.134,0.126,0.142,0.146,0.115,0.076,0.120,0.000
3114,2652.61,3861.38,2986,0,-1132,-1,1.983,33564.0,rl_v3,8.79e-05,0.142,0.141,0.134,0.115,0.158,0.133,0.075,0.100,0.000
3115,6731.28,3867.13,7399,0,968,1,1.978,33575.3,rl_v3,8.79e-05,0.143,0.112,0.133,0.119,0.135,0.137,0.111,0.110,0.000
3116,3080.21,3887.47,3409,0,-1655,-1,1.987,33587.1,rl_v3,8.79e-05,0.142,0.122,0.136,0.118,0.126,0.139,0.076,0.142,0.000
3117,6049.89,3926.91,6253,0,2510,1,1.988,33599.2,rl_v3,8.79e-05,0.168,0.120,0.122,0.110,0.116,0.146,0.093,0.126,0.000
3118,5188.51,3944.00,6418,0,2801,1,1.982,33609.9,rl_v3,8.79e-05,0.169,0.094,0.153,0.109,0.139,0.119,0.101,0.116,0.000
3119,4166.18,3957.51,4420,0,1561,1,2.000,33620.7,rl_v3,8.79e-05,0.141,0.138,0.132,0.106,0.130,0.145,0.090,0.118,0.000
